timestamp,acc_x,acc_y,acc_z,w_x,w_y,w_z,comp_x,comp_y,comp_z
0.016,0.0,0.0,12.102761843966723,0.0,0.0,0.0,0.0,1.0,0.0
0.032,0.0,0.0,9.348334829177132,0.0,0.0,0.0,0.0,1.0,0.0
0.048,0.0,0.0,9.467062350921582,0.0,0.0,0.0,0.0,1.0,0.0
0.064,0.0,0.0,13.51183954500409,0.0,0.0,0.0,0.0,1.0,0.0
0.08,0.0,0.0,14.770058775481266,0.0,0.0,0.0,0.0,1.0,0.0
0.096,0.0,0.0,14.91028864220753,0.0,0.0,0.0,0.0,1.0,0.0
0.112,0.0,0.0,14.947513877496021,0.0,0.0,0.0,0.0,1.0,0.0
0.128,0.0,0.0,14.660655214833868,0.0,0.0,0.0,0.0,1.0,0.0
0.14400000000000002,0.0,0.0,14.894698811261595,0.0,0.0,0.0,0.0,1.0,0.0
0.16,0.0,0.0,14.881515987317808,0.0,0.0,0.0,0.0,1.0,0.0
0.176,0.0,0.0,14.767883222320691,0.0,0.0,0.0,0.0,1.0,0.0
0.192,0.0,0.0,14.776580699340116,0.0,0.0,0.0,0.0,1.0,0.0
0.20800000000000002,0.0,0.0,14.934777183831944,0.0,0.0,0.0,0.0,1.0,0.0
0.224,0.0,0.0,14.826345652634393,0.0,0.0,0.0,0.0,1.0,0.0
0.24,0.0,0.0,14.796706820776262,0.0,0.0,0.0,0.0,1.0,0.0
0.256,0.0,0.0,14.819808018726397,0.0,0.0,0.0,0.0,1.0,0.0
0.272,0.0,0.0,14.719838215163417,0.0,0.0,0.0,0.0,1.0,0.0
0.28800000000000003,0.0,0.0,14.857152197633653,0.0,0.0,0.0,0.0,1.0,0.0
0.304,0.0,0.0,14.873801287046824,0.0,0.0,0.0,0.0,1.0,0.0
0.32,0.0,0.0,14.794103637239328,0.0,0.0,0.0,0.0,1.0,0.0
0.336,0.0,0.0,14.808821010882687,0.0,0.0,0.0,0.0,1.0,0.0
0.352,0.0,0.0,14.702328513577774,0.0,0.0,0.0,0.0,1.0,0.0
0.368,0.0,0.0,14.875675232443008,0.0,0.0,0.0,0.0,1.0,0.0
0.384,0.0,0.0,14.810421051337817,0.0,0.0,0.0,0.0,1.0,0.0
0.4,0.0,0.0,14.823422592213367,0.0,0.0,0.0,0.0,1.0,0.0
0.41600000000000004,0.0,0.0,14.746719022810007,0.0,0.0,0.0,0.0,1.0,0.0
0.432,0.0,0.0,14.804055691671124,0.0,0.0,0.0,0.0,1.0,0.0
0.448,0.0,0.0,14.859277760431914,0.0,0.0,0.0,0.0,1.0,0.0
0.464,0.0,0.0,14.824621550138001,0.0,0.0,0.0,0.0,1.0,0.0
0.48,0.0,0.0,14.745272319192827,0.0,0.0,0.0,0.0,1.0,0.0
0.496,0.0,0.0,14.804004149225905,0.0,0.0,0.0,0.0,1.0,0.0
0.512,0.0,0.0,14.817235369681027,0.0,0.0,0.0,0.0,1.0,0.0
0.528,0.0,0.0,11.05029506489516,0.0,0.0,0.0,0.0,1.0,0.0
0.544,0.0,0.0,9.743388054895798,0.0,0.0,0.0,0.0,1.0,0.0
0.56,0.0,0.0,9.811070670481461,0.0,0.0,0.0,0.0,1.0,0.0
0.5760000000000001,0.0,0.0,9.786046359749918,0.0,0.0,0.0,0.0,1.0,0.0
0.592,0.0,0.0,9.772966657557065,0.0,0.0,0.0,0.0,1.0,0.0
0.608,0.0,0.0,9.82197928077153,0.0,0.0,0.0,0.0,1.0,0.0
0.624,0.0,0.0,9.87171946007906,0.0,0.0,0.0,0.0,1.0,0.0
0.64,0.0,0.0,9.799347813595281,0.0,0.0,0.0,0.0,1.0,0.0
0.656,0.0,0.0,9.820926982435273,0.0,0.0,0.0,0.0,1.0,0.0
0.672,0.0,0.0,9.8228283778971,0.0,0.0,0.0,0.0,1.0,0.0
0.6880000000000001,0.0,0.0,9.788767034643469,0.0,0.0,0.0,0.0,1.0,0.0
0.704,0.0,0.0,9.849642069658142,0.0,0.0,0.0,0.0,1.0,0.0
0.72,0.0,0.0,9.802191230250049,0.0,0.0,0.0,0.0,1.0,0.0
0.736,0.0,0.0,9.804218666870643,0.0,0.0,0.0,0.0,1.0,0.0
0.752,0.0,0.0,9.846045198104578,0.0,0.0,0.0,0.0,1.0,0.0
0.768,0.0,0.0,9.785257226113709,0.0,0.0,0.0,0.0,1.0,0.0
0.784,0.0,0.0,9.723269390289715,0.0,0.0,0.0,0.0,1.0,0.0
0.8,0.0,0.0,9.782270830421423,0.0,0.0,0.0,0.0,1.0,0.0
0.8160000000000001,0.0,0.0,8.552010343017745,0.0,0.0,0.0,0.0,1.0,0.0
0.8320000000000001,0.0,0.0,6.271227952569797,0.0,0.0,0.0,0.0,1.0,0.0
0.848,0.0,0.0,7.190637725530987,0.0,0.0,0.0,0.0,1.0,0.0
0.864,0.0,0.0,6.874020229116144,0.0,0.0,0.0,0.0,1.0,0.0
0.88,0.0,0.0,7.139216593247702,0.0,0.0,0.0,0.0,1.0,0.0
0.896,0.0,0.0,7.111315402850938,0.0,0.0,0.0,0.0,1.0,0.0
0.912,0.0,0.0,7.21678459136636,0.0,0.0,0.0,0.0,1.0,0.0
0.928,0.0,0.0,7.220026621199279,0.0,0.0,0.0,0.0,1.0,0.0
0.9440000000000001,0.0,0.0,7.319519765582392,0.0,0.0,0.0,0.0,1.0,0.0
0.96,0.0,0.0,7.324923780451813,0.0,0.0,0.0,0.0,1.0,0.0
0.976,0.0,0.0,7.39683655610165,0.0,0.0,0.0,0.0,1.0,0.0
0.992,0.0,0.0,7.421045384196383,0.0,0.0,0.0,0.0,1.0,0.0
1.008,0.0,0.0,7.455383114207558,0.0,0.0,0.0,0.0,1.0,0.0
1.024,0.0,0.0,7.533536347830558,0.0,0.0,0.0,0.0,1.0,0.0
1.04,0.0,0.0,7.556121220542712,0.0,0.0,0.0,0.0,1.0,0.0
1.056,0.0,0.0,7.627702238356562,0.0,0.0,0.0,0.0,1.0,0.0
1.072,0.0,0.0,7.6745441144408835,0.0,0.0,0.0,0.0,1.0,0.0
1.088,0.0,0.0,7.759055038369672,0.0,0.0,0.0,0.0,1.0,0.0
1.104,0.0,0.0,7.751425812048351,0.0,0.0,0.0,0.0,1.0,0.0
1.12,0.0,0.0,7.822238309706424,0.0,0.0,0.0,0.0,1.0,0.0
1.1360000000000001,0.0,0.0,7.9107464373315,0.0,0.0,0.0,0.0,1.0,0.0
1.1520000000000001,0.0,0.0,7.861258230183353,0.0,0.0,0.0,0.0,1.0,0.0
1.168,0.0,0.0,7.884629499035858,0.0,0.0,0.0,0.0,1.0,0.0
1.184,0.0,0.0,8.001176540507174,0.0,0.0,0.0,0.0,1.0,0.0
1.2,0.0,0.0,8.027572163304319,0.0,0.0,0.0,0.0,1.0,0.0
1.216,0.0,0.0,8.01498027671395,0.0,0.0,0.0,0.0,1.0,0.0
1.232,0.0,0.0,8.057165212226986,0.0,0.0,0.0,0.0,1.0,0.0
1.248,0.0,0.0,8.17586444261859,0.0,0.0,0.0,0.0,1.0,0.0
1.264,0.0,0.0,8.162474686344554,0.0,0.0,0.0,0.0,1.0,0.0
1.28,0.0,0.0,8.137515321047145,0.0,0.0,0.0,0.0,1.0,0.0
1.296,0.0,0.0,8.191238305579423,0.0,0.0,0.0,0.0,1.0,0.0
1.312,0.0,0.0,8.26382581634093,0.0,0.0,0.0,0.0,1.0,0.0
1.328,0.0,0.0,8.320200748884893,0.0,0.0,0.0,0.0,1.0,0.0
1.344,0.0,0.0,8.26946311215885,0.0,0.0,0.0,0.0,1.0,0.0
1.36,0.0,0.0,8.322872777948044,0.0,0.0,0.0,0.0,1.0,0.0
1.3760000000000001,0.0,0.0,8.346021401980268,0.0,0.0,0.0,0.0,1.0,0.0
1.3920000000000001,0.0,0.0,8.402349973831539,0.0,0.0,0.0,0.0,1.0,0.0
1.408,0.0,0.0,8.435587915149725,0.0,0.0,0.0,0.0,1.0,0.0
1.424,0.0,0.0,8.482488393000109,0.0,0.0,0.0,0.0,1.0,0.0
1.44,0.0,0.0,8.452962684501951,0.0,0.0,0.0,0.0,1.0,0.0
1.456,0.0,0.0,8.500383551311984,0.0,0.0,0.0,0.0,1.0,0.0
1.472,0.0,0.0,8.496374106663207,0.0,0.0,0.0,0.0,1.0,0.0
1.488,0.0,0.0,8.494023057602009,0.0,0.0,0.0,0.0,1.0,0.0
1.504,0.0,0.0,8.497757390674037,0.0,0.0,0.0,0.0,1.0,0.0
1.52,0.0,0.0,8.586187321619262,0.0,0.0,0.0,0.0,1.0,0.0
1.536,0.0,0.0,8.602371960722929,0.0,0.0,0.0,0.0,1.0,0.0
1.552,0.0,0.0,8.687176124395831,0.0,0.0,0.0,0.0,1.0,0.0
1.568,0.0,0.0,8.67975374106823,0.0,0.0,0.0,0.0,1.0,0.0
1.584,0.0,0.0,8.660811041265974,0.0,0.0,0.0,0.0,1.0,0.0
1.6,0.0,0.0,8.753635055886148,0.0,0.0,0.0,0.0,1.0,0.0
1.616,0.0,0.0,8.704053001988756,0.0,0.0,0.0,0.0,1.0,0.0
1.6320000000000001,0.0,0.0,8.773927643121919,0.0,0.0,0.0,0.0,1.0,0.0
1.6480000000000001,0.0,0.0,8.771010282599413,0.0,0.0,0.0,0.0,1.0,0.0
1.6640000000000001,0.0,0.0,8.780822198122653,0.0,0.0,0.0,0.0,1.0,0.0
1.68,0.0,0.0,8.786751254491524,0.0,0.0,0.0,0.0,1.0,0.0
1.696,0.0,0.0,8.872896143379513,0.0,0.0,0.0,0.0,1.0,0.0
1.712,0.0,0.0,8.805612203201756,0.0,0.0,0.0,0.0,1.0,0.0
1.728,0.0,0.0,8.840636538181515,0.0,0.0,0.0,0.0,1.0,0.0
1.744,0.0,0.0,8.9094852874884,0.0,0.0,0.0,0.0,1.0,0.0
1.76,0.0,0.0,8.896612959558718,0.0,0.0,0.0,0.0,1.0,0.0
1.776,0.0,0.0,8.946118425608647,0.0,0.0,0.0,0.0,1.0,0.0
1.792,0.0,0.0,8.88877300169603,0.0,0.0,0.0,0.0,1.0,0.0
1.808,0.0,0.0,8.928891822916789,0.0,0.0,0.0,0.0,1.0,0.0
1.824,0.0,0.0,8.934645539975964,0.0,0.0,0.0,0.0,1.0,0.0
1.84,0.0,0.0,8.955597709429654,0.0,0.0,0.0,0.0,1.0,0.0
1.856,0.0,0.0,9.002089778191342,0.0,0.0,0.0,0.0,1.0,0.0
1.872,0.0,0.0,9.04675145272586,0.0,0.0,0.0,0.0,1.0,0.0
1.8880000000000001,0.0,0.0,9.02838176183767,0.0,0.0,0.0,0.0,1.0,0.0
1.9040000000000001,0.0,0.0,9.091885935873904,0.0,0.0,0.0,0.0,1.0,0.0
1.92,0.0,0.0,9.073032942654656,0.0,0.0,0.0,0.0,1.0,0.0
1.936,0.0,0.0,9.138081337977127,0.0,0.0,0.0,0.0,1.0,0.0
1.952,0.0,0.0,9.132071056161218,0.0,0.0,0.0,0.0,1.0,0.0
1.968,0.0,0.0,9.122638073005065,0.0,0.0,0.0,0.0,1.0,0.0
1.984,0.0,0.0,9.141802425645137,0.0,0.0,0.0,0.0,1.0,0.0
2.0,0.0,0.0,9.171891370076615,0.0,0.0,0.0,0.0,1.0,0.0
2.016,0.0,0.0,9.172858534563332,0.0,0.0,0.0,0.0,1.0,0.0
2.032,0.0,0.0,9.20679704187391,0.0,0.0,0.0,0.0,1.0,0.0
2.048,0.0,0.0,9.14039801056752,0.0,0.0,0.0,0.0,1.0,0.0
2.064,0.0,0.0,9.146612513796448,0.0,0.0,0.0,0.0,1.0,0.0
2.08,0.0,0.0,9.226672352334472,0.0,0.0,0.0,0.0,1.0,0.0
2.096,0.0,0.0,9.197902576657485,0.0,0.0,0.0,0.0,1.0,0.0
2.112,0.0,0.0,9.200818449683732,0.0,0.0,0.0,0.0,1.0,0.0
2.128,0.0,0.0,9.298862799317702,0.0,0.0,0.0,0.0,1.0,0.0
2.144,0.0,0.0,9.2695505177454,0.0,0.0,0.0,0.0,1.0,0.0
2.16,0.0,0.0,9.265934444410789,0.0,0.0,0.0,0.0,1.0,0.0
2.176,0.0,0.0,9.316470072613184,0.0,0.0,0.0,0.0,1.0,0.0
2.192,0.0,0.0,9.290421905094439,0.0,0.0,0.0,0.0,1.0,0.0
2.208,0.0,0.0,9.257460688775799,0.0,0.0,0.0,0.0,1.0,0.0
2.224,0.0,0.0,9.258321439625508,0.0,0.0,0.0,0.0,1.0,0.0
2.24,0.0,0.0,9.291879881545622,0.0,0.0,0.0,0.0,1.0,0.0
2.2560000000000002,0.0,0.0,9.353669680647684,0.0,0.0,0.0,0.0,1.0,0.0
2.2720000000000002,0.0,0.0,9.30006198608798,0.0,0.0,0.0,0.0,1.0,0.0
2.2880000000000003,0.0,0.0,9.352199964891012,0.0,0.0,0.0,0.0,1.0,0.0
2.3040000000000003,0.0,0.0,9.353713011784167,0.0,0.0,0.0,0.0,1.0,0.0
2.32,0.0,0.0,9.370868460409026,0.0,0.0,0.0,0.0,1.0,0.0
2.336,0.0,0.0,9.28443922302839,0.0,0.0,0.0,0.0,1.0,0.0
2.352,0.0,0.0,9.317085875206597,0.0,0.0,0.0,0.0,1.0,0.0
2.368,0.0,0.0,9.409792362330956,0.0,0.0,0.0,0.0,1.0,0.0
2.384,0.0,0.0,9.394655148707487,0.0,0.0,0.0,0.0,1.0,0.0
2.4,0.0,0.0,9.419867210891239,0.0,0.0,0.0,0.0,1.0,0.0
2.416,0.0,0.0,9.38027260310985,0.0,0.0,0.0,0.0,1.0,0.0
2.432,0.0,0.0,9.49779384540972,0.0,0.0,0.0,0.0,1.0,0.0
2.448,0.0,0.0,9.434214173346883,0.0,0.0,0.0,0.0,1.0,0.0
2.464,0.0,0.0,9.396955318201995,0.0,0.0,0.0,0.0,1.0,0.0
2.48,0.0,0.0,9.423555217078743,0.0,0.0,0.0,0.0,1.0,0.0
2.496,0.0,0.0,9.384278339222734,0.0,0.0,0.0,0.0,1.0,0.0
2.512,0.0,0.0,9.440182945373941,0.0,0.0,0.0,0.0,1.0,0.0
2.528,0.0,0.0,9.48941831888609,0.0,0.0,0.0,0.0,1.0,0.0
2.544,0.0,0.0,9.544379354514135,0.0,0.0,0.0,0.0,1.0,0.0
2.56,0.0,0.0,9.428739105003038,0.0,0.0,0.0,0.0,1.0,0.0
2.576,0.0,0.0,9.464037763755902,0.0,0.0,0.0,0.0,1.0,0.0
2.592,0.0,0.0,9.438908679595977,0.0,0.0,0.0,0.0,1.0,0.0
2.608,0.0,0.0,9.535516263915296,0.0,0.0,0.0,0.0,1.0,0.0
2.624,0.0,0.0,9.446527296769338,0.0,0.0,0.0,0.0,1.0,0.0
2.64,0.0,0.0,9.504380463566854,0.0,0.0,0.0,0.0,1.0,0.0
2.656,5.012442131808886,0.0,9.537605647042096,0.0,0.0,0.0,0.0,1.0,0.0
2.672,5.0466203182123595,0.0,9.58819711343029,0.0,0.0,0.0,0.0,1.0,0.0
2.688,4.965045680203727,0.0,9.535202896524527,0.0,0.0,0.0,0.0,1.0,0.0
2.704,5.000633946732245,0.0,9.524836155279685,0.0,0.0,0.0,0.0,1.0,0.0
2.72,4.987516700121706,0.0,9.565945250882178,0.0,0.0,0.0,0.0,1.0,0.0
2.736,4.971545264962299,0.0,9.555944478640447,0.0,0.0,0.0,0.0,1.0,0.0
2.7520000000000002,5.003655180049805,0.0,9.509303708012288,0.0,0.0,0.0,0.0,1.0,0.0
2.7680000000000002,4.982667415562724,0.0,9.582060524355047,0.0,0.0,0.0,0.0,1.0,0.0
2.7840000000000003,5.001435834468564,0.0,9.595890270959382,0.0,0.0,0.0,0.0,1.0,0.0
2.8000000000000003,4.996721232355426,0.0,9.556866257085114,0.0,0.0,0.0,0.0,1.0,0.0
2.816,4.997727060923592,0.0,9.634254930059392,0.0,0.0,0.0,0.0,1.0,0.0
2.832,5.008313388685356,0.0,9.608195914232232,0.0,0.0,0.0,0.0,1.0,0.0
2.848,5.010270183231542,0.0,9.510738915611169,0.0,0.0,0.0,0.0,1.0,0.0
2.864,4.981616756047761,0.0,9.628752145231243,0.0,0.0,0.0,0.0,1.0,0.0
2.88,4.979167511016772,0.0,9.569564434617144,0.0,0.0,0.0,0.0,1.0,0.0
2.896,5.026119883642353,0.0,9.583874889789007,0.0,0.0,0.0,0.0,1.0,0.0
2.912,4.979134067395648,0.0,9.596655412213478,0.0,0.0,0.0,0.0,1.0,0.0
2.928,5.018654156175089,0.0,9.604777026797503,0.0,0.0,0.0,0.0,1.0,0.0
2.944,4.976261049777004,0.0,9.568446374358508,0.0,0.0,0.0,0.0,1.0,0.0
2.96,4.988228264004292,0.0,9.584763394103875,0.0,0.0,0.0,0.0,1.0,0.0
2.976,3.661517066473128,0.0,9.633312998420118,0.0,0.0,0.0,0.0,1.0,0.0
2.992,-4.26523801578648,0.0,9.567772329202805,0.0,0.0,0.0,0.0,1.0,0.0
3.008,-1.1597659288401685,0.0,9.65026075445393,0.0,0.0,0.0,0.0,1.0,0.0
3.024,-2.305762453367488,0.0,9.555719256131725,0.0,0.0,0.0,0.0,1.0,0.0
3.04,-1.809426701021184,0.0,9.717383559830019,0.0,0.0,0.0,0.0,1.0,0.0
3.056,-1.9365577683700734,0.0,9.642547763982598,0.0,0.0,0.0,0.0,1.0,0.0
3.072,-1.8291137593710283,0.0,9.666230394753816,0.0,0.0,0.0,0.0,1.0,0.0
3.088,-1.819258024001868,0.0,9.637877449230462,0.0,0.0,0.0,0.0,1.0,0.0
3.104,-1.7767727493212222,0.0,9.630784964272344,0.0,0.0,0.0,0.0,1.0,0.0
3.12,-1.745647544884334,0.0,9.624229736567006,0.0,0.0,0.0,0.0,1.0,0.0
3.136,-1.7101060009437623,0.0,9.708857553383629,0.0,0.0,0.0,0.0,1.0,0.0
3.152,-1.684468109484379,0.0,9.696115338519123,0.0,0.0,0.0,0.0,1.0,0.0
3.168,-1.652065990143984,0.0,9.612319533840404,0.0,0.0,0.0,0.0,1.0,0.0
3.184,-1.6064834622753166,0.0,9.65827163601527,0.0,0.0,0.0,0.0,1.0,0.0
3.2,-1.581819891020503,0.0,9.62405920929977,0.0,0.0,0.0,0.0,1.0,0.0
3.216,-1.5406545630764183,0.0,9.708541079302885,0.0,0.0,0.0,0.0,1.0,0.0
3.232,-1.509968067643177,0.0,9.749290775305548,0.0,0.0,0.0,0.0,1.0,0.0
3.248,-1.4789823791353383,0.0,9.652642851414011,0.0,0.0,0.0,0.0,1.0,0.0
3.2640000000000002,-1.4519081041996629,0.0,9.72276753710916,0.0,0.0,0.0,0.0,1.0,0.0
3.2800000000000002,-1.4278820539293142,0.0,9.605615197716434,0.0,0.0,0.0,0.0,1.0,0.0
3.2960000000000003,-1.3876375063665711,0.0,9.604578497830497,0.0,0.0,0.0,0.0,1.0,0.0
3.3120000000000003,-1.3707883893639932,0.0,9.703316545002616,0.0,0.0,0.0,0.0,1.0,0.0
3.3280000000000003,-1.3354219338580249,0.0,9.668746432329476,0.0,0.0,0.0,0.0,1.0,0.0
3.344,-1.3110024937415008,0.0,9.630887166327545,0.0,0.0,0.0,0.0,1.0,0.0
3.36,-1.290810540111961,0.0,9.77490797458448,0.0,0.0,0.0,0.0,1.0,0.0
3.376,-1.263799994362172,0.0,9.682955997722333,0.0,0.0,0.0,0.0,1.0,0.0
3.392,-1.2352181811973044,0.0,9.688044378720729,0.0,0.0,0.0,0.0,1.0,0.0
3.408,-1.2104275547164967,0.0,9.68805826376932,0.0,0.0,0.0,0.0,1.0,0.0
3.424,-1.1808810303574373,0.0,9.675003970872337,0.0,0.0,0.0,0.0,1.0,0.0
3.44,-1.1593959349173728,0.0,9.786481362915397,0.0,0.0,0.0,0.0,1.0,0.0
3.456,-1.1373887846779853,0.0,9.708677691043338,0.0,0.0,0.0,0.0,1.0,0.0
3.472,-1.106148230886188,0.0,9.776826204495705,0.0,0.0,0.0,0.0,1.0,0.0
3.488,-1.0951819136000946,0.0,9.639109012260834,0.0,0.0,0.0,0.0,1.0,0.0
3.504,-1.0754422040055707,0.0,9.753654800600305,0.0,0.0,0.0,0.0,1.0,0.0
3.52,-1.0600672818047836,0.0,9.708951402571298,0.0,0.0,0.0,0.0,1.0,0.0
3.536,-1.029888985906755,0.0,9.764545803006428,0.0,0.0,0.0,0.0,1.0,0.0
3.552,-1.005389816613568,0.0,9.71214127528086,0.0,0.0,0.0,0.0,1.0,0.0
3.568,-1.0025674616814353,0.0,9.680480051648614,0.0,0.0,0.0,0.0,1.0,0.0
3.584,-0.9611712096087148,0.0,9.746151084660458,0.0,0.0,0.0,0.0,1.0,0.0
3.6,-0.9474516476053823,0.0,9.734322934051251,0.0,0.0,0.0,0.0,1.0,0.0
3.616,-0.9323856203707036,0.0,9.723239908204643,0.0,0.0,0.0,0.0,1.0,0.0
3.632,-0.90842218236614,0.0,9.754327061323169,0.0,0.0,0.0,0.0,1.0,0.0
3.648,-0.8870057736996646,0.0,9.732308899647725,0.0,0.0,0.0,0.0,1.0,0.0
3.664,-0.876643418172136,0.0,9.691867122728434,0.0,0.0,0.0,0.0,1.0,0.0
3.68,-0.8565427557158684,0.0,9.687928963438432,0.0,0.0,0.0,0.0,1.0,0.0
3.696,-0.8406117685103973,0.0,9.674631841540425,0.0,0.0,0.0,0.0,1.0,0.0
3.712,-0.8265638676603406,0.0,9.66539391032353,0.0,0.0,0.0,0.0,1.0,0.0
3.728,-0.8060982831663812,0.0,9.76025317938721,0.0,0.0,0.0,0.0,1.0,0.0
3.744,-0.789444030919682,0.0,9.729162659320048,0.0,0.0,0.0,0.0,1.0,0.0
3.7600000000000002,-0.7761969804323274,0.0,9.811213166915838,0.0,0.0,0.0,0.0,1.0,0.0
3.7760000000000002,-0.7626403957027111,0.0,9.739426850299074,0.0,0.0,0.0,0.0,1.0,0.0
3.7920000000000003,-0.7500746779488601,0.0,9.826049381760496,0.0,0.0,0.0,0.0,1.0,0.0
3.8080000000000003,-0.7249451603541053,0.0,9.738553403622598,0.0,0.0,0.0,0.0,1.0,0.0
3.8240000000000003,-0.7127563177971535,0.0,9.722492377834104,0.0,0.0,0.0,0.0,1.0,0.0
3.84,-0.7008755518255563,0.0,9.776413519545665,0.0,0.0,0.0,0.0,1.0,0.0
3.856,-0.6851081649661814,0.0,9.743184574601159,0.0,0.0,0.0,0.0,1.0,0.0
3.872,-0.6703588032241342,0.0,9.819965715426704,0.0,0.0,0.0,0.0,1.0,0.0
3.888,-0.6586001155675506,0.0,9.681271998978973,0.0,0.0,0.0,0.0,1.0,0.0
3.904,-0.6493088035852643,0.0,9.741143620017127,0.0,0.0,0.0,0.0,1.0,0.0
3.92,-0.6317834622293447,0.0,9.775181963039856,0.0,0.0,0.0,0.0,1.0,0.0
3.936,-0.6263811779256534,0.0,9.714200998621392,0.0,0.0,0.0,0.0,1.0,0.0
3.952,-0.6085586518361121,0.0,9.808586630522116,0.0,0.0,0.0,0.0,1.0,0.0
3.968,-0.5989431735203365,0.0,9.736845196619182,0.0,0.0,0.0,0.0,1.0,0.0
3.984,-0.5846489532040513,0.0,9.74545287200191,0.0,0.0,0.0,0.0,1.0,0.0
4.0,-0.5718705343451898,0.0,9.775310325539177,0.0,0.0,0.0,0.0,1.0,0.0
4.016,-0.5597185644898152,0.0,9.830576242456576,0.0,0.0,0.0,0.0,1.0,0.0
4.032,-0.5529608631424184,0.0,9.762019001238665,0.0,0.0,0.0,0.0,1.0,0.0
4.048,-0.5405509293490355,0.0,9.826957579760432,0.0,0.0,0.0,0.0,1.0,0.0
4.064,-0.5291371006020497,0.0,9.694040866106244,0.0,0.0,0.0,0.0,1.0,0.0
4.08,-0.5172459099563415,0.0,9.689505898235778,0.0,0.0,0.0,0.0,1.0,0.0
4.096,-0.5061940819760131,0.0,9.709975856618184,0.0,0.0,0.0,0.0,1.0,0.0
4.112,-0.4966050938767686,0.0,9.770500549712043,0.0,0.0,0.0,0.0,1.0,0.0
4.128,-0.48725329167978926,0.0,9.706659310915636,0.0,0.0,0.0,0.0,1.0,0.0
4.144,-0.4774775843714391,0.0,9.746959447003924,0.0,0.0,0.0,0.0,1.0,0.0
4.16,-0.46658592521806574,0.0,9.748194753123409,0.0,0.0,0.0,0.0,1.0,0.0
4.176,-0.45746577520122556,0.0,9.793963399304982,0.0,0.0,0.0,0.0,1.0,0.0
4.192,-0.44774527769037425,0.0,9.804323592164291,0.0,0.0,0.0,0.0,1.0,0.0
4.208,-0.44011518793571924,0.0,9.823714133110288,0.0,0.0,0.0,0.0,1.0,0.0
4.224,-0.43185730443171966,0.0,9.745401111966297,0.0,0.0,0.0,0.0,1.0,0.0
4.24,-0.42196681347380105,0.0,9.807257831893317,0.0,0.0,0.0,0.0,1.0,0.0
4.256,-0.41344667865126866,0.0,9.744264315451163,0.0,0.0,0.0,0.0,1.0,0.0
4.272,-0.4057705611547635,0.0,9.759352194689814,0.0,0.0,0.0,0.0,1.0,0.0
4.288,-0.3983699254978981,0.0,9.741867461940233,0.0,0.0,0.0,0.0,1.0,0.0
4.304,-0.3893794701028765,0.0,9.809020829154429,0.0,0.0,0.0,0.0,1.0,0.0
4.32,-0.3819220184068709,0.0,9.82131320407652,0.0,0.0,0.0,0.0,1.0,0.0
4.336,-0.375838627505686,0.0,9.73772709271291,0.0,0.0,0.0,0.0,1.0,0.0
4.352,-0.3662601538370735,0.0,9.751371001550602,0.0,0.0,0.0,0.0,1.0,0.0
4.368,-0.36080682512877593,0.0,9.761239922385545,0.0,0.0,0.0,0.0,1.0,0.0
4.384,-0.3503122119804427,0.0,9.811841053396229,0.0,0.0,0.0,0.0,1.0,0.0
4.4,-0.3453164039246686,0.0,9.798166270334944,0.0,0.0,0.0,0.0,1.0,0.0
4.416,-0.3376047914700287,0.0,9.791039532305952,0.0,0.0,0.0,0.0,1.0,0.0
4.432,-0.33223943346048684,0.0,9.818244669954659,0.0,0.0,0.0,0.0,1.0,0.0
4.448,-0.32413656607808583,0.0,9.828122774940265,0.0,0.0,0.0,0.0,1.0,0.0
4.464,-0.31584249384646756,0.0,9.759503436575406,0.0,0.0,0.0,0.0,1.0,0.0
4.48,-0.31198489367703486,0.0,9.74591790759233,0.0,0.0,0.0,0.0,1.0,0.0
4.496,-0.3080486562302156,0.0,9.803380459117385,0.0,0.0,0.0,0.0,1.0,0.0
4.5120000000000005,-0.30011555023667325,0.0,9.792637264687114,0.0,0.0,0.0,0.0,1.0,0.0
4.5280000000000005,-0.2935856085005534,0.0,9.791722155594565,0.0,0.0,0.0,0.0,1.0,0.0
4.5440000000000005,-0.2878201569034139,0.0,9.861160413280748,0.0,0.0,0.0,0.0,1.0,0.0
4.5600000000000005,-0.2836898455577493,0.0,9.844282436892419,0.0,0.0,0.0,0.0,1.0,0.0
4.5760000000000005,-0.27714921690886385,0.0,9.779872019333558,0.0,0.0,0.0,0.0,1.0,0.0
4.5920000000000005,-0.27062594025961356,0.0,9.763349069758599,0.0,0.0,0.0,0.0,1.0,0.0
4.6080000000000005,-0.26325029887465135,0.0,9.738877434367039,0.0,0.0,0.0,0.0,1.0,0.0
4.624,-0.25944531968289425,0.0,9.786234252339286,0.0,0.0,0.0,0.0,1.0,0.0
4.64,-0.25579251874656894,0.0,9.7998908024721,0.0,0.0,0.0,0.0,1.0,0.0
4.656,-0.24927703571958054,0.0,9.788903490201879,0.0,0.0,0.0,0.0,1.0,0.0
4.672,-0.24486092470124005,0.0,9.743434878559839,0.0,0.0,0.0,0.0,1.0,0.0
4.688,-4.994379830600072,0.003823314477360883,9.767004885671865,0.0,0.0,0.04799497201754614,0.0007679998866316209,0.9999997050880436,0.0
4.704,-4.982205857970828,0.01293644680238229,9.81101427602592,0.0,0.0,0.09600013526651942,0.0023039976217754847,0.999997345793957,0.0
4.72,-1.782049417810391,0.006806427859175626,9.816309124673895,0.0,0.0,0.14400617361415227,0.004607982333628095,0.9999893831930482,0.0
4.736,0.0,0.0,9.758407229683309,0.0,0.0,0.19198216315634842,0.007679920727983525,0.9999705089739457,0.0
4.752,0.0,0.0,9.806655053921551,0.0,0.0,0.24000673148415447,0.011519736704841809,0.9999336456316746,0.0
4.768,0.0,0.0,9.688671396812365,0.0,0.0,0.28799172447019256,0.016127284182018028,0.9998699468955512,0.0
4.784,0.0,0.0,9.813581355203887,0.0,0.0,0.3360128661628542,0.021502313129754414,0.9997687985379772,0.0
4.8,0.0,0.0,9.767406458613927,0.0,0.0,0.3840323099945775,0.02764442882111624,0.9996178197467042,0.0
4.816,0.0,0.0,9.736356802613198,0.0,0.0,0.4320250581568079,0.034553044308570445,0.999402865279568,0.0
4.832,0.0,0.0,9.700632655351049,0.0,0.0,0.4799381820376062,0.042227326141285854,0.9991080286570404,0.0
4.848,0.0,0.0,9.826374428059546,0.0,0.0,0.528036564984648,0.05066613334592217,0.9987156466841667,0.0
4.864,0.0,0.0,9.815510888867541,0.0,0.0,0.5760008294814103,0.0598679497021852,0.9982063056294811,0.0
4.88,0.0,0.0,9.743948111690047,0.0,0.0,0.6240439480257678,0.06983080935621241,0.9975588494242614,0.0
4.896,0.0,0.0,9.784382764821258,0.0,0.0,0.6719246958243871,0.08055221582886712,0.9967503902808666,0.0
4.912,0.0,0.0,9.809058944507306,0.0,0.0,0.7200054914985654,0.09202905449254502,0.9957563221638156,0.0
4.928,0.0,0.0,9.774117010538468,0.0,0.0,0.767981153558476,0.10425749861002392,0.9945503375815531,0.0
4.944,0.0,0.0,9.741395211155014,0.0,0.0,0.8159133047599044,0.11723290905160678,0.9931044482003379,0.0
4.96,0.0,0.0,9.735310463432334,0.0,0.0,0.8640613732236738,0.13094972783340428,0.9913890098141886,0.0
4.976,0.0,0.0,9.734016696758056,0.0,0.0,0.9120062733913299,0.14540136564932377,0.9893727522361386,0.0
4.992,0.0,0.0,9.746741270065614,0.0,0.0,0.9600479987348624,0.16058008360343884,0.9870228147058773,0.0
5.008,0.0,0.0,9.851802381958521,0.0,0.0,1.0080689247072527,0.1764768693871189,0.9843047874369616,0.0
5.024,0.0,0.0,9.770902220881243,0.0,0.0,1.0558410824287494,0.19308130818746663,0.9811827599528115,0.0
5.04,0.0,0.0,9.811691817492742,0.0,0.0,1.104068675248091,0.21038144866001315,0.9776193768843344,0.0
5.056,0.0,0.0,9.773428133131008,0.0,0.0,1.1521649718815854,0.22836366434949956,0.9735759019228388,0.0
5.072,0.0,0.0,9.821358045584626,0.0,0.0,1.2000022936335508,0.24701251099809834,0.969012290639502,0.0
5.088,0.0,0.0,9.807319709733308,0.0,0.0,1.2478167019936515,0.2663105802404423,0.9638872728965765,0.0
5.104,0.0,0.0,9.76584161915775,0.0,0.0,1.2962293508907012,0.286238350249662,0.9581584455852549,0.0
5.12,0.0,0.0,9.777168687306398,0.0,0.0,1.3441786372132807,0.3067740339679721,0.9517823764301467,0.0
5.136,0.0,0.0,9.805374135634004,0.0,0.0,1.3918817181700052,0.32789342562936385,0.944714719600071,0.0
5.152,0.0,0.0,9.802660247793877,0.0,0.0,1.4402055799948208,0.3495697463604099,0.9369103438587487,0.0
5.168,0.0,0.0,9.768374551620232,0.0,0.0,1.4876823880454586,0.3717734897279195,0.9283234739763532,0.0
5.184,0.0,0.0,9.831130610222209,0.0,0.0,1.5001511250737665,0.3939429899302806,0.9191348762204551,0.0
5.2,0.0,0.0,9.805287696818395,0.0,0.0,1.499907989542854,0.4158856116409451,0.9094169330016002,0.0
5.216,0.0,0.0,9.85549052801731,0.0,0.0,1.5001840354025886,0.4375887177295544,0.8991752410491541,0.0
5.232,0.0,0.0,9.7527796027056,0.0,0.0,1.500117646997639,0.4590398090068841,0.8884156987283168,0.0
5.248,0.0,0.0,9.79005025202583,0.0,0.0,1.4999541140760497,0.4802265314233415,0.8771445026431542,0.0
5.264,0.0,0.0,9.788677168858802,0.0,0.0,1.500182510871038,0.5011366831838742,0.8653681440678674,0.0
5.28,0.0,0.0,9.768490123665782,0.0,0.0,1.5000626321286337,0.521758221775189,0.8530934052083587,0.0
5.296,0.0,0.0,9.777139183728384,0.0,0.0,1.4999931334773617,0.5420792709012439,0.8403273552962416,0.0
5.312,0.0,0.0,9.764388865873464,0.0,0.0,1.5001199985391787,0.562088127323009,0.827077346517551,0.0
5.328,0.0,0.0,9.76803428555216,0.0,0.0,1.4998753604579487,0.5817732675985618,0.8133510097784917,0.0
5.344,0.0,0.0,9.824717747185094,0.0,0.0,1.5000417969298951,0.6011233547196319,0.7991562503106734,0.0
5.36,0.0,0.0,9.816342302207829,0.0,0.0,1.5000450331251272,0.6201272446407798,0.7845012431183487,0.0
5.376,0.0,0.0,9.850998716370496,0.0,0.0,1.5000501347899449,0.6387739926974432,0.7693944282702905,0.0
5.392,0.0,0.0,9.782686024139997,0.0,0.0,1.5001601140021985,0.6570528599091554,0.7538445060390105,0.0
5.408,0.0,0.0,9.844983431048771,0.0,0.0,1.4999813333620429,0.6749533191643052,0.737860431890129,0.0
5.424,0.0,0.0,9.809660380131906,0.0,0.0,1.5002907408354007,0.6924650612828839,0.7214514113247626,0.0
5.44,0.0,0.0,9.81771601931001,0.0,0.0,1.5000878877338382,0.709578000953716,0.7046268945779236,0.0
5.456,0.0,0.0,9.82359329265438,0.0,0.0,1.5002685767997144,0.7262822825427626,0.6873965711759659,0.0
5.472,0.0,0.0,9.75623499478779,0.0,0.0,1.4696123414251805,0.7422437766250328,0.6701299695293508,0.0
5.488,0.0,0.0,9.809723492443206,0.0,0.0,1.4338094226931815,0.7574223893350844,0.6529252056200098,0.0
5.5040000000000004,0.0,0.0,9.778097793189291,0.0,0.0,1.4032293755113943,0.7718884592228217,0.635757977943351,0.0
5.5200000000000005,0.0,0.0,9.79454729986574,0.0,0.0,1.3703265837736651,0.78564012878683,0.6186837544657312,0.0
5.5360000000000005,0.0,0.0,9.789455677660484,0.0,0.0,1.3397484085305857,0.7987218393743707,0.6017004431662171,0.0
5.5520000000000005,0.0,0.0,9.804230856046622,0.0,0.0,1.3087944013832675,0.8111473194772082,0.5848418812849674,0.0
5.5680000000000005,0.0,0.0,9.776995340866577,0.0,0.0,1.2796855283480815,0.8229494559090146,0.5681145949709946,0.0
5.5840000000000005,0.0,0.0,9.816880239592097,0.0,0.0,1.2501171179757415,0.8341478898467194,0.5515408397066038,0.0
5.6000000000000005,0.0,0.0,9.845644713783576,0.0,0.0,1.2218809063135563,0.8447699516434825,0.5351296373779614,0.0
5.6160000000000005,0.0,0.0,9.759048513059659,0.0,0.0,1.1938588711452556,0.8548370549538162,0.5188965306088357,0.0
5.632,0.0,0.0,9.822751137250892,0.0,0.0,1.1666789124450798,0.8643734618042228,0.502850393783861,0.0
5.648,0.0,0.0,9.829469812553484,0.0,0.0,1.1400556951866196,0.8734005821158565,0.48700248783726263,0.0
5.664,0.0,0.0,9.7890943668344,0.0,0.0,1.1139088059931501,0.8819406347505878,0.47136049556123205,0.0
5.68,0.0,0.0,9.834214580875704,0.0,0.0,1.088208646841295,0.8900142657020077,0.4559326779766023,0.0
5.696,0.0,0.0,9.786453643023503,0.0,0.0,1.0632685434181,0.8976420752025893,0.4407252033024535,0.0
5.712,0.0,0.0,9.837739128962554,0.0,0.0,1.0390102552490013,0.9048436272731724,0.4257440665272134,0.0
5.728,0.0,0.0,9.841106160223939,0.0,0.0,1.015114403116982,0.9116380880448095,0.41099391288193576,0.0
5.744,0.0,0.0,9.840431666738478,0.0,0.0,0.9914830503983131,0.9180438183476969,0.39647893713737287,0.0
5.76,0.0,0.0,9.777306708099287,0.0,0.0,0.9687635306847079,0.9240786436974608,0.38220238128805684,0.0
5.776,0.0,0.0,9.7791215003977,0.0,0.0,0.9464898741520966,0.9297596914053946,0.3681669678797181,0.0
5.792,0.0,0.0,9.852710382115825,0.0,0.0,0.9244915537924654,0.9351035089765317,0.35437469929409116,0.0
5.808,0.0,0.0,9.81363631853687,0.0,0.0,0.9031373567316546,0.940126004063482,0.3408270770986809,0.0
5.824,0.0,0.0,9.820755885717142,0.0,0.0,0.882229638755493,0.9448425011007936,0.3275250343311137,0.0
5.84,0.0,0.0,9.814459434903517,0.0,0.0,0.8615197286202343,0.9492677247527466,0.31446905530233615,0.0
5.856,0.0,0.0,9.734438942832949,0.0,0.0,0.8416429847218978,0.9534158317352905,0.3016591649469715,0.0
5.872,0.0,0.0,9.832844966574987,0.0,0.0,0.8220239788699396,0.9573004127998258,0.28909500108663794,0.0
5.888,0.0,0.0,9.796513407263172,0.0,0.0,0.8027604559968822,0.9609345147590609,0.2767758268793873,0.0
5.904,0.0,0.0,9.792332668213051,0.0,0.0,0.7840860921047946,0.964330650414092,0.2647005792814481,0.0
5.92,0.0,0.0,9.787622831372893,0.0,0.0,0.7657631008241,0.9675008167547431,0.2528678895765635,0.0
5.936,0.0,0.0,9.843722772034212,0.0,0.0,0.7476669720891205,0.9704565082503704,0.24127611898921683,0.0
5.952,0.0,0.0,9.767863467137206,0.0,0.0,0.7300724370589332,0.9732087335006776,0.2299233807989241,0.0
5.968,0.0,0.0,9.755604970804264,0.0,0.0,0.7128993844577284,0.9757680298441356,0.21880756827425826,0.0
5.984,0.0,0.0,9.828588596390311,0.0,0.0,0.6959743883091309,0.9781444792520962,0.20792637569256447,0.0
6.0,0.0,0.0,9.890188488602236,0.0,0.0,0.6796336965954666,0.980347723291998,0.19727732114005406,0.0
6.016,0.0,0.0,9.879209156318714,0.0,0.0,0.6636371818306034,0.982386978481941,0.18685776545041524,0.0
6.032,0.0,0.0,9.771416807589794,0.0,0.0,0.6477739512887881,0.9842710511228208,0.17666493121606705,0.0
6.048,0.0,0.0,9.818123417386552,0.0,0.0,0.6325425599976255,0.9860083521228841,0.16669591939791054,0.0
6.064,0.0,0.0,9.807625199244379,0.0,0.0,0.6173100847074703,0.9876069114341506,0.15694772533394108,0.0
6.08,0.0,0.0,9.867299218989979,0.0,0.0,0.6027440865009662,0.9890743922947794,0.14741725308359513,0.0
6.096,0.0,0.0,9.82171656452132,0.0,0.0,0.5882576279556956,0.9904181051163107,0.13810132895021882,0.0
6.112,0.0,0.0,9.77743409648591,0.0,0.0,0.5741726141665763,0.9916450210852658,0.12899671374419922,0.0
6.128,0.0,0.0,9.799160220596,0.0,0.0,0.5602891501424604,0.9927617854096868,0.12010011419716018,0.0
6.144,0.0,0.0,9.870977115463074,0.0,0.0,0.546956633543448,0.9937747302337574,0.11140819336486361,0.0
6.16,0.0,0.0,9.77544955798738,0.0,0.0,0.5337323334598074,0.994689887190515,0.10291758023253805,0.0
6.176,0.0,0.0,9.80231929056999,0.0,0.0,0.5208993246285536,0.9955129996001018,0.09462487847922367,0.0
6.192,0.0,0.0,9.858680766669874,0.0,0.0,0.5082576340238448,0.9962495343014701,0.08652667452354738,0.0
6.208,0.0,0.0,9.882554637621372,0.0,0.0,0.4958857475667434,0.9969046931208895,0.07861954485714909,0.0
6.224,0.0,0.0,9.831238576517222,0.0,0.0,0.48381428470212096,0.997483423973985,0.07090006274422672,0.0
6.24,0.0,0.0,9.863079997811656,0.0,0.0,0.4720423269089521,0.9979904316046538,0.06336480431246273,0.0
6.256,0.0,0.0,9.760336056003121,0.0,0.0,0.4605283858166183,0.9984301879623666,0.05601035409130745,0.0
6.272,0.0,0.0,9.878849837192433,0.0,0.0,0.4491779380405892,0.9988069422223947,0.04883331002860429,0.0
6.288,0.0,0.0,9.874348546911865,0.0,0.0,0.43815087055150903,0.9991247304533194,0.041830288028917716,0.0
6.304,0.0,0.0,9.840887734195379,0.0,0.0,0.4273246166503114,0.9993873849376806,0.03499792604461234,0.0
6.32,0.0,0.0,9.8125518835847,0.0,0.0,0.4167227990106602,0.9995985431519275,0.028332887755124745,0.0
6.336,0.0,0.0,9.789111406845336,0.0,0.0,0.4063919711998988,0.9997616564126306,0.021831865863306404,0.0
6.352,0.0,0.0,9.74811890244549,0.0,0.0,0.39627855093295544,0.9998799981962782,0.015491585038687061,0.0
6.368,4.988664085760541,-0.027831254178738652,9.814775844357563,0.0,0.0,0.3482808938673026,0.9999508090854005,0.009918639496073694,0.0
6.384,5.002613335779363,0.0038298607227519356,9.811635343208778,0.0,0.0,0.3003833423187748,0.9999869266276029,0.005113372065602949,0.0
6.4,5.023540711848372,0.028058943712452298,9.839791920723483,0.0,0.0,0.25234008102024635,0.9999994211305634,0.0010759825920970817,0.0
6.416,4.9925552882301885,0.044189531069231756,9.74223421223395,0.0,0.0,0.20435692956569806,0.9999975944304835,-0.0021934295626178284,0.0
6.432,5.009841714362769,0.05290214303316907,9.817834217955726,0.0,0.0,0.15634109672644297,0.999988979225829,-0.0046948298035785815,0.0
6.448,5.03193004750603,0.05356844589802289,9.757348225511171,0.0,0.0,0.10834109627613239,0.9999793387843717,-0.0064282193779307256,0.0
6.464,5.014387290880055,0.047312723643081124,9.820810424577923,0.0,0.0,0.06033130481113181,0.9999726668680486,-0.007393613244053643,0.0
6.48,4.978104100168868,0.032739735269049934,9.763688052953263,0.0,0.0,0.012339939158643435,0.9999711877566605,-0.007591024735429981,0.0
6.496,4.983183605578702,0.009415106205047163,9.764768085860746,0.0,0.0,-0.018671042626205937,0.9999734108312349,-0.007292299400495228,0.0
6.5120000000000005,4.985348033714773,-0.012032810432337539,9.770020743845976,0.0,0.0,-0.01840442879960573,0.9999755146961543,-0.0069978573978919665,0.0
6.5280000000000005,5.000380954122753,-0.013280857545634482,9.837199517530822,0.0,0.0,-0.018144094763647933,0.9999775039184193,-0.006707582059697368,0.0
6.5440000000000005,4.998252511017421,-0.014672781406737277,9.79531370203343,0.0,0.0,-0.017889846819986423,0.99997938285764,-0.006421359642147676,0.0
6.5600000000000005,5.034487788457669,-0.01570376114167343,9.928893532717314,0.0,0.0,-0.017641345940918443,0.9999811556757283,-0.006139079200883983,0.0
6.5760000000000005,5.001708694057739,-0.01691338552766893,9.819568712242823,0.0,0.0,-0.01740505852688356,0.9999828263460558,-0.0058606324704724615,0.0
6.5920000000000005,5.009675367477029,-0.018040122181521668,9.809474473086587,0.0,0.0,-0.017173499072993537,0.9999843986620996,-0.005585913747931282,0.0
6.6080000000000005,4.994673381890175,-0.01922680588862724,9.803902966527344,0.0,0.0,-0.016944701432298124,0.9999858762456131,-0.005314819779970479,0.0
6.6240000000000006,4.992635603928788,-0.020304711917214908,9.786044117790576,0.0,0.0,-0.01672260751082903,0.9999872625543454,-0.005047249653684161,0.0
6.640000000000001,5.016754851975712,-0.021494563948760384,9.78863549195174,0.0,0.0,-0.016508470341937354,0.9999885608893335,-0.004783104690441965,0.0
6.656000000000001,4.990011431786231,-0.02259951235474015,9.796791456294722,0.0,0.0,-0.01629990101880904,0.9999897744017914,-0.004522288342717715,0.0
6.672,5.01419385741401,-0.02346944332474909,9.8409006422768,0.0,0.0,-0.016100611705251032,0.999990906099618,-0.004264706093618914,0.0
6.688,5.0076671926322485,-0.02436334708826449,9.824733392499459,0.0,0.0,-0.015903234857559317,0.9999919588535459,-0.004010265358875356,0.0
6.704,4.997308983118815,-0.025444382663421184,9.830745888188517,0.0,0.0,-0.015709347017918436,0.999992935402943,-0.0037588753910592146,0.0
6.72,5.031994434268034,-0.02652636476837403,9.823647032901313,0.0,0.0,-0.015524931652044457,0.9999938383612952,-0.0035104471857899397,0.0
6.736,4.958413895574977,-0.02744005718683673,9.763399315062504,0.0,0.0,-0.015347723188275837,0.9999946702213737,-0.003264893389712208,0.0
6.752,5.004444389057833,-0.0281961841780902,9.868046131978717,0.0,0.0,-0.015172249302203919,0.9999954333601141,-0.003022128210003048,0.0
6.768,5.004116673358743,-0.029134917975114232,9.847142243881379,0.0,0.0,-0.015007957750729791,0.9999961300432108,-0.00278206732519121,0.0
6.784,4.998839434340922,-0.030101515141331046,9.77597621025271,0.0,0.0,-0.014838937415043805,0.9999967624294464,-0.002544627797045695,0.0
6.8,5.009146204726844,-0.030939891020577537,9.817708424168417,0.0,0.0,-0.014678082521580591,0.999997332574764,-0.0023097279833109324,0.0
6.816,4.9619839890010375,-0.031776684063225306,9.79999840042269,0.0,0.0,-0.01452836734390367,0.9999978424360954,-0.0020772874510387633,0.0
6.832,5.007155120995519,-0.03244163191236815,9.809558366697946,0.0,0.0,-0.014376771261437007,0.9999982938749526,-0.0018472268902826872,0.0
6.848,5.007000535942731,-0.033444692306141256,9.809572040663081,0.0,0.0,-0.014233944409181753,0.9999986886607936,-0.0016194680278960386,0.0
6.864,1.2505548356183396,-0.03484383725203277,9.86229872293672,0.0,0.0,-0.01409622643242584,0.9999990284741694,-0.0013939335411675357,0.0
6.88,1.1854548051538829e-05,-0.03533135934827134,9.786882597898892,0.0,0.0,-0.013957999290480447,0.9999993148693355,-0.0011705814194898365,0.0
6.896,1.158787569215782e-05,-0.0349824486610082,9.808145921787903,0.0,0.0,-0.013825938329895388,0.9999995493372165,-0.0009493815694261065,0.0
6.912,1.1415026231803315e-05,-0.03452508717368705,9.78483286306822,0.0,0.0,-0.013691655282364658,0.9999997333278176,-0.0007303042474047836,0.0
6.928,1.1213262823199093e-05,-0.03423078717427659,9.743246130609782,0.0,0.0,-0.01355943494112122,0.9999998682512526,-0.000513320053866209,0.0
6.944,1.0967737270801686e-05,-0.03396163723252497,9.823721119986285,0.0,0.0,-0.013433223120155411,0.9999999554787407,-0.00029839992745552213,0.0
6.96,1.0701338478067946e-05,-0.03360693910401961,9.833738837147365,0.0,0.0,-0.013302614084525866,0.9999999963435805,-8.551513925854741e-05,0.0
6.976,1.0511946325682299e-05,-0.03310699604482138,9.8261223548509,0.0,0.0,-0.013178354238617747,0.9999999921420951,0.00012536271291440333,0.0
6.992,1.0308083994354993e-05,-0.03291286675281345,9.865407678512748,0.0,0.0,-0.013054427385673466,0.9999999441345532,0.0003342617102067512,0.0
7.008,1.0214262325842659e-05,-0.03254891288506432,9.797189796819465,0.0,0.0,-0.012934699209609064,0.9999998535460638,0.0005412096183503014,0.0
7.024,1.0022954550495784e-05,-0.032304228941365934,9.782308301474247,0.0,0.0,-0.012813417938224861,0.9999997215674495,0.0007462338932664962,0.0
7.04,9.768560253814282e-06,-0.031983325818960996,9.774886391194055,0.0,0.0,-0.012696317051512014,0.9999995493560926,0.0009493616866273446,0.0
7.056,9.565950798133704e-06,-0.03178574966194749,9.807678265679618,0.0,0.0,-0.012578492810020681,0.9999993380367599,0.001150619851386203,0.0
7.072,9.40292569981973e-06,-0.031252871672773797,9.872756701666724,0.0,0.0,-0.012462714673099083,0.9999990887024055,0.0013500349472754837,0.0
7.088,9.245525649675085e-06,-0.031110156692185174,9.773914901688466,0.0,0.0,-0.012348034548182247,0.9999988024149504,0.0015476332462750284,0.0
7.104,9.106190236626093e-06,-0.03118590424323008,9.786050867347168,0.0,0.0,-0.012236655033355248,0.9999984802060415,0.001743440738055553,0.0
7.12,8.927611941493868e-06,-0.03026857794480298,9.862941099150717,0.0,0.0,-0.012129464293034508,0.9999981230777888,0.0019374831353935757,0.0
7.136,8.764062009648856e-06,-0.03029278099025276,9.84003322562425,0.0,0.0,-0.012017714098883896,0.9999977320034817,0.0021297858795677896,0.0
7.152,8.613324834339583e-06,-0.029995583415600196,9.842017489497895,0.0,0.0,-0.011913866990242232,0.9999973079282883,0.002320374145732189,0.0
7.168,8.4705817264142e-06,-0.029861261021318426,9.756141461507266,0.0,0.0,-0.011807497477450241,0.9999968517699308,0.0025092728482772335,0.0
7.184,8.292100732618483e-06,-0.029497055965710197,9.821989983989818,0.0,0.0,-0.011702061501467183,0.999996364419345,0.0026965066461679295,0.0
7.2,8.188702188982375e-06,-0.029364303762853105,9.80275292156125,0.0,0.0,-0.01160019967444125,0.9999958467413195,0.002882099948279224,0.0
7.216,8.02431899637093e-06,-0.028908684532951995,9.826841714669266,0.0,0.0,-0.01149811983590986,0.9999952995751175,0.003066076918713366,0.0
7.232,7.879801686576773e-06,-0.02860218384798634,9.81087366780352,0.0,0.0,-0.011400641432061797,0.9999947237350801,0.00324846148211763,0.0
7.248,7.737215786462453e-06,-0.028473344165607917,9.835470473562697,0.0,0.0,-0.011301204502677025,0.9999941200112133,0.003429277328992184,0.0
7.264,7.617498755888327e-06,-0.028129243103161308,9.7598377494594,0.0,0.0,-0.011204678829757167,0.9999934891697555,0.0036085479210055896,0.0
7.28,7.5041217850143695e-06,-0.028076145080854813,9.796578235964352,0.0,0.0,-0.011109297297101795,0.9999928319537306,0.0037862964963028423,0.0
7.296,7.3715743484622305e-06,-0.027627335055253652,9.786922710076448,0.0,0.0,-0.011015947577498542,0.999992149083484,0.003962546074828333,0.0
7.312,7.252847504967828e-06,-0.027664737248603775,9.872283766367188,0.0,0.0,-0.010925327204039154,0.9999914412572019,0.00413731946365151,0.0
7.328,7.093543987958131e-06,-0.027325931456730932,9.752947129448598,0.0,0.0,-0.010833732276566138,0.9999907091514152,0.004310639262308765,0.0
7.344,6.976508746201644e-06,-0.0271151154982021,9.827660596632276,0.0,0.0,-0.010741355151946661,0.9999899534214888,0.00448252786816174,0.0
7.36,6.922476546654641e-06,-0.026777087384234417,9.789415222448085,0.0,0.0,-0.010655991482473056,0.9999891747020939,0.004653007481772476,0.0
7.376,6.7149202212715616e-06,-0.026684151746454603,9.81534933267961,0.0,0.0,-0.010570077512953788,0.9999883736076671,0.004822100112308507,0.0
7.392,6.663853400467967e-06,-0.026477138254558403,9.817847857055781,0.0,0.0,-0.010483489919543943,0.9999875507328542,0.0049898275829709715,0.0
7.408,6.556165740929819e-06,-0.02606290070951662,9.818962937750138,0.0,0.0,-0.010397952546172819,0.9999867066529391,0.005156211536457059,0.0
7.424,6.478017796102677e-06,-0.02581059362987551,9.868148621983265,0.0,0.0,-0.010316847801101323,0.9999858419242605,0.005321273440462123,0.0
7.44,6.338368557504037e-06,-0.025794945379513667,9.816333763239044,0.0,0.0,-0.010234893495766121,0.9999849570846111,0.005485034593218734,0.0
7.456,6.250985576289136e-06,-0.025449417220551915,9.755269983413614,0.0,0.0,-0.010154611755273756,0.9999840526536269,0.0056475161290889244,0.0
7.472,6.2033262756868845e-06,-0.025243375722194476,9.793886193554771,0.0,0.0,-0.010075987378605981,0.9999831291331615,0.0058087390242026775,0.0
7.488,6.026191111297071e-06,-0.025102735144026386,9.837908100638268,0.0,0.0,-0.009999523233430918,0.9999821870076449,0.005968724102158212,0.0
7.5040000000000004,5.9877980737885e-06,-0.025193786964178073,9.865527161130252,0.0,0.0,-0.009922299944121082,0.9999812267444337,0.006127492039783834,0.0
7.5200000000000005,5.883409059184848e-06,-0.024687637161892366,9.788156629794223,0.0,0.0,-0.009848178494040138,0.9999802487941438,0.006285063372968866,0.0
7.5360000000000005,5.795526652394277e-06,-0.02466663631072557,9.757497528964889,0.0,0.0,-0.009774972876608947,0.9999792535909733,0.006441458502570107,0.0
7.5520000000000005,5.7190120385381815e-06,-0.024457933291576472,9.883230701781738,0.0,0.0,-0.00970319090850544,0.9999782415530097,0.006596697700405768,0.0
7.5680000000000005,5.637589900233789e-06,-0.024287016390048738,9.861985438601417,0.0,0.0,-0.009632594036966353,0.9999772130825288,0.006750801115329827,0.0
7.5840000000000005,5.546374143565121e-06,-0.024109483534455207,9.780686911100492,0.0,0.0,-0.009562778805105487,0.999976168566276,0.006903788779409564,0.0
7.6000000000000005,5.478928665029813e-06,-0.023841082295342587,9.82022904667912,0.0,0.0,-0.009493820403427177,0.9999751083757388,0.007055680614209254,0.0
7.6160000000000005,5.39309213540275e-06,-0.02373250878183261,9.76964235894751,0.0,0.0,-0.009426386711853522,0.9999740328674045,0.00720649643718348,0.0
7.632000000000001,5.285097678047517e-06,-0.023705372927286444,9.74743717987531,0.0,0.0,-0.009361092288403013,0.9999729423830079,0.0073562559681901105,0.0
7.648000000000001,5.211899413206336e-06,-0.02336058308644183,9.8290834186531,0.0,0.0,-0.00929492871848992,0.9999718372497642,0.007504978836143957,0.0
7.664000000000001,5.1467249486943846e-06,-0.023233448358163305,9.764871642884103,0.0,0.0,-0.00923214245756272,0.9999707177805911,0.007652684585801834,0.0
7.68,5.101623545985877e-06,-0.02295889216966561,9.864732032942616,0.0,0.0,-0.009169783657970425,0.9999695842743169,0.0077993926847034,0.0
7.696,5.055309704231404e-06,-0.0229008294184565,9.822156943142431,0.0,0.0,-0.009108769019782111,0.9999684370158785,0.007945122530276232,0.0
7.712,4.944677247533876e-06,-0.022866662045948883,9.86393799374404,0.0,0.0,-0.009048192412209319,0.9999672762765053,0.008089893457112644,0.0
7.728,4.875424911545313e-06,-0.022586464489854022,9.84992456481967,0.0,0.0,-0.00898999797837331,0.99996610231389,0.008233724744436248,0.0
7.744,4.8155115999794404e-06,-0.022482597388872334,9.8493672367336,0.0,0.0,-0.008933417694265635,0.9999649153723478,0.008376635623766887,0.0
7.76,4.8124317328636985e-06,-0.02224999140330759,9.804261358387556,0.0,0.0,-0.008875018468639514,0.9999637156829632,0.008518645286801064,0.0
7.776,4.709508503180016e-06,-0.022253701391946656,9.786427244064157,0.0,0.0,-0.008821747529633512,0.9999625034637213,0.008659772893524672,0.0
7.792,4.659638974533416e-06,-0.02210492341869629,9.83969611343182,0.0,0.0,-0.008764758327396361,0.9999612789196293,0.008800037580567176,0.0
7.808,4.580938535501533e-06,-0.021961468868646444,9.81827613272641,0.0,0.0,-0.008715612465725312,0.999960042242822,0.008939458469823197,0.0
7.824,4.5202792682932245e-06,-0.021609266858225173,9.805937874941929,0.0,0.0,-0.008662891332481002,0.9999587936126545,0.009078054677355445,0.0
7.84,4.52059106940156e-06,-0.021587409326076275,9.777823183395832,0.0,0.0,-0.008611446502948034,0.9999575331957803,0.009215845322598582,0.0
7.856,4.436036736396426e-06,-0.021447010863063273,9.737781112159494,0.0,0.0,-0.00856317588352422,0.9999562611462172,0.009352849537883295,0.0
7.872,4.367088792157436e-06,-0.021381996001612624,9.83783826257087,0.0,0.0,-0.008515158180128352,0.9999549776053955,0.00948908647831186,0.0
7.888,4.354944135757928e-06,-0.02125243046603421,9.83960737102975,0.0,0.0,-0.008468869536288625,0.9999536827021933,0.009624575331998545,0.0
7.904,4.292113858893956e-06,-0.021160721484651514,9.769798157586198,0.0,0.0,-0.00842253346406121,0.9999523765529552,0.009759335330704801,0.0
7.92,4.242201314004135e-06,-0.021040140510283467,9.778249410853089,0.0,0.0,-0.008377801182013546,0.999951059261495,0.009893385760905388,0.0
7.936,4.1968765747100766e-06,-0.021064781165112324,9.839733719900568,0.0,0.0,-0.008334506832316565,0.9999497309190833,0.010026745975297947,0.0
7.952,4.149440966617273e-06,-0.020846082273250785,9.907505333235203,0.0,0.0,-0.008292748564744974,0.9999483916044147,0.010159435404805834,0.0
7.968,4.124204002424816e-06,-0.0206910794160131,9.816674943912881,0.0,0.0,-0.008253549045263577,0.9999470413835602,0.010291473571100104,0.0
7.984,4.09085544692004e-06,-0.020609395690340513,9.790120475652369,0.0,0.0,-0.008212868606424652,0.9999456803098995,0.010422880099679595,0.0
8.0,4.054606249106978e-06,-0.020609217615234147,9.707882057505358,0.0,0.0,-0.008173521395392486,0.9999443084240335,0.0105536747335458,0.0
8.016,3.98235112080904e-06,-0.02051455629975535,9.85842742076517,0.0,0.0,-0.008137025692398011,0.9999429257536767,0.01068387734752821,0.0
8.032,3.9487829725629684e-06,-0.020210952952431367,9.778833262830249,0.0,0.0,-0.008102365694759375,0.9999415323135288,0.010813507963290787,0.0
8.048,3.917168025539667e-06,-0.020300939137305858,9.751412429206864,0.0,0.0,-0.008067829532485206,0.9999401281051224,0.010942586765084137,0.0
8.064,3.9144936066870295e-06,-0.020203817825196237,9.820557181459082,0.0,0.0,-0.00803371637830357,0.9999387131166486,0.011071134116292214,0.0
8.08,3.854912795551572e-06,-0.020095516239986226,9.821994005823598,0.0,0.0,-0.008000860684554384,0.9999372873227556,0.011199170576831067,0.0
8.096,3.862931289323631e-06,-0.01993933185954876,9.765612307990178,0.0,0.0,-0.007971180641050535,0.9999358506843231,0.011326716921474661,0.0
8.112,3.8112948297345364e-06,-0.02012085864996585,9.758834772861787,0.0,0.0,-0.007941692994656177,0.9999344031482063,0.011453794159164535,0.0
8.128,3.795809469812379e-06,-0.019728275125185196,9.799488683167777,0.0,0.0,-0.00791491974637718,0.9999329446469518,0.011580423553392854,0.0
8.144,3.751696639012644e-06,-0.019722746987119857,9.758614780274309,0.0,0.0,-0.007888561659428323,0.9999314750984811,0.01170662664373179,0.0
8.16,3.707009139005062e-06,-0.01974624323242098,9.784266674029602,0.0,0.0,-0.00786257049240602,0.9999299944057399,0.011832425268607184,0.0
8.176,3.737368835015791e-06,-0.019636313872422862,9.774923582022721,0.0,0.0,-0.007839198566503999,0.9999285024563119,0.01195784158941191,0.0
8.192,3.6984108182423045e-06,-0.019436177301957906,9.802705458585123,0.0,0.0,-0.007816446899414969,0.9999269991219943,0.012082898116067742,0.0
8.208,3.6612464991203553e-06,-0.01954881410453034,9.779664255704603,0.0,0.0,-0.007794581167550818,0.9999254842583305,0.012207617734154177,0.0
8.224,3.650340178634982e-06,-0.019586079141877304,9.816411415852253,0.0,0.0,-0.007775269862754954,0.9999239577041,0.012332023733736878,0.0
8.24,3.6178899243890355e-06,-0.019451907562060916,9.83469171601741,0.0,0.0,-0.00775920902688625,0.9999224192807589,0.012456139840026975,0.0
8.256,3.6035886205933583e-06,-0.019448239439323847,9.79037341671803,0.0,0.0,-0.007740239110404505,0.9999208687918307,0.012579990246038772,0.0
8.272,3.6294633154214897e-06,-0.01930260723636854,9.798630747363399,0.0,0.0,-0.0077274812919199045,0.9999193060222403,0.012703599647412179,0.0
8.288,3.594380208419167e-06,-0.019232950605241064,9.784097986152648,0.0,0.0,-0.007713675768469644,0.9999177307375872,0.012826993279583112,0.0
8.304,3.5569704255699204e-06,-0.01927377407079581,9.844381521001544,0.0,0.0,-0.007699775076608905,0.999916142683356,0.012950196957513607,0.0
8.32,3.5724528361076872e-06,-0.01937001182839195,9.712973815745546,0.0,0.0,-0.007690889469955426,0.9999145415840551,0.01307323711821048,0.0
8.336,3.567438602047199e-06,-0.019185815805991595,9.797634747496232,0.0,0.0,-0.007682213080074606,0.9999129271422774,0.013196140866278034,0.0
8.352,3.5646035468524147e-06,-0.019174356042421816,9.831784536167573,0.0,0.0,-0.007674413610217805,0.9999112990376801,0.013318936022791224,0.0
8.368,3.5399973145463204e-06,-0.01919441329582568,9.79915379155429,0.0,0.0,-0.007670284608676571,0.9999096569258719,0.013441651177789561,0.0
8.384,3.535339128447157e-06,-0.019159759973693027,9.748460192432008,0.0,0.0,-0.007665714365864963,0.9999080004372016,0.013564315746741376,0.0
8.4,3.5182940141046072e-06,-0.01916869937972257,9.755919000821848,0.0,0.0,-0.0076655750654522235,0.9999063291754384,0.013686960031353413,0.0
8.416,3.536608601391065e-06,-0.01906528089158008,9.847320686937858,0.0,0.0,-0.007666709744868999,0.9999046427163324,0.013809615285146322,0.0
8.432,3.5700287113636077e-06,-0.01932035086182876,9.822543461971023,0.0,0.0,-0.007668576598376549,0.9999029406060453,0.01393231378427715,0.0
8.448,3.547745533530706e-06,-0.019089316384887037,9.751946680140348,0.0,0.0,-0.007673865659085883,0.9999012223594376,0.014055088904122203,0.0
8.464,3.5485990625030833e-06,-0.019008263134562938,9.77693967261673,0.0,0.0,-0.007680072606940411,0.9998994874581971,0.014177975202221475,0.0
8.48,3.576049815490247e-06,-0.019183207149645474,9.802038290861612,0.0,0.0,-0.007691153441163032,0.9998977353487943,0.01430100850823048,0.0
8.496,3.540276020413523e-06,-0.01914691606775584,9.838807053879103,0.0,0.0,-0.007702964499721504,0.9998959654402436,0.014424226021633912,0.0
8.512,3.519880606425702e-06,-0.019274758707349286,9.78439547049124,0.0,0.0,-0.007716002604902905,0.9998941771016518,0.014547666418040273,0.0
8.528,3.574440562135054e-06,-0.019437346544175033,9.76620127399014,0.0,0.0,-0.007733283988601155,0.99989236965953,0.014671369965010396,0.0
8.544,3.6018488852727325e-06,-0.01926656602740682,9.760743658820411,0.0,0.0,-0.007751247489627965,0.9998905423948407,0.014795378648466721,0.0
8.56,3.590164086900238e-06,-0.01946498981278512,9.780775266215374,0.0,0.0,-0.007773040320567665,0.999888694539754,0.014919736310889947,0.0
8.576,3.6291479901947074e-06,-0.01953603031576925,9.8202119826508,0.0,0.0,-0.007798143955820526,0.9998868252740741,0.015044488802665873,0.0
8.592,3.6377128118400224e-06,-0.019488636263394837,9.870560288940624,0.0,0.0,-0.007825979713503496,0.9998849337212989,0.015169684148128049,0.0
8.608,3.672796814042827e-06,-0.019388635435478682,9.832418599920544,0.0,0.0,-0.007855780965066731,0.9998830189442712,0.015295372728057935,0.0
8.624,3.724078941985391e-06,-0.01959908158884197,9.848833264902913,0.0,0.0,-0.007890755187478398,0.9998810799403658,0.01542160748066799,0.0
8.64,3.7559886126054976e-06,-0.019611252792712853,9.81188976800452,0.0,0.0,-0.007928207556315028,0.9998791156361567,0.015548444123365594,0.0
8.656,3.768320917361901e-06,-0.019802228912831923,9.751855579188396,0.0,0.0,-0.007970556179273612,0.9998771248814966,0.01567594139796309,0.0
8.672,3.823520759960155e-06,-0.019928880390772827,9.777371247412333,0.0,0.0,-0.00801431822049015,0.9998751064429319,0.015804161342380524,0.0
8.688,3.873540204887182e-06,-0.019964744801077867,9.811521890025505,0.0,0.0,-0.008063394789458599,0.999873058996361,0.01593316959238447,0.0
8.704,3.910527460650066e-06,-0.02020252919511749,9.839907239175908,0.0,0.0,-0.008117778165723002,0.9998709811188342,0.016063035717443847,0.0
8.72,3.945448550799898e-06,-0.020277220839399167,9.81545013172432,0.0,0.0,-0.008177030572022587,0.9998688712793704,0.01619383359547111,0.0
8.736,4.036549646069182e-06,-0.020392335222480622,9.772165953555168,0.0,0.0,-0.00823923233694957,0.9998667278286512,0.01632564183199038,0.0
8.752,-1.5667222199504343,-0.020689031400860407,9.81941130364482,0.0,0.0,-0.0083075945793955,0.9998645489874224,0.016458544230235614,0.0
8.768,-3.8777013791050323,-0.021134796144924094,9.78092089805261,0.0,0.0,-0.008380973251518408,0.9998623333950869,0.016592596473500924,0.0
8.784,-2.9045186699829517,-0.020562358625629766,9.775031844356125,0.0,0.0,-0.008451868636328002,0.9998600804782535,0.016727805176433488,0.0
8.8,-3.182903208035119,-0.020484484876671562,9.795710476356932,0.0,0.0,-0.008525919687099806,0.9998577893126892,0.01686419730500096,0.0
8.816,-2.986801606476154,-0.020084860027700116,9.771094477090964,0.0,0.0,-0.00860153803082018,0.9998554590756775,0.01700179274565371,0.0
8.832,-2.975507880245794,-0.019777153390882648,9.75753000238765,0.0,0.0,-0.008675605873425205,0.9998530888637337,0.017140615206312736,0.0
8.848,-2.8944265645990392,-0.019636751103734112,9.88333864518833,0.0,0.0,-0.00875677307155009,0.9998506777634771,0.01728068794681941,0.0
8.864,-2.8308763549802047,-0.01949930323638876,9.801859391652147,0.0,0.0,-0.00883516954067855,0.9998482248213545,0.017422035517879884,0.0
8.88,-2.7845806224175287,-0.01919825893238696,9.781443443675723,0.0,0.0,-0.00891831276443001,0.9998457290536211,0.017564683123611615,0.0
8.896,-2.7188132491504193,-0.0189761873460876,9.820670925505242,0.0,0.0,-0.008999441751933492,0.9998431894401247,0.017708656928157547,0.0
8.912,-2.674126301644922,-0.01873923836189314,9.752769614086484,0.0,0.0,-0.009085090790886279,0.9998406049244208,0.01785398399148638,0.0
8.928,-2.592016210715694,-0.0184046498947281,9.809285226070184,0.0,0.0,-0.009171663496744184,0.9998379744112164,0.018000692355460965,0.0
8.944,-2.530135205521064,-0.018485122054643574,9.786661043375595,0.0,0.0,-0.009258135838447349,0.999835296764723,0.018148811073960287,0.0
8.96,-2.4949972498697317,-0.018080123449788533,9.758474996100059,0.0,0.0,-0.009348764877770336,0.9998325708064814,0.018298370269030643,0.0
8.976,-2.4406418591335184,-0.017994179006532027,9.820325060207978,0.0,0.0,-0.009439214418108934,0.9998297953132163,0.018449401180854134,0.0
8.992,-2.3928165997430226,-0.01771635565630859,9.794784476692525,0.0,0.0,-0.00953468647004798,0.9998269690144868,0.018601936224613737,0.0
9.008000000000001,-2.3323134959547493,-0.017559133415283708,9.819501181161073,0.0,0.0,-0.009632808490352727,0.9998240905902094,0.018756009049396852,0.0
9.024000000000001,-2.286519892814077,-0.017336574884702576,9.752594029738727,0.0,0.0,-0.009729056126192242,0.9998211586680071,0.018911654601427016,0.0
9.040000000000001,-2.2425803986603716,-0.01715172328281423,9.832085974970413,0.0,0.0,-0.00983031659621667,0.9998181718203873,0.01906890919110244,0.0
9.056000000000001,-2.198666431684457,-0.016983040796904894,9.85872135810534,0.0,0.0,-0.009934617133144912,0.9998151285617239,0.01922781056448655,0.0
9.072000000000001,-2.1471213174417985,-0.016845717115026526,9.785561930021291,0.0,0.0,-0.01003634605021325,0.9998120273450356,0.019388397979456365,0.0
9.088000000000001,-2.117100317679504,-0.016572927291677062,9.77014457292139,0.0,0.0,-0.010147690714369023,0.9998088665585405,0.019550712286935418,0.0
9.104000000000001,-2.0592620760111866,-0.016386069000566633,9.797877991652461,0.0,0.0,-0.010257194595428048,0.9998056445219661,0.019714796017610517,0.0
9.120000000000001,-2.0148554597474684,-0.01622215224985736,9.805521645460347,0.0,0.0,-0.010370791005134179,0.999802359482598,0.019880693474577313,0.0
9.136000000000001,-1.9712057323959373,-0.01613911315252834,9.81440995709633,0.0,0.0,-0.010487671724891384,0.9997990096110421,0.02004845083241654,0.0
9.152000000000001,-1.9391462792434,-0.0159603161610503,9.83007208020866,0.0,0.0,-0.010607055853888424,0.9997955929966761,0.020218116243233185,0.0
9.168000000000001,-1.8910131861746378,-0.01574571363783744,9.755592356284874,0.0,0.0,-0.010729061437726216,0.9997921076427642,0.020389739950268267,0.0
9.184000000000001,-1.855180336478815,-0.01569497950302062,9.883741762126384,0.0,0.0,-0.010853043071389373,0.9997885514612005,0.02056337440972552,0.0
9.200000000000001,-1.8260018305259307,-0.015472576279951218,9.822173197076232,0.0,0.0,-0.010981886218347564,0.9997849222668532,0.020739074421545566,0.0
9.216000000000001,-1.7740285492967098,-0.015281956430526204,9.811418749645954,0.0,0.0,-0.011117266074293404,0.999781217771468,0.02091689726992287,0.0
9.232,-1.7437767584591515,-0.015201075014044801,9.871404174665454,0.0,0.0,-0.011252450471569017,0.9997774355770916,0.021096902874457396,0.0
9.248,-1.7145494677922093,-0.015104459069248793,9.730275120579343,0.0,0.0,-0.011391766589653988,0.9997735731689695,0.021279153952904934,0.0
9.264,-1.6671560921500863,-0.014956451544658198,9.808518155128926,0.0,0.0,-0.01153904605798918,0.999769627907865,0.02146371619662969,0.0
9.28,-1.6427102429889513,-0.01482035278151558,9.83520406564718,0.0,0.0,-0.011685250799704176,0.9997655970217472,0.0216506584599534,0.0
9.296,-1.6066989923586146,-0.014680954883884559,9.768468072953826,0.0,0.0,-0.011840526731661548,0.9997614775967802,0.021840052964742927,0.0
9.312,-1.565013072252875,-0.014642879002583367,9.838018483408966,0.0,0.0,-0.01199795662610452,0.999757266567545,0.022031975521743227,0.0
9.328,-1.5387252161028921,-0.014371842796956505,9.762141558453527,0.0,0.0,-0.012160957319874483,0.9997529607064148,0.02222650577031351,0.0
9.344,-1.5127921723942683,-0.01440734614814137,9.812931374723142,0.0,0.0,-0.012327765684589948,0.9997485566119948,0.022423727438439556,0.0
9.36,-1.4814759834672415,-0.014260403554309374,9.873030166007739,0.0,0.0,-0.01250328521790555,0.9997440506965258,0.02262372862511257,0.0
9.376,-1.4368615350505785,-0.014168082917813643,9.840649531658501,0.0,0.0,-0.012682880561661771,0.9997394391721421,0.022826602107427353,0.0
9.392,-1.411338875153381,-0.014109749620775151,9.768502547999113,0.0,0.0,-0.0128680420112082,0.9997347180358531,0.023032445675034957,0.0
9.408,-1.3826210452599608,-0.014025204154746231,9.933407157802936,0.0,0.0,-0.01306273181786147,0.9997298830531073,0.023241362494927493,0.0
9.424,-1.354778484385204,-0.013870788432697146,9.827518244672515,0.0,0.0,-0.013257618494378095,0.9997249297397772,0.02345346150992486,0.0
9.44,-1.3210809070963427,-0.01374702807490883,9.784755057206016,0.0,0.0,-0.013465445497581451,0.99971985334238,0.02366885787464758,0.0
9.456,-1.2994726652771247,-0.013721328948241303,9.835424009275052,0.0,0.0,-0.013678614274077383,0.9997146488163228,0.023887673433314376,0.0
9.472,-1.2841869713305216,-0.013544582972989636,9.78741101150881,0.0,0.0,-0.013903615577244129,0.9997093108019358,0.024110037244245333,0.0
9.488,-1.2404045908567398,-0.013524615505498636,9.765748860868376,0.0,0.0,-0.014132180651205086,0.9997038335980186,0.02433608615667679,0.0
9.504,-1.2145204603534578,-0.013512577268685896,9.842562492572643,0.0,0.0,-0.01437139447511659,0.9996982111325864,0.02456596544625614,0.0
9.52,-1.1933512495919747,-0.013392488127341576,9.783917112710613,0.0,0.0,-0.01462173939053163,0.9996924369304543,0.02479982951654458,0.0
9.536,-1.1729458756538194,-0.013399552547784025,9.80185558017833,0.0,0.0,-0.014880383956216676,0.9996865040772466,0.025037842674903867,0.0
9.552,-1.1571893573257122,-0.013335675986270962,9.721473335526488,0.0,0.0,-0.015150595300711462,0.9996804051793501,0.025280179992453616,0.0
9.568,-1.124399517097265,-0.013232717917027743,9.839573033702179,0.0,0.0,-0.015434268966578669,0.999674132319253,0.025527028259253893,0.0
9.584,-1.09538769506862,-0.013221307048249501,9.835987854473801,0.0,0.0,-0.015728619980309378,0.9996676770056272,0.025778587047651683,0.0
9.6,-1.0742267167797312,-0.01323700855779659,9.763241689902618,0.0,0.0,-0.016036870883478428,0.9996610301173913,0.02603506989882175,0.0
9.616,-1.054488888063603,-0.013268526505128934,9.778276806625321,0.0,0.0,-0.01635434713132844,0.9996541818408783,0.026296705650029017,0.0
9.632,-1.0304013944293393,-0.013239410654307202,9.83588615879401,0.0,0.0,-0.016697329575910996,0.9996471215990659,0.026563739923111247,0.0
9.648,-1.0145860370650968,-0.013218213013298365,9.788482269069016,0.0,0.0,-0.017050176256252166,0.9996398379716431,0.02683643679826116,0.0
9.664,-0.9803301538068719,-0.013156693869687403,9.790494860490437,0.0,0.0,-0.017420719533493414,0.999632318604472,0.027115080701474382,0.0
9.68,-0.9679123147446792,-0.01320466729466503,9.829492875314633,0.0,0.0,-0.017814445560421086,0.9996245501067135,0.02739997853923795,0.0
9.696,-0.951931198807232,-0.013291389591483859,9.828337079117901,0.0,0.0,-0.018224337185398218,0.9996165179335711,0.027691462120347128,0.0
9.712,-0.932373443613983,-0.01319006179859163,9.80395816347268,0.0,0.0,-0.018656063531502762,0.9996082062521843,0.027989890912444818,0.0
9.728,-0.9026884822280332,-0.013258405610658452,9.857277956666938,0.0,0.0,-0.01911961211156775,0.9995995977877087,0.028295655190348844,0.0
9.744,-0.8913398202528614,-0.013437741171534885,9.75731495413916,0.0,0.0,-0.019604160639479923,0.9995906736459906,0.028609179644908677,0.0
9.76,-0.8718469073169475,-0.013359049620607044,9.772920435156376,0.0,0.0,-0.02011868502227829,0.999581413108472,0.028930927535600778,0.0
9.776,-0.8554898249830797,-0.013445573153260193,9.78058469276247,0.0,0.0,-0.02066460984378325,0.9995717933939795,0.029261405488183415,0.0
9.792,-0.8335004311413063,-0.013537264101773463,9.837902930494499,0.0,0.0,-0.02124011237400492,0.9995617893808254,0.02960116906142096,0.0
9.808,-0.8192979039989808,-0.013652752780276538,9.783251242551554,0.0,0.0,-0.021863597551583503,0.9995513732810829,0.029950829235621663,0.0
9.824,-0.8009095760279034,-0.013726398140828844,9.769200381044685,0.0,0.0,-0.022524954012895025,0.9995405142568907,0.030311060012325555,0.0
9.84,-0.7836137790227574,-0.013940724063309626,9.812630472791898,0.0,0.0,-0.023233679315973758,0.9995291779660591,0.03068260736140561,0.0
9.856,-0.7671061851169905,-0.01392438618922757,9.794007629588862,0.0,0.0,-0.0239927052796121,0.9995173260208913,0.031066299812615893,0.0
9.872,-0.7473575227450392,-0.01405101042516969,9.818762650829322,0.0,0.0,-0.02481181534506191,0.9995049153397104,0.03146306106783356,0.0
9.888,-0.7331819185037681,-0.014344689098702375,9.848966494452073,0.0,0.0,-0.025689774207054285,0.9994918973647489,0.031873925114649364,0.0
9.904,-0.7250089083655671,-0.014569028916307007,9.770871369305565,0.0,0.0,-0.026648600825024012,0.9994782171122262,0.03230005446072336,0.0
9.92,-0.7106552003085154,-0.014806905921444848,9.8712632672635,0.0,0.0,-0.027688999000705407,0.9994638120098696,0.03274276229489785,0.0
9.936,-0.690943169960976,-0.015085059054188396,9.776004512115062,0.0,0.0,-0.02881831811704893,0.9994486104626537,0.03320353963466558,0.0
9.952,-0.6764678959515027,-0.015241434257102506,9.811420301723329,0.0,0.0,-0.030046894885449968,0.9994325300674823,0.03368408886864869,0.0
9.968,-0.6655638741108549,-0.015684062997465758,9.855233111736702,0.0,0.0,-0.03140651960819502,0.9994154753693644,0.03418636558962446,0.0
9.984,-0.6504350749383213,-0.015936364012280515,9.86820054747594,0.0,0.0,-0.032910115010098086,0.9993973350114768,0.03471263130271809,0.0
10.0,-0.6346514122049286,-0.016285124872087962,9.761548735429686,0.0,0.0,-0.0345712686554677,0.999377978073324,0.035265520584203146,0.0
10.016,-0.619736647389068,-0.016832488827585524,9.765856877226238,0.0,0.0,-0.03644156291481036,0.999357249305395,0.03584812771616403,0.0
10.032,-0.6112921997367167,-0.01751371347568154,9.76840027342699,0.0,0.0,-0.03852728578553688,0.9993349628396588,0.036464119984692324,0.0
10.048,-0.5954465364905199,-0.018051804296186063,9.783660142421212,0.0,0.0,-0.04088462356803108,0.9993108937569014,0.0371178881239627,0.0
10.064,-0.581262918189716,-0.018680124449420996,9.829303441132366,0.0,0.0,-0.04358833749841819,0.9992847665796268,0.03781474952847218,0.0
10.08,-5.00248143310495,-0.02639609545714659,9.823943970724144,0.0,0.0,-0.09158509586523415,0.9992282818675394,0.039279011138840705,0.0
10.096,-5.003444411092007,-0.04407955924578244,9.841014741712337,0.0,0.0,-0.13957519831628293,0.9991380661548631,0.041510537943038266,0.0
10.112,-5.034210387842473,-0.053907003971452996,9.873455467620413,0.0,0.0,-0.18760257917833675,0.9990089785764686,0.044509108321793,0.0
10.128,-5.0081011848356844,-0.0562187066846961,9.867092911786823,0.0,0.0,-0.23557543484619947,0.9988341117793128,0.04827439431035072,0.0
10.144,-4.9951668873928154,-0.05132988028684952,9.855753922376744,0.0,0.0,-0.28360461107850626,0.9986047933092885,0.052805935080379236,0.0
10.16,-2.4740086196149753,-0.024486693375590333,9.789138535528926,0.0,0.0,-0.33156719211097846,0.9983105876160041,0.05810310365022327,0.0
10.176,0.0,0.0,9.816686203631916,0.0,0.0,-0.3796618946498984,0.9979392988543848,0.06416506683561525,0.0
10.192,0.0,0.0,9.772758730709063,0.0,0.0,-0.42757928455339705,0.9974769746982501,0.07099073845810099,0.0
10.208,0.0,0.0,9.770613349965517,0.0,0.0,-0.4755985609431554,0.9969079114171653,0.07857872583508445,0.0
10.224,0.0,0.0,9.767261124942742,0.0,0.0,-0.5236008674969982,0.9962146605038057,0.08692726958375693,0.0
10.24,0.0,0.0,9.81469199322712,0.0,0.0,-0.5716069438146617,0.9953780371747678,0.0960341767815326,0.0
10.256,0.0,0.0,9.792595595918154,0.0,0.0,-0.6195494522604795,0.9943771311031,0.105896747538197,0.0
10.272,0.0,0.0,9.889071329091566,0.0,0.0,-0.6676587952241761,0.9931893197757267,0.11651169505002182,0.0
10.288,0.0,0.0,9.79742397316175,0.0,0.0,-0.7154411297213185,0.9917902849032652,0.12787505922383932,0.0
10.304,0.0,0.0,9.868290145818607,0.0,0.0,-0.7636322319628642,0.9901540323433274,0.1399821139797841,0.0
10.32,0.0,0.0,9.794562724716203,0.0,0.0,-0.8114880050299705,0.9882529160311254,0.15282726836522795,0.0
10.336,0.0,0.0,9.873800618337961,0.0,0.0,-0.8596932123828164,0.9860576664427979,0.16640396163969137,0.0
10.352,0.0,0.0,9.767145073492944,0.0,0.0,-0.9074930982904144,0.9835374241471869,0.18070455252128234,0.0
10.368,0.0,0.0,9.775832868348255,0.0,0.0,-0.9554741064126739,0.9806597790305065,0.19572020281983718,0.0
10.384,0.0,0.0,9.82512642136323,0.0,0.0,-1.0034487202679818,0.9773908158052134,0.21144075572041346,0.0
10.4,0.0,0.0,9.826002685194256,0.0,0.0,-1.0515103526100809,0.973695166439046,0.22785460902347132,0.0
10.416,0.0,0.0,9.818579996225875,0.0,0.0,-1.099689817424939,0.9695360701623532,0.24494858369490646,0.0
10.432,0.0,0.0,9.805416286338609,0.0,0.0,-1.1476156637934232,0.9648754417310282,0.2627077881303735,0.0
10.448,0.0,0.0,9.808292340978207,0.0,0.0,-1.1958280808546262,0.9596739486382239,0.281115478593975,0.0
10.464,0.0,0.0,9.799756354645375,0.0,0.0,-1.2436440796435237,0.9538910979800822,0.30015291635157176,0.0
10.48,0.0,0.0,9.827851739246256,0.0,0.0,-1.2915724687380619,0.9474853336884513,0.31979922208361294,0.0
10.496,0.0,0.0,9.800508089486415,0.0,0.0,-1.339420776331172,0.9404141448464924,0.3400312282315263,0.0
10.512,0.0,0.0,9.906135348514649,0.0,0.0,-1.3874280353718065,0.9326341858005976,0.36082333000522065,0.0
10.528,0.0,0.0,9.842303031934128,0.0,0.0,-1.4353240157640024,0.9241014087736026,0.38214733585705274,0.0
10.544,0.0,0.0,9.767999450019131,0.0,0.0,-1.4835454442597085,0.9147712096692127,0.40397231830946706,0.0
10.56,0.0,0.0,9.839237568353365,0.0,0.0,-1.4998406585576536,0.9048138537806486,0.4258073390708656,0.0
10.576,0.0,0.0,9.811927169392241,0.0,0.0,-1.4998230665426775,0.8943354001503819,0.4473971301180376,0.0
10.592,0.0,0.0,9.795038335665037,0.0,0.0,-1.5002768087129625,0.8833418834987036,0.46872925752182665,0.0
10.608,0.0,0.0,9.815344151671958,0.0,0.0,-1.4999365134112408,0.8718396351794899,0.4897914357459652,0.0
10.624,0.0,0.0,9.799163737092012,0.0,0.0,-1.5000964504400687,0.859835279533868,0.5105715347225257,0.0
10.64,0.0,0.0,9.828554807293994,0.0,0.0,-1.4998853975136308,0.8473357300751437,0.5310575868378337,0.0
10.656,0.0,0.0,9.834735906876285,0.0,0.0,-1.5002005749338343,0.8343481855071919,0.5512377938248217,0.0
10.672,0.0,0.0,9.790945198234759,0.0,0.0,-1.5000644458309034,0.8208801255785997,0.5711005335578513,0.0
10.688,0.0,0.0,9.797111533023969,0.0,0.0,-1.5000545046275933,0.8069393067749525,0.5906343667460937,0.0
10.704,0.0,0.0,9.867662080357215,0.0,0.0,-1.499977485624758,0.7925337578517394,0.6098280435216148,0.0
10.72,0.0,0.0,9.749113146828021,0.0,0.0,-1.499992504604643,0.7776717752104602,0.6286705099183606,0.0
10.736,0.0,0.0,9.819381378827366,0.0,0.0,-1.4996552971663593,0.7623619181205795,0.6471509142383335,0.0
10.752,0.0,0.0,9.819740374336059,0.0,0.0,-1.5001236640026854,0.7466130037901046,0.6652586133012613,0.0
10.768,0.0,0.0,9.802898080804036,0.0,0.0,-1.4997661531827635,0.7304341022875993,0.6829831785741937,0.0
10.784,0.0,0.0,9.757724361406908,0.0,0.0,-1.4839716862272578,0.7140132155805905,0.7001322217811898,0.0
10.8,0.0,0.0,9.824078700746679,0.0,0.0,-1.4387144790665007,0.6977096949147111,0.7163806122600057,0.0
10.816,0.0,0.0,9.837236850445466,0.0,0.0,-1.4139173107510823,0.6813239390472765,0.7319820285233123,0.0
10.832,0.0,0.0,9.823086324138453,0.0,0.0,-1.376894028501699,0.6650342522133882,0.7468128570016586,0.0
10.848,0.0,0.0,9.857422151177593,0.0,0.0,-1.349647087788691,0.6487579945223373,0.760994786147287,0.0
10.864,0.0,0.0,9.860981814294878,0.0,0.0,-1.3164184790985565,0.6325868843593215,0.7744894019523872,0.0
10.88,0.0,0.0,9.805455389695263,0.0,0.0,-1.2879309613477234,0.616491122646489,0.7873618581681945,0.0
10.896,0.0,0.0,9.864485170939012,0.0,0.0,-1.2579921534151874,0.600520545013466,0.7996093264943386,0.0
10.912,0.0,0.0,9.775577850640802,0.0,0.0,-1.2300120595891737,0.5846683247647438,0.8112724265108413,0.0
10.928,0.0,0.0,9.797014801905467,0.0,0.0,-1.2019065473193924,0.5689635033706644,0.8223627738608916,0.0
10.944,0.0,0.0,9.815842903367471,0.0,0.0,-1.1744852168347024,0.5534085060983962,0.8329099743537364,0.0
10.96,0.0,0.0,9.822049573632304,0.0,0.0,-1.147766648458921,0.5380215522217484,0.8429310822035812,0.0
10.976,0.0,0.0,9.804094498222174,0.0,0.0,-1.1217981082208546,0.5228081400540115,0.8524503790211282,0.0
10.992,0.0,0.0,9.818788123744628,0.0,0.0,-1.0959408419317975,0.5077804350463201,0.8614865232748393,0.0
11.008000000000001,0.0,0.0,9.776545533184963,0.0,0.0,-1.070859127431385,0.49294431874329364,0.8700608591464796,0.0
11.024000000000001,0.0,0.0,9.812917385283408,0.0,0.0,-1.0463721465013198,0.4783082419176101,0.8781920209804259,0.0
11.040000000000001,0.0,0.0,9.770467803555007,0.0,0.0,-1.0225355517539696,0.4638773760293165,0.8858994186746914,0.0
11.056000000000001,0.0,0.0,9.84157855514654,0.0,0.0,-0.9991558014301039,0.449657660208061,0.8932009788486645,0.0
11.072000000000001,0.0,0.0,9.818722633311246,0.0,0.0,-0.9760798567597289,0.43565318154210586,0.9001146068208431,0.0
11.088000000000001,0.0,0.0,9.795495250546187,0.0,0.0,-0.9538043746979524,0.421868034232431,0.9066572459826615,0.0
11.104000000000001,0.0,0.0,9.777391145114406,0.0,0.0,-0.9318551892952482,0.40830516184272864,0.9128454933955599,0.0
11.120000000000001,0.0,0.0,9.786081245370685,0.0,0.0,-0.9102619643659762,0.39496722149395935,0.9186952127584763,0.0
11.136000000000001,0.0,0.0,9.808988328596069,0.0,0.0,-0.8891795608189468,0.3818560848451894,0.9242217972254839,0.0
11.152000000000001,0.0,0.0,9.820687783760908,0.0,0.0,-0.8686483328715552,0.368973249361584,0.929440014877536,0.0
11.168000000000001,0.0,0.0,9.865398045209936,0.0,0.0,-0.848790167470362,0.3563196340268916,0.9343641251712003,0.0
11.184000000000001,0.0,0.0,9.824780950801628,0.0,0.0,-0.828920925160697,0.3438957835074095,0.9390078221643445,0.0
11.200000000000001,0.0,0.0,9.797063117054172,0.0,0.0,-0.809806876270341,0.3317017941875782,0.9433842905903943,0.0
11.216000000000001,0.0,0.0,9.767490456335816,0.0,0.0,-0.7909533158089652,0.319737422609375,0.9475061902611054,0.0
11.232000000000001,0.0,0.0,9.860690079704797,0.0,0.0,-0.7724785584291806,0.3080020678682636,0.9513856873996339,0.0
11.248000000000001,0.0,0.0,9.858530663136204,0.0,0.0,-0.7545106296017258,0.2964948348265131,0.955034456405212,0.0
11.264,0.0,0.0,9.816156578403938,0.0,0.0,-0.7369034359288837,0.28521453978661726,0.9584637010833056,0.0
11.28,0.0,0.0,9.821706020733739,0.0,0.0,-0.7196148523110907,0.27415975145641186,0.9616841636843972,0.0
11.296,0.0,0.0,9.921466070803607,0.0,0.0,-0.7028199149539998,0.26332880524505037,0.9647061419563029,0.0
11.312,0.0,0.0,9.829393075175995,0.0,0.0,-0.686246315665216,0.2527198325301054,0.9675395011295175,0.0
11.328,0.0,0.0,9.758300070043646,0.0,0.0,-0.6702322565399332,0.2423307772021945,0.9701936891263416,0.0
11.344,0.0,0.0,9.774094094408833,0.0,0.0,-0.6544759173211508,0.23215941817098887,0.9726777495936195,0.0
11.36,0.0,0.0,9.84465584114841,0.0,0.0,-0.6390084456780163,0.22220338548934088,0.9750003361420322,0.0
11.376,0.0,0.0,9.83871930367895,0.0,0.0,-0.6237541476496449,0.2124601784933417,0.9771697255618276,0.0
11.392,0.0,0.0,9.850495162969708,0.0,0.0,-0.6091195604983232,0.20292718048198594,0.9791938313845895,0.0
11.408,0.0,0.0,9.835225245889214,0.0,0.0,-0.5946402839511066,0.19360167372744094,0.9810802168680874,0.0
11.424,0.0,0.0,9.865252187926618,0.0,0.0,-0.5805062280369605,0.18448085240657333,0.982836107952564,0.0
11.44,0.0,0.0,9.830662212375694,0.0,0.0,-0.5667649031416342,0.17556183518106913,0.9844684058048057,0.0
11.456,0.0,0.0,9.766374025241642,0.0,0.0,-0.553262820796936,0.16684167638340966,0.9859836991662558,0.0
11.472,0.0,0.0,9.785826177778786,0.0,0.0,-0.5399679879920947,0.15831737661040035,0.9873882763448231,0.0
11.488,0.0,0.0,9.786896485143162,0.0,0.0,-0.527043403775363,0.14998589228812606,0.9886881369342583,0.0
11.504,0.0,0.0,9.745629588559193,0.0,0.0,-0.514302859945721,0.14184414459334838,0.9898890031940862,0.0
11.52,0.0,0.0,9.788335482966641,0.0,0.0,-0.5018622090705103,0.13388902756262797,0.9909963311225395,0.0
11.536,0.0,0.0,9.808766966856401,0.0,0.0,-0.4899106174059094,0.1261174155850713,0.9920153211952638,0.0
11.552,0.0,0.0,9.869945628104377,0.0,0.0,-0.47802738023810093,0.11852617022631882,0.9929509287832313,0.0
11.568,0.0,0.0,9.726014571364846,0.0,0.0,-0.46643253718558314,0.11111214649241806,0.9938078742402112,0.0
11.584,0.0,0.0,9.826921099593445,0.0,0.0,-0.45513227007889007,0.1038721985304187,0.994590652666944,0.0
11.6,0.0,0.0,9.822420519551313,0.0,0.0,-0.4440417592128423,0.09680318483283366,0.9953035433505804,0.0
11.616,0.0,0.0,9.755041795962855,0.0,0.0,-0.43329270839574585,0.08990197296222233,0.9959506188850429,0.0
11.632,0.0,0.0,9.82974030715408,0.0,0.0,-0.4225964487711418,0.08316544384242554,0.9965357539749853,0.0
11.648,0.0,0.0,9.818430429954756,0.0,0.0,-0.41229978707644616,0.0765904956390553,0.9970626339291648,0.0
11.664,0.0,0.0,9.820455119845859,0.0,0.0,-0.4020786504407778,0.07017404726448012,0.997534762848154,0.0
11.68,0.0,0.0,9.822754666717907,0.0,0.0,-0.39223291092608337,0.06391304153099683,0.997955471512761,0.0
11.696,0.0,0.0,9.874248102231403,0.0,0.0,-0.38255924943167685,0.057804447980365804,0.9983279249794054,0.0
11.712,0.0,0.0,9.876095703075373,0.0,0.0,-0.3730474032688173,0.05184526541224963,0.9986551298893594,0.0
11.728,0.0,0.0,9.767854578428137,0.0,0.0,-0.36370372418786073,0.046032524135050254,0.9989399414988651,0.0
11.744,5.013519048095831,0.025371164321776312,9.831672124470987,0.0,0.0,-0.3157237755372273,0.04098558479120442,0.9991597378994629,0.0
11.76,4.994488861014523,-0.003843193935287784,9.7412684805091,0.0,0.0,-0.26774960768741785,0.03670508853483885,0.9993261411949803,0.0
11.776,5.016653004740477,-0.02538221568474933,9.796702441958564,0.0,0.0,-0.21973021583540583,0.03319150235288852,0.9994490102909493,0.0
11.792,4.986986928396592,-0.03892217715042135,9.739763988973275,0.0,0.0,-0.17174460212108572,0.030445156907652114,0.9995364387659254,0.0
11.808,4.982172585277252,-0.04525313616007747,9.78855503555685,0.0,0.0,-0.12373929680322264,0.028466277608167435,0.9995947534071669,0.0
11.824,4.995779555442693,-0.043394984410394695,9.811876707832266,0.0,0.0,-0.07574044025231504,0.027255008901355727,0.9996285132436886,0.0
11.84,5.000135626497108,-0.03420270529953216,9.833790153797468,0.0,0.0,-0.027733126705517357,0.026811431777160673,0.9996405089461204,0.0
11.856,4.956381257189713,-0.01687042446902689,9.88432521340005,0.0,0.0,0.016158981651120917,0.027069901187369697,0.9996335430795159,0.0
11.872,4.995010396473306,0.009056370615010337,9.812310969496497,0.0,0.0,0.01601581512756632,0.027326044237882985,0.9996265739296396,0.0
11.888,5.024982074865412,0.010138706075193314,9.803085070473955,0.0,0.0,0.015887078837247,0.027580122234043384,0.9996195960752046,0.0
11.904,4.981724527503837,0.011438185109422837,9.811379960173536,0.0,0.0,0.015775188403773042,0.027832396084310783,0.9996126038262053,0.0
11.92,4.987842572610041,0.012622043875819357,9.857480995730098,0.0,0.0,0.01567483148027251,0.028083127724573845,0.9996055911894479,0.0
11.936,5.011328696546226,0.013806580219667353,9.855455365035315,0.0,0.0,0.015598168362766363,0.028332581616336592,0.9995985518291599,0.0
11.952,5.030304055472677,0.01493789988203862,9.798234687325865,0.0,0.0,0.015537641767162306,0.02858102634388128,0.9995914790218704,0.0
11.968,4.989543866785916,0.016214407041892573,9.81361027238978,0.0,0.0,0.015487111763789165,0.028828736338961384,0.9995843656045742,0.0
11.984,4.966199223526906,0.017392824747227857,9.753672229879472,0.0,0.0,0.015461854001488336,0.029075993767006734,0.9995772039149657,0.0
12.0,5.0041149012158295,0.018520560794832257,9.812985699623827,0.0,0.0,0.015449100099110694,0.02932309061459297,0.9995699857222649,0.0
12.016,5.01467416274018,0.019775915419782613,9.792281292718306,0.0,0.0,0.015460063025817327,0.029570331025939294,0.999562702146802,0.0
12.032,5.0074737914775875,0.020784290493357123,9.86662354830663,0.0,0.0,0.015489919767305195,0.02981803394644922,0.9995553435661121,0.0
12.048,5.000240918891963,0.02225055282100642,9.854662782627152,0.0,0.0,0.015540366001602175,0.0300665361447135,0.9995478995047006,0.0
12.064,4.55784915770223,0.023811877162693503,9.792613411786085,0.0,0.0,0.015610127835725143,0.03031619570075964,0.9995403585039642,0.0
12.08,-4.6094019030862805,0.02737949151381497,9.881972927681206,0.0,0.0,0.015703457845267724,0.030567371162086496,0.9995327087295539,0.0
12.096,-1.0433126095859817,0.025470465619862798,9.806130285920492,0.0,0.0,0.015794308321711425,0.030819941835212528,0.9995249527576958,0.0
12.112,-2.3554146810172383,0.02562169045207154,9.752245211657334,0.0,0.0,0.01588529383321605,0.0310739759669545,0.9995170874065161,0.0
12.128,-1.7997804823641226,0.025012653212086573,9.798231635813293,0.0,0.0,0.015975230279613967,0.03132946789089517,0.9995091117351926,0.0
12.144,-1.9564111303675744,0.024734175189129175,9.836425694923602,0.0,0.0,0.016068972096090366,0.03158644147328781,0.9995010238689378,0.0
12.16,-1.8357910798783312,0.02440245297076881,9.789699116098786,0.0,0.0,0.0161617746615689,0.03184490942158908,0.999492822257334,0.0
12.176,-1.831877485570018,0.024133629211180455,9.78606791860976,0.0,0.0,0.016256909750191537,0.03210488931146639,0.9994845051736913,0.0
12.192,-1.7793892131895248,0.023813259778982777,9.846484652371455,0.0,0.0,0.016352728678722964,0.032366397294149966,0.9994760709122543,0.0
12.208,-1.7469522386148388,0.023206537857278563,9.855792561923563,0.0,0.0,0.016449724118482213,0.03262945058799198,0.9994675177084675,0.0
12.224,-1.7146641609244877,0.022997258653573317,9.898197231432503,0.0,0.0,0.016547383291987978,0.03289406651355302,0.9994588437690678,0.0
12.24,-1.6810693333418625,0.02266466341774761,9.849898505102175,0.0,0.0,0.016647915788968837,0.03316026288963246,0.9994500472585365,0.0
12.256,-1.6549110429443266,0.022385911967362535,9.838476446192773,0.0,0.0,0.016745775425265806,0.03342805789419269,0.9994411263028066,0.0
12.272,-1.6198954094918738,0.02204040067590271,9.744891822684554,0.0,0.0,0.01684821200530411,0.0336974701366234,0.9994320789860567,0.0
12.288,-1.5791108139794494,0.021672772170147087,9.770012466120171,0.0,0.0,0.01695068416279468,0.03396851864748457,0.9994229033501761,0.0
12.304,-1.5512778787653556,0.021356456321102512,9.780882606415364,0.0,0.0,0.01705563093088785,0.034241222901385836,0.9994135973931001,0.0
12.32,-1.5231878865827326,0.020982453311642026,9.79648323196132,0.0,0.0,0.017157425320262237,0.03451560282759892,0.9994041590675153,0.0
12.336,-1.4908502093557454,0.020701904236153666,9.768584579991323,0.0,0.0,0.017266039808846525,0.0347916788262721,0.9993945862793382,0.0
12.352,-1.4522525855654405,0.020398888532835443,9.833857400495711,0.0,0.0,0.017371747513379228,0.03506947178323463,0.9993848768861999,0.0
12.368,-1.4367758854507815,0.020299011423868564,9.79871555562116,0.0,0.0,0.017483367613707473,0.035349003086141875,0.9993750286958425,0.0
12.384,-1.4108984597408023,0.020009675422748736,9.78210955311217,0.0,0.0,0.01759275804477198,0.03563029464107691,0.9993650394644542,0.0
12.4,-1.3715771480622436,0.019612051420730737,9.79924685653782,0.0,0.0,0.017701468044350577,0.03591336888986506,0.9993549068949331,0.0
12.416,-1.3486818454402787,0.01937673317003545,9.775026420435431,0.0,0.0,0.017817630220272742,0.03619824882798438,0.9993446286350809,0.0
12.432,-1.315016346726007,0.019066411915700552,9.837189492206184,0.0,0.0,0.01793063911944753,0.03648495802343516,0.9993342022757095,0.0
12.448,-1.2938885108191889,0.018831973252610146,9.794081592814594,0.0,0.0,0.01804750462792019,0.03677352063612265,0.999323625348678,0.0
12.464,-1.2678153868324344,0.018689905707611504,9.856932321885377,0.0,0.0,0.01816560285911915,0.03706396143832619,0.9993128953248318,0.0
12.48,-1.2423160095137975,0.01821939855300252,9.83186037625693,0.0,0.0,0.01828635432015678,0.03735630583572163,0.9993020096118632,0.0
12.496,-1.2161822524632,0.01814189560498599,9.739688910581526,0.0,0.0,0.018404295891438438,0.03765057988964466,0.9992909655520625,0.0
12.512,-1.189248733502761,0.017894751477535983,9.811293869977083,0.0,0.0,0.01852676028137307,0.03794681033995161,0.9992797604199856,0.0
12.528,-1.1646809441392534,0.01761640473759715,9.78965156517844,0.0,0.0,0.018656000266675726,0.038245024629240315,0.9992683914199972,0.0
12.544,-1.1529374432623314,0.017284819301480785,9.765032790461376,0.0,0.0,0.018780395682260392,0.03854525092770514,0.9992568556837227,0.0
12.56,-1.125959831061168,0.01703947961850693,9.80339193021578,0.0,0.0,0.01890658380800796,0.038847518159461115,0.9992451502673657,0.0
12.576,-1.1012928503648804,0.016814299880026886,9.735323272925273,0.0,0.0,0.019035169880139702,0.03915185602983699,0.9992332721489107,0.0
12.592,-1.075640537800299,0.016582647361652148,9.798946782059435,0.0,0.0,0.019166645607973053,0.03945829505394052,0.9992212182251917,0.0
12.608,-1.055340144819415,0.016447549514294807,9.77965377833631,0.0,0.0,0.019298516275158804,0.03976686658644227,0.9992089853088274,0.0
12.624,-1.0352721226990445,0.01617374767264589,9.772312329368683,0.0,0.0,0.019435323910495076,0.04007760285283421,0.9991965701250034,0.0
12.64,-1.020321353055525,0.015968189365933548,9.858796483866232,0.0,0.0,0.019572303690032294,0.040390536982014905,0.9991839693081072,0.0
12.656,-0.9933822528740552,0.015841530320252966,9.835354615005187,0.0,0.0,0.019712321173299838,0.04070570304043964,0.9991711793981968,0.0
12.672,-0.9707498203454258,0.01554487555888138,9.814026092312186,0.0,0.0,0.019853499374765143,0.04102313606784938,0.999158196837297,0.0
12.688,-0.9467679716926223,0.015415979051418694,9.841315473385114,0.0,0.0,0.01999926838813114,0.04134287211467263,0.9991450179655152,0.0
12.704,-0.943287715462852,0.015171989229807406,9.746782487804705,0.0,0.0,0.020152288846980965,0.04166494828120483,0.9991316390169638,0.0
12.72,-0.9158005618387851,0.015029859755745306,9.86247355978748,0.0,0.0,0.020295323965091358,0.04198940275871092,0.9991180561154757,0.0
12.736,-0.893798207956151,0.014796249464128674,9.775255689080398,0.0,0.0,0.020448735508551873,0.04231627487246686,0.9991042652701058,0.0
12.752,-0.8822491486983068,0.01458355157597175,9.83998313298831,0.0,0.0,0.02060313938949341,0.04264560512691498,0.9990902623704024,0.0
12.768,-0.8680177457447955,0.014431921096909836,9.807375398141174,0.0,0.0,0.02075897992080241,0.04297743525308081,0.9990760431814325,0.0
12.784,-0.8453469773634885,0.01425870563947304,9.83371277352411,0.0,0.0,0.020918868718805314,0.04331180825833148,0.9990616033385497,0.0
12.8,-0.8315778999633637,0.014065633015872017,9.801292533809578,0.0,0.0,0.021080764701512624,0.04364876847864523,0.9990469383418867,0.0
12.816,-0.8098301728144659,0.013947143833265983,9.777407065107093,0.0,0.0,0.021243273463296346,0.043988361633522696,0.9990320435505552,0.0
12.832,-0.7959862161270224,0.013753208469584036,9.855220168399539,0.0,0.0,0.02141332357457793,0.04433063488377444,0.9990169141765326,0.0
12.848,-0.7815967861002673,0.013503764405843105,9.825393129223846,0.0,0.0,0.02158238596665857,0.04467563689224646,0.9990015452782204,0.0
12.864,-0.7664667576477058,0.013410378231524103,9.734644571012772,0.0,0.0,0.02176150825463095,0.045023417887758065,0.998985931753648,0.0
12.88,-0.7450755570621557,0.013267159930462393,9.806346419455858,0.0,0.0,0.021933147726807947,0.04537402973247007,0.9989700683332994,0.0
12.896,-0.7297965351050282,0.012989827179643657,9.790164978161105,0.0,0.0,0.022112648948508132,0.0457275259927306,0.9989539495725437,0.0
12.912,-0.7179132132709276,0.012868788157219925,9.788723832353154,0.0,0.0,0.022301234701580096,0.04608396201396964,0.9989375698436289,0.0
12.928,-0.7077619257440757,0.012771080839882711,9.815000893912442,0.0,0.0,0.022487302977353282,0.04644339499947715,0.9989209233272286,0.0
12.944,-0.6873958225799821,0.012540704215610744,9.827079906837131,0.0,0.0,0.022679927623605576,0.046805884093701185,0.9989040040034913,0.0
12.96,-0.6775900348570125,0.012426089572955651,9.822447568047247,0.0,0.0,0.02287778636214184,0.04717149047009261,0.9988868056425765,0.0
12.976,-0.6622804296748186,0.012316374883406997,9.808496686059032,0.0,0.0,0.023075223773702382,0.047540277424017625,0.9988693217946218,0.0
12.992,-0.6504588057564819,0.012037207998258324,9.796254191561667,0.0,0.0,0.023280261996622965,0.0479123104709042,0.9988515457791212,0.0
13.008000000000001,-0.6347908106151419,0.012054823019330807,9.753785488850395,0.0,0.0,0.02348522834805938,0.04828765745014311,0.9988334706736542,0.0
13.024000000000001,-0.6267604933468823,0.0119084625616175,9.831480497875113,0.0,0.0,0.02370057380801402,0.048666388635020305,0.9988150893019314,0.0
13.040000000000001,-0.6130741634848252,0.011692047828785669,9.803026169274485,0.0,0.0,0.02391535631889513,0.04904857684919711,0.9987963942210987,0.0
13.056000000000001,-0.6001875183027865,0.01156059056674076,9.806096699488448,0.0,0.0,0.024131719435108473,0.0494342975901343,0.9987773777082509,0.0
13.072000000000001,-0.5869194110773135,0.01144475998087034,9.808240108400932,0.0,0.0,0.024366418956315326,0.049823629160053846,0.9987580317460889,0.0
13.088000000000001,-0.5757869302248463,0.01136557660484897,9.823758221531541,0.0,0.0,0.024597424571428293,0.05021665280494758,0.9987383480076588,0.0
13.104000000000001,-0.5601939837851028,0.011228861774623067,9.80603686671456,0.0,0.0,0.024833559703698712,0.05061345286218269,0.9987183178401043,0.0
13.120000000000001,-0.5511763549418068,0.011129566638692924,9.820510613624112,0.0,0.0,0.025073296926221372,0.05101411691742775,0.9986979322473513,0.0
13.136000000000001,-0.5403634124003508,0.011017339647500981,9.852443948524188,0.0,0.0,0.025326076398363918,0.051418735971625364,0.9986771818716398,0.0
13.152000000000001,-0.5278895383955814,0.01092489551877891,9.771043005601042,0.0,0.0,0.025577241002594408,0.0518274046186749,0.9986560569738173,0.0
13.168000000000001,-0.5218015712653798,0.010737923551530752,9.829163123687321,0.0,0.0,0.02583241077910155,0.052240221234808544,0.9986345474122845,0.0
13.184000000000001,-0.5111236315845525,0.010681011459457598,9.83910109424418,0.0,0.0,0.02609788047251053,0.052657288180522475,0.9986126426204874,0.0
13.200000000000001,-0.5004017683081541,0.010552013501335744,9.78906279846542,0.0,0.0,0.026368291811927593,0.05307871201599851,0.9985903315828384,0.0
13.216000000000001,-0.48771049906630165,0.010456501029934074,9.789774426977976,0.0,0.0,0.02665882037033625,0.053504603731311766,0.9985676028089213,0.0
13.232000000000001,-0.4796957973105785,0.010342886752537096,9.81685724609481,0.0,0.0,0.026944782285833496,0.05393507899247142,0.9985444443058485,0.0
13.248000000000001,-0.46874327213446076,0.010237223399339268,9.815031038690938,0.0,0.0,0.02723768934175645,0.054370258404657146,0.9985208435486016,0.0
13.264000000000001,-0.4585285887623228,0.010141385828270448,9.800179899528526,0.0,0.0,0.027545618158933544,0.054810267794224814,0.9984967874481747,0.0
13.280000000000001,-0.45475567110950504,0.010112659727166648,9.730251615579027,0.0,0.0,0.02785435620495626,0.05525523851099214,0.9984722623173332,0.0
13.296000000000001,-0.4436026674285044,0.010019904061274185,9.787358422927865,0.0,0.0,0.028172010022902077,0.05570530775256253,0.9984472538337678,0.0
13.312000000000001,-0.4370162493138359,0.00991618034246548,9.875899992852247,0.0,0.0,0.02850575858569149,0.05616061891278927,0.9984217470004009,0.0
13.328,-0.4218591806467029,0.009803369004572862,9.791612740852948,0.0,0.0,0.028842396514432846,0.056621321956433865,0.998395726102584,0.0
13.344,-0.41694324775712405,0.009713067061912554,9.811870722749354,0.0,0.0,0.02919110366464804,0.057087573822398846,0.9983691746618943,0.0
13.36,-0.4109748192882728,0.009666685597027673,9.83570110966053,0.0,0.0,0.029552228905674372,0.057559538858400254,0.9983420753861918,0.0
13.376,-0.40369418761453674,0.009537108166356301,9.870357305073776,0.0,0.0,0.02991864637020953,0.058037389289700994,0.9983144101155886,0.0
13.392,-0.39286918520606184,0.009476617500382901,9.757317792318382,0.0,0.0,0.030297266847234366,0.05852130572557121,0.9982861597639097,0.0
13.408,-0.3838654459968377,0.009410636534651837,9.793656769807816,0.0,0.0,0.030691589626464802,0.059011477706895604,0.998257304255195,0.0
13.424,-0.37675494132209464,0.009295625799402506,9.794054029502865,0.0,0.0,0.031095744839702,0.059508104299049985,0.9982278224547407,0.0
13.44,-0.3714038248875252,0.009292459502531183,9.765519961303523,0.0,0.0,0.03151606491932099,0.06001139473471723,0.9981976920941034,0.0
13.456,-0.3601111391665054,0.009194609947800704,9.781349789679322,0.0,0.0,0.0319439084651174,0.060521569111639466,0.9981668896894271,0.0
13.472,-0.3564154357899218,0.00920096988317745,9.821585480267087,0.0,0.0,0.0323846943470563,0.061038859151192594,0.9981353904523779,0.0
13.488,-0.3465682684392219,0.009110646193901768,9.79222624669776,0.0,0.0,0.032853186246429314,0.06156350902405386,0.9981031681928704,0.0
13.504,-0.34153327254045407,0.009032013736298479,9.80687008100831,0.0,0.0,0.03332556027379336,0.06209577625041458,0.9980701952126708,0.0
13.52,-0.3351195622090637,0.008980652295101674,9.768296898450847,0.0,0.0,0.03382310467340791,0.06263593268280579,0.9980364421888388,0.0
13.536,-0.32679176569791696,0.00891475397264775,9.83770030021468,0.0,0.0,0.034341129526594474,0.06318426558089038,0.9980018780458301,0.0
13.552,-0.3193366432901511,0.008930694809227237,9.836733012261597,0.0,0.0,0.03487387920343136,0.0637410787886951,0.9979664698149199,0.0
13.568,-0.31426072240151603,0.008836126416861717,9.812316170166074,0.0,0.0,0.03542346322637418,0.06430669402622129,0.9979301824794248,0.0
13.584,-0.30643955204504336,0.008820100382061635,9.865363958695847,0.0,0.0,0.03599814189375915,0.06488145230908578,0.9978929788039717,0.0
13.6,-0.3009033965948099,0.008695413624532664,9.847233925079253,0.0,0.0,0.03659486786190026,0.06546571551160991,0.997854819145828,0.0
13.616,-0.293942986265097,0.008684445276428334,9.763212592852447,0.0,0.0,0.03720782344356139,0.06605986809123238,0.9978156612459885,0.0
13.632,-0.2894303066241127,0.008640885735407508,9.92745154552715,0.0,0.0,0.037864753776713354,0.06666431899450838,0.9977754599973876,0.0
13.648,-0.282503266977735,0.008619105632526785,9.82297892812496,0.0,0.0,0.038531761887187085,0.06727950376821973,0.9977341671871832,0.0
13.664,-0.27782049408390513,0.008627272065623567,9.785164071196158,0.0,0.0,0.03923637608623064,0.06790588690257959,0.9976917312095827,0.0
13.68,-0.2725826021342402,0.00865238643506545,9.855599714925617,0.0,0.0,0.03997418020023869,0.06854396443788752,0.9976480967451088,0.0
13.696,-0.2661110174504276,0.008612861529004723,9.838009143903758,0.0,0.0,0.04074257122591848,0.0691942668708935,0.9976032044015294,0.0
13.712,-0.26059214966397604,0.00855517874053756,9.839932925632912,0.0,0.0,0.04154566775669212,0.0698573624032277,0.9975569903108614,0.0
13.728,-0.25756371286401053,0.00857675868901548,9.863404382031245,0.0,0.0,0.042385859290767186,0.0705338605813294,0.9975093856758911,0.0
13.744,-4.965474830232789,0.007853115558769209,9.811278363394615,0.0,0.0,-0.005613922509537093,0.07044425512479992,0.9975157176305104,0.0
13.76,-4.965513400478245,-0.004943872033182145,9.846243402988918,0.0,0.0,-0.05361778236363036,0.06958853155123083,0.9975757797162799,0.0
13.776,-2.3552996079133353,-0.005872250123619538,9.861153283138274,0.0,0.0,-0.10162038864433848,0.06796655311683707,0.9976876002323654,0.0
13.792,0.0,0.0,9.808382041604569,0.0,0.0,-0.14961418828715348,0.06557806838835711,0.997847441719651,0.0
13.808,0.0,0.0,9.891300870836943,0.0,0.0,-0.19763223403879304,0.062422725596884714,0.9980498000245559,0.0
13.824,0.0,0.0,9.889823091300508,0.0,0.0,-0.2456007477576728,0.05850009377827345,0.9982874030197583,0.0
13.84,0.0,0.0,9.804013399496645,0.0,0.0,-0.2936002980432145,0.05380969070667104,0.9985512090954839,0.0
13.856,0.0,0.0,9.80985337717902,0.0,0.0,-0.3416161264704229,0.04835101762850101,0.9988304055715806,0.0
13.872,0.0,0.0,9.760402468025049,0.0,0.0,-0.3896670987993642,0.04212360080376102,0.9991124072171886,0.0
13.888,0.0,0.0,9.876187233921362,0.0,0.0,-0.4376613256607465,0.035127039860367554,0.9993828551014113,0.0
13.904,0.0,0.0,9.790002433810772,0.0,0.0,-0.4855953309412739,0.027361062963893665,0.9996256160350665,0.0
13.92,0.0,0.0,9.767187348640594,0.0,0.0,-0.5335645240090298,0.01882558880037136,0.9998227829002094,0.0
13.936,0.0,0.0,9.813222473317435,0.0,0.0,-0.5816933521149577,0.009520795362784308,0.9999546762007068,0.0
13.952,0.0,0.0,9.860979601596938,0.0,0.0,-0.6296477346227283,-0.0005528044766663279,0.9999998472035938,0.0
13.968,0.0,0.0,9.78799030523009,0.0,0.0,-0.6776857118851536,-0.011394280640635667,0.9999350830772378,0.0
13.984,0.0,0.0,9.772297807543344,0.0,0.0,-0.7256610634157511,-0.02300219680835241,0.9997354144682431,0.0
14.0,0.0,0.0,9.770698686290077,0.0,0.0,-0.7736139003589493,-0.03537451473173426,0.9993741259946118,0.0
14.016,0.0,0.0,9.722764665759057,0.0,0.0,-0.8216153443660686,-0.048508491985748574,0.9988227701675951,0.0
14.032,0.0,0.0,9.799297148805955,0.0,0.0,-0.8695225095068463,-0.06240057326257757,0.9980511852888617,0.0
14.048,0.0,0.0,9.791688999814433,0.0,0.0,-0.9175593299659197,-0.07704627534500352,0.997027517902822,0.0
14.064,0.0,0.0,9.740940059779692,0.0,0.0,-0.9655424628595255,-0.09244006592714883,0.9957182504159419,0.0
14.08,0.0,0.0,9.745891900178519,0.0,0.0,-1.0136705734821276,-0.10857523648686926,0.9940882345253969,0.0
14.096,0.0,0.0,9.832104876437281,0.0,0.0,-1.0616593538653478,-0.1254437694549743,0.9921007311281084,0.0
14.112,0.0,0.0,9.856470146194148,0.0,0.0,-1.1096554129319343,-0.14303619997133726,0.9897174574077996,0.0
14.128,0.0,0.0,9.757612204677306,0.0,0.0,-1.1576500492054609,-0.1613414725680643,0.9868986418217266,0.0
14.144,0.0,0.0,9.821337124399106,0.0,0.0,-1.2057789423635572,-0.18034679317443159,0.9836030877298519,0.0
14.16,0.0,0.0,9.764173133962174,0.0,0.0,-1.2536853238440633,-0.20003747689782372,0.9797882464269272,0.0
14.176,0.0,0.0,9.860037100659381,0.0,0.0,-1.3015152227065554,-0.22039679209945026,0.97541030035174,0.0
14.192,0.0,0.0,9.864620632373498,0.0,0.0,-1.3497015244661432,-0.24140580135305664,0.9704242572571486,0.0
14.208,0.0,0.0,9.821914811474151,0.0,0.0,-1.3976179619882345,-0.26304319994919734,0.9647840561288762,0.0
14.224,0.0,0.0,9.820582611646211,0.0,0.0,-1.4458658998850966,-0.28528515268693866,0.9584426856397781,0.0
14.24,0.0,0.0,9.810216341596371,0.0,0.0,-1.4935431095112255,-0.30810512977882787,0.9513523159187514,0.0
14.256,0.0,0.0,9.749204786951008,0.0,0.0,-1.4999358694376363,-0.3308455764591792,0.9436849074438954,0.0
14.272,0.0,0.0,9.795863762923004,0.0,0.0,-1.499914512505834,-0.35339548352519556,0.9354740147240826,0.0
14.288,0.0,0.0,9.808942367493431,0.0,0.0,-1.500091044424301,-0.37574186410051563,0.9267243665525743,0.0
14.304,0.0,0.0,9.83228037825188,0.0,0.0,-1.5000761616065659,-0.39787184852315954,0.91744100200109,0.0
14.32,0.0,0.0,9.811670720302025,0.0,0.0,-1.4999371897288183,-0.41977269175738513,0.9076292675177238,0.0
14.336,0.0,0.0,9.841331008478804,0.0,0.0,-1.5002220865752838,-0.44143178073377143,0.8972948138478298,0.0
14.352,0.0,0.0,9.784016856399182,0.0,0.0,-1.4998288320715967,-0.46283664161330174,0.8864435927796648,0.0
14.368,0.0,0.0,9.832386351270927,0.0,0.0,-1.4999384252909644,-0.48397494697125726,0.8750818537166504,0.0
14.384,0.0,0.0,9.9159576881891,0.0,0.0,-1.499911994663608,-0.5048345228967964,0.8632161400782334,0.0
14.4,0.0,0.0,9.81044499537859,0.0,0.0,-1.4999608236824296,-0.5254033560041124,0.8508532855314225,0.0
14.416,0.0,0.0,9.768227035921006,0.0,0.0,-1.4999804255105675,-0.5456696003511512,0.8380004100551592,0.0
14.432,0.0,0.0,9.829627055344385,0.0,0.0,-1.4998042465741677,-0.5656215842618907,0.8246649158398027,0.0
14.448,0.0,0.0,9.828412417327932,0.0,0.0,-1.4998096311148799,-0.5852478170482573,0.8108544830240811,0.0
14.464,0.0,0.0,9.69787276344313,0.0,0.0,-1.4998801901748506,-0.6045369956278096,0.7965770652719684,0.0
14.48,0.0,0.0,9.852775289647617,0.0,0.0,-1.5000668729028415,-0.6234780110333775,0.7818408851920342,0.0
14.496,0.0,0.0,9.80273937489173,0.0,0.0,-1.4998343695948255,-0.6420599548109049,0.7666544296019029,0.0
14.512,0.0,0.0,9.750293825690232,0.0,0.0,-1.4999357867756622,-0.6602721253018143,0.75102644464055,0.0
14.528,0.0,0.0,9.820883653390023,0.0,0.0,-1.4998947211501217,-0.6781040338062762,0.7349659307312528,0.0
14.544,0.0,0.0,9.778869540951622,0.0,0.0,-1.4997682603344402,-0.6955454106238286,0.7184821373980913,0.0
14.56,0.0,0.0,9.78661047258036,0.0,0.0,-1.499984666784284,-0.7125862109678732,0.7015845579389912,0.0
14.576,0.0,0.0,9.774617768658148,0.0,0.0,-1.4998565116614562,-0.7292166207506414,0.6842829239583691,0.0
14.592,0.0,0.0,9.817001289292191,0.0,0.0,-1.4999253920003723,-0.7454270622352924,0.6665871997625378,0.0
14.608,0.0,0.0,9.849818015258517,0.0,0.0,-1.4757589264593258,-0.760954921977139,0.6488047523860829,0.0
14.624,0.0,0.0,9.799428072788883,0.0,0.0,-1.4356676950641891,-0.7756557581128961,0.6311561969166652,0.0
14.64,0.0,0.0,9.810762047492188,0.0,0.0,-1.4073467224026408,-0.7896690747087197,0.6135330084426384,0.0
14.656,0.0,0.0,9.767889426906082,0.0,0.0,-1.3724395751921787,-0.8029496508314786,0.5960468590887856,0.0
14.672,0.0,0.0,9.776675351012697,0.0,0.0,-1.3430260007752426,-0.8155713269178424,0.5786565567843069,0.0
14.688,0.0,0.0,9.801312101115174,0.0,0.0,-1.3112448958791219,-0.8275300549818435,0.5614214175659381,0.0
14.704,0.0,0.0,9.731495008504494,0.0,0.0,-1.2822242939491253,-0.838871358609105,0.5443297196601655,0.0
14.72,0.0,0.0,9.801983614629746,0.0,0.0,-1.252289465739785,-0.8496077777360006,0.5274150396134859,0.0
14.736,0.0,0.0,9.766894964672046,0.0,0.0,-1.2238252288463642,-0.8597722041655252,0.5106777427540334,0.0
14.752,0.0,0.0,9.809757985682285,0.0,0.0,-1.1957646751520792,-0.8693833643126728,0.49413820521831586,0.0
14.768,0.0,0.0,9.863235109961904,0.0,0.0,-1.1684483112666417,-0.878468077479875,0.4778010431642153,0.0
14.784,0.0,0.0,9.820708948458785,0.0,0.0,-1.1413670430737477,-0.8870468615394436,0.4616793968036946,0.0
14.8,0.0,0.0,9.76591167230818,0.0,0.0,-1.1154839509379058,-0.895143197707315,0.44577870698175204,0.0
14.816,0.0,0.0,9.808932105713282,0.0,0.0,-1.08952043423424,-0.9027775456043611,0.43010778085564333,0.0
14.832,0.0,0.0,9.761912045046675,0.0,0.0,-1.064481187546673,-0.9099711912689292,0.41467147365186074,0.0
14.848,0.0,0.0,9.847672295523665,0.0,0.0,-1.039836863533861,-0.9167437686307387,0.39947573477836007,0.0
14.864,0.0,0.0,9.81329755484248,0.0,0.0,-1.0156342519592356,-0.9231148566562931,0.38452433137635306,0.0
14.88,0.0,0.0,9.84069898921195,0.0,0.0,-0.992205269976036,-0.9291029599541951,0.36982115921665876,0.0
14.896,0.0,0.0,9.811118958276268,0.0,0.0,-0.9692849707397532,-0.9347261740966688,0.3553687935913956,0.0
14.912,0.0,0.0,9.79617485167736,0.0,0.0,-0.9468719619592578,-0.9400017724562149,0.34116955869358345,0.0
14.928,0.0,0.0,9.846174900210952,0.0,0.0,-0.924650550278802,-0.9449464875176992,0.3272249008372726,0.0
14.944,0.0,0.0,9.851565207375012,0.0,0.0,-0.9032229736062374,-0.9495763493513925,0.31353589388215547,0.0
14.96,0.0,0.0,9.78775667151323,0.0,0.0,-0.8820619029003242,-0.9539068095714667,0.30010298008048175,0.0
14.976,0.0,0.0,9.845112392193531,0.0,0.0,-0.8615455417013497,-0.9579526842432718,0.286926218305526,0.0
14.992,0.0,0.0,9.807367615335643,0.0,0.0,-0.8413510362881218,-0.9617282138125007,0.27400518746369923,0.0
15.008000000000001,0.0,0.0,9.78073192947726,0.0,0.0,-0.8216560166463462,-0.9652470493643859,0.2613391162710761,0.0
15.024000000000001,0.0,0.0,9.789974788042265,0.0,0.0,-0.8021735181268909,-0.9685222866877244,0.24892685710702503,0.0
15.040000000000001,0.0,0.0,9.850563991525902,0.0,0.0,-0.7834835107421549,-0.9715664704964011,0.23676696012570203,0.0
15.056000000000001,0.0,0.0,9.838119457059097,0.0,0.0,-0.7651023910684545,-0.9743916180715644,0.22485767639081983,0.0
15.072000000000001,0.0,0.0,9.808376063421864,0.0,0.0,-0.7470283146540992,-0.9770092308324047,0.21319700482950774,0.0
15.088000000000001,0.0,0.0,9.840440259624593,0.0,0.0,-0.7292802005024738,-0.9794303136965148,0.20178270642536897,0.0
15.104000000000001,0.0,0.0,9.823917961814852,0.0,0.0,-0.7118870405606778,-0.9816653895078813,0.1906123370675153,0.0
15.120000000000001,0.0,0.0,9.871959741341852,0.0,0.0,-0.6952059026693164,-0.9837245164806921,0.17968326487135225,0.0
15.136000000000001,0.0,0.0,9.82533130696388,0.0,0.0,-0.6784837006852301,-0.9856173035384215,0.16899269500677014,0.0
15.152000000000001,0.0,0.0,9.807715403135525,0.0,0.0,-0.6624009942030445,-0.9873529266981963,0.15853768681454317,0.0
15.168000000000001,0.0,0.0,9.785021126125873,0.0,0.0,-0.646548572081729,-0.9889401444453098,0.14831517354771878,0.0
15.184000000000001,0.0,0.0,9.772345842473104,0.0,0.0,-0.6309423854443609,-0.990387313329766,0.1383219779913802,0.0
15.200000000000001,0.0,0.0,9.813129119236109,0.0,0.0,-0.6159406064897217,-0.991702402961186,0.12855482861802434,0.0
15.216000000000001,0.0,0.0,9.834955913881853,0.0,0.0,-0.6010156462328008,-0.9928930108749598,0.11901037331113991,0.0
15.232000000000001,0.0,0.0,9.80867789107479,0.0,0.0,-0.5866001725169913,-0.9939663769394904,0.1096851927736065,0.0
15.248000000000001,0.0,0.0,9.775238395540379,0.0,0.0,-0.5724985961877923,-0.9949293974815765,0.10057581233550747,0.0
15.264000000000001,0.0,0.0,9.810270448491197,0.0,0.0,-0.5586780995370078,-0.9957886389977512,0.09167871313999944,0.0
15.280000000000001,0.0,0.0,9.752867887918832,0.0,0.0,-0.5451449731533707,-0.9965503515161108,0.08299034216772448,0.0
15.296000000000001,0.0,0.0,9.802380344328917,0.0,0.0,-0.5318970298842887,-0.997220481556515,0.07450712156695063,0.0
15.312000000000001,0.0,0.0,9.872609979944713,0.0,0.0,-0.5189176942086982,-0.9978046847127673,0.06622545707849067,0.0
15.328000000000001,0.0,0.0,9.872323914604923,0.0,0.0,-0.5061599063958875,-0.9983083378377535,0.05814174579097054,0.0
15.344000000000001,0.0,0.0,9.802472128860256,0.0,0.0,-0.4938071181823518,-0.9987365508415642,0.050252383158370426,0.0
15.36,0.0,0.0,9.766378755346755,0.0,0.0,-0.4815815731759498,-0.9990941780978884,0.042553769408890274,0.0
15.376,0.0,0.0,9.897575465849222,0.0,0.0,-0.4698104428363417,-0.9993858294651694,0.03504231533753532,0.0
15.392,0.0,0.0,9.833118775565199,0.0,0.0,-0.45822153051746395,-0.9996158809244607,0.02771444756105843,0.0
15.408,0.0,0.0,9.850195108079767,0.0,0.0,-0.4468747402142626,-0.9997884848403454,0.020566613251735567,0.0
15.424,0.0,0.0,9.817204932880728,0.0,0.0,-0.4357522914418996,-0.9999075798502518,0.013595284403515649,0.0
15.44,4.974165036604297,0.030693212907667588,9.860085671215126,0.0,0.0,-0.38778528795603157,-0.9999726842098728,0.007391267421918132,0.0
15.456,4.995559604749104,-0.003804107341067375,9.796550104775863,0.0,0.0,-0.3397588291400388,-0.999998089066923,0.001954958440090944,0.0
15.472,5.013668689130967,-0.031117305011416827,9.871503404443462,0.0,0.0,-0.29175976727490227,-0.9999963186774998,-0.002713416932235573,0.0
15.488,4.975307028011016,-0.05053073859802545,9.826292833115243,0.0,0.0,-0.24377897665057377,-0.9999781288797499,-0.006613755525746402,0.0
15.504,5.009623864973844,-0.06272316405643712,9.804420869224016,0.0,0.0,-0.19581382258473656,-0.9999525062700151,-0.009746035312656422,0.0
15.52,5.029583966790484,-0.06644325053107734,9.826669780854909,0.0,0.0,-0.14776295442721354,-0.9999266678594755,-0.012110280898748464,0.0
15.536,4.9558465284897615,-0.06321279288191811,9.846327666501763,0.0,0.0,-0.09978176769831477,-0.9999060610257839,-0.013706535809649737,0.0
15.552,5.007293142819779,-0.05175013724782647,9.783217723881197,0.0,0.0,-0.05177469589653984,-0.9998943636107088,-0.014534841572426333,0.0
15.568,5.002596742095583,-0.03279588939184786,9.804339853457988,0.0,0.0,-0.0037743186852749167,-0.9998934840513204,-0.01459522359239026,0.0
15.584,4.978304617773071,-0.004398656065622634,9.75525933341546,0.0,0.0,0.020799360940943947,-0.999898285177274,-0.014262513787788946,0.0
15.6,4.994670629451247,0.015104796800503952,9.78825673810006,0.0,0.0,0.020481686785793488,-0.9999029058425769,-0.01393480848706331,0.0
15.616,4.985894492986194,0.016437691793047562,9.805539187271899,0.0,0.0,0.020174358729052506,-0.9999073524245621,-0.013612000855965003,0.0
15.632,5.004567419665357,0.017857815796224644,9.777069378144834,0.0,0.0,0.019875225821045072,-0.9999116310568332,-0.013293986507571272,0.0
15.648,5.01007574768047,0.01908105958879506,9.737032840354805,0.0,0.0,0.019584423775823187,-0.9999157476392182,-0.012980663430797632,0.0
15.664,4.972599221381732,0.020236376366989675,9.81212859019891,0.0,0.0,0.019294894902078995,-0.9999197078472781,-0.01267193192114219,0.0
15.68,4.99076536724685,0.021632598011605945,9.816954482638444,0.0,0.0,0.01901576244287646,-0.9999235171413958,-0.012367694513558937,0.0
15.696,5.012440705290215,0.022819363353355437,9.83071444767796,0.0,0.0,0.018743517392510324,-0.999927180775459,-0.012067855917384154,0.0
15.712,4.9780510527045365,0.02397805659779236,9.832822683206336,0.0,0.0,0.018472471976466558,-0.9999307038051611,-0.011772322953227284,0.0
15.728,4.969080336381807,0.025095814236122314,9.818718735376843,0.0,0.0,0.01820771768712246,-0.9999340910959386,-0.011481004491750843,0.0
15.744,4.987162779087005,0.026128310755903553,9.803613184070109,0.0,0.0,0.017953009295756057,-0.9999373473305564,-0.011193811394262225,0.0
15.76,4.98987447987857,0.027337777915416202,9.747582804394042,0.0,0.0,0.01769743280922732,-0.9999404770163672,-0.010910656455045693,0.0
15.776,4.955839895860636,0.028353289778862943,9.765460273751339,0.0,0.0,0.01745077147902918,-0.99994348449225,-0.010631454345358572,0.0
15.792,4.99608956683265,0.029296041281338787,9.809572311723421,0.0,0.0,0.01720642123241677,-0.9999463739352499,-0.010356121559035628,0.0
15.808,5.009279683714281,0.03044350365407653,9.821559463272829,0.0,0.0,0.016970760340722587,-0.99994914936693,-0.010084576359620439,0.0
15.824,4.993231575708476,0.03122291612733494,9.79457729864338,0.0,0.0,0.016739433725910066,-0.9999518146594502,-0.009816738728976484,0.0
15.84,5.018260890172951,0.03234640975836155,9.785839166640805,0.0,0.0,0.016513805033351904,-0.9999543735413816,-0.00955253031730469,0.0
15.856,5.001135641109949,0.03292738885787035,9.758619851044497,0.0,0.0,0.016290596631205034,-0.9999568296032768,-0.00929187439451656,0.0
15.872,4.9714536128558855,0.03386685101282123,9.870477408801104,0.0,0.0,0.016075685814263017,-0.9999591863029956,-0.009034695802898758,0.0
15.888,4.986568924012952,0.034875184034683565,9.803211005144696,0.0,0.0,0.015862155303244453,-0.9999614469708091,-0.008780920911023874,0.0
15.904,5.028728454978126,0.035563724192139205,9.861058775313872,0.0,0.0,0.01565287758185864,-0.9999636148142829,-0.008530477568841118,0.0
15.92,4.993798638359774,0.03642782408025265,9.786629587360974,0.0,0.0,0.015448571578007258,-0.9999656929229546,-0.008283295063906022,0.0
15.936,1.2410688857378338,0.03806832921709956,9.805155961630225,0.0,0.0,0.015249725687512119,-0.9999676842728121,-0.008039304078690662,0.0
15.952,1.390442645644994e-05,0.0380991622238966,9.815942911279189,0.0,0.0,0.015051848100038774,-0.9999695915876009,-0.007798454983306087,0.0
15.968,1.343084537348722e-05,0.03761147168527674,9.799477424133913,0.0,0.0,0.01485996612412725,-0.9999714174615832,-0.007560704985129944,0.0
15.984,1.3124248994653524e-05,0.03716825551803817,9.846668820274871,0.0,0.0,0.014668236682102287,-0.999973164414838,-0.00732601188747447,0.0
16.0,1.2699313285264682e-05,0.036613073341903564,9.881702937960258,0.0,0.0,0.014480794960002135,-0.9999748348953312,-0.00709433408115266,0.0
16.016000000000002,1.243585636813491e-05,0.03652900067380505,9.791630358965064,0.0,0.0,0.014293890018563845,-0.9999764312809282,-0.006865630536161125,0.0
16.032,1.2142632594956512e-05,0.03534767932244849,9.757779588000675,0.0,0.0,0.014111131545823863,-0.9999779558813502,-0.00663986079348229,0.0
16.048000000000002,1.179057435147198e-05,0.03532383810705251,9.81749808522002,0.0,0.0,0.013929139743465933,-0.9999794109400761,-0.006416984957005565,0.0
16.064,1.1556658769862143e-05,0.03478296458749846,9.79690509454733,0.0,0.0,0.01375198850886651,-0.9999807986361937,-0.006196963685558558,0.0
16.080000000000002,1.1265429912446703e-05,0.034381497795609756,9.789976663130396,0.0,0.0,0.013573975393855629,-0.9999821210861964,-0.0059797581850523805,0.0
16.096,1.0970294227091335e-05,0.03400309232344461,9.771596602948367,0.0,0.0,0.01340417755568828,-0.9999833803457318,-0.0057653302007434366,0.0
16.112000000000002,1.0666869812676455e-05,0.03348983339748214,9.827413993890623,0.0,0.0,0.013230236222765422,-0.9999845784113021,-0.005553642009594694,0.0
16.128,1.0361798752189385e-05,0.033036412124519306,9.813651755031664,0.0,0.0,0.013061855661694629,-0.999985717221916,-0.005344656412755375,0.0
16.144000000000002,1.0144691877581507e-05,0.0327035874323143,9.752152140588288,0.0,0.0,0.012897610730071962,-0.9999867986606965,-0.005138336728142348,0.0
16.16,9.848917410752046e-06,0.03229022203673669,9.814416888422768,0.0,0.0,0.012729410705823287,-0.9999878245564422,-0.0049346467831275,0.0
16.176000000000002,9.63664103888191e-06,0.031827654943058004,9.839181593188103,0.0,0.0,0.01256778341301841,-0.9999887966851467,-0.0047335509073285235,0.0
16.192,9.398298989860741e-06,0.03145119760117773,9.855092792284482,0.0,0.0,0.012410671912643733,-0.9999897167714755,-0.0045350139255038655,0.0
16.208000000000002,9.202646291444204e-06,0.030910430542560954,9.739199156032187,0.0,0.0,0.012253984644235641,-0.9999905864902009,-0.004339001150545944,0.0
16.224,8.946867548303241e-06,0.030870625031804565,9.757337198130674,0.0,0.0,0.012094966252195647,-0.9999914074675988,-0.004145478376576477,0.0
16.240000000000002,8.696266217113506e-06,0.030213003875507467,9.820841329890438,0.0,0.0,0.011942510591225707,-0.9999921812828068,-0.003954411872137998,0.0
16.256,8.477563545753445e-06,0.02984891918169578,9.842474946437518,0.0,0.0,0.011789363933885313,-0.9999929094691409,-0.0037657683734827487,0.0
16.272000000000002,8.247055842154625e-06,0.02943010735532121,9.823571386021698,0.0,0.0,0.011641605608085408,-0.9999935935153819,-0.003579515077957039,0.0
16.288,8.061856644255641e-06,0.028996048372215484,9.844809915708508,0.0,0.0,0.011492044289652871,-0.9999942348670204,-0.0033956196374790994,0.0
16.304000000000002,7.855460038528432e-06,0.028779445028320152,9.789420286144685,0.0,0.0,0.011347593395496,-0.9999948349274709,-0.0032140501521096517,0.0
16.32,7.670150724118946e-06,0.028591159150327953,9.782293363434043,0.0,0.0,0.011205627913667754,-0.9999953950592503,-0.0030347751637158954,0.0
16.336000000000002,7.45912564294123e-06,0.0279522603610134,9.851748406194979,0.0,0.0,0.011063428862662057,-0.999995916585124,-0.002857763649721643,0.0
16.352,7.319716551692923e-06,0.02762479116265,9.858093484285748,0.0,0.0,0.010923700873062108,-0.9999964007892223,-0.0026829850169485725,0.0
16.368000000000002,7.121339400515608e-06,0.02729982032384955,9.852884136040851,0.0,0.0,0.01078623206173606,-0.999996848918122,-0.0025104090955466118,0.0
16.384,6.9186160090917405e-06,0.027148779276009963,9.83045843323648,0.0,0.0,0.010650866025097313,-0.9999972621819011,-0.002340006133006214,0.0
16.4,6.775005180412798e-06,0.026669586085459187,9.827544044015694,0.0,0.0,0.010516272481061928,-0.9999976417551631,-0.002171746788261002,0.0
16.416,6.52726821558078e-06,0.02625807233676632,9.843934593014152,0.0,0.0,0.010384439459975903,-0.9999979887780339,-0.0020056021258683834,0.0
16.432,6.3858525936064625e-06,0.025853145357284255,9.797918230595737,0.0,0.0,0.01025384228953968,-0.9999983043571281,-0.001841543610280187,0.0
16.448,6.28072703736892e-06,0.02579739853342239,9.77511376076927,0.0,0.0,0.01012417670745128,-0.9999985895664927,-0.0016795431001855995,0.0
16.464,6.1533699005649455e-06,0.02523971738114411,9.765934566078585,0.0,0.0,0.00999654996480786,-0.999998845448521,-0.001519572842944862,0.0
16.48,5.9400956317434984e-06,0.02501436835618621,9.831556148730796,0.0,0.0,0.009872499202381483,-0.9999990730148436,-0.001361605469091357,0.0
16.496,5.7980645465330475e-06,0.02466724259029184,9.869518302487283,0.0,0.0,0.009748236147901016,-0.9999992732471932,-0.0012056139869212072,0.0
16.512,5.661509265319158e-06,0.024375792808066604,9.838243350835697,0.0,0.0,0.009626847909679744,-0.999999447098246,-0.001051571777153334,0.0
16.528,5.466640067967689e-06,0.02398754692774221,9.797678463363193,0.0,0.0,0.009508202446982405,-0.9999995954924396,-0.0008994525876695517,0.0
16.544,5.349547904090131e-06,0.023834590416067104,9.761300370093085,0.0,0.0,0.009390223891556224,-0.9999997193267683,-0.0007492305283263029,0.0
16.56,5.211503120071935e-06,0.023588402502678543,9.81717289607089,0.0,0.0,0.009273249588879063,-0.999999819471557,-0.0006008800658418336,0.0
16.576,5.0843983128275755e-06,0.02321376450825991,9.857943860307426,0.0,0.0,0.009155997985153128,-0.9999998967712115,-0.00045437601875662206,0.0
16.592,4.987745214238686e-06,0.02279953328133659,9.787989666844979,0.0,0.0,0.009043236645541812,-0.9999999520449506,-0.00030969355246243105,0.0
16.608,4.8955494960658415e-06,0.022709711892454524,9.856693681246616,0.0,0.0,0.008930121384423324,-0.9999999860875164,-0.00016680817430622457,0.0
16.624,4.755278381983688e-06,0.022245703825701887,9.8368324819598,0.0,0.0,0.008820411160148065,-0.9999999996698647,-2.5695728759431596e-05,0.0
16.64,4.626840580487745e-06,0.022154391095191846,9.780983462620314,0.0,0.0,0.008710516787909657,-0.9999999935398377,0.00011366760734142289,0.0
16.656,4.510092740105619e-06,0.02186050370514541,9.818202992858875,0.0,0.0,0.008603554159692,-0.9999999684228154,0.0002513053294855809,0.0
16.672,4.432497034227682e-06,0.021418109960992807,9.80396842940115,0.0,0.0,0.008495531653667171,-0.9999999250223521,0.00038724061011726797,0.0
16.688,4.304719488695576e-06,0.02128913291010026,9.78466662363602,0.0,0.0,0.00839134097298931,-0.9999998640207937,0.0005214963031934702,0.0
16.704,4.204333536667305e-06,0.021050022184844416,9.87612585013254,0.0,0.0,0.008286860976829341,-0.9999997860798762,0.0006540949486809073,0.0
16.72,4.0986373379997626e-06,0.020820845023616513,9.834463490138372,0.0,0.0,0.00818500168640253,-0.9999996918413109,0.0007850587769861868,0.0
16.736,3.9966504977727334e-06,0.020321144007307453,9.83087671952422,0.0,0.0,0.008083783256078942,-0.9999995819273507,0.0009144097133262235,0.0
16.752,3.873233633255967e-06,0.020240707768197308,9.788217461843727,0.0,0.0,0.007985160400451413,-0.9999994569413423,0.0010421693820349082,0.0
16.768,3.7941651339825333e-06,0.01990582505449702,9.861097474427908,0.0,0.0,0.00788721531731465,-0.9999993174682612,0.0011683591108057844,0.0
16.784,3.715540782822247e-06,0.019606333374713153,9.821805355659803,0.0,0.0,0.00778991307282801,-0.9999991640752348,0.0012929999348831537,0.0
16.8,3.6217115477488077e-06,0.01947640272547873,9.82887449962461,0.0,0.0,0.0076934862158116015,-0.9999989973120477,0.0014161126011836007,0.0
16.816,3.52620453130744e-06,0.019315495807462155,9.829235876905098,0.0,0.0,0.007600137032242202,-0.9999988177116351,0.001537717572365247,0.0
16.832,3.4234556273442134e-06,0.01910252332141022,9.777187409951221,0.0,0.0,0.007506804417997983,-0.9999986257905611,0.0016578350308378291,0.0
16.848,3.3661818026745918e-06,0.01879933543697845,9.79190396477449,0.0,0.0,0.0074147745487404305,-0.999998422049486,0.001776484882715817,0.0
16.864,3.2927051674201297e-06,0.018597385225148814,9.74883524776887,0.0,0.0,0.0073249938194696355,-0.9999982069736167,0.0018936867617145386,0.0
16.88,3.2003619626806166e-06,0.018328022425714335,9.858437300763963,0.0,0.0,0.00723609252900748,-0.99999798103315,0.002009460032993989,0.0
16.896,3.119117781201209e-06,0.01817866302948257,9.848252594734365,0.0,0.0,0.007148100254556415,-0.9999977446836965,0.0021238237969447254,0.0
16.912,3.0179996547577184e-06,0.017950806259633308,9.81507795010179,0.0,0.0,0.007060483745767898,-0.9999974983667008,0.0022367968929227554,0.0
16.928,2.953416849100315e-06,0.017612629220621623,9.862728896382743,0.0,0.0,0.006975697765235962,-0.9999972425098429,0.002348397902930262,0.0
16.944,2.903495062656878e-06,0.017535814468717624,9.741524787809693,0.0,0.0,0.006890630003292734,-0.9999969775274327,0.0024586451552435183,0.0
16.96,2.840607411428765e-06,0.017335676699694765,9.79936951056917,0.0,0.0,0.00680706291425885,-0.999996703820792,0.002567556727993286,0.0
16.976,2.758723757309884e-06,0.016885883244583882,9.763734614517368,0.0,0.0,0.00672433068715686,-0.9999964217786259,0.0026751504526894825,0.0
16.992,2.6743554935055e-06,0.016689321243895567,9.819183854613332,0.0,0.0,0.006643223304967635,-0.9999961317773849,0.0027814439176976637,0.0
17.008,2.631315892428683e-06,0.016652200328265823,9.796169018940821,0.0,0.0,0.006563817202956283,-0.9999958341816145,0.0028864544716692858,0.0
17.024,2.552514299776296e-06,0.01644068681992644,9.783701196540637,0.0,0.0,0.006484448150574924,-0.9999955293442983,0.002990199226920661,0.0
17.04,2.470811178832771e-06,0.016210165354918565,9.820853780818226,0.0,0.0,0.006405167654054186,-0.9999952176071888,0.0030926950627641293,0.0
17.056,2.4336521600670047e-06,0.01607110889608367,9.785667483840124,0.0,0.0,0.00632854733450878,-0.9999948993011304,0.003193958628793669,0.0
17.072,2.3956694944915195e-06,0.015812167722730495,9.845997022912886,0.0,0.0,0.006252363752915248,-0.9999945747463728,0.003294006348122927,0.0
17.088,2.3191958610324683e-06,0.01566953985213217,9.807440915591382,0.0,0.0,0.006177338490782288,-0.9999942442528762,0.0033928544205772417,0.0
17.104,2.28534206050749e-06,0.015469243176841847,9.792360894484842,0.0,0.0,0.006103610034650068,-0.9999939081206077,0.0034905188258436124,0.0
17.12,2.2272768456783523e-06,0.015291385160974882,9.82425548204061,0.0,0.0,0.006030233653742883,-0.9999935666398294,0.0035870153265730887,0.0
17.136,2.1609710957205485e-06,0.01507635823697833,9.79007240439684,0.0,0.0,0.005960405721469649,-0.9999932200913781,0.003682359471438217,0.0
17.152,2.119066561748309e-06,0.01484222676091313,9.798445661900171,0.0,0.0,0.005888012982461022,-0.9999928687469375,0.003776566598152427,0.0
17.168,2.0763814102117975e-06,0.014768683174131336,9.807377058316096,0.0,0.0,0.005817789843325987,-0.9999925128693038,0.003869651836444707,0.0
17.184,2.013520727657776e-06,0.014676522440703124,9.875661874032398,0.0,0.0,0.00574835086064243,-0.999992152712642,0.003961630110989303,0.0
17.2,1.9555235631071884e-06,0.014330863828804415,9.861411314456834,0.0,0.0,0.005679483571697622,-0.999991788522736,0.004052516144298686,0.0
17.216,1.925302649203099e-06,0.014079389272178586,9.811737947431721,0.0,0.0,0.005613866360122999,-0.9999914205372323,0.004142324459572453,0.0
17.232,1.8635431773491536e-06,0.013940287441557866,9.789351007257855,0.0,0.0,0.005545865990748604,-0.9999910489858758,0.004231069383509893,0.0
17.248,1.8247340094121843e-06,0.013864284245370683,9.871677583222116,0.0,0.0,0.005480545585583746,-0.9999906740907392,0.004318765049079151,0.0
17.264,1.7893559297225956e-06,0.013833008463324359,9.823424296730336,0.0,0.0,0.005416530479690409,-0.9999902960664471,0.004405425398250735,0.0
17.28,1.7532472069249785e-06,0.013626062843086364,9.89721702553517,0.0,0.0,0.005353031320074878,-0.9999899151203921,0.004491064184688696,0.0
17.296,1.7071343579825143e-06,0.013378779350419477,9.804422675151061,0.0,0.0,0.005289757553209018,-0.9999895314529462,0.004575694976410152,0.0
17.312,1.6787794864070737e-06,0.013291795120277507,9.844253298791285,0.0,0.0,0.00522809128554052,-0.9999891452576655,0.004659331158402031,0.0
17.328,1.6254025356868587e-06,0.013074828900070369,9.806232953966454,0.0,0.0,0.005165463287877625,-0.9999887567214897,0.004741985935203706,0.0
17.344,1.5965354986400908e-06,0.012907215991412686,9.779554583419467,0.0,0.0,0.005104639198156949,-0.9999883660249351,0.004823672333452167,0.0
17.36,1.5456230149409417e-06,0.012811577982607908,9.775881870020054,0.0,0.0,0.005046419161245445,-0.9999879733422843,0.004904403204394421,0.0
17.376,1.5209030944993955e-06,0.012489612777968907,9.759749630127066,0.0,0.0,0.004986630486295878,-0.9999875788417671,0.004984191226362636,0.0
17.392,1.4920052367673574e-06,0.012462611234061593,9.886069753095617,0.0,0.0,0.004928495449883781,-0.9999871826857399,0.005063048907212277,0.0
17.408,1.4458864051533362e-06,0.012253271348553267,9.742023937915368,0.0,0.0,0.004871258328056316,-0.9999867850308578,0.005140988586733218,0.0
17.424,1.4175513116801068e-06,0.012264871206611506,9.792106704180357,0.0,0.0,0.0048147889778083815,-0.9999863860282429,0.005218022439018718,0.0
17.44,1.375409544351147e-06,0.012062217599673599,9.788541981535696,0.0,0.0,0.0047577955358835645,-0.9999859858236466,0.0052941624748109135,0.0
17.456,1.3478291699618786e-06,0.011935945478623686,9.822103432117336,0.0,0.0,0.004704519056631165,-0.9999855845576094,0.005369420543802407,0.0
17.472,1.3242976897971139e-06,0.01178435687305557,9.769396233656657,0.0,0.0,0.004649719869940653,-0.9999851823656145,0.005443808336917473,0.0
17.488,1.2893755390914338e-06,0.011634148881393833,9.834758390011984,0.0,0.0,0.0045957544643676525,-0.9999847793782368,0.005517337388553337,0.0
17.504,1.2461394147715776e-06,0.011432351853507607,9.81435156724074,0.0,0.0,0.004542327086427415,-0.9999843757212905,0.005590019078793541,0.0
17.52,1.2262963715110356e-06,0.011322515412487442,9.832684468038307,0.0,0.0,0.004490273897494488,-0.9999839715159681,0.005661864635590464,0.0
17.536,1.199464494255082e-06,0.011186402781413085,9.804245832248819,0.0,0.0,0.004438257140918101,-0.9999835668789797,0.005732885136918592,0.0
17.552,1.1684126869326186e-06,0.01107693650295124,9.818419880140954,0.0,0.0,0.004388096213036701,-0.9999831619226862,0.005803091512893849,0.0
17.568,1.1544070066306985e-06,0.010960031091526781,9.869076401537168,0.0,0.0,0.004337768846991502,-0.9999827567552279,0.00587249454787208,0.0
17.584,1.120972778993952e-06,0.010892913042223146,9.820615764172661,0.0,0.0,0.0042884883022299754,-0.9999823514806526,0.005941104882506295,0.0
17.6,1.0994939459744517e-06,0.010688769854843112,9.859343284433743,0.0,0.0,0.004238919067364688,-0.999981946199036,0.00600893301578859,0.0
17.616,1.0802491291647679e-06,0.010563773453072908,9.775957843877078,0.0,0.0,0.004191482779247609,-0.9999815410066031,0.006075989307054841,0.0
17.632,1.0456372630372133e-06,0.010465278315593697,9.845029342596291,0.0,0.0,0.004143776169923235,-0.9999811359958417,0.006142283977966285,0.0
17.648,1.0165391105833422e-06,0.010326779934561155,9.802191844963358,0.0,0.0,0.004096533094575828,-0.9999807312556163,0.006207827114461191,0.0
17.664,9.996537310657555e-07,0.010251850398613658,9.832808064621618,0.0,0.0,0.004050122970987174,-0.9999803268712766,0.006272628668682785,0.0
17.68,9.830666633511848e-07,0.01011035325691034,9.817368664717964,0.0,0.0,0.004004330303376994,-0.9999799229247637,0.006336698460878326,0.0
17.696,9.490079518004323e-07,0.010064641052359624,9.83171410291016,0.0,0.0,0.003959507256467688,-0.9999795194947132,0.006400046181272691,0.0
17.712,9.370684670306566e-07,0.009909236390682703,9.780948563546543,0.0,0.0,0.003914765238102735,-0.9999791166565563,0.006462681391918658,0.0
17.728,9.110691612578601e-07,0.0098094909421837,9.754754594301055,0.0,0.0,0.0038709959221779363,-0.9999787144826151,0.006524613528518552,0.0
17.744,8.885539919660301e-07,0.009734409980082221,9.797950663983478,0.0,0.0,0.003827879179613935,-0.999978313042199,0.006585851902223289,0.0
17.76,8.728038829422496e-07,0.009585492759386083,9.869687960594408,0.0,0.0,0.0037841977980007328,-0.9999779124016953,0.0066464057014072216,0.0
17.776,8.461518599970631e-07,0.009417279646993038,9.822909099160752,0.0,0.0,0.0037426999508219424,-0.9999775126246588,0.006706283993418568,0.0
17.792,8.3371014158784e-07,0.009342082772360785,9.738919823357296,0.0,0.0,0.0037002790926780977,-0.999977113771899,0.0067654957263032466,0.0
17.808,8.152259338668097e-07,0.009294601757801871,9.825402776311378,0.0,0.0,0.003659947981715386,-0.9999767159015632,0.0068240497305122536,0.0
17.824,7.988297392211375e-07,0.009149304181145628,9.808433782518339,0.0,0.0,0.0036193060248730863,-0.9999763190692188,0.006881954720579106,0.0
17.84,7.737201032346901e-07,0.009085129415995909,9.816934286595464,0.0,0.0,0.0035793824816669614,-0.9999759233279325,0.006939219296779085,0.0
17.856,7.67924123967867e-07,0.008940255908989163,9.758079564258695,0.0,0.0,0.0035397089052317332,-0.9999755287283479,0.006995851946763851,0.0
17.872,7.417121589801101e-07,0.008891267349194348,9.764200177925575,0.0,0.0,0.003500466257107105,-0.9999751353187595,0.007051861047175849,0.0
17.888,7.315936561343708e-07,0.00881936996587093,9.785307698996686,0.0,0.0,0.003461883080168124,-0.999974743145186,0.007107254865241649,0.0
17.904,7.152938205968321e-07,0.00869681871453067,9.801814975599902,0.0,0.0,0.003424291994487598,-0.9999743522514405,0.007162041560341525,0.0
17.92,6.994474898240066e-07,0.00853978558734129,9.814330436925253,0.0,0.0,0.003386853985497632,-0.9999739626791998,0.007216229185561305,0.0
17.936,6.868216141563907e-07,0.0084743161577407,9.837957922218715,0.0,0.0,0.003349837659107843,-0.99997357446807,0.007269825689218655,0.0
17.952,6.673018445291142e-07,0.008382015576082237,9.797383418261141,0.0,0.0,0.0033139047616071887,-0.9999731876556516,0.007322838916380312,0.0
17.968,6.505057121695213e-07,0.008308347468735957,9.788509410650953,0.0,0.0,0.003277410993242273,-0.9999728022776025,0.007375276610344211,0.0
17.984,6.43777487958163e-07,0.00818720085550475,9.84334794320025,0.0,0.0,0.0032419603993156763,-0.9999724183676985,0.007427146414113198,0.0
18.0,6.235272647938492e-07,0.00812977265067988,9.839466959045104,0.0,0.0,0.0032072123939537113,-0.9999720359578927,0.007478455871848988,0.0
18.016000000000002,6.14048451117332e-07,0.007991852457969099,9.811652939195142,0.0,0.0,0.0031726661733057064,-0.9999716550783725,0.007529212430299914,0.0
18.032,5.968578813729246e-07,0.007943819486825926,9.830523460581011,0.0,0.0,0.0031385634090815824,-0.9999712757576159,0.007579423440217826,0.0
18.048000000000002,5.867545347560837e-07,0.007824171410695429,9.849530086484618,0.0,0.0,0.0031041947073368026,-0.9999708980224453,0.007629096157754329,0.0
18.064,5.746961152137354e-07,0.007791786249602612,9.82197669076055,0.0,0.0,0.003071599199575155,-0.99997052189808,0.007678237745835712,0.0
18.080000000000002,5.604500293676964e-07,0.0076987654069530205,9.791639544352886,0.0,0.0,0.0030383835325180617,-0.9999701474081869,0.007726855275526562,0.0
18.096,5.486313490832643e-07,0.007606025890864967,9.87193848404192,0.0,0.0,0.003006521300024994,-0.9999697745749305,0.007774955727370958,0.0
18.112000000000002,5.411011954294115e-07,0.00755560151608852,9.831568545428944,0.0,0.0,0.0029741951058065512,-0.9999694034190206,0.007822545992719454,0.0
18.128,5.282539124908267e-07,0.007433917276773712,9.85636676864989,0.0,0.0,0.002943387349970964,-0.9999690339597582,0.007869632875037188,0.0
18.144000000000002,5.157917991055278e-07,0.007304651820757963,9.767460673927397,0.0,0.0,0.002912187092112652,-0.9999686662150822,0.007916223091199137,0.0
18.16,5.046896831529403e-07,0.007239051459013863,9.831470129306997,0.0,0.0,0.0028813333875212658,-0.9999683002016114,0.007962323272764249,0.0
18.176000000000002,4.98254465381876e-07,0.0071860307698881345,9.774898753013488,0.0,0.0,0.002850976594589094,-0.9999679359346886,0.008007939967239397,0.0
18.192,4.834122548722001e-07,0.007091979530030923,9.858744904211042,0.0,0.0,0.0028209899649981217,-0.9999675734284201,0.008053079639321762,0.0
18.208000000000002,4.771282456543243e-07,0.007092559015411315,9.820158062873217,0.0,0.0,0.002791811106738753,-0.999967212695718,0.008097748672134161,0.0
18.224,4.654876099029572e-07,0.006981098108415047,9.81847393787041,0.0,0.0,0.0027629708293774374,-0.9999668537483362,0.008141953368435229,0.0
18.240000000000002,4.536312186352415e-07,0.006938358169252032,9.816527812370312,0.0,0.0,0.0027344919349557273,-0.9999664965969104,0.008185699951824775,0.0
18.256,4.479650794151514e-07,0.0068653148306268095,9.81268458375798,0.0,0.0,0.0027061286260821314,-0.9999661412509933,0.008228994567926882,0.0
18.272000000000002,4.343534446597937e-07,0.006786092238840799,9.798189434454837,0.0,0.0,0.0026781970748131594,-0.9999657877190896,0.008271843285566611,0.0
18.288,4.262932532359693e-07,0.006654758075545664,9.850115325475802,0.0,0.0,0.0026513295124517625,-0.9999654360086914,0.008314252097923155,0.0
18.304000000000002,4.1909649668341533e-07,0.0066479996789242015,9.795893829829629,0.0,0.0,0.002622985982388688,-0.9999650861263109,0.008356226923682097,0.0
18.32,4.092110035948313e-07,0.006609340332891015,9.826380061279355,0.0,0.0,0.0025964851447486666,-0.9999647380775116,0.008397773608160814,0.0
18.336000000000002,3.9918715143709346e-07,0.006500503658685248,9.847236350273498,0.0,0.0,0.002570375208586188,-0.9999643918669411,0.008438897924433428,0.0
18.352,3.916294223459532e-07,0.0064134353879472935,9.79246035682386,0.0,0.0,0.0025439275662327027,-0.9999640474983599,0.008479605574433792,0.0
18.368000000000002,3.863318231164875e-07,0.0062935388582826,9.857674374279561,0.0,0.0,0.00251824758452903,-0.9999637049746716,0.008519902190051349,0.0
18.384,3.7599977985853425e-07,0.006324844103807963,9.764427910985416,0.0,0.0,0.0024933780385831337,-0.9999633642979504,0.0085597933342128,0.0
18.400000000000002,3.708738978817167e-07,0.006199635821853165,9.832523433174073,0.0,0.0,0.002468546823863856,-0.9999630254694695,0.008599284501953984,0.0
18.416,3.63232297064049e-07,0.006157991978522241,9.780271575868676,0.0,0.0,0.0024438373567254768,-0.9999626884897257,0.008638381121476673,0.0
18.432000000000002,3.5775930796701063e-07,0.006110488833363677,9.81742379803926,0.0,0.0,0.0024198234238221256,-0.9999623533584678,0.008677088555198043,0.0
18.448,3.4877468924586527e-07,0.006040178536897646,9.796431942966587,0.0,0.0,0.0023953598744207065,-0.9999620200747196,0.00871541210078703,0.0
18.464,3.4240196221395255e-07,0.006001412373849719,9.894167206107344,0.0,0.0,0.0023716668552124305,-0.9999616886368033,0.008753356992191133,0.0
18.48,3.3409079667405127e-07,0.005921846374527568,9.838264236235513,0.0,0.0,0.0023481153624223448,-0.9999613590423655,0.008790928400651711,0.0
18.496,3.3173191698942483e-07,0.005916138480588769,9.838043611818815,0.0,0.0,0.0023250949621799436,-0.9999610312883966,0.008828131435710117,0.0
18.512,3.221483365773925e-07,0.005822755829815069,9.80766542826018,0.0,0.0,0.0023028176741774387,-0.9999607053712547,0.008864971146202556,0.0
18.528,3.170883055863631e-07,0.0057320206021321376,9.786128695690827,0.0,0.0,0.0022805230153856598,-0.9999603812866847,0.008901452521251355,0.0
18.544,3.1114126435973854e-07,0.0056930430438909205,9.829669631068027,0.0,0.0,0.0022583409975111403,-0.9999600590298408,0.008937580491236063,0.0
18.56,3.0571821889037547e-07,0.005655088486009268,9.809939947613767,0.0,0.0,0.0022363473896660968,-0.9999597385953041,0.008973359928766729,0.0
18.576,2.9849898017311637e-07,0.0055762820284023925,9.826041056225124,0.0,0.0,0.002214830604566094,-0.9999594199771025,0.009008795649641447,0.0
18.592,2.938414586172539e-07,0.00551709136155293,9.801935936416694,0.0,0.0,0.002193320135845824,-0.9999591031687286,0.009043892413799883,0.0
18.608,2.859929321842273e-07,0.005437357380453049,9.868588284672233,0.0,0.0,0.002172989924484397,-0.9999587881631573,0.009078654926266378,0.0
18.624,2.81911436054518e-07,0.00547225754374596,9.816716266413973,0.0,0.0,0.002152384100964218,-0.9999584749528629,0.009113087838085275,0.0
18.64,2.760596232228768e-07,0.0053979969133797845,9.800792788395196,0.0,0.0,0.0021315675817448958,-0.9999581635298356,0.009147195747252245,0.0
18.656,2.7183215557881086e-07,0.0053473504511388605,9.769143305988807,0.0,0.0,0.002111563552117865,-0.9999578538855965,0.009180983199633614,0.0
18.672,2.662183910348958e-07,0.005311386911719153,9.813066823393191,0.0,0.0,0.0020925279846981644,-0.9999575460112134,0.009214454689881938,0.0
18.688,2.5980188434820216e-07,0.005223517148802718,9.755421369807197,0.0,0.0,0.002072554282461415,-0.9999572398973152,0.009247614662347107,0.0
18.704,2.5655771625716475e-07,0.005192721060218103,9.853729789497946,0.0,0.0,0.002053291024809199,-0.9999569355341056,0.009280467511976153,0.0
18.72,2.515070571978855e-07,0.00514226154260744,9.837731210536981,0.0,0.0,0.002034722616131402,-0.9999566329113766,0.009313017585212129,0.0
18.736,2.4836250717973083e-07,0.0050846988044001016,9.785602702857506,0.0,0.0,0.002015718282709467,-0.9999563320185221,0.009345269180886597,0.0
18.752,2.421467850474317e-07,0.005033635509376803,9.820563901019,0.0,0.0,0.001997194838605481,-0.9999560328445493,0.009377226551104305,0.0
18.768,2.3648915087510585e-07,0.004965643085737494,9.78138939906592,0.0,0.0,0.001979440734164916,-0.9999557353780909,0.009408893902127874,0.0
18.784,2.345935134091646e-07,0.0049020987388809015,9.835989646275806,0.0,0.0,0.001961590702173642,-0.9999554396074166,0.009440275395254043,0.0
18.8,2.2846684032611415e-07,0.004890453092762822,9.809991440245145,0.0,0.0,0.0019435460260502524,-0.9999551455204437,0.009471375147689707,0.0
18.816,2.2603090495797565e-07,0.004878551537017734,9.803429644292644,0.0,0.0,0.0019261853915230472,-0.9999548531047475,0.009502197233421047,0.0
18.832,2.2089089020998057e-07,0.00482792070031795,9.817389320678751,0.0,0.0,0.001909544104698626,-0.9999545623475712,0.00953274568408311,0.0
18.848,2.1708844377240245e-07,0.004785326787457766,9.741729776966823,0.0,0.0,0.0018927107349714651,-0.9999542732358351,0.009563024489823851,0.0
18.864,2.1355453093990704e-07,0.004760796993941851,9.761183492332822,0.0,0.0,0.0018758227460281536,-0.9999539857561456,0.009593037600167264,0.0
18.88,2.0864758108378018e-07,0.004711519554429167,9.831894970396329,0.0,0.0,0.0018597926954459236,-0.9999536998948038,0.009622788924876075,0.0
18.896,2.0518403589668386e-07,0.004646517602978935,9.800471356931464,0.0,0.0,0.0018434031746784824,-0.9999534156378134,0.009652282334808669,0.0
18.912,2.0301049488170164e-07,0.004642186828136578,9.76476008655499,0.0,0.0,0.0018276010573908845,-0.9999531329708875,0.009681521662783769,0.0
18.928,1.982232269369285e-07,0.00457846528620478,9.784820823260679,0.0,0.0,0.0018117474986183546,-0.9999528518794569,0.009710510704433588,0.0
18.944,1.9646917273709188e-07,0.0045307047521681255,9.803297534169497,0.0,0.0,0.0017962869193259496,-0.9999525723486765,0.009739253219066739,0.0
18.96,1.917814931451287e-07,0.004512882373866832,9.809912219691144,0.0,0.0,0.0017816169956094946,-0.9999522943634302,0.00976775293052668,0.0
18.976,1.894014337641732e-07,0.004441139791251783,9.876403073612451,0.0,0.0,0.0017663378203814797,-0.9999520179083385,0.009796013528053317,0.0
18.992,1.8751606990469708e-07,0.004429620704335613,9.854844777619988,0.0,0.0,0.0017512112224166748,-0.9999517429677628,0.00982403866714678,0.0
19.008,1.8267606573952825e-07,0.004405390356596885,9.822073264730946,0.0,0.0,0.0017371475020319964,-0.9999514695258099,0.009851831970430543,0.0
19.024,1.8091077277210332e-07,0.0043533631422646825,9.803345705084148,0.0,0.0,0.001722890885855977,-0.9999511975663377,0.00987939702852255,0.0
19.04,1.7706153825551862e-07,0.004294448592455859,9.826611958703177,0.0,0.0,0.0017089014534089437,-0.9999509270729589,0.009906737400904997,0.0
19.056,1.7466928229588415e-07,0.004275721842281874,9.82812819898699,0.0,0.0,0.0016949028466611892,-0.9999506580290434,0.009933856616804525,0.0
19.072,1.7222291491605777e-07,0.0042716660237688804,9.718655018467196,0.0,0.0,0.0016814888228971938,-0.9999503904177236,0.009960758176067583,0.0
19.088,1.6892788560273247e-07,0.004191049933420959,9.798072702125292,0.0,0.0,0.001668238922777663,-0.9999501242218958,0.0099874455500546,0.0
19.104,1.6570869459447416e-07,0.004179009570468939,9.792078055110116,0.0,0.0,0.0016549493030057491,-0.9999498594242224,0.010013922182528423,0.0
19.12,1.6319564574756008e-07,0.0041394295520073895,9.80007697106635,0.0,0.0,0.001642355967722111,-0.9999495960071352,0.010040191490558716,0.0
19.136,1.6154947295524197e-07,0.004114252209922996,9.831452711093144,0.0,0.0,0.0016290224639943641,-0.9999493339528355,0.010066256865429488,0.0
19.152,1.5803860374117351e-07,0.004047221795006039,9.868447521221619,0.0,0.0,0.0016164459855867572,-0.9999490732432958,0.010092121673557703,0.0
19.168,1.5593990348787356e-07,0.0040220806342544935,9.800516688588612,0.0,0.0,0.0016045838405629432,-0.9999488138602608,0.010117789257421878,0.0
19.184,1.5459515181602575e-07,0.004016876625441378,9.78532004890684,0.0,0.0,0.001592333507587095,-0.999948555785247,0.010143262936500915,0.0
19.2,1.520034079788034e-07,0.003988271734442717,9.79520525411762,0.0,0.0,0.001580133694165576,-0.9999482989995426,0.010168546008225556,0.0
19.216,1.4838462252386713e-07,0.003941045833228255,9.816736369838662,0.0,0.0,0.001568745292526038,-0.9999480434842075,0.010193641748940968,0.0
19.232,1.4668551404277043e-07,0.003908952447455266,9.781253607016676,0.0,0.0,0.001557152107356844,-0.9999477892200708,0.01021855341488728,0.0
19.248,1.4383991209871795e-07,0.0038921908405790302,9.857774221290189,0.0,0.0,0.001545597282198114,-0.9999475361877308,0.0102432842431897,0.0
19.264,1.4262778416179368e-07,0.003884901965773245,9.75503380455796,0.0,0.0,0.0015348847618725044,-0.9999472843675518,0.010267837452873243,0.0
19.28,1.4135279415747317e-07,0.003829116970501387,9.805759428514817,0.0,0.0,0.0015237707945503923,-0.9999470337396617,0.01029221624588458,0.0
19.296,1.3921728514343656e-07,0.003795986937568881,9.831930029918128,0.0,0.0,0.0015129084348558058,-0.9999467842839491,0.010316423808145195,0.0
19.312,1.3684646056489912e-07,0.003751549244561228,9.797359372048666,0.0,0.0,0.0015025387410453272,-0.9999465359800603,0.010340463310615182,0.0
19.328,1.3491481615091653e-07,0.0037620921380267115,9.840882178642909,0.0,0.0,0.0014920007707810436,-0.9999462888073936,0.010364337910383915,0.0
19.344,1.3347249100289926e-07,0.0037297445335647363,9.837524216222123,0.0,0.0,0.0014821572830347985,-0.9999460427450965,0.010388050751787592,0.0
19.36,1.314519365539974e-07,0.0037070397448156944,9.787157242720225,0.0,0.0,0.0014724324549089264,-0.9999457977720592,0.010411604967545403,0.0
19.376,1.2946184718819886e-07,0.003669342303960297,9.844629530053716,0.0,0.0,0.0014625312195361943,-0.9999455538669094,0.010435003679928138,0.0
19.392,1.276077140379235e-07,0.003640466958947009,9.74436321222718,0.0,0.0,0.0014529517110298343,-0.9999453110080053,0.010458250001958963,0.0
19.408,1.2602686299240656e-07,0.0036218984752214834,9.798604345093334,0.0,0.0,0.0014435194668545575,-0.9999450691734301,0.010481347038636653,0.0
19.424,1.2444743385028517e-07,0.0035955362201502564,9.814650016761016,0.0,0.0,0.0014342044745320427,-0.999944828340982,0.01050429788820385,0.0
19.44,1.2327009862809434e-07,0.0035443829954637258,9.79625836674586,0.0,0.0,0.0014254781892768286,-0.999944588488168,0.01052710564344512,0.0
19.456,1.207289207122499e-07,0.0035695958956998256,9.812409971818097,0.0,0.0,0.0014167752167767575,-0.9999443495921941,0.010549773393022936,0.0
19.472,1.1958095134058747e-07,0.003525489654726709,9.824600113149904,0.0,0.0,0.0014083640028046815,-0.9999441116299547,0.010572304222863848,0.0
19.488,1.1844963301679687e-07,0.0035343885238408273,9.849584065145338,0.0,0.0,0.0013998076631372529,-0.9999438745780237,0.01059470121757776,0.0
19.504,1.1671741989623465e-07,0.0035038528679641493,9.85068161656863,0.0,0.0,0.0013916471230008653,-0.9999436384126419,0.010616967461934442,0.0
19.52,1.1562014332985692e-07,0.003490027607045331,9.808593643169871,0.0,0.0,0.0013838381008057456,-0.9999434031097054,0.010639106042386492,0.0
19.536,1.1375067462543729e-07,0.003439821557168764,9.815891154466662,0.0,0.0,0.001376043352276142,-0.9999431686447529,0.010661120048648434,0.0
19.552,1.1292057381772976e-07,0.003448414324130962,9.755405886499162,0.0,0.0,0.0013681994716323444,-0.9999429349929503,0.010683012575334215,0.0
19.568,1.1170068655107997e-07,0.0034020730352727845,9.832617397282267,0.0,0.0,0.0013608415346129405,-0.9999427021290775,0.010704786723657331,0.0
19.584,1.0962543163600053e-07,0.003401358662623267,9.845129221697277,0.0,0.0,0.001353769630973305,-0.999942470027512,0.010726445603198215,0.0
19.6,1.0956967293504508e-07,0.003410546596119702,9.871881315126272,0.0,0.0,0.0013464791059648279,-0.9999422386622109,0.010747992333743983,0.0
19.616,1.0838055791456955e-07,0.003360313114290422,9.814258728547502,0.0,0.0,0.0013401310370144374,-0.9999420080066935,0.010769430047204372,0.0
19.632,1.0721301245525743e-07,0.0033446614759289226,9.82339279961908,0.0,0.0,0.001333443492651429,-0.9999417780340222,0.01079076188961202,0.0
19.648,1.056203930991791e-07,0.0033586966244509146,9.82858026304231,0.0,0.0,0.0013268231286079166,-0.999941548716781,0.010811991023208237,0.0
19.664,1.0621371583085018e-07,0.003295783093420776,9.853038508306563,0.0,0.0,0.0013207960504491483,-0.9999413200270534,0.010833120628624451,0.0
19.68,1.049591411542365e-07,0.0033162050641028624,9.842343996826179,0.0,0.0,0.0013147795988239478,-0.9999410919363998,0.010854153907170481,0.0
19.696,1.0365091648557355e-07,0.003284194155305301,9.823206216031386,0.0,0.0,0.0013086616015062498,-0.9999408644158319,0.010875094083224467,0.0
19.712,1.0248969663236548e-07,0.0032752383279846652,9.811512825412388,0.0,0.0,0.001303263985691428,-0.9999406374357855,0.01089594440674292,0.0
19.728,1.0127073141974409e-07,0.003268237901796863,9.815790286959665,0.0,0.0,0.001297799088437265,-0.999940410966093,0.010916708155901336,0.0
19.744,1.0103084043181721e-07,0.0032459920803664063,9.822754426035631,0.0,0.0,0.0012926029499172624,-0.9999401849759517,0.010937388639863124,0.0
19.76,9.937136610881255e-08,0.003227926528502427,9.810595200345597,0.0,0.0,0.001287585873901176,-0.9999399594338929,0.010957989201698194,0.0
19.776,9.936835806788925e-08,0.0032149514276870825,9.8022553156004,0.0,0.0,0.0012829511528580644,-0.9999397343077463,0.010978513221460057,0.0
19.792,9.833900714902396e-08,0.003187470045605184,9.795549942055523,0.0,0.0,0.0012784880184245715,-0.9999395095646034,0.010998964119426344,0.0
19.808,9.697709047110116e-08,0.0032110854206262337,9.787704644550498,0.0,0.0,0.001274047186207636,-0.9999392851707786,0.011019345359528707,0.0
19.824,9.662173576617874e-08,0.003170435149036946,9.804384246129187,0.0,0.0,0.0012698149703585012,-0.9999390610917664,0.011039660452972107,0.0
19.84,9.667979407167473e-08,0.003166762004181911,9.785853567174895,0.0,0.0,0.0012658506383041528,-0.9999388372921975,0.011059912962073032,0.0
19.856,9.606173111906153e-08,0.0031739960134749543,9.832412258841622,0.0,0.0,0.001262384727518957,-0.9999386137357897,0.011080106504319275,0.0
19.872,9.472066153957188e-08,0.0031488114113550096,9.86133419739594,0.0,0.0,0.0012586088361001093,-0.9999383903852985,0.011100244756687278,0.0
19.888,9.456352244003634e-08,0.0031667619086206,9.872793998566992,0.0,0.0,0.001255379122467509,-0.99993816720246,0.011120331460217233,0.0
19.904,9.450172599559383e-08,0.0031220421593950525,9.75947329611742,0.0,0.0,0.0012525743387009512,-0.9999379441479338,0.011140370424885275,0.0
19.92,9.349219769236742e-08,0.0031370431051017263,9.854619583615312,0.0,0.0,0.00124980254313275,-0.9999377211812394,0.011160365534791588,0.0
19.936,9.43091520712741e-08,0.003133486158619112,9.805993339746484,0.0,0.0,0.0012473628442486607,-0.9999374982606887,0.011180320753685788,0.0
19.952,9.29881987720794e-08,0.0031285584890229875,9.782596315368247,0.0,0.0,0.0012451215681712306,-0.9999372753433143,0.011200240130865978,0.0
19.968,9.322689874126354e-08,0.003110179202886578,9.770381001887662,0.0,0.0,0.0012429500627165022,-0.9999370523847909,0.011220127807482976,0.0
19.984,9.235198414300681e-08,0.0031132007698392037,9.79652876272423,0.0,0.0,0.0012413066548153297,-0.999936829339352,0.01123998802328418,0.0
20.0,9.235325447171553e-08,0.003110009771435233,9.81487611934723,0.0,0.0,0.0012399270396948234,-0.999936606159701,0.01125982512383455,0.0
20.016000000000002,9.211922707699076e-08,0.0030947027632097428,9.782537777165283,0.0,0.0,0.001238542222317452,-0.9999363827969122,0.011279643568263343,0.0
20.032,9.185114984423952e-08,0.0030861227937285574,9.847208817784951,0.0,0.0,0.001237879432018256,-0.9999361592003291,0.011299447937583255,0.0
20.048000000000002,9.257633319273725e-08,0.0030844011448247907,9.800077431021187,0.0,0.0,0.0012374303634176784,-0.9999359353174498,0.011319242943631864,0.0
20.064,9.151776705731177e-08,0.0030995726700761557,9.861140778039164,0.0,0.0,0.001236890633318903,-0.9999357110938063,0.011339033438703598,0.0
20.080000000000002,9.214364375676582e-08,0.0030988833500055313,9.841284163792338,0.0,0.0,0.001237056838228354,-0.9999354864728329,0.011358824425925045,0.0
20.096,9.14866060155858e-08,0.0030951860231559695,9.837830306502878,0.0,0.0,0.001237405518071947,-0.999935261395724,0.011378621070465285,0.0
20.112000000000002,9.175947160145279e-08,0.0030935405675924857,9.830803221043793,0.0,0.0,0.0012380877850638856,-0.9999350358012792,0.011398428711648539,0.0
20.128,9.195239610109301e-08,0.003097100135993741,9.77643599641505,0.0,0.0,0.0012390526839607741,-0.9999348096257367,0.011418252876066395,0.0
20.144000000000002,9.178917759607786e-08,0.0030794665873224124,9.847114997946065,0.0,0.0,0.0012403554743029065,-0.9999345828025906,0.011438099291799906,0.0
20.16,9.251665294509254e-08,0.003112775677010684,9.859335102315429,0.0,0.0,0.0012423125652160638,-0.9999343552623937,0.011457973903854874,0.0
20.176000000000002,9.282791015515507e-08,0.003108663282763886,9.872367729635773,0.0,0.0,0.0012445545217665609,-0.9999341269325405,0.01147788289095123,0.0
20.192,9.32766771139434e-08,0.003124139070609622,9.895822336205335,0.0,0.0,0.0012467151488221328,-0.999933897737033,0.011497832683807118,0.0
20.208000000000002,9.363171061119733e-08,0.0030865079776905935,9.833305848732929,0.0,0.0,0.001250100494326143,-0.9999336675962234,0.011517829985088384,0.0
20.224,9.399500382342226e-08,0.0031234914067531723,9.816636421895815,0.0,0.0,0.0012532781111938905,-0.9999334364265314,0.011537881791205754,0.0
20.240000000000002,9.418315098546102e-08,0.0031576841655162227,9.841109540996866,0.0,0.0,0.0012574654458040184,-0.9999332041401364,0.011557995416179516,0.0
20.256,9.51776323158272e-08,0.003161505498134004,9.871943251147801,0.0,0.0,0.001261500550037792,-0.9999329706446378,0.01157817851780439,0.0
20.272000000000002,9.609841510319399e-08,0.003156742414055937,9.825409477235949,0.0,0.0,0.0012664317909529532,-0.9999327358426822,0.011598439126397218,0.0
20.288,9.583724541438742e-08,0.00319209965921362,9.833779762201377,0.0,0.0,0.0012716579328481553,-0.9999324996315526,0.01161878567644054,0.0
20.304000000000002,9.677954802695097e-08,0.003204107354081363,9.814942310780445,0.0,0.0,0.0012776841856150117,-0.9999322619027136,0.011639227041480373,0.0
20.32,9.866675375133511e-08,0.0031786498071364397,9.826807494946499,0.0,0.0,0.001284275915236611,-0.9999320225413092,0.011659772572690096,0.0
20.336000000000002,9.937754717766494e-08,0.0032173616436941966,9.871569501858275,0.0,0.0,0.0012913086853997898,-0.9999317814256061,0.01168043214158175,0.0
20.352,1.001130883143442e-07,0.003215153662670638,9.741408126100193,0.0,0.0,0.0012994746084454706,-0.9999315384263744,0.01170121618741032,0.0
20.368000000000002,1.0218292070576918e-07,0.003244111636188122,9.788806836793498,0.0,0.0,0.0013073459927883265,-0.9999312934061981,0.011722135769903915,0.0
20.384,1.0283579030103188e-07,0.0032466629492548887,9.82459372225694,0.0,0.0,0.0013167094711670382,-0.9999310462187061,0.011743202628067257,0.0
20.400000000000002,1.0401330900647712e-07,0.0032902956118847425,9.814101298793378,0.0,0.0,0.0013265332407341394,-0.9999307967077112,0.01176442924591215,0.0
20.416,-0.40810149847831084,0.0033290284756637956,9.824343164764088,0.0,0.0,0.00133730358593902,-0.9999305447062432,0.011785828926123294,0.0
20.432000000000002,-4.337272038321446,0.003435953139645996,9.8274027966967,0.0,0.0,0.0013490261803408205,-0.9999302900522422,0.011807414451890983,0.0
20.448,-2.7256674260760403,0.00332228727570092,9.813812081077375,0.0,0.0,0.001360627473198796,-0.999930032739233,0.011829185353033842,0.0
20.464000000000002,-3.2677079199524948,0.003304580808407832,9.766262275592018,0.0,0.0,0.001372513210554222,-0.9999297726967534,0.011851146552936615,0.0
20.48,-2.9538805199994704,0.0032633399631297475,9.803742437100373,0.0,0.0,0.0013847235840785187,-0.9999295098773007,0.01187330099598509,0.0
20.496,-3.0042610076403196,0.003205391181469113,9.785098392471454,0.0,0.0,0.00139708645928558,-0.9999292442217451,0.011895652572668298,0.0
20.512,-2.9008078035772624,0.003176456536450654,9.79294905137326,0.0,0.0,0.0014096760566139016,-0.9999289756729319,0.011918204968919778,0.0
20.528,-2.8495703853942023,0.0031293703365667274,9.833118711245127,0.0,0.0,0.0014225140662003826,-0.9999287041701641,0.011940962129426524,0.0
20.544,-2.783786416296831,0.003095088056081191,9.789384505142596,0.0,0.0,0.0014354053926054972,-0.9999284296512635,0.011963928082304428,0.0
20.56,-2.7482657671366257,0.003083355172596023,9.789869725029154,0.0,0.0,0.0014487936133726715,-0.9999281520516158,0.011987107017159947,0.0
20.576,-2.6569597252134205,0.00301218918366096,9.845643738770224,0.0,0.0,0.0014626494535923016,-0.9999278713044072,0.012010503263279258,0.0
20.592,-2.6145730701712924,0.0030002671677458745,9.801473023203103,0.0,0.0,0.0014762224971984663,-0.9999275873403766,0.012034121307921666,0.0
20.608,-2.5533636786134535,0.002981866580662025,9.82354825138676,0.0,0.0,0.001490496598782549,-0.9999273000877531,0.012057965799290235,0.0
20.624,-2.505065970969655,0.002934741809127662,9.791495851202297,0.0,0.0,0.0015046815947974844,-0.9999270094721089,0.012082041556188491,0.0
20.64,-2.458328851901877,0.002910503408265876,9.78749205579783,0.0,0.0,0.0015196497572321714,-0.9999267154162352,0.01210635357568176,0.0
20.656,-2.393953795875751,0.002884431128044647,9.818236324418065,0.0,0.0,0.0015343943758259835,-0.9999264178399989,0.012130907042253832,0.0
20.672,-2.366890347989675,0.0028313573595311384,9.805666452539624,0.0,0.0,0.0015501727543061005,-0.9999261166601932,0.012155707337129671,0.0
20.688,-2.298495349736109,0.002801801075242615,9.839667509141409,0.0,0.0,0.0015660004333138315,-0.9999258117903771,0.012180760048345859,0.0
20.704,-2.2516427274911988,0.0027863075906958256,9.791596234028933,0.0,0.0,0.0015820005717342423,-0.9999255031407075,0.012206070981400124,0.0
20.72,-2.2136152097277275,0.002730368171084868,9.841107265710038,0.0,0.0,0.0015986009468283028,-0.9999251906177566,0.012231646170614783,0.0
20.736,-2.1704681799036942,0.002721080502868434,9.799358052908696,0.0,0.0,0.0016156837932614551,-0.9999248741243195,0.01225749189123512,0.0
20.752,-2.122336307824186,0.0026938913445088116,9.796881616825932,0.0,0.0,0.0016328522116827596,-0.9999245535592081,0.012283614672337208,0.0
20.768,-2.089747444199172,0.002667642602793342,9.779474527714843,0.0,0.0,0.00165066766326496,-0.9999242288170305,0.012310021310595389,0.0
20.784,-2.02502723168251,0.0026160787067833944,9.800578544387111,0.0,0.0,0.0016688269345908342,-0.9999238997879553,0.012336718885001723,0.0
20.8,-1.9972935518415003,0.0026059703947238456,9.810834164815576,0.0,0.0,0.0016874619197846583,-0.9999235663574604,0.01236371477258856,0.0
20.816,-1.9442274326118758,0.002575532052935554,9.815400827458333,0.0,0.0,0.0017066732807438686,-0.999923228406062,0.012391016665264253,0.0
20.832,-1.904854458718675,0.0025464048628144604,9.736222626496975,0.0,0.0,0.0017263193597744845,-0.9999228858090249,0.012418632587839758,0.0
20.848,-1.8646865211527617,0.0025296050137740824,9.793762233204045,0.0,0.0,0.0017461289826979792,-0.9999225384360526,0.012446570917358072,0.0
20.864,-1.8289496468054447,0.0025150493438757544,9.78937414738325,0.0,0.0,0.0017670266013395785,-0.9999221861509521,0.01247484040383584,0.0
20.88,-1.7953096446319583,0.0024928178420105416,9.780233520005657,0.0,0.0,0.0017887034147179147,-0.999921828811274,0.012503450192547562,0.0
20.896,-1.7672361301836748,0.00246953979762363,9.750975562577503,0.0,0.0,0.001809980674351283,-0.9999214662679276,0.01253240984798669,0.0
20.912,-1.7197185362990766,0.0024459408827743868,9.768754022729118,0.0,0.0,0.001832881165001405,-0.9999210983647621,0.012561729379660554,0.0
20.928,-1.6788549819466179,0.0024214389296887974,9.912768909838334,0.0,0.0,0.0018557180446258812,-0.9999207249381172,0.012591419269891838,0.0
20.944,-1.6468616490827357,0.0023973738681062535,9.804629295099328,0.0,0.0,0.0018795488054708996,-0.9999203458163366,0.01262149050381027,0.0
20.96,-1.6110771111395414,0.002359233279403465,9.816526089095662,0.0,0.0,0.0019043617744115594,-0.9999199608192424,0.012651954601753595,0.0
20.976,-1.5789414149045775,0.002362755474645453,9.788497233993827,0.0,0.0,0.001929587789348771,-0.9999195697575651,0.012682823654305866,0.0
20.992,-1.5463848534321276,0.00234912008810105,9.827366314987223,0.0,0.0,0.0019557145129413516,-0.999919172432326,0.012714110360239006,0.0
21.008,-1.5175924311580453,0.0023237188684889307,9.806274414645593,0.0,0.0,0.0019823139716046378,-0.9999187686341677,0.01274582806764987,0.0
21.024,-1.4878925170363182,0.002300647745764979,9.864785942545366,0.0,0.0,0.002010445855411387,-0.9999183581426232,0.012777990818623039,0.0
21.04,-1.456467111560435,0.0022846536311904417,9.83771603478132,0.0,0.0,0.0020387769270226123,-0.9999179407253241,0.01281061339778296,0.0
21.056,-1.423012862878233,0.002278889907777127,9.800131170712218,0.0,0.0,0.002069171819744965,-0.9999175161371338,0.012843711385158607,0.0
21.072,-1.398639890640203,0.0022493440847977737,9.816754977640395,0.0,0.0,0.002099271201696964,-0.9999170841192027,0.012877301213815326,0.0
21.088,-1.3598877266307154,0.002259639936281146,9.777633371763343,0.0,0.0,0.002131630400915631,-0.9999166443979361,0.012911400232789657,0.0
21.104,-1.323319309168623,0.002225274987946472,9.822431060739422,0.0,0.0,0.0021644331456832132,-0.9999161966838607,0.01294602677592195,0.0
21.12,-1.3117273357400694,0.0022309142831855333,9.830148471278665,0.0,0.0,0.0021986082997230093,-0.999915740670383,0.012981200237253299,0.0
21.136,-1.2836647467582658,0.0022141928493963096,9.815547861418661,0.0,0.0,0.0022342506538739417,-0.9999152760324244,0.013016941153768877,0.0
21.152,-1.2474938596326408,0.002204593961092755,9.827733189326544,0.0,0.0,0.002271036218246147,-0.9999148024249186,0.01305327129634406,0.0
21.168,-1.2320779384507388,0.0021788210188485907,9.845148697745527,0.0,0.0,0.0023086543306537395,-0.9999143194811535,0.013090213769904492,0.0
21.184,-1.1995659686831288,0.002160834372162066,9.839368116372162,0.0,0.0,0.0023488945653385163,-0.9999138268109384,0.013127793123935146,0.0
21.2,-1.172761947983754,0.002170473636665389,9.889918575334368,0.0,0.0,0.002390251310889226,-0.9999133239985756,0.013166035474648369,0.0
21.216,-1.1481607051001657,0.0021759809362254076,9.81507437114313,0.0,0.0,0.002433458695643579,-0.9999128106006084,0.013204968640321588,0.0
21.232,-1.121170919328251,0.0021616207623038645,9.850567377683632,0.0,0.0,0.0024792136216151774,-0.999912286143317,0.01324462229153935,0.0
21.248,-1.095788604418693,0.002153362349358753,9.778061365765247,0.0,0.0,0.0025256228447536576,-0.9999117501199265,0.013285028118361273,0.0
21.264,-1.0754912364743232,0.0021481720235501972,9.78898805021955,0.0,0.0,0.002574921909324109,-0.9999112019874892,0.013326220016745107,0.0
21.28,-1.0577196217594307,0.0021384973185747036,9.810025486251522,0.0,0.0,0.0026258103160699724,-0.9999106411633901,0.01336823429695976,0.0
21.296,-1.0339949903665142,0.00214179191699932,9.784643824706075,0.0,0.0,0.0026798718113912002,-0.9999100670214247,0.013411109917164104,0.0
21.312,-1.0161670753843117,0.002130697081948075,9.818042665677165,0.0,0.0,0.0027363369387786965,-0.9999094788873819,0.013454888745891833,0.0
21.328,-0.9973828577047062,0.0021432766097122186,9.862433107610922,0.0,0.0,0.002795559623660109,-0.9999088760340568,0.013499615857841278,0.0
21.344,-0.9720072023561472,0.0021321505729837917,9.744481334575116,0.0,0.0,0.00285793330639281,-0.999908257675601,0.01354533986817392,0.0
21.36,-0.956465308402147,0.0021292295107908587,9.873487444063551,0.0,0.0,0.002923425434342089,-0.9999076229611052,0.013592113311483271,0.0
21.376,-0.9353657272584424,0.0021319285402354145,9.78793529935706,0.0,0.0,0.00299275565244109,-0.9999069709672863,0.013639993072811876,0.0
21.392,-0.9184027608974084,0.0021605986798825857,9.830972746518944,0.0,0.0,0.0030660863774875907,-0.9999063006901193,0.01368904087950414,0.0
21.408,-0.8967739862360302,0.0021461764915823296,9.763942737831153,0.0,0.0,0.003143107343563281,-0.9999056110352347,0.013739323864516768,0.0
21.424,-0.872172862410333,0.0021572074698296222,9.845605874359748,0.0,0.0,0.0032248367657497553,-0.9999049008068518,0.013790915214003018,0.0
21.44,-0.8547469174230626,0.0021603540020086495,9.879287033329812,0.0,0.0,0.0033116007613929106,-0.9999041686949753,0.013843894914749875,0.0
21.456,-0.838037308337044,0.002175184512374012,9.877501461665414,0.0,0.0,0.0034036065551286618,-0.9999034132605152,0.013898350620533313,0.0
21.472,-0.819542473808492,0.002180890488358962,9.83511657720364,0.0,0.0,0.0035028981218984075,-0.999902632917921,0.013954378660820858,0.0
21.488,-0.8081887548807414,0.0022132949287128837,9.828918343984752,0.0,0.0,0.0036065523009629627,-0.9999018259148066,0.014012085220834051,0.0
21.504,-0.7870034397329596,0.002234007035232567,9.76830005398551,0.0,0.0,0.0037197391649063964,-0.9999009903079317,0.014071587729095511,0.0
21.52,-0.7715214600424766,0.0022631971126943853,9.810018050320755,0.0,0.0,0.0038394050361575055,-0.9999001239347218,0.014133016497828546,0.0
21.536,-0.7489988406944001,0.0022750968657307214,9.738910725101745,0.0,0.0,0.003968925709231707,-0.9998992243793062,0.014196516673540263,0.0
21.552,-0.7430807960372278,0.0023078106448542637,9.902553129663486,0.0,0.0,0.004108956576825678,-0.9998982889317557,0.014262250570905707,0.0
21.568,-0.7213038412041093,0.0023384408355175044,9.859770161211513,0.0,0.0,0.004260021341170113,-0.9998973145388325,0.014330400483976363,0.0
21.584,-0.7112156471939884,0.002366208503223587,9.806878571937633,0.0,0.0,0.004423564965684044,-0.9998962977440407,0.014401172096773083,0.0
21.6,-0.6935830209962448,0.002413753189109061,9.769766816655121,0.0,0.0,0.004601950027983763,-0.9998952346140793,0.014474798653363923,0.0
21.616,-0.6798799693394819,0.0024775153400111946,9.806062266640895,0.0,0.0,0.00479747057012675,-0.9998941206478358,0.014551546099685326,0.0
21.632,-0.660016626309476,0.0025115348300035513,9.783291845084504,0.0,0.0,0.005011706657444989,-0.9998929506627203,0.014631719481956325,0.0
21.648,-0.6512644645563376,0.0025724336728203375,9.878345500704613,0.0,0.0,0.005247935886076139,-0.9998917186512487,0.014715670988861005,0.0
21.664,-0.641604925201802,0.00263969779689075,9.77338982150196,0.0,0.0,0.00550968383196885,-0.9998904175980539,0.014803810171359007,0.0
21.68,-0.6265365868262582,0.002702541405083021,9.816377921841106,0.0,0.0,0.005800434988622727,-0.9998890392435268,0.014896617087684564,0.0
21.696,-0.6108041030223418,0.0028061320691566043,9.811174963618178,0.0,0.0,0.006127783689749155,-0.999887573774333,0.014994659438541169,0.0
21.712,-0.5976123397488036,0.0028731769380295866,9.819877267325163,0.0,0.0,0.006498223200402806,-0.9998860094120083,0.015098615238806888,0.0
21.728,-5.027401046046576,0.007275462600323209,9.80313465721327,0.0,0.0,0.05450247374440786,-0.9998724637913522,0.015970477507309334,0.0
21.744,-4.9795099463191725,0.028381747541007467,9.834777038586196,0.0,0.0,0.1025032597126658,-0.9998449281693609,0.017610213343567927,0.0
21.76,-4.991161873788769,0.04167188784657766,9.886137443892338,0.0,0.0,0.15050742932048738,-0.999799624708062,0.020017752961265175,0.0
21.776,-4.988190959100464,0.04742651183728598,9.798212729579722,0.0,0.0,0.1984965235971754,-0.999731006772427,0.023192975181936065,0.0
21.792,-4.9786874906030265,0.04569408059191288,9.839382862637773,0.0,0.0,0.24651960534726633,-0.9996317594683772,0.0271356861375645,0.0
21.808,-3.19023588173262,0.02762564868591979,9.827344115827195,0.0,0.0,0.29448895048527046,-0.9994928005353778,0.03184559118539707,0.0
21.824,0.0,0.0,9.737894465258023,0.0,0.0,0.34247364412469167,-0.9993032817445661,0.037322260040634776,0.0
21.84,0.0,0.0,9.794432837508424,0.0,0.0,0.3905121026587796,-0.9990505909898114,0.0435650851360178,0.0
21.856,0.0,0.0,9.808487655457636,0.0,0.0,0.4384282899727011,-0.9987203552954517,0.05057323322199926,0.0
21.872,0.0,0.0,9.821928655896208,0.0,0.0,0.4865539118057157,-0.9982964450006907,0.05834559022739303,0.0
21.888,0.0,0.0,9.867671521444844,0.0,0.0,0.5343927580702968,-0.9977609794167356,0.06688069940839912,0.0
21.904,0.0,0.0,9.734556620119054,0.0,0.0,0.5824504436801267,-0.9970943342885892,0.07617669282395521,0.0
21.92,0.0,0.0,9.77342127678298,0.0,0.0,0.6304503967012394,-0.996275151428957,0.0862312161876967,0.0
21.936,0.0,0.0,9.821786888738682,0.0,0.0,0.6784576730507524,-0.9952803509268363,0.09704134716167946,0.0
21.952,0.0,0.0,9.835765041377257,0.0,0.0,0.7265143757766415,-0.9940851463679372,0.10860350717466219,0.0
21.968,0.0,0.0,9.78752506689042,0.0,0.0,0.7744500133321826,-0.9926630635379518,0.12091336686838385,0.0
21.984,0.0,0.0,9.812829197059944,0.0,0.0,0.8225397136397458,-0.9909859631127199,0.13396574529914307,0.0
22.0,0.0,0.0,9.801908921142742,0.0,0.0,0.8704542191038422,-0.9890240678712772,0.14775450304931947,0.0
22.016000000000002,0.0,0.0,9.799311501838158,0.0,0.0,0.9184778514053206,-0.9867459949984315,0.16227242943444045,0.0
22.032,0.0,0.0,9.809486051134597,0.0,0.0,0.9666252883537908,-0.9841187940726182,0.1775111240262307,0.0
22.048000000000002,0.0,0.0,9.758150987306845,0.0,0.0,1.0144389034686725,-0.9811079913620359,0.19346087275092977,0.0
22.064,0.0,0.0,9.805647860368303,0.0,0.0,1.0626175546127046,-0.9776776410771545,0.21011051886521717,0.0
22.080000000000002,0.0,0.0,9.844676337267613,0.0,0.0,1.1104035713392375,-0.9737903842502451,0.22744732915943436,0.0
22.096,0.0,0.0,9.812681689438005,0.0,0.0,1.1585113712897686,-0.9694075159322149,0.2454568557896329,0.0
22.112000000000002,0.0,0.0,9.733485758146035,0.0,0.0,1.206335632063515,-0.9644890614133161,0.26412279419629886,0.0
22.128,0.0,0.0,9.831612760070188,0.0,0.0,1.2544103648415112,-0.9589938621867659,0.2834268376285322,0.0
22.144000000000002,0.0,0.0,9.809110997825744,0.0,0.0,1.302577208652871,-0.9528796723824603,0.30334852885797137,0.0
22.16,0.0,0.0,9.888136292717503,0.0,0.0,1.3505175316883935,-0.9461032664012666,0.3238651097368378,0.0
22.176000000000002,0.0,0.0,9.83253227394671,0.0,0.0,1.3983368740427717,-0.9386205584782467,0.3449513693290465,0.0
22.192,0.0,0.0,9.804311154807191,0.0,0.0,1.4466580989099578,-0.9303867348950098,0.36657949142226,0.0
22.208000000000002,0.0,0.0,9.7705955944825,0.0,0.0,1.4946091650496496,-0.9213563995465863,0.3887189023118778,0.0
22.224,0.0,0.0,9.828652457175782,0.0,0.0,1.499929644343481,-0.9117631766721258,0.41071633722650214,0.0
22.240000000000002,0.0,0.0,9.848737392770786,0.0,0.0,1.5001073964708822,-0.9016448538222984,0.4324772335924356,0.0
22.256,0.0,0.0,9.734073999416863,0.0,0.0,1.499918668923657,-0.8910072583119326,0.4539890589380469,0.0
22.272000000000002,0.0,0.0,9.817083742284895,0.0,0.0,1.500210127846225,-0.8798565165138444,0.47523942423595594,0.0
22.288,0.0,0.0,9.817879384531802,0.0,0.0,1.5001640049272464,-0.8681990503305559,0.4962160910380888,0.0
22.304000000000002,0.0,0.0,9.780337550936942,0.0,0.0,1.5000545559412477,-0.8560415734958109,0.5169069785240052,0.0
22.32,0.0,0.0,9.876471677495594,0.0,0.0,1.5000859170288172,-0.8433910877080215,0.5373001704584508,0.0
22.336000000000002,0.0,0.0,9.782526852380723,0.0,0.0,1.499928725449975,-0.8302548785978707,0.5573839220541215,0.0
22.352,0.0,0.0,9.85566339943003,0.0,0.0,1.499769156250931,-0.816640511532393,0.5771466667356847,0.0
22.368000000000002,0.0,0.0,9.774185360205795,0.0,0.0,1.5001416977809714,-0.8025558272579507,0.5965770228011689,0.0
22.384,0.0,0.0,9.837351145573479,0.0,0.0,1.4999642372643813,-0.7880089373846141,0.6156637999768797,0.0
22.400000000000002,0.0,0.0,9.723870061319491,0.0,0.0,1.500365857061583,-0.7730082197145469,0.6343960058620693,0.0
22.416,0.0,0.0,9.804082886677985,0.0,0.0,1.5000225819658872,-0.7575623134170862,0.652762852259649,0.0
22.432000000000002,0.0,0.0,9.785932217112352,0.0,0.0,1.499960428039493,-0.7416801140532987,0.670753761389294,0.0
22.448,0.0,0.0,9.818900962131433,0.0,0.0,1.4998418499580097,-0.7253707684528748,0.6883583719793679,0.0
22.464000000000002,0.0,0.0,9.878980678412555,0.0,0.0,1.4999650712706596,-0.7086436694463129,0.7055665452341578,0.0
22.48,0.0,0.0,9.865835493440581,0.0,0.0,1.500076528635594,-0.6915084504554273,0.7223683706729788,0.0
22.496000000000002,0.0,0.0,9.92547988216733,0.0,0.0,1.4905830692625788,-0.6740858402455308,0.7386530173095328,0.0
22.512,0.0,0.0,9.773521465259897,0.0,0.0,1.4428151529105213,-0.656859048608909,0.7540133886481055,0.0
22.528,0.0,0.0,9.737038807726725,0.0,0.0,1.4173425906095023,-0.6395916689617365,0.7687148346394396,0.0
22.544,0.0,0.0,9.786576186902163,0.0,0.0,1.3802128928490534,-0.6224600535793944,0.7826515710697434,0.0
22.56,0.0,0.0,9.791850662062773,0.0,0.0,1.352440346562683,-0.6053810335774362,0.7959358040600479,0.0
22.576,0.0,0.0,9.798665530169048,0.0,0.0,1.3193162061270343,-0.5884444529557473,0.8085376464863039,0.0
22.592,0.0,0.0,9.800120477069536,0.0,0.0,1.2907665140261728,-0.5716197996146598,0.8205186193429718,0.0
22.608,0.0,0.0,9.829027106629665,0.0,0.0,1.2607856680283092,-0.5549552671964035,0.831880190538859,0.0
22.624,0.0,0.0,9.82027505028051,0.0,0.0,1.2324541107631475,-0.5384431345862818,0.8426618484403452,0.0
22.64,0.0,0.0,9.816229356432896,0.0,0.0,1.2040115866331764,-0.5221110034848779,0.8528775410573395,0.0
22.656,0.0,0.0,9.811414876722978,0.0,0.0,1.177037032738263,-0.5059602977291856,0.8625567674778245,0.0
22.672,0.0,0.0,9.862585603474173,0.0,0.0,1.1495728425288152,-0.49000794530019215,0.8717179667430768,0.0
22.688,0.0,0.0,9.826182811010447,0.0,0.0,1.1234747364353475,-0.47425840168226474,0.8803856929969864,0.0
22.704,0.0,0.0,9.784278930179482,0.0,0.0,1.097887774949143,-0.45872264967519116,0.8885795016063401,0.0
22.72,0.0,0.0,9.754631207109435,0.0,0.0,1.072617931650726,-0.44340553045825226,0.8963211118561449,0.0
22.736,0.0,0.0,9.763247212976921,0.0,0.0,1.0479966739559035,-0.42831439700074037,0.9036297789038895,0.0
22.752,0.0,0.0,9.76586753892176,0.0,0.0,1.0239184246320072,-0.4134534090330402,0.9105252761779642,0.0
22.768,0.0,0.0,9.809162450226477,0.0,0.0,1.0003995784948874,-0.39882747984780526,0.9170259763595842,0.0
22.784,0.0,0.0,9.840906280908085,0.0,0.0,0.9772718036413545,-0.3844397279926827,0.9231500937230696,0.0
22.8,0.0,0.0,9.758046283455279,0.0,0.0,0.9548487074815486,-0.3702932870496171,0.9289148946841093,0.0
22.816,0.0,0.0,9.85858995920646,0.0,0.0,0.9326152173147358,-0.3563901827500694,0.9343372183742721,0.0
22.832,0.0,0.0,9.839675701535459,0.0,0.0,0.9111864769679681,-0.34273217308559734,0.9394331575647222,0.0
22.848,0.0,0.0,9.841587505477527,0.0,0.0,0.8900356822166691,-0.329320265977057,0.9442182811282573,0.0
22.864,0.0,0.0,9.798463934712162,0.0,0.0,0.8693199859013153,-0.31615511879801633,0.9487075106995899,0.0
22.88,0.0,0.0,9.86771840004715,0.0,0.0,0.8490837163574902,-0.3032368418469684,0.9529152206501253,0.0
22.896,0.0,0.0,9.832041827108466,0.0,0.0,0.8294743285035591,-0.290565196682709,0.9568551961904888,0.0
22.912,0.0,0.0,9.770561778357212,0.0,0.0,0.8101303270905875,-0.27813952556889726,0.9605406833217991,0.0
22.928,0.0,0.0,9.821612633234434,0.0,0.0,0.7910923904995334,-0.2659588568744656,0.9639843808122762,0.0
22.944,0.0,0.0,9.807126549859884,0.0,0.0,0.7726604375194599,-0.254021888767136,0.9671984698225989,0.0
22.96,0.0,0.0,9.832580563183434,0.0,0.0,0.7545174301326554,-0.24232705068114582,0.9701946199130244,0.0
22.976,0.0,0.0,9.829729964688209,0.0,0.0,0.736880622877121,-0.23087250926470604,0.9729840103854833,0.0
22.992,0.0,0.0,9.768086363974064,0.0,0.0,0.7195021077375366,-0.21965620818909212,0.9755773419898549,0.0
23.008,0.0,0.0,9.799538539827937,0.0,0.0,0.70263224698629,-0.20867588222280595,0.9779848547797321,0.0
23.024,0.0,0.0,9.79653601378032,0.0,0.0,0.6859193066092086,-0.19792908560784306,0.9802163419727522,0.0
23.04,0.0,0.0,9.863407567669476,0.0,0.0,0.6698259279105461,-0.18741320814392967,0.9822811661704607,0.0
23.056,0.0,0.0,9.760944150776972,0.0,0.0,0.6539072659486718,-0.17712549692356305,0.9841882738275136,0.0
23.072,0.0,0.0,9.79389369423021,0.0,0.0,0.6384889780828643,-0.16706307188437644,0.9859462105067173,0.0
23.088,0.0,0.0,9.833736664411674,0.0,0.0,0.623191095625606,-0.15722294323592617,0.9875631352578086,0.0
23.104,0.0,0.0,9.856675942390613,0.0,0.0,0.6084822261654582,-0.14760202552059604,0.9890468351206718,0.0
23.12,0.0,0.0,9.807207976660404,0.0,0.0,0.5940281784956923,-0.13819715194388216,0.9904047390812504,0.0
23.136,0.0,0.0,9.899223470991622,0.0,0.0,0.5798157584607323,-0.1290050866739779,0.9916439318688132,0.0
23.152,0.0,0.0,9.777483066570387,0.0,0.0,0.5657895219871818,-0.12002253676728908,0.9927711673230366,0.0
23.168,0.0,0.0,9.761967708592387,0.0,0.0,0.5522014165402277,-0.11124616272783758,0.9937928814789989,0.0
23.184,0.0,0.0,9.856125513884797,0.0,0.0,0.538938502337016,-0.1026725884704462,0.9947152052606708,0.0
23.2,0.0,0.0,9.82563671199732,0.0,0.0,0.5259229333609686,-0.09429841027516607,0.9955439768385809,0.0
23.216,0.0,0.0,9.804959909083578,0.0,0.0,0.5132842781554016,-0.08612020510383632,0.9962847536085621,0.0
23.232,0.0,0.0,9.862392484583227,0.0,0.0,0.5007855612719277,-0.07813453812110391,0.9969428238131822,0.0
23.248,0.0,0.0,9.832884567867598,0.0,0.0,0.48862183215627597,-0.07033796960957077,0.997523217790545,0.0
23.264,0.0,0.0,9.729744600152667,0.0,0.0,0.4767976438621239,-0.06272706123193472,0.9980307188604995,0.0
23.28,0.0,0.0,9.821111906139452,0.0,0.0,0.4650987037458734,-0.05529838174608528,0.9984698738451072,0.0
23.296,0.0,0.0,9.831500824000347,0.0,0.0,0.4537607749344496,-0.04804851217224504,0.9988450032302479,0.0
23.312,0.0,0.0,9.71664340200935,0.0,0.0,0.4426041678652729,-0.04097405047840375,0.9991602109708899,0.0
23.328,0.0,0.0,9.69839976224609,0.0,0.0,0.43171482999610145,-0.03407161580125175,0.9994193939466514,0.0
23.344,0.0,0.0,9.820843982071288,0.0,0.0,0.42096976471940606,-0.027337852248444313,0.9996262510730909,0.0
23.36,0.0,0.0,9.786148024790911,0.0,0.0,0.41065397070549275,-0.020769432305532395,0.9997842920758987,0.0
23.376,0.0,0.0,9.804700899429447,0.0,0.0,0.4003919199036133,-0.01436305988227933,0.9998968459350285,0.0
23.392,0.0,0.0,9.809971044541536,0.0,0.0,0.39042505237278646,-0.008115473022025628,0.9999670690065893,0.0
23.408,4.983216897621952,-0.027454974086693062,9.770175666383947,0.0,0.0,0.34250934767709085,-0.002635560778651624,0.99999652690366,0.0
23.424,4.998899007243827,0.0038121616757715005,9.787598235679527,0.0,0.0,0.29453297489348196,0.0020764379505542343,0.9999978442003951,0.0
23.44,4.997540279797949,0.027328276750205764,9.825906493672916,0.0,0.0,0.24649091423231165,0.006020409951686569,0.9999818771677883,0.0
23.456,4.991766854657905,0.043435523839375344,9.822041876225272,0.0,0.0,0.19849377179400965,0.009196326011146302,0.9999577128998491,0.0
23.472,4.985848445739914,0.05131354629746122,9.78720222365261,0.0,0.0,0.1504906471649552,0.01160420602103974,0.9999326689345744,0.0
23.488,4.987405491865176,0.05212107024620844,9.78551521533788,0.0,0.0,0.10249845109286343,0.01324409087983595,0.9999122931821404,0.0
23.504,4.979993812928935,0.04475521947464153,9.824404365454853,0.0,0.0,0.05450387027639116,0.014116021188061868,0.9999003640092438,0.0
23.52,4.988675654586311,0.02997224985927365,9.797431577913628,0.0,0.0,0.006501086936807677,0.01422002273885707,0.9998988903650741,0.0
23.536,4.981575806093792,0.005645548925200568,9.822818881671106,0.0,0.0,-0.018937175188702016,0.013917065237371205,0.9999031529579148,0.0
23.552,4.974192894522424,-0.012127078910042922,9.798290371775396,0.0,0.0,-0.018648078503939906,0.013618727842144296,0.9999072608257036,0.0
23.568,4.975917592595144,-0.013363643721479159,9.87423579110688,0.0,0.0,-0.018364591829973312,0.013324915211260356,0.9999112193763068,0.0
23.584,4.987777907510549,-0.014756339899394136,9.709990480993921,0.0,0.0,-0.018090234667155897,0.01303553414695289,0.9999150338151257,0.0
23.6,5.022390306399196,-0.015971864520961776,9.760451125464801,0.0,0.0,-0.017818897034001305,0.01275049353638893,0.9999187091531884,0.0
23.616,4.981746537548243,-0.017228626098466995,9.83110450833996,0.0,0.0,-0.017550053358836255,0.012469704294258269,0.9999222502148923,0.0
23.632,5.013668157141866,-0.018258419563800764,9.808080224893,0.0,0.0,-0.017290954211876458,0.012193079306916856,0.9999256616454122,0.0
23.648,4.98016707191632,-0.0194852364922178,9.786618263703012,0.0,0.0,-0.01703549675721633,0.011920533378403072,0.9999289479177882,0.0
23.664,4.999912162145127,-0.020483642078565418,9.748717082567541,0.0,0.0,-0.016788218953084046,0.011651983177966932,0.9999321133397109,0.0
23.68,5.00471966679749,-0.021694581230976357,9.758864074891612,0.0,0.0,-0.016538925920126138,0.011387347189021853,0.9999351620600191,0.0
23.696,4.973511453943446,-0.022461855113136222,9.85585119682367,0.0,0.0,-0.016302185050565122,0.011126545659801739,0.9999380980749162,0.0
23.712,4.963695345846266,-0.023502118743018746,9.85389576602134,0.0,0.0,-0.016066126183364747,0.01086950055515482,0.9999409252339267,0.0
23.728,4.989968046397062,-0.024525819044633298,9.876537455252507,0.0,0.0,-0.015834581834853534,0.010616135510086555,0.9999436472455993,0.0
23.744,5.017149051295652,-0.025291319893231117,9.847545717247565,0.0,0.0,-0.01561093009292032,0.010366375784283123,0.9999462676829686,0.0
23.76,5.049641476663356,-0.02616123890028328,9.827514976969187,0.0,0.0,-0.015388716515388388,0.010120148218010052,0.9999487899887901,0.0
23.776,5.006395007553367,-0.02700881093516845,9.844870841513014,0.0,0.0,-0.015172300787619344,0.009877381189414284,0.9999512174805526,0.0
23.792,5.0122408144644695,-0.027779576550434826,9.813265399032375,0.0,0.0,-0.014964888581822476,0.009638004572714217,0.9999535533552828,0.0
23.808,5.014180978199721,-0.02855356319439561,9.746792951272555,0.0,0.0,-0.014754762941458596,0.009401949697797748,0.9999558006941509,0.0
23.824,4.96142456286673,-0.029521720817213028,9.819042998302779,0.0,0.0,-0.01455174911448671,0.009169149310703598,0.999957962466882,0.0
23.84,5.009958363338651,-0.030177600610314294,9.85961438423519,0.0,0.0,-0.014352249876363334,0.008939537535306451,0.999960041535988,0.0
23.856,5.015904551865094,-0.03094020969984904,9.844905101895872,0.0,0.0,-0.014154512960640358,0.008713049835793452,0.999962040660824,0.0
23.872,4.985267546872022,-0.031613472550643416,9.827146898664283,0.0,0.0,-0.013963747608717906,0.008489622980703132,0.9999639625014721,0.0
23.888,5.007520875647527,-0.032493375461872566,9.811624544329492,0.0,0.0,-0.013775881574039726,0.008269195006905388,0.9999658096224779,0.0
23.904,1.2452671872855021,-0.03366287762031115,9.777102790620111,0.0,0.0,-0.013592853737148098,0.008051705185426295,0.9999675844964211,0.0
23.92,1.102108821292788e-05,-0.034057446653110626,9.792087731919505,0.0,0.0,-0.013412964676597935,0.007837108108048243,0.9999692893966808,0.0
23.936,1.0635613671127788e-05,-0.033426259786173286,9.817603522637286,0.0,0.0,-0.013233389630324275,0.007625363747722843,0.999970926491223,0.0
23.952,1.0465049038097233e-05,-0.03298854838202247,9.789450516048673,0.0,0.0,-0.013057364173411343,0.007416432642224626,0.9999724978852486,0.0
23.968,1.0140021181380154e-05,-0.03256138505501749,9.906078855129724,0.0,0.0,-0.012884221989191695,0.007210275886375728,0.9999740056229676,0.0
23.984,9.905692018206255e-06,-0.0322561021395572,9.832958129665137,0.0,0.0,-0.012712595282097009,0.007006855123386189,0.9999754516893303,0.0
24.0,9.542285216502117e-06,-0.03181138451376636,9.818225307261917,0.0,0.0,-0.012545751573589859,0.006806132537589912,0.9999768380117016,0.0
24.016000000000002,9.346470494914226e-06,-0.031525814008073534,9.821507787334019,0.0,0.0,-0.012379274928527131,0.006608070846570318,0.9999781664614916,0.0
24.032,9.120701048058717e-06,-0.031063493280397442,9.785394004150126,0.0,0.0,-0.012216220886070236,0.006412633293484029,0.9999794388557414,0.0
24.048000000000002,8.838306603343775e-06,-0.030611072462918804,9.813365169864737,0.0,0.0,-0.01205250615081863,0.0062197836395235535,0.9999806569586621,0.0
24.064,8.663149938810354e-06,-0.03012381447140525,9.849772888833433,0.0,0.0,-0.01189531307609729,0.006029486156659136,0.9999818224831323,0.0
24.080000000000002,8.425212084040654e-06,-0.029810054456954043,9.821202510805973,0.0,0.0,-0.011736410622690024,0.005841705620221882,0.9999829370921521,0.0
24.096,8.156009264561482e-06,-0.029280913630975583,9.804015870387365,0.0,0.0,-0.011582665003633183,0.005656407301631257,0.9999840024002574,0.0
24.112000000000002,7.97832750729073e-06,-0.02903574490907982,9.77983038415311,0.0,0.0,-0.011428005195533606,0.005473556961567651,0.9999850199748936,0.0
24.128,7.671685924920355e-06,-0.02864004797558694,9.797820336166687,0.0,0.0,-0.01128035289110292,0.005293120842791772,0.9999859913377507,0.0
24.144000000000002,7.557063322134355e-06,-0.02814526169484702,9.745552524476388,0.0,0.0,-0.011128202589984842,0.005115065663229723,0.9999869179660607,0.0
24.16,7.345303289476581e-06,-0.028069552467767784,9.798842078336603,0.0,0.0,-0.010981394686858607,0.004939358609309885,0.9999878012938601,0.0
24.176000000000002,7.151690311745308e-06,-0.027607594445755293,9.813539756613135,0.0,0.0,-0.010837622985330912,0.004765967329245999,0.9999886427132143,0.0
24.192,6.95500362965039e-06,-0.026880938811395916,9.840486371652517,0.0,0.0,-0.010695176736444822,0.004594859926441671,0.9999894435754093,0.0
24.208000000000002,6.778493068857487e-06,-0.026566986989695143,9.818125229487215,0.0,0.0,-0.010553152544397365,0.004426004952839934,0.9999902051921096,0.0
24.224,6.5419725908071225e-06,-0.02636729666909646,9.781242225584402,0.0,0.0,-0.01041391604667121,0.004259371402814031,0.9999909288364837,0.0
24.240000000000002,6.487247051991497e-06,-0.026027097148372962,9.77675422937161,0.0,0.0,-0.010277008702452975,0.004094928706431214,0.9999916157442967,0.0
24.256,6.309682617717595e-06,-0.02554156380609592,9.745273992044815,0.0,0.0,-0.010141789193041033,0.0039326467236844905,0.9999922671149746,0.0
24.272000000000002,6.109870181545471e-06,-0.025444356833362262,9.805705284988145,0.0,0.0,-0.010009930864507077,0.003772495738184983,0.9999928841126348,0.0
24.288,5.93970738055199e-06,-0.025050822997606473,9.793917072115468,0.0,0.0,-0.009878264627944354,0.0036144464509625628,0.9999934678670922,0.0
24.304000000000002,5.804087198270197e-06,-0.024827296486240446,9.77271145365878,0.0,0.0,-0.009748704415470148,0.0034584699746183847,0.999994019474834,0.0
24.32,5.665956919744533e-06,-0.0244911568782102,9.808640692147364,0.0,0.0,-0.009620556603442259,0.003304537827619333,0.9999945399999671,0.0
24.336000000000002,5.520443478768633e-06,-0.024071854627120335,9.870237200754232,0.0,0.0,-0.009494613104246126,0.003152621928150247,0.9999950304751412,0.0
24.352,5.355271174177509e-06,-0.023709938063717247,9.835028845287761,0.0,0.0,-0.009370723604692828,0.0030026945887692688,0.9999954919024419,0.0
24.368000000000002,5.216369675376758e-06,-0.02354168159381305,9.80643265603835,0.0,0.0,-0.009248533101582827,0.0028547285105201747,0.9999959252542638,0.0
24.384,5.0854385649693066e-06,-0.023089227027724053,9.783478884847389,0.0,0.0,-0.009127964839873005,0.0027086967776682775,0.9999963314741545,0.0
24.400000000000002,4.965514950630684e-06,-0.022863602957767883,9.804147656965709,0.0,0.0,-0.009005861652816836,0.002564572851813266,0.9999967114776367,0.0
24.416,4.804447126017138e-06,-0.022450030158104855,9.756431778017822,0.0,0.0,-0.008889670552649418,0.0024223305668271845,0.9999970661530088,0.0
24.432000000000002,4.7079800346579225e-06,-0.02214202534365097,9.83367399458535,0.0,0.0,-0.00877373645633047,0.0022819441236732897,0.9999973963621189,0.0
24.448,4.578700146180983e-06,-0.021889374498512533,9.859508331696148,0.0,0.0,-0.008659224634039939,0.002143388084475873,0.9999977029411214,0.0
24.464000000000002,4.465441711400628e-06,-0.021799500469938813,9.826911156816088,0.0,0.0,-0.008546977938454606,0.00200663736862689,0.9999979867012088,0.0
24.48,4.327582228127571e-06,-0.0214122490000882,9.818142507836487,0.0,0.0,-0.008436190909782992,0.0018716672463196587,0.9999982484293257,0.0
24.496000000000002,4.261930636652404e-06,-0.021112030119944634,9.734184542020234,0.0,0.0,-0.00832568292712147,0.001738453334270589,0.9999984888888606,0.0
24.512,4.0953572645576905e-06,-0.02081358192169814,9.823352191414665,0.0,0.0,-0.008218078799086459,0.0016069715908000606,0.9999987088203196,0.0
24.528000000000002,4.0061490935326174e-06,-0.02043820616178274,9.799352711140003,0.0,0.0,-0.008110202639346462,0.001477198311087577,0.9999989089419798,0.0
24.544,3.907442755099151e-06,-0.020307382893173277,9.75816009582547,0.0,0.0,-0.008004727071113708,0.0013491101210879562,0.9999990899505267,0.0
24.560000000000002,3.817870934343731e-06,-0.020020227769356223,9.820669560496595,0.0,0.0,-0.007901638052103829,0.0012226839753188105,0.9999992525216689,0.0
24.576,3.7273254502778057e-06,-0.01981300188331116,9.773180287028646,0.0,0.0,-0.0077988451056854955,0.0010978971499072882,0.9999993973107425,0.0
24.592,3.5962765175355442e-06,-0.019423873041849102,9.85425470419092,0.0,0.0,-0.007697856104542294,0.0009747272384444982,0.9999995249532925,0.0
24.608,3.538090487323066e-06,-0.0192558960561175,9.788704736352067,0.0,0.0,-0.007598662539482593,0.0008531521483026942,0.9999996360656397,0.0
24.624,3.4578005322923267e-06,-0.018860761413316968,9.827424820804836,0.0,0.0,-0.007500379657023744,0.0007331500960543814,0.9999997312454322,0.0
24.64,3.3525558155065213e-06,-0.018637714865369758,9.858564663494773,0.0,0.0,-0.007403045131237437,0.0006146996028226041,0.9999998110721813,0.0
24.656,3.2561524682659376e-06,-0.018467068572645906,9.840135624517297,0.0,0.0,-0.007307418433140977,0.0004977794875505504,0.9999998761077834,0.0
24.672,3.181267997089237e-06,-0.01824351092700029,9.81547708319523,0.0,0.0,-0.007211722777161979,0.0003823688698878135,0.999999926897021,0.0
24.688,3.079622565603606e-06,-0.018038616232368514,9.842513648262546,0.0,0.0,-0.007120333306324523,0.0002684471533333332,0.9999999639680625,0.0
24.704,3.0321963887501476e-06,-0.01776358063933698,9.890565014619243,0.0,0.0,-0.007028296627899864,0.00015599403787095077,0.9999999878329302,0.0
24.72,2.9271352578878627e-06,-0.017574146782480496,9.754586567456567,0.0,0.0,-0.00693839371846754,4.4989505315347155e-05,0.9999999989879722,0.0
24.736,2.861641814464764e-06,-0.017391662288060113,9.73806817638243,0.0,0.0,-0.006849306853495915,-6.458619834097886e-05,0.9999999979143115,0.0
24.752,2.776359218741677e-06,-0.017089575879645463,9.7500858454881,0.0,0.0,-0.006760820394033783,-0.00017275252530785982,0.9999999850782826,0.0
24.768,2.7349162195748647e-06,-0.016937935374716863,9.775053075818086,0.0,0.0,-0.006673987248481658,-0.0002795286770860865,0.9999999609318586,0.0
24.784,2.652000936994195e-06,-0.016561529185188696,9.819811012762287,0.0,0.0,-0.006587386823436512,-0.0003849335799603207,0.999999925913067,0.0
24.8,2.5802151313009968e-06,-0.016422926646754432,9.786923566719658,0.0,0.0,-0.006502634892709249,-0.0004889858963408157,0.9999998804463894,0.0
24.816,2.522670088738961e-06,-0.016281823102629416,9.74681163480805,0.0,0.0,-0.006418490959628565,-0.0005917040297640203,0.9999998249431553,0.0
24.832,2.4575213200357304e-06,-0.01604737304079119,9.798093583424343,0.0,0.0,-0.006336972217287706,-0.0006931061269136726,0.9999997598019196,0.0
24.848,2.37398577671434e-06,-0.01587577002128273,9.83696461161155,0.0,0.0,-0.0062567479004018095,-0.0007932100830401844,0.9999996854088328,0.0
24.864,2.3178709422597123e-06,-0.015623795702946777,9.819220793046462,0.0,0.0,-0.006175594001688156,-0.0008920335424144779,0.9999996021380004,0.0
24.88,2.275192811593718e-06,-0.015473900072684085,9.858840515301898,0.0,0.0,-0.006097481832951793,-0.0009895939038337181,0.9999995103518329,0.0
24.896,2.1972655725409192e-06,-0.015239278631400573,9.81303874168336,0.0,0.0,-0.0060205605579518795,-0.0010859083253338747,0.9999994104013809,0.0
24.912,2.163806943081788e-06,-0.0149812286648314,9.831989948243372,0.0,0.0,-0.005943356191995343,-0.0011809937257978103,0.9999993026266667,0.0
24.928,2.1018189378576432e-06,-0.014889133793203757,9.771321984962158,0.0,0.0,-0.005867441278323853,-0.0012748667880556831,0.9999991873570062,0.0
24.944,2.052839586561405e-06,-0.014710698847878354,9.761431676032316,0.0,0.0,-0.005792206682649154,-0.0013675439638778668,0.9999990649113164,0.0
24.96,1.9951137036792328e-06,-0.014499632868610139,9.812401432168492,0.0,0.0,-0.005718505409052977,-0.0014590414762212834,0.9999989355984189,0.0
24.976,1.9489512193575598e-06,-0.014255002542175476,9.824400392343138,0.0,0.0,-0.0056462891912223,-0.0015493753225962938,0.9999987997173347,0.0
24.992,1.918937942837475e-06,-0.014147328111361964,9.828081482602427,0.0,0.0,-0.005573767207119643,-0.0016385612778852957,0.9999986575575682,0.0
25.008,1.842283476632693e-06,-0.013896723039316976,9.840876524314154,0.0,0.0,-0.005503283274738436,-0.001726614898729837,0.9999985093993848,0.0
25.024,1.792579015823367e-06,-0.013730781372747004,9.883141623797952,0.0,0.0,-0.005433069604333783,-0.0018135515251471092,0.9999983555140807,0.0
25.04,1.7564077169003012e-06,-0.013612361776176283,9.820021321191705,0.0,0.0,-0.0053643852629707296,-0.0018993862850457258,0.9999981961642433,0.0
25.056,1.71024980230815e-06,-0.013440863589858389,9.822102319056247,0.0,0.0,-0.005297130299960011,-0.001984134095479966,0.9999980316040085,0.0
25.072,1.6628736294198968e-06,-0.013338142165012223,9.825038162919046,0.0,0.0,-0.005229722244740922,-0.002067809667684395,0.999997862079304,0.0
25.088,1.626495820749351e-06,-0.013058715216887324,9.827440039676551,0.0,0.0,-0.005163462024379448,-0.0021504275081217993,0.9999976878280931,0.0
25.104,1.5830072220798503e-06,-0.01289007621585823,9.85785195781344,0.0,0.0,-0.005097973470203649,-0.0022320019226313927,0.9999975090806064,0.0
25.12,1.5518964911012052e-06,-0.01273566890823775,9.856965167690477,0.0,0.0,-0.005033054479145201,-0.0023125470191357553,0.9999973260595671,0.0
25.136,1.510195361733897e-06,-0.012598030378928529,9.772561084372505,0.0,0.0,-0.00497066771010244,-0.002392076709321819,0.9999971389804156,0.0
25.152,1.4718370180453932e-06,-0.012432206617612426,9.862610748298478,0.0,0.0,-0.004908423099002615,-0.0024706047130025393,0.9999969480515188,0.0
25.168,1.4273900397750477e-06,-0.012323181312111579,9.81988636740163,0.0,0.0,-0.004845846246137734,-0.0025481445599342717,0.9999967534743809,0.0
25.184,1.3925761823049569e-06,-0.01211717732147296,9.735087574218406,0.0,0.0,-0.004784774338622042,-0.002624709592555627,0.9999965554438449,0.0
25.2,1.3673003278741467e-06,-0.011916535764717663,9.83573522053923,0.0,0.0,-0.004725321064742057,-0.002700312968856635,0.999996354148289,0.0
25.216,1.3266265427962257e-06,-0.011877221598975857,9.808834558583687,0.0,0.0,-0.004666578469210733,-0.0027749676647652217,0.9999961497698177,0.0
25.232,1.2926447173067462e-06,-0.011599872966466621,9.804774719723383,0.0,0.0,-0.004608013694952489,-0.002848686477123871,0.999995942484446,0.0
25.248,1.2600158170349934e-06,-0.011558715730832243,9.866809629859297,0.0,0.0,-0.004549691197489756,-0.0029214820256779728,0.9999957324622809,0.0
25.264,1.2376079001222824e-06,-0.011306968751328642,9.84932689685677,0.0,0.0,-0.004492577034694731,-0.0029933667557718643,0.999995519867697,0.0
25.28,1.2056658415277663e-06,-0.011260656759288482,9.917696154635353,0.0,0.0,-0.004435565383934982,-0.003064352941820765,0.9999953048595018,0.0
25.296,1.1674938481483258e-06,-0.011039065521931828,9.83621285018043,0.0,0.0,-0.004380585675722132,-0.003134452687510774,0.999995087591109,0.0
25.312,1.135724797524151e-06,-0.010918210504825393,9.782614644695473,0.0,0.0,-0.004326162236976648,-0.0032036779304732456,0.9999948682106913,0.0
25.328,1.119911432744622e-06,-0.010778223244363692,9.794581388926748,0.0,0.0,-0.004273029047026784,-0.0032720404430662776,0.9999946468613414,0.0
25.344,1.0826802033093437e-06,-0.010669139691880405,9.852181830716574,0.0,0.0,-0.004219347474168619,-0.0033395518359775494,0.9999944236812197,0.0
25.36,1.061264059173145e-06,-0.010575572638703451,9.784818379554347,0.0,0.0,-0.004167287326656649,-0.0034062235592014775,0.9999941988037054,0.0
25.376,1.030001400356621e-06,-0.010450596629691819,9.751917669854546,0.0,0.0,-0.00411564927712344,-0.003472066905509014,0.9999939723575356,0.0
25.392,1.0020860395284225e-06,-0.010263871502756641,9.683775390719381,0.0,0.0,-0.004063653477066679,-0.003537093011969192,0.9999937444669467,0.0
25.408,9.874115330934388e-07,-0.010157433663293367,9.797336380518033,0.0,0.0,-0.004013106208003861,-0.0036013128621425047,0.9999935152518087,0.0
25.424,9.591376249431205e-07,-0.01008459398169952,9.802677475744368,0.0,0.0,-0.003963277880131049,-0.0036647372886460202,0.9999932848277558,0.0
25.44,9.334511504651196e-07,-0.009906244096372087,9.79785380277461,0.0,0.0,-0.00391528583953392,-0.0037273769750000006,0.999993053306315,0.0
25.456,9.138732728374046e-07,-0.009828406371851494,9.877155326659157,0.0,0.0,-0.0038668961138621956,-0.0037892424578020506,0.9999928207950275,0.0
25.472,8.909832780995095e-07,-0.009668848614248186,9.800076178459756,0.0,0.0,-0.003818840808122485,-0.0038503441290994745,0.9999925873975705,0.0
25.488,8.64228235652345e-07,-0.009571070012524448,9.805057934458342,0.0,0.0,-0.0037714703402916146,-0.00391069223759856,0.9999923532138749,0.0
25.504,8.504296156363929e-07,-0.009446627631081029,9.840744723301109,0.0,0.0,-0.003725094150209538,-0.003970296891540276,0.9999921183402363,0.0
25.52,8.261263880413839e-07,-0.009349757021116175,9.81390124296072,0.0,0.0,-0.003679159301645192,-0.004029168060444225,0.9999918828694264,0.0
25.536,8.047207865724328e-07,-0.009194373874443128,9.856885804197423,0.0,0.0,-0.003634397569016087,-0.004087315576834464,0.9999916468908007,0.0
25.552,7.891835839913523e-07,-0.009121749486336124,9.845689055018925,0.0,0.0,-0.0035901040747856757,-0.004144749138395704,0.9999914104904001,0.0
25.568,7.707188263386961e-07,-0.008963488337012153,9.824139847339179,0.0,0.0,-0.003545560727836911,-0.00420147831000814,0.999991173751054,0.0
25.584,7.491204233250961e-07,-0.008844303354928203,9.838282873180798,0.0,0.0,-0.00350228775792196,-0.004257512525273168,0.9999909367524775,0.0
25.6,7.328659003757183e-07,-0.008763017208024953,9.792951117250388,0.0,0.0,-0.003460155114319835,-0.0043128610884167655,0.9999906995713672,0.0
25.616,7.112531958845551e-07,-0.008662077956881105,9.773191628974711,0.0,0.0,-0.0034171363516546215,-0.0043675331765524,0.9999904622814918,0.0
25.632,6.897649302815221e-07,-0.008526936235304042,9.877764195619886,0.0,0.0,-0.003375211729682306,-0.0044215378408823496,0.9999902249537851,0.0
25.648,6.762799394567163e-07,-0.008459789333368717,9.849663038588234,0.0,0.0,-0.003334066917857688,-0.004474884009026291,0.9999899876564295,0.0
25.664,6.611188590485981e-07,-0.00827734933590731,9.79041822369875,0.0,0.0,-0.003293696222670133,-0.004527580486043854,0.9999897504549446,0.0
25.68,6.449962100842578e-07,-0.008232378316046418,9.850423920197583,0.0,0.0,-0.003253014704056784,-0.004579635957179523,0.9999895134122656,0.0
25.696,6.336753266776206e-07,-0.008099993857846858,9.828072555052644,0.0,0.0,-0.003213908637447667,-0.00463105898846739,0.9999892765888269,0.0
25.712,6.167159666211993e-07,-0.008026921963705183,9.796662315423662,0.0,0.0,-0.003175320397698274,-0.004681858029452574,0.9999890400426357,0.0
25.728,6.028607392135985e-07,-0.007911746112651045,9.809078851265191,0.0,0.0,-0.0031367202442358975,-0.00473204141375219,0.9999888038293522,0.0
25.744,5.850099715747544e-07,-0.007896024995809938,9.85551274945174,0.0,0.0,-0.003098287458787712,-0.004781617361713705,0.9999885680023578,0.0
25.76,5.712763863541566e-07,-0.007731519815628699,9.820455082748966,0.0,0.0,-0.003061102469024656,-0.004830593981169216,0.9999883326128306,0.0
25.776,5.585909888776067e-07,-0.007693343946158428,9.752976186186277,0.0,0.0,-0.0030248271529293327,-0.004878979270072205,0.9999880977098089,0.0
25.792,5.464042970549154e-07,-0.007586502499632464,9.775109652658076,0.0,0.0,-0.0029873353324355325,-0.0049267811164806245,0.9999878633402659,0.0
25.808,5.309000927050855e-07,-0.007467567320294196,9.77852457053905,0.0,0.0,-0.002951528494218643,-0.004974007301700129,0.9999876295491673,0.0
25.824,5.250535709297763e-07,-0.007336198310669321,9.805345074033418,0.0,0.0,-0.002916425210267199,-0.005020665500726983,0.9999873963795393,0.0
25.84,5.044797773927586e-07,-0.007256301630470509,9.803839929713101,0.0,0.0,-0.0028811220209720998,-0.005066763284382867,0.999987163872527,0.0
25.856,4.94192480188285e-07,-0.007195188890840197,9.808856099187903,0.0,0.0,-0.0028467121875659063,-0.005112308120349854,0.9999869320674559,0.0
25.872,4.826184141091507e-07,-0.007128665807858933,9.77565962596204,0.0,0.0,-0.0028127727928595847,-0.005157307374905073,0.9999867010018889,0.0
25.888,4.680557277480257e-07,-0.0070254658580642644,9.740038411826445,0.0,0.0,-0.0027789722398121656,-0.005201768314040132,0.9999864707116827,0.0
25.904,4.607637014742295e-07,-0.006960086127882348,9.74665261842361,0.0,0.0,-0.0027458198026849524,-0.005245698105364593,0.9999862412310419,0.0
25.92,4.4960585597743384e-07,-0.006877777886070516,9.83238978865485,0.0,0.0,-0.0027129918829399526,-0.005289103819160415,0.9999860125925712,0.0
25.936,4.3540047834323266e-07,-0.006765856512008214,9.799525375200632,0.0,0.0,-0.0026800300190048016,-0.005331992429559907,0.99998578482733,0.0
25.952,4.277799004543766e-07,-0.006724747437029279,9.902130813351727,0.0,0.0,-0.002648489506649085,-0.005374370816425407,0.9999855579648778,0.0
25.968,4.1877013216373447e-07,-0.006622256842618457,9.792628571014468,0.0,0.0,-0.0026173439168804538,-0.005416245766177589,0.9999853320333257,0.0
25.984,4.0957803377544326e-07,-0.006542025970169474,9.738879554011495,0.0,0.0,-0.0025865391155480886,-0.005457623973507534,0.999985107059382,0.0
26.0,3.9747609902533536e-07,-0.006463613051932858,9.824837373550153,0.0,0.0,-0.0025557989366914073,-0.00549851204239764,0.9999848830683992,0.0
26.016000000000002,3.8723353020695747e-07,-0.0063183720316451345,9.738671215330827,0.0,0.0,-0.002525186203238354,-0.005538916487616229,0.9999846600844151,0.0
26.032,3.797059287330148e-07,-0.006331293559704473,9.78475763493685,0.0,0.0,-0.0024955277913094012,-0.005578843735792132,0.9999844381301999,0.0
26.048000000000002,3.7255641413685645e-07,-0.0061926871163847505,9.810925664198969,0.0,0.0,-0.002466487284449229,-0.0056183001266494935,0.9999842172272955,0.0
26.064,3.62169097530254e-07,-0.00616708737283186,9.803091101408333,0.0,0.0,-0.002436507215479162,-0.005657291914400485,0.9999839973960559,0.0
26.080000000000002,3.538694783359445e-07,-0.006116077223111687,9.821257342976327,0.0,0.0,-0.002408062971062963,-0.005695825268904124,0.9999837786556871,0.0
26.096,3.459955405561643e-07,-0.006021712030303455,9.770597623752703,0.0,0.0,-0.0023804776652144,-0.0057339062767625985,0.9999835610242849,0.0
26.112000000000002,3.3721973855264273e-07,-0.0059430575532489725,9.783196859148818,0.0,0.0,-0.002352631316016069,-0.005771540942593855,0.9999833445188715,0.0
26.128,3.2693721742171166e-07,-0.00585087530346588,9.768057528291953,0.0,0.0,-0.0023249469792092797,-0.005808735190018695,0.9999831291554334,0.0
26.144000000000002,3.219134961561455e-07,-0.005810479949963681,9.82192556161597,0.0,0.0,-0.002298127259850136,-0.0058454948631396116,0.9999829149489532,0.0
26.16,3.1567856120143947e-07,-0.005794424405232786,9.838870461219152,0.0,0.0,-0.0022706521634657762,-0.005881825727211,0.9999827019134455,0.0
26.176000000000002,3.0713052514914574e-07,-0.005696701143387254,9.801576961033785,0.0,0.0,-0.0022443808193572333,-0.005917733470266088,0.9999824900619885,0.0
26.192,2.9872684315039664e-07,-0.0055706415613755965,9.827227116606709,0.0,0.0,-0.00221799454696991,-0.005953223703799466,0.9999822794067565,0.0
26.208000000000002,2.9404076387829367e-07,-0.005539228006343505,9.824277393236345,0.0,0.0,-0.0021923210482403263,-0.005988301963883744,0.9999820699590515,0.0
26.224,2.865449356023391e-07,-0.005464053908310575,9.792639830645635,0.0,0.0,-0.0021673396633412655,-0.006022973712558887,0.9999818617293307,0.0
26.240000000000002,2.781074602274559e-07,-0.005398357941024576,9.759515912173601,0.0,0.0,-0.00214195723543215,-0.006057244338607634,0.9999816547272369,0.0
26.256,2.7565491704525316e-07,-0.005390024837300067,9.833009416768947,0.0,0.0,-0.002117093723909453,-0.006091119158401363,0.9999814489616285,0.0
26.272000000000002,2.677662735148289e-07,-0.005282852265511861,9.867481766584909,0.0,0.0,-0.002092775141981888,-0.006124603417542039,0.9999812444406034,0.0
26.288,2.616366707636178e-07,-0.005256026047952247,9.809909278760834,0.0,0.0,-0.0020687856314530666,-0.006157702291182257,0.9999810411715282,0.0
26.304000000000002,2.5527445631888255e-07,-0.005184203341341704,9.804289083276283,0.0,0.0,-0.002044920176140061,-0.006190420885443804,0.9999808391610618,0.0
26.32,2.470959972752087e-07,-0.005096151942398624,9.824436763746176,0.0,0.0,-0.0020212477709530105,-0.006222764238541401,0.9999806384151805,0.0
26.336000000000002,2.4356299749164933e-07,-0.00505404049813948,9.827666023266053,0.0,0.0,-0.0019982670578007162,-0.006254737320915872,0.9999804389392056,0.0
26.352,2.3778699282250055e-07,-0.004954407215856884,9.865084820297403,0.0,0.0,-0.001975626324269123,-0.006286345037170027,0.9999802407378227,0.0
26.368000000000002,2.3310748995472016e-07,-0.004902669309283982,9.785600127411923,0.0,0.0,-0.0019527113646401607,-0.006317592226583647,0.9999800438151046,0.0
26.384,2.2703120718370803e-07,-0.0048860800523605405,9.733069321296938,0.0,0.0,-0.0019308136896944476,-0.0063484836637990325,0.9999798481745372,0.0
26.400000000000002,2.2160265366948895e-07,-0.004811700188838445,9.829841341470146,0.0,0.0,-0.0019086991278743637,-0.006379024060230651,0.999979653819036,0.0
26.416,2.1732519241782735e-07,-0.00477334718207638,9.843684779260391,0.0,0.0,-0.0018871887032681227,-0.0064092180646531565,0.9999794607509697,0.0
26.432000000000002,2.108396511097918e-07,-0.004714010538945622,9.781574353976845,0.0,0.0,-0.0018659932944598303,-0.006439070264101121,0.9999792689721793,0.0
26.448,2.0643852400605455e-07,-0.004658404764332417,9.787656689312152,0.0,0.0,-0.0018446106462855182,-0.006468585184798202,0.9999790784839986,0.0
26.464000000000002,2.0328753662923115e-07,-0.004609647883545482,9.830614948074116,0.0,0.0,-0.0018243393505893606,-0.006497767292980558,0.9999788892872721,0.0
26.48,1.9617409654135257e-07,-0.004542405085442066,9.821249575907965,0.0,0.0,-0.001803032245926185,-0.006526620996028607,0.9999787013823715,0.0
26.496000000000002,1.9320054646200476e-07,-0.004495161217468189,9.830634132448708,0.0,0.0,-0.001782984813471523,-0.006555150642883792,0.999978514769217,0.0
26.512,1.8834241013577524e-07,-0.004453348429891737,9.829157992199216,0.0,0.0,-0.0017631994600766153,-0.00658336052492114,0.999978329447293,0.0
26.528000000000002,1.851478501145647e-07,-0.004384576621786449,9.776005690862485,0.0,0.0,-0.0017432163944012986,-0.00661125487719871,0.9999781454156631,0.0
26.544,1.8120431707258855e-07,-0.004344625258708518,9.84317073593254,0.0,0.0,-0.001724110289544894,-0.006638837878737361,0.9999779626729882,0.0
26.560000000000002,1.7733621179926377e-07,-0.0043117928102164955,9.785155752238735,0.0,0.0,-0.001704908879396096,-0.0066661136538596275,0.9999777812175398,0.0
26.576,1.7257598892298918e-07,-0.004279286144068293,9.787659807078489,0.0,0.0,-0.0016854920453440061,-0.006693086272237076,0.9999776010472197,0.0
26.592000000000002,1.7027526506645788e-07,-0.004245584048384428,9.723867008371254,0.0,0.0,-0.0016669494987297166,-0.006719759750460098,0.9999774221595686,0.0
26.608,1.659519100746162e-07,-0.004126131593691481,9.833874631098507,0.0,0.0,-0.0016485167048311945,-0.006746138052259116,0.9999772445517847,0.0
26.624000000000002,1.615333848894928e-07,-0.0041102036068011195,9.852960221237343,0.0,0.0,-0.0016304884410293788,-0.006772225089645582,0.9999770682207345,0.0
26.64,1.5817781132052312e-07,-0.004087373541375609,9.803649672841074,0.0,0.0,-0.0016123013029021801,-0.0067980247231205545,0.999976893162969,0.0
26.656,1.548612406858836e-07,-0.0040167519204813915,9.798395573093389,0.0,0.0,-0.0015946668228173778,-0.006823540762994794,0.9999767193747341,0.0
26.672,1.5136520311418097e-07,-0.00403319728919241,9.82615913122365,0.0,0.0,-0.0015774391698734137,-0.006848776969653163,0.9999765468519849,0.0
26.688,1.476983900739863e-07,-0.003965191135406059,9.826424089822098,0.0,0.0,-0.0015599098380431036,-0.006873737054795047,0.9999763755903944,0.0
26.704,1.4558195086476764e-07,-0.0039113504526517755,9.849018328782927,0.0,0.0,-0.0015429911160909713,-0.006898424681438807,0.9999762055853701,0.0
26.72,1.4134110121784008e-07,-0.0038602287718003223,9.764262579709817,0.0,0.0,-0.0015265161912654268,-0.0069228434652885956,0.9999760368320608,0.0
26.736,1.389196941935406e-07,-0.003795548355412868,9.852785168981123,0.0,0.0,-0.0015094736831276644,-0.006946996975002188,0.99997586932537,0.0
26.752,1.349436092786855e-07,-0.0037626684721217326,9.783133475086265,0.0,0.0,-0.0014932335165798386,-0.006970888732917053,0.999975703059966,0.0
26.768,1.338066313740815e-07,-0.003734461679403243,9.79297832391899,0.0,0.0,-0.001477046797755438,-0.006994522215970939,0.9999755380302912,0.0
26.784,1.2963109870522165e-07,-0.00368471293408509,9.835704585437023,0.0,0.0,-0.0014612427169553828,-0.007017900856117749,0.9999753742305726,0.0
26.8,1.275911438190396e-07,-0.003650359955813043,9.828211419406895,0.0,0.0,-0.0014451511770225088,-0.007041028040882501,0.9999752116548327,0.0
26.816,1.2394555992016464e-07,-0.0036292607088199034,9.772458647494672,0.0,0.0,-0.0014297491003293875,-0.007063907114493361,0.999975050296895,0.0
26.832,1.2204044313427788e-07,-0.0035613688245018462,9.770807946577808,0.0,0.0,-0.0014144389843075943,-0.007086541377949727,0.9999748901503972,0.0
26.848,1.198452072056813e-07,-0.0035503417192429905,9.773936428213124,0.0,0.0,-0.0013993415057774702,-0.007108934090050285,0.9999747312087958,0.0
26.864,1.1616457031878205e-07,-0.003504643343231502,9.804126385875906,0.0,0.0,-0.0013847995527129686,-0.007131088467617315,0.9999745734653792,0.0
26.88,1.139223625554421e-07,-0.0034729270318526856,9.756703734624608,0.0,0.0,-0.0013699110644935693,-0.007153007686674121,0.99997441691327,0.0
26.896,1.1198592356339166e-07,-0.0034316630496366417,9.790060289184973,0.0,0.0,-0.0013554859648712038,-0.0071746948824518795,0.9999742615454379,0.0
26.912,1.0972966786894858e-07,-0.003385812005160274,9.777165019736392,0.0,0.0,-0.0013412758622646929,-0.0071961531503498795,0.9999741073547038,0.0
26.928,1.0713760017237997e-07,-0.003368175611744348,9.812857534423468,0.0,0.0,-0.001327091639611655,-0.007217385546538063,0.9999739543337481,0.0
26.944,1.0471268897858731e-07,-0.0033072374123253815,9.906896152610933,0.0,0.0,-0.0013131701642041188,-0.0072383950882103365,0.9999738024751184,0.0
26.96,1.0216657735773872e-07,-0.0033134605704595037,9.851149829839477,0.0,0.0,-0.0012991985155474176,-0.007259184754536653,0.9999736517712352,0.0
26.976,1.0064259932272683e-07,-0.0032630256152208995,9.819997301535883,0.0,0.0,-0.001285899098682706,-0.007279757487080649,0.9999735022143983,0.0
26.992,9.817854197514647e-08,-0.0032030374980378737,9.757839175432082,0.0,0.0,-0.0012725679689216977,-0.00730011619018114,0.9999733537967949,0.0
27.008,9.71493276192729e-08,-0.0031803567874695102,9.785317617409238,0.0,0.0,-0.0012593458580658387,-0.0073202637319055575,0.9999732065105021,0.0
27.024,9.46585771117464e-08,-0.003166561911771537,9.773344956536729,0.0,0.0,-0.0012464197341383262,-0.007340202944173744,0.9999730603474968,0.0
27.04,9.245443650439114e-08,-0.00310617307899959,9.797757006837509,0.0,0.0,-0.0012334272438002034,-0.007359936623577131,0.9999729152996581,0.0
27.056,9.001994454809346e-08,-0.003106522687601466,9.80247602023323,0.0,0.0,-0.0012206989028940545,-0.007379467531858,0.9999727713587737,0.0
27.072,8.915407191539729e-08,-0.003047160743336745,9.852684743212803,0.0,0.0,-0.001208124483613125,-0.007398798396296064,0.9999726285165464,0.0
27.088,8.613987057696819e-08,-0.0030434060221399255,9.723090770272318,0.0,0.0,-0.0011957720949004982,-0.007417931910423783,0.9999724867645973,0.0
27.104,8.51933246597445e-08,-0.0029887660214496553,9.822302076143705,0.0,0.0,-0.0011836653143045346,-0.007436870734408426,0.9999723460944706,0.0
27.12,8.371359056329564e-08,-0.0029395039896685468,9.857645910817125,0.0,0.0,-0.0011715044850752734,-0.0074556174957031845,0.9999722064976395,0.0
27.136,8.186265559051907e-08,-0.0029188283764718255,9.838148460144414,0.0,0.0,-0.0011599959878065026,-0.007474174789369088,0.9999720679655097,0.0
27.152,7.991422893948979e-08,-0.0028951154796021134,9.845341551727564,0.0,0.0,-0.0011482122274596876,-0.00749254517860762,0.9999719304894246,0.0
27.168,7.867868588377682e-08,-0.002865150541952004,9.834413829557835,0.0,0.0,-0.0011366461615532307,-0.007510731195500962,0.9999717940606669,0.0
27.184,7.740684375506104e-08,-0.002811700914845157,9.79532557335039,0.0,0.0,-0.0011252594905395582,-0.007528735341072322,0.9999716586704666,0.0
27.2,7.592879902945842e-08,-0.0028357947830953438,9.809058241661512,0.0,0.0,-0.0011140665499750745,-0.0075465600862082705,0.9999715243100001,0.0
27.216,7.379273756441371e-08,-0.0027664738659992755,9.817005372658883,0.0,0.0,-0.0011029586592264733,-0.007564207871844317,0.9999713909703974,0.0
27.232,7.272986564075654e-08,-0.0027519875265136695,9.750048335844944,0.0,0.0,-0.0010922370984607504,-0.007581681109422125,0.9999712586427447,0.0
27.248,7.072896576496104e-08,-0.0027445125307940725,9.774723899935367,0.0,0.0,-0.0010813633158890826,-0.0075989821817313416,0.999971127318085,0.0
27.264,7.002355378419622e-08,-0.0027208792231796014,9.861975956404427,0.0,0.0,-0.001070997380746566,-0.007616113442789479,0.9999709969874261,0.0
27.28,6.84540376242988e-08,-0.002685698463046421,9.801607244769485,0.0,0.0,-0.0010602590565251691,-0.007633077218811708,0.9999708676417387,0.0
27.296,6.710875551704378e-08,-0.0026253200228470866,9.799428821624975,0.0,0.0,-0.0010498813132425158,-0.007649875808396524,0.999970739271963,0.0
27.312,6.56450679307429e-08,-0.0026518932263315614,9.851399588314765,0.0,0.0,-0.0010399260369318671,-0.007666511483098337,0.9999706118690088,0.0
27.328,6.476412768098639e-08,-0.0026056297983296514,9.855357994144763,0.0,0.0,-0.001029809092908201,-0.007682986487745823,0.9999704854237597,0.0
27.344,6.300021170493337e-08,-0.002593297457007281,9.833983080000252,0.0,0.0,-0.0010196520459643888,-0.007699303040971721,0.9999703599270747,0.0
27.36,6.20901841848804e-08,-0.0025227486775575335,9.861724194399843,0.0,0.0,-0.0010098653344407596,-0.00771546333572117,0.999970235369791,0.0
27.376,6.097144766768691e-08,-0.0025264170348740576,9.867744125046414,0.0,0.0,-0.0010004617417766024,-0.007731469539509631,0.9999701117427259,0.0
27.392,5.99390574172059e-08,-0.0025026453631237368,9.773979360069545,0.0,0.0,-0.0009908186822841715,-0.007747323795007667,0.9999699890366789,0.0
27.408,5.837825111920893e-08,-0.0024632583447316233,9.801517761742899,0.0,0.0,-0.0009815816273253007,-0.0077630282202618296,0.9999698672424342,0.0
27.424,5.7765383451102624e-08,-0.002448574783417941,9.816649773408992,0.0,0.0,-0.0009722793388115507,-0.00777858490958488,0.9999697463507605,0.0
27.44,5.627556713223436e-08,-0.0024289970275326467,9.845388924292125,0.0,0.0,-0.000963199948463566,-0.0077939959332831085,0.9999696263524169,0.0
27.456,5.567678401670001e-08,-0.002402042306105529,9.796188259677063,0.0,0.0,-0.0009543356030122147,-0.007809263338625586,0.9999695072381497,0.0
27.472,5.420508232675082e-08,-0.0023794319528168666,9.824802880379899,0.0,0.0,-0.0009455061339081352,-0.00782438915016579,0.9999693889986967,0.0
27.488,5.352911995157338e-08,-0.002380255630190276,9.757219439457549,0.0,0.0,-0.000936618988359018,-0.007839375369934582,0.9999692716247881,0.0
27.504,5.2223568577141304e-08,-0.002351984502004247,9.787153533553052,0.0,0.0,-0.0009280823919063217,-0.007854223977958956,0.9999691551071483,0.0
27.52,5.116681967072472e-08,-0.0023270826110035232,9.835442301888982,0.0,0.0,-0.0009193534829171494,-0.007868936932876807,0.999969039436495,0.0
27.536,5.030848864396334e-08,-0.0023027421365746244,9.776332534340112,0.0,0.0,-0.0009113103746212568,-0.007883516172027216,0.9999689246035426,0.0
27.552,4.965236677330893e-08,-0.0022781090345320373,9.851774575808147,0.0,0.0,-0.0009030374737285634,-0.007897963611979258,0.9999688105990026,0.0
27.568,4.8803609397010936e-08,-0.0022517121050024606,9.86625139983611,0.0,0.0,-0.0008948748200125204,-0.007912281148932717,0.9999686974135842,0.0
27.584,4.785673318868317e-08,-0.002220886674223571,9.772496326117244,0.0,0.0,-0.0008868457964703741,-0.007926470659328833,0.9999685850379937,0.0
27.6,4.680358839447079e-08,-0.0022268896963460495,9.810847556735737,0.0,0.0,-0.0008789818183217273,-0.007940533999773968,0.9999684734629382,0.0
27.616,4.6124670801741293e-08,-0.0021882059858825747,9.768775631886543,0.0,0.0,-0.0008712541081333857,-0.00795447300784819,0.9999683626791237,0.0
27.632,4.542398591070147e-08,-0.0021756366593743233,9.860436800007752,0.0,0.0,-0.0008635491200114472,-0.007968289502394834,0.9999682526772568,0.0
27.648,4.4283229503273245e-08,-0.0021537969299003936,9.885220131181281,0.0,0.0,-0.0008559915125712677,-0.007981985283854133,0.9999681434480444,0.0
27.664,4.34544986729564e-08,-0.0021389370182284652,9.7661903838453,0.0,0.0,-0.0008484979347210266,-0.007995562134696082,0.9999680349821941,0.0
27.68,4.2886470874171336e-08,-0.0021161727456686253,9.82525372823405,0.0,0.0,-0.0008412984728866985,-0.00800902181978535,0.9999679272704153,0.0
27.696,4.223579402188494e-08,-0.002106887510087436,9.755702718772227,0.0,0.0,-0.0008339445969215211,-0.008022366086900708,0.9999678203034175,0.0
27.712,4.137008767883324e-08,-0.0020863340928811806,9.832708792528898,0.0,0.0,-0.000827077791650949,-0.008035596666744232,0.9999677140719141,0.0
27.728,4.0901426605864655e-08,-0.0020811082919798703,9.82685550506865,0.0,0.0,-0.0008199223691562342,-0.008048715274156815,0.9999676085666155,0.0
27.744,4.0179914960059256e-08,-0.0020454567685413774,9.78815819582809,0.0,0.0,-0.0008128599489176421,-0.00806172360738667,0.9999675037782368,0.0
27.76,3.9547496359665326e-08,-0.002023987773759622,9.762065009084344,0.0,0.0,-0.000806340215601614,-0.0080746233494478,0.9999673996974924,0.0
27.776,3.873928123372e-08,-0.002018298323977888,9.813289032734517,0.0,0.0,-0.0007995302787446902,-0.008087416168085896,0.9999672963150966,0.0
27.792,3.7739683507394177e-08,-0.00200782366993142,9.795606167364506,0.0,0.0,-0.0007930558702461707,-0.008100103716121817,0.999967193621765,0.0
27.808,3.777088640084173e-08,-0.0019785137171815363,9.803011187780495,0.0,0.0,-0.0007865315653295355,-0.008112687632113856,0.9999670916082107,0.0
27.824,3.7131720146630715e-08,-0.0019880715498214133,9.85051959945773,0.0,0.0,-0.0007800834223362237,-0.008125169540570468,0.9999669902651472,0.0
27.84,3.657854415687053e-08,-0.0019528215756551858,9.83788537514547,0.0,0.0,-0.000773864083674438,-0.008137551052264184,0.9999668895832861,0.0
27.856,3.6021612497711834e-08,-0.0019498554715562811,9.785074194287716,0.0,0.0,-0.0007676163266194274,-0.008149833765027228,0.9999667895533345,0.0
27.872,3.517841766459604e-08,-0.0019265165199262048,9.79746188667726,0.0,0.0,-0.0007615831209141367,-0.008162019263663818,0.9999666901659973,0.0
27.888,3.462921095734624e-08,-0.0019085286357641235,9.823770715157252,0.0,0.0,-0.0007557448525832782,-0.008174109120727045,0.9999665914119745,0.0
27.904,3.4299779482712094e-08,-0.0018993604960570354,9.79211884082122,0.0,0.0,-0.0007497154762377623,-0.008186104896795278,0.9999664932819593,0.0
27.92,3.362106719439265e-08,-0.0018874636061667156,9.845591777945453,0.0,0.0,-0.0007439171916858897,-0.008198008140903603,0.9999663957666386,0.0
27.936,3.313869922856803e-08,-0.001849215027042544,9.7893213123832,0.0,0.0,-0.0007382381055372308,-0.00820982039102055,0.9999662988566901,0.0
27.952,3.275476785850025e-08,-0.001848125709059399,9.817361569198464,0.0,0.0,-0.0007326678637772488,-0.008221543174353925,0.999966202542782,0.0
27.968,3.2125698201721236e-08,-0.001822793456367551,9.849876992108792,0.0,0.0,-0.0007272778736688262,-0.008233178007918986,0.999966106815571,0.0
27.984,3.141811146906272e-08,-0.0018301287368009764,9.764664093227472,0.0,0.0,-0.0007217968509917882,-0.008244726398881887,0.9999660116657005,0.0
28.0,3.096840244861086e-08,-0.0018032790427859886,9.851465043180257,0.0,0.0,-0.0007164909593622845,-0.008256189845057183,0.9999659170837986,0.0
28.016000000000002,3.0450234031129136e-08,-0.0017937795057666568,9.788982296531522,0.0,0.0,-0.0007112413108458399,-0.008267569835450697,0.9999658230604765,0.0
28.032,3.012936222631761e-08,-0.0017750430204539682,9.843271008764356,0.0,0.0,-0.0007061224263872202,-0.008278867850579222,0.9999657295863257,0.0
28.048000000000002,2.965672461356729e-08,-0.0017646034657244844,9.752317299819941,0.0,0.0,-0.0007010530591906992,-0.008290085362890809,0.9999656366519182,0.0
28.064,2.9478563215408107e-08,-0.0017471246498059715,9.81430781127327,0.0,0.0,-0.0006961158587835992,-0.008301223837391711,0.9999655442478014,0.0
28.080000000000002,2.872279014851507e-08,-0.001742262143061609,9.828757059009025,0.0,0.0,-0.0006914039179358582,-0.008312284732104356,0.9999654523644966,0.0
28.096,2.8647877102453826e-08,-0.001739507610735392,9.806813169911251,0.0,0.0,-0.0006864833155690857,-0.008323269498678058,0.9999653609924958,0.0
28.112000000000002,2.8037708472632376e-08,-0.001715119272470565,9.843326383768702,0.0,0.0,-0.0006820039055470994,-0.008334179582458634,0.9999652701222617,0.0
28.128,2.7887921721463442e-08,-0.0017099374456177872,9.83405732522492,0.0,0.0,-0.000677232009963267,-0.008345016423511915,0.9999651797442207,0.0
28.144000000000002,2.7419317505361268e-08,-0.0016726942373030717,9.86493073485855,0.0,0.0,-0.00067290301169974,-0.008355781456998283,0.9999650898487621,0.0
28.16,2.7090505340410678e-08,-0.0016776366392268754,9.862542105632379,0.0,0.0,-0.0006684021091896221,-0.008366476113488088,0.9999650004262362,0.0
28.176000000000002,2.662316803448014e-08,-0.0016688192388024563,9.816256456733425,0.0,0.0,-0.000664061463983142,-0.008377101819907695,0.9999649114669469,0.0
28.192,2.6413392334463687e-08,-0.0016575790845772495,9.83609805205936,0.0,0.0,-0.0006598970750465191,-0.008387659999840077,0.9999648229611515,0.0
28.208000000000002,2.5962848503212176e-08,-0.0016493015269108335,9.779332984275937,0.0,0.0,-0.0006558288801470159,-0.008398152074137525,0.9999647348990564,0.0
28.224,2.566579343778236e-08,-0.0016384537866126808,9.797330662453186,0.0,0.0,-0.0006518060046965872,-0.008408579461632634,0.999964647270811,0.0
28.240000000000002,2.5489746092993865e-08,-0.0016171376403451589,9.884546435358969,0.0,0.0,-0.0006477779999530035,-0.008418943579788575,0.9999645600665059,0.0
28.256,2.5098435578494238e-08,-0.0016195903541144489,9.804231029361505,0.0,0.0,-0.000643995818810881,-0.008429245845131226,0.9999644732761673,0.0
28.272000000000002,2.4662777640451768e-08,-0.0016136439852405993,9.783697586570245,0.0,0.0,-0.0006400858956942245,-0.008439487674307087,0.999964386889751,0.0
28.288,2.438579225269256e-08,-0.001599075967437592,9.778996201155552,0.0,0.0,-0.0006363676475933421,-0.00844967048423759,0.999964300897141,0.0
28.304000000000002,2.4185744711887858e-08,-0.0015957087393810522,9.812451551421816,0.0,0.0,-0.000632850065421307,-0.008459795693372317,0.9999642152881406,0.0
28.32,2.394126874214546e-08,-0.0015917057018808905,9.82517887878956,0.0,0.0,-0.0006293139416480964,-0.008469864722144432,0.9999641300524678,0.0
28.336000000000002,2.3506606428342854e-08,-0.0015710674798842118,9.77655375960867,0.0,0.0,-0.0006258672241398402,-0.008479878993734957,0.9999640451797512,0.0
28.352,2.337397169037878e-08,-0.0015705374405542026,9.876867935991964,0.0,0.0,-0.0006225467704720603,-0.008489839934986315,0.9999639606595223,0.0
28.368000000000002,2.3195865797499795e-08,-0.0015522513977034279,9.867036805784888,0.0,0.0,-0.0006193784102471282,-0.008499748977150681,0.9999638764812084,0.0
28.384,2.2908244566641534e-08,-0.0015552048218746154,9.885082789642249,0.0,0.0,-0.0006162879724155975,-0.008509607556944172,0.9999637926341267,0.0
28.400000000000002,2.2750192973595323e-08,-0.001542734856106087,9.90158999477028,0.0,0.0,-0.0006130962911465046,-0.008519417117122606,0.9999637091074778,0.0
28.416,2.2618533920129636e-08,-0.0015316879405079158,9.824439774276955,0.0,0.0,-0.0006101585352122072,-0.008529179107676161,0.9999636258903367,0.0
28.432000000000002,2.2218572676246132e-08,-0.0015301110520592035,9.852134176737431,0.0,0.0,-0.0006072951300093938,-0.008538894986857922,0.9999635429716442,0.0
28.448,2.208587874565595e-08,-0.001518462857431451,9.833494783582465,0.0,0.0,-0.0006044420344280897,-0.008548566221995792,0.9999634603402007,0.0
28.464000000000002,2.184570534157242e-08,-0.001527407190948644,9.788169870496345,0.0,0.0,-0.0006018183208962903,-0.008558194290764085,0.9999633779846547,0.0
28.48,2.1647179793065103e-08,-0.0015064102146288114,9.833685715939556,0.0,0.0,-0.0005991661179021619,-0.008567780682185618,0.9999632958934953,0.0
28.496000000000002,2.1472551553349133e-08,-0.0014946426629045178,9.844614330201892,0.0,0.0,-0.0005967010783862017,-0.008577326897987726,0.9999632140550396,0.0
28.512,2.142580716511733e-08,-0.0015048071405040846,9.832701273457728,0.0,0.0,-0.0005943092508673543,-0.008586834453792344,0.9999631324574237,0.0
28.528000000000002,2.114985998093628e-08,-0.001491894013970518,9.813039268300544,0.0,0.0,-0.0005919239279017456,-0.008596304880244824,0.999963051088592,0.0
28.544,2.093793201058579e-08,-0.001484189483193009,9.823959840366252,0.0,0.0,-0.0005897057181473971,-0.008605739724855972,0.9999629699362814,0.0
28.560000000000002,2.0842170946722052e-08,-0.0014692635889496256,9.777913489228006,0.0,0.0,-0.0005875188021145676,-0.008615140552902441,0.9999628889880134,0.0
28.576,2.0541495878708073e-08,-0.0014559011588327975,9.815791138767185,0.0,0.0,-0.0005856498620269892,-0.00862450894934929,0.9999628082310776,0.0
28.592000000000002,2.0546218222506037e-08,-0.0014668694436138535,9.754046504368103,0.0,0.0,-0.0005836382102594248,-0.00863384652055247,0.999962727652516,0.0
28.608,2.0475864898712413e-08,-0.0014536255108774595,9.825469174224473,0.0,0.0,-0.0005816662572209643,-0.008643154895640262,0.9999626472391107,0.0
28.624000000000002,2.027710902528907e-08,-0.0014563822420907164,9.773486960932814,0.0,0.0,-0.0005801906284266359,-0.008652435728653741,0.9999625669773652,0.0
28.64,2.013634494193051e-08,-0.001443287113447652,9.794397909661914,0.0,0.0,-0.00057850612711814,-0.008661690700312705,0.999962486853488,0.0
28.656000000000002,2.000610046981034e-08,-0.0014527681837322275,9.753343123866438,0.0,0.0,-0.0005770216170110883,-0.00867092152038286,0.9999624068533713,0.0
28.672,1.982977882627684e-08,-0.0014453959335109397,9.85331098233717,0.0,0.0,-0.0005756103701892017,-0.008680129929309601,0.9999623269625765,0.0
28.688,1.9926785436002392e-08,-0.0014369194598119384,9.803302868567016,0.0,0.0,-0.0005741482271378577,-0.008689317701167943,0.9999622471663059,0.0
28.704,1.9839209227532757e-08,-0.0014392745510932925,9.801591812035223,0.0,0.0,-0.0005731337026279983,-0.008698486645825669,0.9999621674493853,0.0
28.72,1.9721284429809634e-08,-0.0014396703743884325,9.85734886476004,0.0,0.0,-0.0005719539130943674,-0.008707638611498314,0.9999620877962382,0.0
28.736,1.966966585661403e-08,-0.0014230779107864027,9.880650388499907,0.0,0.0,-0.0005710989610746344,-0.008716775488202417,0.9999620081908553,0.0
28.752,1.9677409603508523e-08,-0.0014271610888302862,9.756040444616955,0.0,0.0,-0.0005701319257434098,-0.008725899209708383,0.9999619286167759,0.0
28.768,1.941333043725802e-08,-0.0014164209553760643,9.813857536848541,0.0,0.0,-0.0005695197734260618,-0.008735011758019906,0.9999618490570464,0.0
28.784,1.9318436855152375e-08,-0.0014299759504826104,9.806830817384057,0.0,0.0,-0.0005689897048740667,-0.008744115165993778,0.9999617694941961,0.0
28.8,1.92832545645128e-08,-0.001421844775989739,9.894541319467379,0.0,0.0,-0.0005685510289259936,-0.008753211521360164,0.9999616899101998,0.0
28.816,1.943915437696357e-08,-0.0014179521525438798,9.79878887484442,0.0,0.0,-0.0005682586702739828,-0.008762302970916536,0.9999616102864379,0.0
28.832,1.9290093068204194e-08,-0.0014300351702215728,9.854647386158328,0.0,0.0,-0.0005680325400839673,-0.008771391724589836,0.9999615306036597,0.0
28.848,1.9435902754351553e-08,-0.0014226059040581785,9.79192152340803,0.0,0.0,-0.0005681151671463471,-0.008780480060176532,0.9999614508419377,0.0
28.864,1.931468070955135e-08,-0.0014222609215801566,9.784129266479843,0.0,0.0,-0.0005681540763096277,-0.00878957032850255,0.9999613709806198,0.0
28.88,1.9392622389097276e-08,-0.0014169164583940647,9.867792390366589,0.0,0.0,-0.0005684746615797747,-0.008798664958797489,0.999961290998278,0.0
28.896,1.9251890914406296e-08,-0.0014300421108716453,9.789975068472124,0.0,0.0,-0.000568861400100789,-0.008807766464533026,0.9999612108726549,0.0
28.912,1.9233591304818095e-08,-0.0014320828242065423,9.830883862521226,0.0,0.0,-0.0005693947019070665,-0.008816877449821937,0.9999611305806015,0.0
28.928,1.9501359855296133e-08,-0.001432766842240095,9.780563485202258,0.0,0.0,-0.0005703051185667427,-0.00882600061637286,0.9999610500980125,0.0
28.944,1.9535430598337077e-08,-0.0014259813362930923,9.788833627245449,0.0,0.0,-0.0005712002282830464,-0.008835138771096112,0.9999609693997539,0.0
28.96,1.9546079641867565e-08,-0.00142575325868428,9.822320136686356,0.0,0.0,-0.0005722502707142458,-0.008844294834053357,0.9999608884595879,0.0
28.976,1.971718807368689e-08,-0.001435191556990533,9.786881349631967,0.0,0.0,-0.0005736974984233169,-0.008853471847800488,0.9999608072500843,0.0
28.992,1.979448001453363e-08,-0.0014319185902771491,9.81842827346699,0.0,0.0,-0.0005751492261653872,-0.008862672986708956,0.9999607257425317,0.0
29.008,2.0045583823607532e-08,-0.0014365724076095827,9.795351372998914,0.0,0.0,-0.0005768508697783859,-0.008871901568015629,0.9999606439068327,0.0
29.024,2.0031774422601858e-08,-0.001441659210626725,9.752282997936057,0.0,0.0,-0.0005788551159305164,-0.008881161063336323,0.9999605617113942,0.0
29.04,2.0075675588112097e-08,-0.001445428496338061,9.756470192148756,0.0,0.0,-0.0005809099418904666,-0.008890455111486121,0.9999604791230055,0.0
29.056,2.030630502080266e-08,-0.0014610582607875893,9.860389749053063,0.0,0.0,-0.0005833360242707431,-0.008899787532843378,0.999960396106701,0.0
29.072,2.0439471281982387e-08,-0.0014549964429574562,9.826297022541395,0.0,0.0,-0.0005859102012840736,-0.008909162344694306,0.9999603126256141,0.0
29.088,2.073922408876172e-08,-0.0014674075781288022,9.852267732521709,0.0,0.0,-0.0005889366387624972,-0.00891858377864219,0.9999602286408111,0.0
29.104,2.0921030278835215e-08,-0.0014746393518635338,9.819015862927186,0.0,0.0,-0.0005920696176129985,-0.008928056299563829,0.99996014411111,0.0
29.12,2.1154392453310885e-08,-0.0014761277299094057,9.761467630195536,0.0,0.0,-0.000595572818719539,-0.008937584626841447,0.9999600589928772,0.0
29.136,2.141108336353033e-08,-0.0014854468486300264,9.793385199352207,0.0,0.0,-0.0005993126835834022,-0.008947173757747237,0.9999599732398036,0.0
29.152,2.1520192170933993e-08,-0.0014969748476667897,9.832193967575051,0.0,0.0,-0.0006033688576620618,-0.008956828993700493,0.9999598868026545,0.0
29.168,2.184663696445318e-08,-0.001501339909569621,9.846067702203397,0.0,0.0,-0.0006079912285666451,-0.00896655596956463,0.9999597996289874,0.0
29.184,2.21857049085893e-08,-0.0015228247410570134,9.809978571436735,0.0,0.0,-0.0006127292791361244,-0.008976360686395735,0.9999597116628388,0.0
29.2,-3.6695152086762706,-0.0015577447088720429,9.87277302914627,0.0,0.0,-0.0006180625645039928,-0.008986249548147158,0.9999596228443719,0.0
29.216,-3.0102814279987373,-0.0015390987074687817,9.736711631027777,0.0,0.0,-0.0006233999786219346,-0.00899622342318211,0.9999595331632777,0.0
29.232,-3.159337547604624,-0.001523259196296276,9.768824477782715,0.0,0.0,-0.0006288774569086573,-0.009006284124004572,0.9999594426006876,0.0
29.248,-3.027303871714982,-0.001507076700254914,9.855413913115505,0.0,0.0,-0.0006343874484248986,-0.009016433160003957,0.9999593511403707,0.0
29.264,-2.9925238712597566,-0.0014839727626506046,9.771382067750775,0.0,0.0,-0.0006399977246025912,-0.009026672234588091,0.9999592587642605,0.0
29.28,-2.9193823654576705,-0.0014740264525499227,9.739030432982974,0.0,0.0,-0.0006456802768952589,-0.009037003051301631,0.9999591654541953,0.0
29.296,-2.8642114849911997,-0.0014489855607630695,9.89387747112713,0.0,0.0,-0.0006516759845936404,-0.009047427394345043,0.9999590711911885,0.0
29.312,-2.8121777150746543,-0.0014336657096683638,9.777183978179067,0.0,0.0,-0.0006574536547311335,-0.009057947100232873,0.9999589759556786,0.0
29.328,-2.7456284584997683,-0.0014254024705925622,9.807917452169718,0.0,0.0,-0.0006636348336617849,-0.009068564073020313,0.9999588797273884,0.0
29.344,-2.681793063992224,-0.0013971679185473798,9.769835926372483,0.0,0.0,-0.0006697373711888684,-0.009079280282389218,0.9999587824853352,0.0
29.36,-2.635053752299666,-0.0013770895590612961,9.85299169388881,0.0,0.0,-0.0006760245625021486,-0.009090097768620901,0.9999586842077811,0.0
29.376,-2.5660487491983046,-0.001362206902016791,9.809535942148116,0.0,0.0,-0.0006825711287697695,-0.009101018645371085,0.9999585848722019,0.0
29.392,-2.5282431543950254,-0.0013530373780358135,9.754731857208288,0.0,0.0,-0.0006891476914662474,-0.009112045103480348,0.999958484455246,0.0
29.408,-2.476510966050883,-0.001334710218122098,9.79406824697032,0.0,0.0,-0.0006958869639505872,-0.009123179414690425,0.9999583829326936,0.0
29.424,-2.4140439362517667,-0.0013149582667006828,9.835834890805696,0.0,0.0,-0.0007026637189015597,-0.009134423935411478,0.9999582802794166,0.0
29.44,-2.3780414169048303,-0.0013056491138468136,9.799561379268644,0.0,0.0,-0.0007098295625289201,-0.009145781111315096,0.9999581764693283,0.0
29.456,-2.329390882004351,-0.001291876357604043,9.804891563443398,0.0,0.0,-0.0007171202284684692,-0.009157253481774182,0.9999580714753347,0.0
29.472,-2.264338249737179,-0.0012743344741865201,9.750005793338499,0.0,0.0,-0.0007243929400469301,-0.009168843684681868,0.9999579652692838,0.0
29.488,-2.2245875978742204,-0.0012605626129272658,9.783288470517535,0.0,0.0,-0.0007319224028161041,-0.009180554461305293,0.9999578578219099,0.0
29.504,-2.1673058615142624,-0.0012556853757580899,9.789733436569817,0.0,0.0,-0.0007396162401788147,-0.009192388662186232,0.9999577491027725,0.0
29.52,-2.1290660424824885,-0.0012381631873641045,9.888172106820047,0.0,0.0,-0.0007475714964565899,-0.009204349252629118,0.9999576390801941,0.0
29.536,-2.0782278842454125,-0.0012220042579081155,9.87753647173882,0.0,0.0,-0.0007556426234868501,-0.00921643931912662,0.9999575277211912,0.0
29.552,-2.045185562028981,-0.0012113602054632027,9.741741098756622,0.0,0.0,-0.0007638748937401042,-0.009228662075796878,0.9999574149914039,0.0
29.568,-2.0027776136150406,-0.0011973761504316836,9.756313144139662,0.0,0.0,-0.0007722621640167384,-0.009241020871549772,0.9999573008550173,0.0
29.584,-1.955348281593477,-0.001185046149049988,9.811468774031889,0.0,0.0,-0.0007811481317528832,-0.009253519197923877,0.9999571852746765,0.0
29.6,-1.9228395928821547,-0.001174051551899085,9.841965947413806,0.0,0.0,-0.0007900000261661017,-0.009266160696673171,0.9999570682114025,0.0
29.616,-1.8819771992600558,-0.001156162289403776,9.791910896054237,0.0,0.0,-0.0007992588994047081,-0.009278949168967985,0.9999569496244924,0.0
29.632,-1.8465181613038069,-0.0011564262258279018,9.762526337918956,0.0,0.0,-0.0008088271313025516,-0.009291888584517254,0.9999568294714192,0.0
29.648,-1.80881780624096,-0.0011419611100528507,9.807733800279106,0.0,0.0,-0.0008184357355175286,-0.009304983091561941,0.9999567077077216,0.0
29.664,-1.754004189767474,-0.0011320235970677143,9.811052857628685,0.0,0.0,-0.0008284548346214965,-0.009318237027772958,0.999956584286885,0.0
29.68,-1.713645184390593,-0.0011255708936933173,9.801780422257023,0.0,0.0,-0.0008385213914734979,-0.009331654931800248,0.9999564591602146,0.0
29.696,-1.68752572216109,-0.0011077989943753654,9.821033090460842,0.0,0.0,-0.0008492242552035517,-0.009345241555744503,0.9999563322766973,0.0
29.712,-1.6511694984502632,-0.0011065619282811122,9.870392778547888,0.0,0.0,-0.0008599146518198649,-0.009359001878724044,0.999956203582854,0.0
29.728,-1.6314803555430837,-0.0010970698159923629,9.809634998284288,0.0,0.0,-0.000871229649881495,-0.009372941121374856,0.9999560730225779,0.0
29.744,-1.5903165969026876,-0.0010839023600066118,9.775173544480264,0.0,0.0,-0.0008825978562023202,-0.009387064761548165,0.9999559405369631,0.0
29.76,-1.5587826325453944,-0.001070534248778713,9.780061876075644,0.0,0.0,-0.0008947737184134611,-0.009401378551512926,0.9999558060641136,0.0
29.776,-1.515570417799204,-0.0010631915881355548,9.756397708231871,0.0,0.0,-0.0009068469252490889,-0.009415888536257865,0.9999556695389415,0.0
29.792,-1.4931854563916318,-0.0010622143565679797,9.774675270126078,0.0,0.0,-0.0009197323872886969,-0.009430601073574234,0.999955530892945,0.0
29.808,-1.4541825607366348,-0.001057680222600581,9.805505157945163,0.0,0.0,-0.000932668377457724,-0.00944552285597887,0.9999553900539652,0.0
29.824,-1.4235921953045434,-0.0010389228508900252,9.851140879531467,0.0,0.0,-0.0009462190883939101,-0.00946066093406503,0.9999552469459274,0.0
29.84,-1.4038469240751732,-0.0010382745924280336,9.868106978759043,0.0,0.0,-0.000960209921876676,-0.009476022742933176,0.9999551014885497,0.0
29.856,-1.362029153791675,-0.0010346597299836526,9.793055319428875,0.0,0.0,-0.0009745202523043433,-0.009491616129633949,0.9999549535970347,0.0
29.872,-1.3392644524899315,-0.0010235957843724173,9.810097871776627,0.0,0.0,-0.0009895523011080798,-0.00950744938476383,0.9999548031817219,0.0
29.888,-1.3155585118030104,-0.0010132942503921008,9.734467241278528,0.0,0.0,-0.0010052701083667923,-0.009523531275573737,0.999954650147717,0.0
29.904,-1.2870893702258628,-0.0010130858998939013,9.810084961874454,0.0,0.0,-0.001021392129383173,-0.009539871083381475,0.9999544943944761,0.0
29.92,-1.2588871442068883,-0.0010114916292903245,9.789797914470238,0.0,0.0,-0.0010379791850920776,-0.009556478644133252,0.9999543358153532,0.0
29.936,-1.2300514974511865,-0.0010033207697319345,9.784406695532338,0.0,0.0,-0.0010552516278215678,-0.009573364393149689,0.9999541742971004,0.0
29.952,-1.2014618996477002,-0.0010024247277675398,9.782759652945149,0.0,0.0,-0.0010736679363445036,-0.009590539414561753,0.9999540097193159,0.0
29.968,-1.1781588727202372,-0.0009975471966877315,9.717004579735713,0.0,0.0,-0.0010922165660636634,-0.009608015495742417,0.9999538419538342,0.0
29.984,-1.1607057108217362,-0.0009844217802072914,9.815265368055455,0.0,0.0,-0.0011121665774875126,-0.009625805187811018,0.9999536708640487,0.0
30.0,-1.1351188388724256,-0.0009796964717041197,9.906919759291775,0.0,0.0,-0.0011323395738336392,-0.009643921872616631,0.9999534963041605,0.0
30.016000000000002,-1.1109978660405544,-0.000993475121976238,9.814582701072334,0.0,0.0,-0.0011536082796983838,-0.009662379837278016,0.9999533181183411,0.0
30.032,-1.0846611757038505,-0.0009850646676253436,9.775925146424024,0.0,0.0,-0.0011759236153087188,-0.00968119435705203,0.9999531361398,0.0
30.048000000000002,-1.0707666216713554,-0.0009834681579805483,9.75735413993295,0.0,0.0,-0.001199377818260025,-0.009700381788326681,0.9999529501897381,0.0
30.064,-1.04230837022689,-0.0009830186718117482,9.813294368653956,0.0,0.0,-0.0012238292580162193,-0.009719959672390421,0.9999527600761784,0.0
30.080000000000002,-1.0174190518501778,-0.0009746993867508604,9.857387835931826,0.0,0.0,-0.001249219154111385,-0.009739946852008272,0.9999525655926486,0.0
30.096,-1.0025684094683631,-0.00097818155978609,9.877873105488705,0.0,0.0,-0.0012761331244909775,-0.009760363603047183,0.9999523665166938,0.0
30.112000000000002,-0.9746417637051944,-0.0009691554316436988,9.860691684002695,0.0,0.0,-0.0013042197040171151,-0.009781231782549532,0.9999521626082002,0.0
30.128,-0.960149318993152,-0.0009769348943307306,9.712889792086996,0.0,0.0,-0.0013339639431329726,-0.009802574996853743,0.9999519536074878,0.0
30.144000000000002,-0.9399302003080889,-0.0009724962710577306,9.801734576308933,0.0,0.0,-0.0013652640308647217,-0.009824418792570887,0.9999517392331433,0.0
30.16,-0.9210778200858167,-0.000984834791483078,9.849019940382721,0.0,0.0,-0.0013981119182473506,-0.009846790874107296,0.9999515191795458,0.0
30.176000000000002,-0.9018120558751064,-0.0009813880135843204,9.8085013510695,0.0,0.0,-0.0014332023146120354,-0.009869721352766614,0.999951293114029,0.0
30.192,-0.8783313065702272,-0.0009899064625064394,9.821679251400502,0.0,0.0,-0.0014701846593755876,-0.009893243032818197,0.9999510606736179,0.0
30.208000000000002,-0.8647418686451636,-0.000996526861652842,9.84445673719527,0.0,0.0,-0.0015094084460996918,-0.0099173917409562,0.9999508214612639,0.0
30.224,-0.8457906387662998,-0.0010024019952336392,9.87152944995579,0.0,0.0,-0.0015505851307581263,-0.009942206708165315,0.999950575041473,0.0
30.240000000000002,-0.8274209947062464,-0.0010136504217180009,9.81679055191389,0.0,0.0,-0.0015951839404724523,-0.009967731013542577,0.9999503209352161,0.0
30.256,-0.8070615565841129,-0.001014191413419104,9.82664866182525,0.0,0.0,-0.0016428735151642706,-0.009994012102669451,0.999950058613975,0.0
30.272000000000002,-0.797481483057305,-0.0010177091110643262,9.900268873803444,0.0,0.0,-0.001693375023836646,-0.01002110239674308,0.9999497874927292,0.0
30.288,-0.7772083776839614,-0.0010379662149881221,9.735743596517656,0.0,0.0,-0.0017473740634924753,-0.010049060010874782,0.9999495069216736,0.0
30.304000000000002,-0.759992527834711,-0.0010387153133466576,9.81720082330339,0.0,0.0,-0.0018057017120867464,-0.010077949607495217,0.999949216176356,0.0
30.32,-0.7410000472649021,-0.0010431690698989517,9.82216275153601,0.0,0.0,-0.0018681290180143162,-0.010107843415216514,0.9999489144458799,0.0
30.336000000000002,-0.725885850121527,-0.0010756110495459313,9.816384492548181,0.0,0.0,-0.0019365112800596928,-0.010138822453925184,0.999948600818686,0.0
30.352,-0.7135268979144778,-0.0010894960710826052,9.786101957347137,0.0,0.0,-0.002009575404913621,-0.010170978017855409,0.9999482742653043,0.0
30.368000000000002,-0.6996559105786153,-0.0011014350216768723,9.796677467446948,0.0,0.0,-0.002089582640535091,-0.010204413485167527,0.9999479336172578,0.0
30.384,-0.6883289297781013,-0.001124041889381883,9.761356852250257,0.0,0.0,-0.0021773224637659646,-0.01023924654367691,0.9999475775410518,0.0
30.400000000000002,-0.670673080305848,-0.00113680112312948,9.83088665642782,0.0,0.0,-0.0022730825997856747,-0.010275611952955269,0.9999472045058141,0.0
30.416,-0.6542675381815065,-0.0011702461373602337,9.834115675376612,0.0,0.0,-0.0023787007906268735,-0.010313665006890535,0.9999468127426206,0.0
30.432000000000002,-0.6453016702955405,-0.0011892586346408795,9.802945299594683,0.0,0.0,-0.0024952110221240277,-0.010353585918809395,0.9999464001928414,0.0
30.448,-0.6326318474616832,-0.001233816736437181,9.814651291725292,0.0,0.0,-0.002625247971749817,-0.010395585443383995,0.9999459644417239,0.0
30.464000000000002,-0.6188969842117488,-0.001273870930367012,9.806634027708165,0.0,0.0,-0.0027704276410643242,-0.010439912175700014,0.9999455026319003,0.0
30.48,-0.6019739924532802,-0.001312734988408431,9.787761379326431,0.0,0.0,-0.0029347585016349645,-0.010486862168029493,0.9999450113490586,0.0
30.496000000000002,-5.030844965687856,-0.0053865726114757425,9.844492307953828,0.0,0.0,-0.0509332700087543,-0.011301766299830936,0.9999361329997551,0.0
30.512,-5.007196182217317,-0.026934614799928622,9.815701482211123,0.0,0.0,-0.09894758116005942,-0.01288460261292678,0.9999169900624286,0.0
30.528000000000002,-5.006440100235272,-0.041022953613287706,9.77393080844815,0.0,0.0,-0.1469374032920798,-0.015235321168610939,0.9998839357589906,0.0
30.544,-4.983010609142235,-0.047196055314680366,9.902118933956984,0.0,0.0,-0.19492863838367785,-0.0183538300447426,0.9998315542743631,0.0
30.560000000000002,-4.9684624667412995,-0.04538682111449452,9.814782638725061,0.0,0.0,-0.24294474213081865,-0.022239974540013266,0.9997526611779833,0.0
30.576,-3.3522753659202595,-0.028759655105303625,9.813665244311203,0.0,0.0,-0.29093415175713677,-0.02689350958894425,0.999638304159054,0.0
30.592000000000002,0.0,0.0,9.821687688837752,0.0,0.0,-0.3389888049058524,-0.03231406539200821,0.9994777642238175,0.0
30.608,0.0,0.0,9.824340541918806,0.0,0.0,-0.3869914705374927,-0.03850110626867026,0.9992585575395833,0.0
30.624000000000002,0.0,0.0,9.78424397464871,0.0,0.0,-0.4349386726053817,-0.04545388274593193,0.9989664381466071,0.0
30.64,0.0,0.0,9.821169088680566,0.0,0.0,-0.48301504163012865,-0.05317137690027887,0.9985854017952238,0.0
30.656000000000002,0.0,0.0,9.76272952748932,0.0,0.0,-0.5309021712094021,-0.061652240979131974,0.9980976912017437,0.0
30.672,0.0,0.0,9.784392370669831,0.0,0.0,-0.5788268984174664,-0.07089472933724951,0.9974838030525599,0.0
30.688000000000002,0.0,0.0,9.77858205066282,0.0,0.0,-0.6268374721644333,-0.08089662373586248,0.9967224971215101,0.0
30.704,0.0,0.0,9.876032304075927,0.0,0.0,-0.67499432940351,-0.0916551520665759,0.9957908079007625,0.0
30.72,0.0,0.0,9.813431492311674,0.0,0.0,-0.7229388111358289,-0.10316690057940976,0.994664059180203,0.0
30.736,0.0,0.0,9.881873999625437,0.0,0.0,-0.7708634234413009,-0.11542771971468575,0.9933158820443112,0.0
30.752,0.0,0.0,9.781610877402509,0.0,0.0,-0.8189861546930316,-0.12843262366186264,0.9917182367887215,0.0
30.768,0.0,0.0,9.79468226915627,0.0,0.0,-0.8667620404968233,-0.1421756837953653,0.9898414392908191,0.0
30.784,0.0,0.0,9.807453144327695,0.0,0.0,-0.9150692769829282,-0.15664991616797072,0.9876541923996313,0.0
30.8,0.0,0.0,9.834657518432483,0.0,0.0,-0.9628837574494791,-0.17184716327678398,0.9851236229396402,0.0
30.816,0.0,0.0,9.777863719348193,0.0,0.0,-1.0109931522288145,-0.18775797035519676,0.9822153249507447,0.0
30.832,0.0,0.0,9.850896658615834,0.0,0.0,-1.0591001649863416,-0.20437145648686178,0.9788934098120381,0.0
30.848,0.0,0.0,9.773958837032948,0.0,0.0,-1.1069274217854839,-0.22167518088464527,0.975120563920052,0.0
30.864,0.0,0.0,9.745473248785936,0.0,0.0,-1.1551801894680935,-0.2396550047289313,0.9708581146122106,0.0
30.88,0.0,0.0,9.825205743746201,0.0,0.0,-1.20302013544313,-0.2582949490155286,0.9660661050430586,0.0
30.896,0.0,0.0,9.856018140650812,0.0,0.0,-1.2510271771946788,-0.27757704892402973,0.9607033787338458,0.0
30.912,0.0,0.0,9.830476950388238,0.0,0.0,-1.2989176824415596,-0.2974812052825026,0.9547276745248718,0.0
30.928,0.0,0.0,9.84517779451356,0.0,0.0,-1.3468994454851761,-0.3179850337742375,0.9480957326639526,0.0
30.944,0.0,0.0,9.80272992864169,0.0,0.0,-1.3949874178695605,-0.3390637126064159,0.9407634127630359,0.0
30.96,0.0,0.0,9.778315632894076,0.0,0.0,-1.4430573125845796,-0.36068982943929084,0.9326858243476499,0.0
30.976,0.0,0.0,9.812514288897143,0.0,0.0,-1.490907558574288,-0.38283322845731316,0.9238174707099618,0.0
30.992,0.0,0.0,9.759548904283578,0.0,0.0,-1.5000247322784408,-0.404891415405636,0.9143647749836064,0.0
31.008,0.0,0.0,9.753509299562262,0.0,0.0,-1.4998151092201804,-0.4267164184771621,0.9043854809770132,0.0
31.024,0.0,0.0,9.894755462637905,0.0,0.0,-1.5000791875543231,-0.4482956682801186,0.8938853359359252,0.0
31.04,0.0,0.0,9.837673275288058,0.0,0.0,-1.4997282954821562,-0.469616736956227,0.8828703870730892,0.0
31.056,0.0,0.0,9.774898131990824,0.0,0.0,-1.5003043509754566,-0.49066734533813083,0.8713469780855566,0.0
31.072,0.0,0.0,9.845054436742672,0.0,0.0,-1.5000323344477986,-0.5114353700211722,0.8593217455012451,0.0
31.088,0.0,0.0,9.805727085822271,0.0,0.0,-1.5000549913136343,-0.5319088503454692,0.8468016148568455,0.0
31.104,0.0,0.0,9.805560977072574,0.0,0.0,-1.500010277269077,-0.5520759952842627,0.8337937967092888,0.0
31.12,0.0,0.0,9.836947315064812,0.0,0.0,-1.5001586322099845,-0.5719251902345708,0.8203057824830629,0.0
31.136,0.0,0.0,9.811805974515185,0.0,0.0,-1.4998631530449933,-0.5914450037062373,0.8063453401557727,0.0
31.152,0.0,0.0,9.820128239034364,0.0,0.0,-1.4999897426532895,-0.6106241939055198,0.7919205097844317,0.0
31.168,0.0,0.0,9.823985924807465,0.0,0.0,-1.499910028438032,-0.6294517152094332,0.7770395988750526,0.0
31.184,0.0,0.0,9.822009226801447,0.0,0.0,-1.500246783685085,-0.6479167245271124,0.761711177598214,0.0
31.2,0.0,0.0,9.808642962081525,0.0,0.0,-1.5000219546621372,-0.6660085875445315,0.7459440738533542,0.0
31.216,0.0,0.0,9.827558484321429,0.0,0.0,-1.4998141212434497,-0.6837168848489875,0.7297473681846316,0.0
31.232,0.0,0.0,9.840396950699256,0.0,0.0,-1.4999600734942216,-0.7010314179298182,0.7131303885512865,0.0
31.248,0.0,0.0,9.772876402608086,0.0,0.0,-1.5000184677389534,-0.7179422150518998,0.6961027049555055,0.0
31.264,0.0,0.0,9.840969822238746,0.0,0.0,-1.5000517557243698,-0.7344395369985368,0.6786741239309003,0.0
31.28,0.0,0.0,9.776393490164828,0.0,0.0,-1.5000228666513724,-0.7505138826804448,0.6608546828947522,0.0
31.296,0.0,0.0,9.828638625109525,0.0,0.0,-1.4998925779095242,-0.7661559946075891,0.6426546443672961,0.0
31.312,0.0,0.0,9.835736708692792,0.0,0.0,-1.5001731596026127,-0.7813568642207331,0.6240844900613564,0.0
31.328,0.0,0.0,9.82469445517153,0.0,0.0,-1.4999186618620532,-0.796107737079618,0.6051549148457523,0.0
31.344,0.0,0.0,9.808466683698908,0.0,0.0,-1.4998545250997597,-0.8104001179047987,0.5858768205859388,0.0
31.36,0.0,0.0,9.821617828883038,0.0,0.0,-1.4998082075386452,-0.824225775470215,0.566261309865439,0.0
31.376,0.0,0.0,9.772204743902456,0.0,0.0,-1.499723056401344,-0.8375767473437006,0.5463196795916717,0.0
31.392,0.0,0.0,9.765258837625492,0.0,0.0,-1.4999886464520746,-0.8504453444726789,0.5260634144898755,0.0
31.408,0.0,0.0,9.757339811435974,0.0,0.0,-1.4998508257863667,-0.8628241556124236,0.5055041804888543,0.0
31.424,0.0,0.0,9.78207382838112,0.0,0.0,-1.5001509795524983,-0.8747060515943186,0.48465381800237345,0.0
31.44,0.0,0.0,9.798658750713196,0.0,0.0,-1.500043035466629,-0.8860841894316679,0.4635243351100614,0.0
31.456,0.0,0.0,9.834776002732944,0.0,0.0,-1.4999576241871393,-0.8969520162606898,0.4421279006417529,0.0
31.472,0.0,0.0,9.765210256800387,0.0,0.0,-1.4996206219967552,-0.9073032731144218,0.42047683716925155,0.0
31.488,0.0,0.0,9.84979001225837,0.0,0.0,-1.500139131396112,-0.9171319985273673,0.3985836139095505,0.0
31.504,0.0,0.0,9.825971480004597,0.0,0.0,-1.4999103574325754,-0.926432531968805,0.37646083954359644,0.0
31.52,0.0,0.0,9.825447601567307,0.0,0.0,-1.5001809150679213,-0.9351995171027849,0.354121254954737,0.0
31.536,0.0,0.0,9.768362910774599,0.0,0.0,-1.4997920716694417,-0.943427904872934,0.3315777258910286,0.0
31.552,0.0,0.0,9.885428853569678,0.0,0.0,-1.5000391498560366,-0.9511129564102939,0.3088432355556298,0.0
31.568,0.0,0.0,9.8301230680795,0.0,0.0,-1.499850436363939,-0.9582502457625163,0.28593087712955617,0.0
31.584,0.0,0.0,9.824551422058208,0.0,0.0,-1.4999301415269874,-0.964835662442844,0.26285384623109154,0.0
31.6,0.0,0.0,9.787897262483936,0.0,0.0,-1.4999583154971696,-0.9708654137974115,0.2396254333162087,0.0
31.616,0.0,0.0,9.787376764914324,0.0,0.0,-1.5001804572101634,-0.9763360271894985,0.21625901602436576,0.0
31.632,0.0,0.0,9.778679244165572,0.0,0.0,-1.5002864434647445,-0.9812443519994801,0.19276805147409778,0.0
31.648,0.0,0.0,9.847948670962255,0.0,0.0,-1.5000361011618857,-0.9855875614393232,0.16916606851283236,0.0
31.664,0.0,0.0,9.781920749619607,0.0,0.0,-1.4999459750540955,-0.989363154180582,0.14546665992539348,0.0
31.68,0.0,0.0,9.790213014097592,0.0,0.0,-1.5000632588855412,-0.9925689557949549,0.12168347460568725,0.0
31.696,0.0,0.0,9.825909193288624,0.0,0.0,-1.499993832643019,-0.995203120006576,0.09783020969606865,0.0
31.712,0.0,0.0,9.82737850627522,0.0,0.0,-1.4998948483808316,-0.997264129755316,0.07392060269892617,0.0
31.728,0.0,0.0,9.815584673480394,0.0,0.0,-1.500184177386323,-0.9987507980704832,0.04996842356501656,0.0
31.744,0.0,0.0,9.816392045112806,0.0,0.0,-1.4999513959846562,-0.999662268754421,0.02598746676311793,0.0
31.76,0.0,0.0,9.77203132006469,0.0,0.0,-1.4999444040836252,-0.9999980168756051,0.0019915433355573845,0.0
31.776,0.0,0.0,9.761278561204715,0.0,0.0,-1.4999368573727005,-0.999757849070962,-0.022005527055801874,0.0
31.792,0.0,0.0,9.768857324281472,0.0,0.0,-1.4997955594709178,-0.9989419036572299,-0.04598992408853996,0.0
31.808,0.0,0.0,9.855737347362775,0.0,0.0,-1.500165704352708,-0.9975506505512991,-0.06994783473904188,0.0
31.824,0.0,0.0,9.833412812632483,0.0,0.0,-1.499947532397297,-0.9955848909995786,-0.09386546123765285,0.0
31.84,0.0,0.0,9.853552734803031,0.0,0.0,-1.5000109113198856,-0.9930457571165462,-0.11772902901504662,0.0
31.856,0.0,0.0,9.769100067986878,0.0,0.0,-1.5000556723271057,-0.9899347112327428,-0.14152479463523784,0.0
31.872,0.0,0.0,9.803973077826752,0.0,0.0,-1.4999148242344653,-0.986253545052592,-0.16523905371066186,0.0
31.888,0.0,0.0,9.78478224487668,0.0,0.0,-1.499920007800393,-0.9820043786225268,-0.18885814879476373,0.0
31.904,0.0,0.0,9.792747799113677,0.0,0.0,-1.4998231553298051,-0.977189659110019,-0.2123684772475541,0.0
31.92,0.0,0.0,9.768295930706827,0.0,0.0,-1.4999359940821804,-0.9718121593942131,-0.23575649906960489,0.0
31.936,0.0,0.0,9.839218722967516,0.0,0.0,-1.4999756034715475,-0.9658749764689785,-0.2590087446999632,0.0
31.952,0.0,0.0,9.824412805620852,0.0,0.0,-1.4998523861759947,-0.9593815296592968,-0.28211182277350255,0.0
31.968,0.0,0.0,9.790511289674853,0.0,0.0,-1.500113542040112,-0.9523355586520158,-0.30505242783323827,0.0
31.984,0.0,0.0,9.854679535764346,0.0,0.0,-1.4999841539152488,-0.9447411213420989,-0.32781734799316764,0.0
32.0,0.0,0.0,9.833371885645779,0.0,0.0,-1.5000580762241795,-0.9366025914956142,-0.3503934725472202,0.0
32.016,0.0,0.0,9.809425128520934,0.0,0.0,-1.499883854409113,-0.9279246562308084,-0.37276779951993755,0.0
32.032000000000004,0.0,0.0,9.874176563829582,0.0,0.0,-1.4997082258636185,-0.9187123133187147,-0.3949274431545316,0.0
32.048,0.0,0.0,9.794601826789652,0.0,0.0,-1.5002617068536184,-0.9089708683048521,-0.4168596413340146,0.0
32.064,0.0,0.0,9.77530836468498,0.0,0.0,-1.4997355833574582,-0.8987059314536706,-0.43855176293111664,0.0
32.08,0.0,0.0,9.82311181637898,0.0,0.0,-1.5000038295781626,-0.8879234145175038,-0.45999131508277097,0.0
32.096000000000004,0.0,0.0,9.779496401052278,0.0,0.0,-1.4998842094459903,-0.8766295273318911,-0.4811659503849635,0.0
32.112,0.0,0.0,9.88451584982013,0.0,0.0,-1.5001553831276828,-0.8648307742392259,-0.5020634740038166,0.0
32.128,0.0,0.0,9.90777943398032,0.0,0.0,-1.5000888330367872,-0.8525339503427944,-0.522671850698801,0.0
32.144,0.0,0.0,9.85308066266476,0.0,0.0,-1.500056928603505,-0.8397461375933604,-0.5429792117540352,0.0
32.160000000000004,0.0,0.0,9.800422683507561,0.0,0.0,-1.499997323832782,-0.8264747007105475,-0.5629738618136821,0.0
32.176,0.0,0.0,9.72691233609666,0.0,0.0,-1.5000361247890355,-0.8127272829413736,-0.5826442856175047,0.0
32.192,0.0,0.0,9.745746805014669,0.0,0.0,-1.4998537710559479,-0.7985118016583711,-0.6019791546327018,0.0
32.208,0.0,0.0,9.800368130600274,0.0,0.0,-1.500112039647921,-0.7838364437998401,-0.6209673335782006,0.0
32.224000000000004,0.0,0.0,9.775656489227696,0.0,0.0,-1.4999493567011715,-0.7687096611548503,-0.6395978868376564,0.0
32.24,0.0,0.0,9.790674845232182,0.0,0.0,-1.4999698783062165,-0.7531401654957086,-0.6578600847574632,0.0
32.256,0.0,0.0,9.793382094419162,0.0,0.0,-1.499893596547616,-0.7371369235607053,-0.6757434098261403,0.0
32.272,0.0,0.0,9.752087575217125,0.0,0.0,-1.5000561876312677,-0.7207091518900128,-0.6932375627315491,0.0
32.288000000000004,0.0,0.0,9.766255654399426,0.0,0.0,-1.4999963228323656,-0.7038663115177254,-0.7103324682924416,0.0
32.304,0.0,0.0,9.833780700541174,0.0,0.0,-1.5000366467434738,-0.6866181025230848,-0.7270182812609314,0.0
32.32,0.0,0.0,9.790514807388142,0.0,0.0,-1.4996562258713044,-0.6689744584440432,-0.7432853919925367,0.0
32.336,0.0,0.0,9.74682728933877,0.0,0.0,-1.4997424729008066,-0.6509455405563658,-0.7591244319805421,0.0
32.352000000000004,0.0,0.0,9.844758576459915,0.0,0.0,-1.4998303024510111,-0.6325417320215817,-0.7745262792514775,0.0
32.368,0.0,0.0,9.784137072600167,0.0,0.0,-1.5000087298871527,-0.6137736319071404,-0.7894820636186222,0.0
32.384,0.0,0.0,9.827791274969417,0.0,0.0,-1.4931537602438771,-0.5947422914594807,-0.803916417763393,0.0
32.4,0.0,0.0,9.76354674807363,0.0,0.0,-1.444899017498677,-0.5759995099492471,-0.81745003794619,0.0
32.416000000000004,0.0,0.0,9.861576621216894,0.0,0.0,-1.4064740317994784,-0.5574597717641734,-0.8302039525710749,0.0
32.432,0.0,0.0,9.902732118525051,0.0,0.0,-1.3728418566553044,-0.5390894076102373,-0.8422485444347432,0.0
32.448,0.0,0.0,9.795191029665634,0.0,0.0,-1.3374257684499546,-0.5209414987330858,-0.8535923821694559,0.0
32.464,0.0,0.0,9.774566909216711,0.0,0.0,-1.3051782826681009,-0.5030069368599134,-0.8642823736897607,0.0
32.480000000000004,0.0,0.0,9.820910435540098,0.0,0.0,-1.2719932103381437,-0.4853154060637104,-0.8743391542400557,0.0
32.496,0.0,0.0,9.816702258529395,0.0,0.0,-1.2403563662084123,-0.4678674095506,-0.8837986688609638,0.0
32.512,0.0,0.0,9.789124023754203,0.0,0.0,-1.2092835828574109,-0.4506803788912764,-0.892685384714243,0.0
32.528,0.0,0.0,9.8229820607122,0.0,0.0,-1.1792459632354793,-0.43375779824367233,-0.9010295069878687,0.0
32.544000000000004,0.0,0.0,9.801116687545612,0.0,0.0,-1.1497178643238009,-0.4171102127246604,-0.9088559129151268,0.0
32.56,0.0,0.0,9.848532793102844,0.0,0.0,-1.120972989577605,-0.40074127473397814,-0.9161912631784841,0.0
32.576,0.0,0.0,9.777343965132191,0.0,0.0,-1.093117148039569,-0.38465731106839524,-0.9230594526040193,0.0
32.592,0.0,0.0,9.850938460110712,0.0,0.0,-1.0658495233630234,-0.36886105695879473,-0.9294845456806912,0.0
32.608000000000004,0.0,0.0,9.798952060521437,0.0,0.0,-1.0391620427650452,-0.3533560222201192,-0.9354889211320327,0.0
32.624,0.0,0.0,9.750250586239655,0.0,0.0,-1.0133524478321174,-0.33814370379383496,-0.9410944881278326,0.0
32.64,0.0,0.0,9.782558981369734,0.0,0.0,-0.9879962690031255,-0.32322559151148844,-0.9463219415146457,0.0
32.656,0.0,0.0,9.797640913989039,0.0,0.0,-0.9633632255679967,-0.30860194753113446,-0.9511912730781286,0.0
32.672000000000004,0.0,0.0,9.82957297226611,0.0,0.0,-0.939276062771134,-0.2942727409421322,-0.9557214834555123,0.0
32.688,0.0,0.0,9.870176194059779,0.0,0.0,-0.9158187498252943,-0.2802371288827654,-0.9599308056290018,0.0
32.704,0.0,0.0,9.767439176572031,0.0,0.0,-0.8929024918536209,-0.26649390381563437,-0.963836604009779,0.0
32.72,0.0,0.0,9.790835408281977,0.0,0.0,-0.8707501473125163,-0.25304128605519904,-0.9674554809145128,0.0
32.736000000000004,0.0,0.0,9.812780542683903,0.0,0.0,-0.848852402171869,-0.23987714776043406,-0.9708032519425956,0.0
32.752,0.0,0.0,9.782664413177498,0.0,0.0,-0.8278537848018656,-0.22699894151452418,-0.9738950048908176,0.0
32.768,0.0,0.0,9.819876753817976,0.0,0.0,-0.8070753761649421,-0.21440382047001325,-0.9767451058325618,0.0
32.784,0.0,0.0,9.80067830416533,0.0,0.0,-0.7870269261079634,-0.20208862459798427,-0.9793672384800786,0.0
32.8,0.0,0.0,9.801885028875324,0.0,0.0,-0.767448584841656,-0.19004995114769385,-0.9817744221911463,0.0
32.816,0.0,0.0,9.88214034220932,0.0,0.0,-0.7481372786656635,-0.17828416381602463,-0.9839790429335479,0.0
32.832,0.0,0.0,9.795621190304708,0.0,0.0,-0.7295460379068829,-0.16678743825320624,-0.9859928754514066,0.0
32.848,0.0,0.0,9.775221938216887,0.0,0.0,-0.7112618382757013,-0.15555577897167214,-0.9878271101911085,0.0
32.864,0.0,0.0,9.797558139541358,0.0,0.0,-0.6935313282962832,-0.1445850513577637,-0.9894923763849185,0.0
32.88,0.0,0.0,9.799623533763235,0.0,0.0,-0.6761372741430399,-0.13387099987570827,-0.990998766594731,0.0
32.896,0.0,0.0,9.79259748737745,0.0,0.0,-0.6593972376497145,-0.12340927204626259,-0.9923558593433162,0.0
32.912,0.0,0.0,9.805326832096542,0.0,0.0,-0.6428322450588059,-0.11319543537407369,-0.9935727418817778,0.0
32.928,0.0,0.0,9.770014807835425,0.0,0.0,-0.6269122716031351,-0.10322499602540665,-0.9946580317855754,0.0
32.944,0.0,0.0,9.783500095026445,0.0,0.0,-0.6111614175098903,-0.09349341360129056,-0.995619898160527,0.0
32.96,0.0,0.0,9.813143224592359,0.0,0.0,-0.5959637200646799,-0.08399611598813338,-0.9964660819611012,0.0
32.976,0.0,0.0,9.779168716083472,0.0,0.0,-0.5809903125493449,-0.0747285118212114,-0.9972039157168344,0.0
32.992,0.0,0.0,9.8492234589941,0.0,0.0,-0.566676158162117,-0.06568600238608444,-0.9978403424849766,0.0
33.008,0.0,0.0,9.78124196327869,0.0,0.0,-0.5525219099503133,-0.05686399190805725,-0.9983819341435826,0.0
33.024,0.0,0.0,9.800592183297901,0.0,0.0,-0.5387298040652799,-0.04825789708652249,-0.9988349089658344,0.0
33.04,0.0,0.0,9.801341031324004,0.0,0.0,-0.5252011995428872,-0.03986315544800614,-0.99920514852443,0.0
33.056,0.0,0.0,9.723236697315887,0.0,0.0,-0.512024332944098,-0.03167523293737853,-0.9994982139145436,0.0
33.072,0.0,0.0,9.818929337796183,0.0,0.0,-0.4993908779554694,-0.023689630592993623,-0.99971936132215,0.0
33.088,0.0,0.0,9.79805197427845,0.0,0.0,-0.4868157123088661,-0.015901890525138802,-0.9998735569449402,0.0
33.104,0.0,0.0,9.920663637516286,0.0,0.0,-0.47467022328948827,-0.008307601159549736,-0.9999654912860613,0.0
33.12,4.994036902068977,0.03425356790435064,9.83077752129039,0.0,0.0,-0.4266374810492846,-0.001480822123966812,-0.9999989035823177,0.0
33.136,5.0089670202652234,-0.0038521044217067237,9.821129377241155,0.0,0.0,-0.37865506421023876,0.004578043379915835,-0.999989520704498,0.0
33.152,4.991325556811057,-0.03412904670627183,9.778651897181955,0.0,0.0,-0.330665780822346,0.009868787402130541,-0.9999513023318743,0.0
33.168,5.0255806468702096,-0.05678798871293075,9.795374286177127,0.0,0.0,-0.2826843734253846,0.014391343649220428,-0.9998964392515709,0.0
33.184,5.002762560925763,-0.07143666006904677,9.800470211824308,0.0,0.0,-0.23464564594015616,0.01814574067348516,-0.9998353524933046,0.0
33.2,5.040451303574054,-0.07916005880924197,9.846547663805469,0.0,0.0,-0.18671079922945233,0.021132061854717728,-0.9997766930478867,0.0
33.216,4.984645667189722,-0.07893266907952841,9.751879544272972,0.0,0.0,-0.13864856185152055,0.023350412178138744,-0.9997273419543508,0.0
33.232,5.013362397011857,-0.07017482919562693,9.785400950859684,0.0,0.0,-0.09066444618458425,0.02480089180937678,-0.9996924105771035,0.0
33.248,5.003159286619872,-0.05461199019938656,9.761356325932079,0.0,0.0,-0.04268330142323133,0.025483576465733352,-0.9996752409310311,0.0
33.264,4.95182944280486,-0.03112562348464695,9.839107115244813,0.0,0.0,0.005318178383559141,0.02539850458235308,-0.9996774059490292,0.0
33.28,5.002400550820555,0.0021924899724482102,9.885432961133253,0.0,0.0,0.025599259133327657,0.024989029245977887,-0.9996877254509748,0.0
33.296,4.988568865026577,0.020624032251427973,9.789842353253391,0.0,0.0,0.02522190510628578,0.024585614576946517,-0.9996977280937843,0.0
33.312,5.035328632757669,0.02231647193878854,9.858178915767558,0.0,0.0,0.024854649615794925,0.024188126710496517,-0.9997074244628961,0.0
33.328,4.999222476125937,0.023889269664969598,9.838030569807689,0.0,0.0,0.024486735944957812,0.023796434882382797,-0.999716824749333,0.0
33.344,5.013286251508138,0.025518251583655446,9.80421912365927,0.0,0.0,0.024132521364447688,0.02341041133322382,-0.9997259387658246,0.0
33.36,5.002449289217139,0.02697933490515181,9.844014391439634,0.0,0.0,0.023789106745924816,0.0230299312158697,-0.9997347759622011,0.0
33.376,4.975076585827175,0.028609306840169935,9.82857822908988,0.0,0.0,0.023449350222805528,0.022654872505663063,-0.9997433454400947,0.0
33.392,5.016331010872743,0.030026580389176005,9.80801643022665,0.0,0.0,0.023115818003386572,0.02228511591346138,-0.9997516559669825,0.0
33.408,4.98707515228635,0.03148632640306637,9.820156481935747,0.0,0.0,0.022792650817174624,0.021920544801308877,-0.9997597159896041,0.0
33.424,5.003810226507179,0.03279052831722979,9.786882368328072,0.0,0.0,0.022471811698486874,0.021561045100634238,-0.9997675336467817,0.0
33.44,4.966653355662514,0.03416875396245408,9.834332024689406,0.0,0.0,0.02216560171455153,0.021206505232864062,-0.9997751167816733,0.0
33.456,5.020842336585509,0.035604508455313745,9.784680185447135,0.0,0.0,0.021861188293400054,0.020856816032351816,-0.9997824729534883,0.0
33.472,4.994929590196847,0.036470136147102886,9.837734988574635,0.0,0.0,0.02156333050370399,0.020511870671505898,-0.9997896094486857,0.0
33.488,4.999341533394185,0.037831402770044285,9.797092012744088,0.0,0.0,0.02127357251053309,0.020171564588027647,-0.9997965332916848,0.0
33.504,4.966595679910491,0.03915174235351167,9.90729782770398,0.0,0.0,0.020989756448544488,0.019835795414158593,-0.9998032512551097,0.0
33.52,4.988689654908875,0.040494850987721265,9.789129357099036,0.0,0.0,0.020713615945072584,0.019504462907840404,-0.9998097698695873,0.0
33.536,4.997275969614264,0.04143327755892254,9.859957823627227,0.0,0.0,0.020440905564650187,0.01917746888570192,-0.9998160954331241,0.0
33.552,4.943337742113888,0.04211978119540911,9.855955259895762,0.0,0.0,0.020173646291399217,0.01885471715778076,-0.9998222340200784,0.0
33.568,4.959571761416627,0.043709572323772594,9.778340085862995,0.0,0.0,0.019917587555889106,0.018536113463896477,-0.9998281914897447,0.0
33.584,4.993877780858707,0.04455869291652074,9.789744716104353,0.0,0.0,0.019661162918902134,0.018221565411591617,-0.9998339734945753,0.0
33.6,4.978694941687369,0.04585174566713848,9.818743249138313,0.0,0.0,0.019415265271426747,0.017910982415553712,-0.9998395854880471,0.0
33.616,1.2443508605446463,0.04779773169332063,9.7938945692269,0.0,0.0,0.019171325177073713,0.017604275638450975,-0.9998450327321957,0.0
33.632,2.1855305587276648e-05,0.048034453653428046,9.847196185572917,0.0,0.0,0.018934766761919675,0.017301384196878933,-0.9998503198503624,0.0
33.648,2.13326560048961e-05,0.0472561219439862,9.842362484314107,0.0,0.0,0.018702390024543922,0.017002256833695523,-0.9998554511841005,0.0
33.664,2.09438586948396e-05,0.04655160980301109,9.769010930252728,0.0,0.0,0.01846696136517865,0.016706842995303128,-0.9998604309588067,0.0
33.68,2.0213590366589116e-05,0.04594471236720023,9.803419852455995,0.0,0.0,0.018236079450686556,0.01641509282179896,-0.9998652632868351,0.0
33.696,1.9889148977792836e-05,0.04577608037429619,9.79581532533194,0.0,0.0,0.018011365668693106,0.016126957137261942,-0.9998699521705274,0.0
33.712,1.9447583215744205e-05,0.044980871680072684,9.776031678296281,0.0,0.0,0.01778726627158953,0.015842387440171597,-0.9998745015051617,0.0
33.728,1.883578716212702e-05,0.04449694158296336,9.856876545746037,0.0,0.0,0.017568644982549366,0.015561335893965236,-0.9998789150818189,0.0
33.744,1.836084531902108e-05,0.04386547792999507,9.808171892219848,0.0,0.0,0.01735269496295192,0.01528375531771922,-0.9998831965901758,0.0
33.76,1.7916379503638502e-05,0.04348716196331862,9.789759114221138,0.0,0.0,0.017133392281055152,0.015009599176966357,-0.9998873496212195,0.0
33.776,1.7466798266792527e-05,0.04282258500072283,9.76097183545871,0.0,0.0,0.016925550729354116,0.014738821574636417,-0.9998913776698902,0.0
33.792,1.6973701340036284e-05,0.04225887007111205,9.811020005793445,0.0,0.0,0.01671537366605531,0.014471377242125298,-0.9998952841376522,0.0
33.808,1.667882906809637e-05,0.04187045197185191,9.856067552060548,0.0,0.0,0.016513559131070384,0.014207221530486319,-0.9998990723349951,0.0
33.824,1.6269423384649086e-05,0.041259734454372414,9.798254775770939,0.0,0.0,0.016307677454801932,0.013946310401746603,-0.9999027454838686,0.0
33.84,1.5811454965981855e-05,0.040407004877187284,9.846329393607041,0.0,0.0,0.01610632777707039,0.013688600420341554,-0.9999063067200508,0.0
33.856,1.5416193503775296e-05,0.04026770815783298,9.85444246624956,0.0,0.0,0.015912051130451577,0.0134340487446716,-0.9999097590954527,0.0
33.872,1.5092602455492542e-05,0.03948577466913897,9.839711960987984,0.0,0.0,0.015714255592836974,0.013182613118772111,-0.9999131055803605,0.0
33.888,1.4683070522500091e-05,0.03943245504802715,9.714447161988062,0.0,0.0,0.015524443016973097,0.012934251864105045,-0.9999163490656185,0.0
33.904,1.4374154920315854e-05,0.03900176491788292,9.742965306089843,0.0,0.0,0.015336716111326329,0.012688923871460941,-0.9999194923647526,0.0
33.92,1.3928831976966705e-05,0.03834874838376955,9.824200936993892,0.0,0.0,0.01514774159310257,0.012446588592974497,-0.9999225382160346,0.0
33.936,1.3529531408123547e-05,0.03766098919799431,9.782396038356852,0.0,0.0,0.014960958347698984,0.01220720603425265,-0.9999254892844953,0.0
33.952,1.3325810065992126e-05,0.03763375103637265,9.82030288819867,0.0,0.0,0.014776296366020418,0.011970736746610679,-0.9999283481638789,0.0
33.968,1.3022571143013194e-05,0.03699514970447501,9.838432385078658,0.0,0.0,0.014599759017797453,0.011737141819418422,-0.9999311173785477,0.0
33.984,1.2702281283100437e-05,0.036272067212306705,9.801579244379564,0.0,0.0,0.014425539938599942,0.011506382872552182,-0.9999337993853344,0.0
34.0,1.2356675935346176e-05,0.03592089346642629,9.838475746823903,0.0,0.0,0.014249761167761643,0.011278422048950701,-0.9999363965753453,0.0
34.016,1.2143603306525962e-05,0.03563976582145951,9.754780653629918,0.0,0.0,0.014075541375043797,0.01105322200727843,-0.9999389112757128,0.0
34.032000000000004,1.1795365013834952e-05,0.03529266405534417,9.841858836318586,0.0,0.0,0.013906265581591104,0.010830745914686914,-0.9999413457513053,0.0
34.048,1.1528847066667733e-05,0.034586187733632846,9.7828170090159,0.0,0.0,0.01373674630780993,0.010610957439680983,-0.9999437022063858,0.0
34.064,1.1262078731309752e-05,0.03431860997186959,9.833742636140965,0.0,0.0,0.01357109797927179,0.010393820745081061,-0.99994598278623,0.0
34.08,1.0957690778269372e-05,0.03397579578952276,9.82682903107246,0.0,0.0,0.013410251905193299,0.010179300481086513,-0.999948189578698,0.0
34.096000000000004,1.0713320686882369e-05,0.033413874994340946,9.88299651808749,0.0,0.0,0.013248537000370042,0.009967361778433529,-0.999950324615767,0.0
34.112,1.0399785264111131e-05,0.032997480776729794,9.81216747314623,0.0,0.0,0.01308725884847762,0.009757970241650643,-0.9999523898750196,0.0
34.128,1.0145142479420218e-05,0.03295898369572789,9.758274493434365,0.0,0.0,0.012930407351202593,0.009551091942405467,-0.999954387281094,0.0
34.144,1.0034634848331998e-05,0.03235156086730871,9.842367201033396,0.0,0.0,0.012775786691118882,0.009346693412946097,-0.9999563187070946,0.0
34.160000000000004,9.723451231529263e-06,0.03204155888119492,9.763083291065223,0.0,0.0,0.012621298605576084,0.009144741639635242,-0.9999581859759659,0.0
34.176,9.48842911247283e-06,0.03148405721920453,9.75163403312169,0.0,0.0,0.012473709534572539,0.008945204056570767,-0.9999599908618276,0.0
34.192,9.3162040148886e-06,0.03110763654701287,9.725839666969515,0.0,0.0,0.01232347595025858,0.008748048539298616,-0.9999617350912756,0.0
34.208,9.056716579491106e-06,0.030748296970146506,9.819840841203897,0.0,0.0,0.012177537837494904,0.008553243398611023,-0.9999634203446465,0.0
34.224000000000004,8.848756814881683e-06,0.0304755136349287,9.767918804903298,0.0,0.0,0.012029974515997306,0.008360757374433219,-0.9999650482572507,0.0
34.24,8.613800981769577e-06,0.030074241409915475,9.815095897919479,0.0,0.0,0.011887197544012363,0.0081705596297938,-0.9999666204205698,0.0
34.256,8.404681696628928e-06,0.029804297537218152,9.876543470441916,0.0,0.0,0.011747180983784272,0.007982619744878815,-0.999968138383423,0.0
34.272,8.196001298255703e-06,0.029211036861090604,9.83647111060067,0.0,0.0,0.011607896785819964,0.007796907711169226,-0.9999696036531028,0.0
34.288000000000004,8.04071753067886e-06,0.02874738454128893,9.871434659464715,0.0,0.0,0.011470659027540889,0.007613393925661297,-0.9999710176964794,0.0
34.304,7.804630104759653e-06,0.028535033561347706,9.817407430027655,0.0,0.0,0.011332059567339868,0.007432049185164706,-0.9999723819410761,0.0
34.32,7.67008332642736e-06,0.028375455829224204,9.844412417909494,0.0,0.0,0.011199327638228373,0.007252844680682379,-0.9999736977761157,0.0
34.336,7.410296371009269e-06,0.028316718760086325,9.781734187301971,0.0,0.0,0.011070960918118081,0.007075751991865461,-0.9999749665535381,0.0
34.352000000000004,7.3041478644196515e-06,0.027848058700749263,9.80305885654163,0.0,0.0,0.01093911860881589,0.006900743081550136,-0.9999761895889934,0.0
34.368,7.136631535445512e-06,0.027390623666816744,9.737778100778165,0.0,0.0,0.010808344829358683,0.006727790290364789,-0.9999773681628046,0.0
34.384,6.910513443554061e-06,0.027022204025226995,9.813333296981357,0.0,0.0,0.010680815190992265,0.006556866331417315,-0.9999785035209067,0.0
34.4,6.765792001277426e-06,0.026784215059110324,9.813866876996332,0.0,0.0,0.010557376705899398,0.0063879442850498045,-0.999979596875762,0.0
34.416000000000004,6.676516737507462e-06,0.026400463737806117,9.871148218410527,0.0,0.0,0.010434596791627978,0.0062209975936742936,-0.9999806494072471,0.0
34.432,6.427156043185364e-06,0.025989871348099828,9.773250046414104,0.0,0.0,0.010312606941573,0.006056000056671561,-0.9999816622635207,0.0
34.448,6.329578645439612e-06,0.025791856357462027,9.763236368187442,0.0,0.0,0.010191808282177502,0.0058929258253670805,-0.999982636561864,0.0
34.464,6.188667076427629e-06,0.025569114669295533,9.833551825487914,0.0,0.0,0.01007193182190004,0.005731749398072732,-0.9999835733895023,0.0
34.480000000000004,6.0134484373392275e-06,0.025072889024340683,9.844071351785916,0.0,0.0,0.009957346895416518,0.005572445615198236,-0.9999844738044015,0.0
34.496,5.929690894668131e-06,0.024808826474905486,9.797081401520549,0.0,0.0,0.009840327102003426,0.005414989654431039,-0.9999853388360463,0.0
34.512,5.81815208772208e-06,0.024783360926616045,9.79730380177116,0.0,0.0,0.009727113102759788,0.005259357025982019,-0.9999861694861951,0.0
34.528,5.601757862982483e-06,0.024455784959114848,9.799338059779544,0.0,0.0,0.00961412189882721,0.0051055235678965916,-0.999986966729616,0.0
34.544000000000004,5.503774898620949e-06,0.024131264071244204,9.858069617831081,0.0,0.0,0.009504765715567298,0.0049534654414294735,-0.9999877315148025,0.0
34.56,5.379474481517921e-06,0.023693901830057703,9.840513874149478,0.0,0.0,0.00939419555873399,0.004803159126487146,-0.999988464764672,0.0
34.576,5.28079607049718e-06,0.02333200011098579,9.877725573312569,0.0,0.0,0.009287228723680591,0.00465458141712735,-0.9999891673772429,0.0
34.592,5.134537459006751e-06,0.023206891476594164,9.790830914788003,0.0,0.0,0.009181092172067369,0.004507709417126341,-0.9999898402262949,0.0
34.608000000000004,5.0052873751484914e-06,0.022980828019948423,9.84388270550714,0.0,0.0,0.009073299411439764,0.004362520535601911,-0.9999904841620126,0.0
34.624,4.912995834853062e-06,0.022632296274918386,9.841037068555844,0.0,0.0,0.008970608776196537,0.004218992482700656,-0.9999911000116107,0.0
34.64,4.754542604485444e-06,0.02220645364785065,9.805724224881557,0.0,0.0,0.008867528428268169,0.004077103265339727,-0.999991688579942,0.0
34.656,4.6690750318474764e-06,0.022206302707470017,9.7727819467509,0.0,0.0,0.008767169914034966,0.003936831183014215,-0.999992250650092,0.0
34.672000000000004,4.57258192323603e-06,0.022060019302152907,9.786437384338177,0.0,0.0,0.008666782398118439,0.003798154823652395,-0.999992786983954,0.0
34.688,4.516109902986085e-06,0.021519212617413783,9.793545779980386,0.0,0.0,0.008567980987524983,0.0036610530595366465,-0.9999932983227914,0.0
34.704,4.375296316895156e-06,0.021539094220133687,9.809450513370772,0.0,0.0,0.008472016235427256,0.003525505043273618,-0.9999937853877843,0.0
34.72,4.299399331462743e-06,0.02123908403964004,9.810734966590058,0.0,0.0,0.008375344627806553,0.0033914902038225496,-0.9999942488805612,0.0
34.736000000000004,4.189003818104706e-06,0.020818093145264158,9.82897039058901,0.0,0.0,0.008280509834789089,0.0032589882425764273,-0.9999946894837166,0.0
34.752,4.090244581691455e-06,0.02075100177967663,9.84744624876719,0.0,0.0,0.008188160436744958,0.003127979129496903,-0.9999951078613164,0.0
34.768,4.023459624720905e-06,0.020415405581093043,9.762443267036513,0.0,0.0,0.008096574361496578,0.0029984430993025175,-0.9999955046593862,0.0
34.784,3.8760890857328005e-06,0.02019979093493562,9.85951600222291,0.0,0.0,0.00800563400106726,0.002870360647704947,-0.999995880506391,0.0
34.800000000000004,3.8111446422015987e-06,0.019929721068813393,9.78414190361322,0.0,0.0,0.007916021460764916,0.00274371252770171,-0.9999962360136989,0.0
34.816,3.746840898918401e-06,0.019806374358067088,9.845476101720568,0.0,0.0,0.007826463009177068,0.0026184797459142426,-0.9999965717760337,0.0
34.832,3.6509541072613253e-06,0.019548325465806635,9.810968444143782,0.0,0.0,0.007739501438241636,0.0024946435589775916,-0.9999968883719157,0.0
34.848,3.551082843239088e-06,0.019391159784943504,9.856154311854278,0.0,0.0,0.007653547844529521,0.0023721854699768415,-0.9999971863640897,0.0
34.864,3.5013071091921144e-06,0.019030912694973073,9.808176087739751,0.0,0.0,0.0075688546908823425,0.0022510872249347316,-0.9999974662999432,0.0
34.88,3.4327222636676197e-06,0.019170930328082043,9.87180006000378,0.0,0.0,0.0074855755595563,0.002131330809342933,-0.9999977287119112,0.0
34.896,3.334259881031956e-06,0.018638498375273507,9.872217652477977,0.0,0.0,0.007401133848748311,0.002012898444740985,-0.9999979741178735,0.0
34.912,3.2632117086892e-06,0.01858734633050832,9.791277706986373,0.0,0.0,0.007319988138759557,0.0018957725853398048,-0.999998203021538,0.0
34.928,3.1990663781695864e-06,0.01831210333497433,9.758856449799275,0.0,0.0,0.007240427275125012,0.0017799359146946575,-0.9999984159128151,0.0
34.944,3.1350781606466963e-06,0.01816745080885757,9.814384243092,0.0,0.0,0.007158632924678805,0.0016653713424129512,-0.9999986132681844,0.0
34.96,3.040545126801666e-06,0.017948129376578432,9.819827391029749,0.0,0.0,0.007082580144943741,0.0015520620009172865,-0.9999987955510473,0.0
34.976,2.979779738183863e-06,0.01768768691795445,9.875846815142104,0.0,0.0,0.007003372691625732,0.001439991242241134,-0.9999989632120737,0.0
34.992,2.944686774841374e-06,0.017413186522772583,9.820558362348791,0.0,0.0,0.006928057756977962,0.0013291426348722329,-0.999999116689538,0.0
35.008,2.8481171999993254e-06,0.017249054853370076,9.79843569454261,0.0,0.0,0.006852603072735049,0.0012194999606353017,-0.9999992564096467,0.0
35.024,2.801406326321647e-06,0.01723272992801265,9.84402082386198,0.0,0.0,0.006778739812695802,0.001111047211618047,-0.9999993827868563,0.0
35.04,2.7275214789859857e-06,0.01695677805731171,9.793161721845035,0.0,0.0,0.006704532017423475,0.0010037685871316134,-0.9999994962241848,0.0
35.056,2.6780743699545366e-06,0.016820887550094258,9.796744040068372,0.0,0.0,0.006631178484550868,0.0008976484907183517,-0.9999995971135124,0.0
35.072,2.6349324514671116e-06,0.016554840479966134,9.856099301583354,0.0,0.0,0.006560973544669384,0.0007926715271913722,-0.9999996858358756,0.0
35.088,2.5686067414186135e-06,0.016379102025931822,9.735643836420774,0.0,0.0,0.006490927215276816,0.000688822499714778,-0.9999997627617538,0.0
35.104,2.501824020877859e-06,0.016256422241048868,9.806654800335673,0.0,0.0,0.006420577031107626,0.0005860864069232443,-0.999999828251347,0.0
35.12,2.460186185381239e-06,0.0160421420477068,9.862425380240627,0.0,0.0,0.006352839214110614,0.00048444844007607373,-0.9999998826548477,0.0
35.136,2.403693296464045e-06,0.015826689383925042,9.769747958962904,0.0,0.0,0.006284906317348462,0.0003838939802475058,-0.9999999263127033,0.0
35.152,2.348300962991295e-06,0.0157779536913858,9.798083673319304,0.0,0.0,0.006218077355406369,0.0002844085955537343,-0.9999999595558746,0.0
35.168,2.309097393100146e-06,0.01563550444126226,9.750137324744111,0.0,0.0,0.006152323626146385,0.0001859780384139719,-0.9999999827060845,0.0
35.184,2.2528925415605728e-06,0.015369031966583128,9.890715286779779,0.0,0.0,0.006086130548160495,8.858824284556915e-05,-0.9999999960760616,0.0
35.2,2.2088863929162435e-06,0.015174474989643529,9.83081530336237,0.0,0.0,0.006023108591737613,-7.774678204585272e-06,-0.9999999999697772,0.0
35.216,2.1611488124167038e-06,0.014991786035904132,9.827420819942198,0.0,0.0,0.005958890646949244,-0.00010312443549904046,-0.9999999946826754,0.0
35.232,2.1264835848807093e-06,0.014911449902863711,9.816870649944804,0.0,0.0,0.005896455575830603,-0.0001974745661151322,-0.9999999805018979,0.0
35.248,2.0692098960872685e-06,0.01469839817781568,9.812435131070492,0.0,0.0,0.005834869244995826,-0.00029083843601758783,-0.9999999577065012,0.0
35.264,2.0261808025608796e-06,0.014467441174247312,9.809689775062022,0.0,0.0,0.0057746842733634165,-0.0003832292425992717,-0.9999999265676711,0.0
35.28,1.979469060846668e-06,0.014434055761484809,9.801731204788366,0.0,0.0,0.005714551125103017,-0.0004746600171945052,-0.9999998873489279,0.0
35.296,1.9466635104393614e-06,0.014267144455413992,9.838970621677477,0.0,0.0,0.00565515596449261,-0.0005651436275578534,-0.9999998403063274,0.0
35.312,1.918939554396572e-06,0.014151294739046957,9.828418012340526,0.0,0.0,0.005596700656853176,-0.0006546927803176996,-0.9999997856886588,0.0
35.328,1.86744218963638e-06,0.013941728140410356,9.799963872259239,0.0,0.0,0.005539923308532903,-0.000743320023397497,-0.9999997237376335,0.0
35.344,1.8296320157267088e-06,0.013964085843959521,9.824003473530302,0.0,0.0,0.0054829375784261345,-0.000831037748409578,-0.9999996546880707,0.0
35.36,1.780156109651446e-06,0.013702895023325083,9.834753668989727,0.0,0.0,0.005425834984112883,-0.0009178581930237436,-0.9999995787680802,0.0
35.376,1.749475036029443e-06,0.01354921306536678,9.774851964095372,0.0,0.0,0.005371405568104422,-0.001003793443305289,-0.9999994961992347,0.0
35.392,1.7175148447230997e-06,0.013340067244982809,9.79332529839799,0.0,0.0,0.005315698412611331,-0.0010888554360269152,-0.9999994071967442,0.0
35.408,1.6882010321968995e-06,0.013373676086299597,9.84955002396844,0.0,0.0,0.005261782815748473,-0.001173055960958067,-0.9999993119696196,0.0
35.424,1.6570702232024526e-06,0.013196759574414409,9.760050754854843,0.0,0.0,0.005209096543195364,-0.0012564066631237027,-0.999999210720837,0.0
35.44,1.6211878449989527e-06,0.013066457164326908,9.866305701934804,0.0,0.0,0.005155727799597391,-0.0013389190450431559,-0.9999991036474937,0.0
35.456,1.5872073950832255e-06,0.012832330079990212,9.829552331256368,0.0,0.0,0.005104863220075216,-0.0014206044689401946,-0.9999989909409623,0.0
35.472,1.5562344885420702e-06,0.012768713104673361,9.85516932677726,0.0,0.0,0.005055427932835269,-0.0015014741589349432,-0.9999988727870397,0.0
35.488,1.5182222651634358e-06,0.012721545258532243,9.703269878649808,0.0,0.0,0.005004993014022119,-0.0015815392032056653,-0.9999987493660923,0.0
35.504,1.4903050539795652e-06,0.012454921047372164,9.797963722041954,0.0,0.0,0.00495487839100623,-0.0016608105561350692,-0.9999986208531975,0.0
35.52,1.4615039672702427e-06,0.012321145514166354,9.860771156469957,0.0,0.0,0.0049048454507288515,-0.001739299040430461,-0.99999848741828,0.0
35.536,1.4376014001675643e-06,0.012250786920500169,9.790564935101704,0.0,0.0,0.004857883610820842,-0.0018170153492230948,-0.9999983492262479,0.0
35.552,1.399304006324436e-06,0.012154645258912819,9.921802286133865,0.0,0.0,0.0048092036665467386,-0.0018939700481489083,-0.9999982064371199,0.0
35.568,1.3797232781401863e-06,0.011985543188584871,9.781486460509942,0.0,0.0,0.004763358319006166,-0.00197017357740623,-0.9999980592061541,0.0
35.584,1.349175967355554e-06,0.011853652586435332,9.854312907122761,0.0,0.0,0.004716832275437482,-0.0020456362537979826,-0.9999979076839697,0.0
35.6,1.3213481271408249e-06,0.011764499195024722,9.886589322451359,0.0,0.0,0.00467100269969715,-0.0021203682727495153,-0.9999977520166673,0.0
35.616,1.294337820389443e-06,0.011701019908053499,9.812335511439015,0.0,0.0,0.004625876860432807,-0.0021943797103135955,-0.9999975923459451,0.0
35.632,1.2761352255716843e-06,0.01153312717574384,9.827088778630088,0.0,0.0,0.004582158752411862,-0.0022676805251541344,-0.9999974288092124,0.0
35.648,1.254554973565695e-06,0.011452663322539665,9.76262175287765,0.0,0.0,0.004537398245304909,-0.0023402805605148456,-0.9999972615396995,0.0
35.664,1.2414192205166612e-06,0.011439985316647309,9.810098324478796,0.0,0.0,0.004493872395319202,-0.0024121895461710783,-0.9999970906665646,0.0
35.68,1.200064921592944e-06,0.01128578459906277,9.777515260786494,0.0,0.0,0.004452060636096839,-0.0024834171003656883,-0.9999969163149984,0.0
35.696,1.1817979060264896e-06,0.011155307674940834,9.883813396197777,0.0,0.0,0.004410055171961168,-0.002553972731728523,-0.9999967386063244,0.0
35.712,1.1588140549451223e-06,0.011047260882920334,9.798578928513454,0.0,0.0,0.004369051931987509,-0.002623865841186172,-0.9999965576580989,0.0
35.728,1.1485083167887333e-06,0.01086024508078032,9.796580004813997,0.0,0.0,0.004327874203952415,-0.002693105723851309,-0.9999963735842047,0.0
35.744,1.1206759764438753e-06,0.010881401577658123,9.803906394581904,0.0,0.0,0.004287752504583077,-0.002761701570904534,-0.9999961864949453,0.0
35.76,1.1008485941256326e-06,0.010633018456962913,9.827212494488897,0.0,0.0,0.004247621973980084,-0.002829662471461131,-0.9999959964971348,0.0
35.776,1.077780042811567e-06,0.010616445076354045,9.809445808339712,0.0,0.0,0.004208712757794698,-0.0028969974144272075,-0.999995803694186,0.0
35.792,1.0524330478323975e-06,0.01056162727368314,9.803108177232058,0.0,0.0,0.004170864510138983,-0.0029637152903447474,-0.9999956081861949,0.0
35.808,1.0374287497867236e-06,0.010403085755114068,9.85233542077617,0.0,0.0,0.004131527440095603,-0.0030298248932260474,-0.9999954100700245,0.0
35.824,1.0200205020825756e-06,0.010264573338606135,9.843578146023011,0.0,0.0,0.004094550950557227,-0.0030953349223792805,-0.9999952094393845,0.0
35.84,1.0023247170833253e-06,0.010322697494618198,9.832708787506517,0.0,0.0,0.004057484204632655,-0.0031602539842261025,-0.9999950063849097,0.0
35.856,9.888090747871518e-07,0.01015337149312798,9.80895626683503,0.0,0.0,0.004021402755528144,-0.003224590594108615,-0.9999948009942353,0.0
35.872,9.667578730073334e-07,0.010032514705450793,9.754178565059947,0.0,0.0,0.003985417805982489,-0.0032883531780950235,-0.9999945933520723,0.0
35.888,9.500345146703516e-07,0.009981353160843965,9.788907115259649,0.0,0.0,0.003950287892815883,-0.003351550074771542,-0.9999943835402758,0.0
35.904,9.367662575430978e-07,0.009792351484970556,9.749183614641895,0.0,0.0,0.003914802636521254,-0.0034141895370369954,-0.9999941716379177,0.0
35.92,9.155874212699254e-07,0.009776124010268472,9.814740850120847,0.0,0.0,0.003880869390450863,-0.003476279733885878,-0.9999939577213514,0.0
35.936,9.054742800562032e-07,0.009716875786222703,9.709722419415058,0.0,0.0,0.0038460386558654054,-0.0035378287521936626,-0.9999937418642781,0.0
35.952,8.822823631032598e-07,0.00967356383202279,9.757818475169579,0.0,0.0,0.003813624044945173,-0.003598844598495016,-0.9999935241378097,0.0
35.968,8.691610057138141e-07,0.009625781204825799,9.811485132651338,0.0,0.0,0.003780517017911053,-0.003659335200765584,-0.9999933046105302,0.0
35.984,8.527686380708735e-07,0.009425529410959093,9.808527891713345,0.0,0.0,0.003748205200912656,-0.0037193084101980237,-0.9999930833485549,0.0
36.0,8.364385922179685e-07,0.00934494678424938,9.743658863448358,0.0,0.0,0.0037162702324115755,-0.003778772002980706,-0.9999928604155881,0.0
36.016,8.28919595183522e-07,0.009257667906432749,9.882167479983465,0.0,0.0,0.003684984038785176,-0.0038377336820813227,-0.9999926358729775,0.0
36.032000000000004,8.097119109691461e-07,0.009249884444704244,9.844646914402157,0.0,0.0,0.003654250948391282,-0.0038962010790265134,-0.9999924097797702,0.0
36.048,7.965851729416603e-07,0.009144677847858424,9.86285430458201,0.0,0.0,0.0036238483389477135,-0.003954181755692156,-0.9999921821927624,0.0
36.064,7.823666715482173e-07,0.009074798970319434,9.735127561480594,0.0,0.0,0.0035933676428881625,-0.004011683206093674,-0.9999919531665512,0.0
36.08,7.698000137007053e-07,0.008922093969530968,9.794938109588214,0.0,0.0,0.003564179798125857,-0.004068712858187898,-0.9999917227535824,0.0
36.096000000000004,7.569683453412439e-07,0.008857248746798219,9.718196542398157,0.0,0.0,0.0035350066115532675,-0.00412527807567583,-0.9999914910041977,0.0
36.112,7.44627115313877e-07,0.008872824380852806,9.801219417894844,0.0,0.0,0.0035071342899482276,-0.00418138615982229,-0.9999912579666796,0.0
36.128,7.326232499161076e-07,0.008794969665011866,9.834000060832683,0.0,0.0,0.003478949343422015,-0.004237044351280465,-0.9999910236872955,0.0
36.144,7.219548486183024e-07,0.008727376994522987,9.749652001115416,0.0,0.0,0.0034510732877191977,-0.004292259831931102,-0.999990788210339,0.0
36.160000000000004,7.113766967658056e-07,0.008629335697521424,9.821542826643148,0.0,0.0,0.003422996336720613,-0.004347039726734614,-0.9999905515781707,0.0
36.176,6.94363457995158e-07,0.008583405885753313,9.74885389159708,0.0,0.0,0.003397614715750219,-0.004401391105599164,-0.999990313831257,0.0
36.192,6.863954271902031e-07,0.008507894390359995,9.841433343265125,0.0,0.0,0.0033707335941022356,-0.004455320985265632,-0.9999900750082066,0.0
36.208,6.772816769324044e-07,0.008386411244253775,9.796421438245751,0.0,0.0,0.0033454118430416937,-0.004508836331209923,-0.9999898351458071,0.0
36.224000000000004,6.674766402748583e-07,0.008405677139049255,9.747600036903311,0.0,0.0,0.0033190552698699554,-0.004561944059570134,-0.9999895942790592,0.0
36.24,6.600207389570063e-07,0.008317104834422783,9.824461456520979,0.0,0.0,0.00329394666606024,-0.004614651039091048,-0.9999893524412085,0.0
36.256,6.463581811058494e-07,0.008286447133551164,9.825622936092113,0.0,0.0,0.00326989970619242,-0.004666964093098846,-0.9999891096637772,0.0
36.272,6.375051137235692e-07,0.008149558262794052,9.790222684973006,0.0,0.0,0.0032455104953440315,-0.004718890001498018,-0.9999888659765936,0.0
36.288000000000004,6.285209273140151e-07,0.008110456137552303,9.772699331815868,0.0,0.0,0.0032214760475445968,-0.0047704355028037925,-0.9999886214078206,0.0
36.304,6.202611096034997e-07,0.00799791791254395,9.824861668285381,0.0,0.0,0.003198021144889456,-0.0048216072961999165,-0.9999883759839819,0.0
36.32,6.103622264768036e-07,0.007966641393829783,9.833139911274392,0.0,0.0,0.0031755222375380652,-0.004872412043635931,-0.9999881297299869,0.0
36.336,6.050311862806368e-07,0.007888815698755932,9.702843565844846,0.0,0.0,0.003152653722593497,-0.004922856371960888,-0.9999878826691558,0.0
36.352000000000004,5.955122590248965e-07,0.007830296970679844,9.705708184411353,0.0,0.0,0.00313096378484961,-0.004972946875093903,-0.9999876348232399,0.0
36.368,5.827539210850045e-07,0.007782510468843351,9.878452266699854,0.0,0.0,0.0031089757055852703,-0.005022690116243598,-0.9999873862124443,0.0
36.384,5.796383991299061e-07,0.00781299860369322,9.766149263509483,0.0,0.0,0.0030869415863358737,-0.005072092630171474,-0.9999871368554453,0.0
36.4,5.710674281831186e-07,0.007775064328513532,9.859962621868043,0.0,0.0,0.0030664585928907202,-0.005121160925502825,-0.9999868867694092,0.0
36.416000000000004,5.628055900243558e-07,0.007703934012100438,9.83623048332905,0.0,0.0,0.003046225151103169,-0.005169901487097157,-0.9999866359700083,0.0
36.432,5.539293916072749e-07,0.007708698527620619,9.813088142890619,0.0,0.0,0.003026581696671899,-0.005218320778470999,-0.9999863844714352,0.0
36.448,5.451898342938642e-07,0.007620497473429534,9.856365164186547,0.0,0.0,0.0030063148917201937,-0.005266425244286903,-0.9999861322864164,0.0
36.464,5.396317462602145e-07,0.007556094841874002,9.752101075032419,0.0,0.0,0.002987580300993439,-0.005314221312905041,-0.9999858794262234,0.0
36.480000000000004,5.372798267322472e-07,0.007496480070422877,9.791955599135195,0.0,0.0,0.002968256587967578,-0.005361715399010318,-0.9999856259006826,0.0
36.496,5.250119148181546e-07,0.007402932106481794,9.787423009553697,0.0,0.0,0.0029500009544417794,-0.005408913906309177,-0.9999853717181838,0.0
36.512,5.21265825880308e-07,0.007372661172976495,9.798754392607888,0.0,0.0,0.002931975871909014,-0.005455823230315695,-0.9999851168856863,0.0
36.528,5.156730076887897e-07,0.007357580578335415,9.778747238414992,0.0,0.0,0.0029144904457811785,-0.0055024497612180395,-0.9999848614087243,0.0
36.544000000000004,5.085905729215808e-07,0.007266824170148261,9.813613399565183,0.0,0.0,0.0028964832494428193,-0.005548799886843065,-0.9999846052914095,0.0
36.56,5.004091394425194e-07,0.007247765188052557,9.814912791789034,0.0,0.0,0.0028800571008748633,-0.005594879995716401,-0.9999843485364328,0.0
36.576,4.959980005830845e-07,0.0071774888981525255,9.778420208889644,0.0,0.0,0.002863501552934055,-0.005640696480234428,-0.9999840911450631,0.0
36.592,4.908844706703863e-07,0.007160973474204035,9.831291601676902,0.0,0.0,0.002848035407132338,-0.0056862557399464,-0.9999838331171459,0.0
36.608000000000004,4.844869001852706e-07,0.0071603971717949895,9.84304613139923,0.0,0.0,0.002831839629120301,-0.005731564184960449,-0.9999835744510975,0.0
36.624,4.788146719514391e-07,0.007089328566767084,9.710450569816299,0.0,0.0,0.002816593499562516,-0.005776628239481937,-0.9999833151438994,0.0
36.64,4.7404589507148055e-07,0.0070048312575641866,9.873681960174341,0.0,0.0,0.0028019111685655728,-0.005821454345488568,-0.9999830551910884,0.0
36.656,4.684771686512608e-07,0.00699280786715979,9.801129327791333,0.0,0.0,0.0027874242262309282,-0.005866048966559611,-0.9999827945867479,0.0
36.672000000000004,4.6392823867092216e-07,0.006968957313503881,9.78313570941942,0.0,0.0,0.002773103202907878,-0.00591041859186363,-0.9999825333234923,0.0
36.688,4.5755688215454756e-07,0.006921610174592817,9.8697234105053,0.0,0.0,0.0027590532509642884,-0.005954569740318979,-0.9999822713924521,0.0
36.704,4.5274795070536087e-07,0.00688911726938047,9.764589708959322,0.0,0.0,0.0027464820498256204,-0.005998508964939916,-0.9999820087832568,0.0
36.72,4.530655456081906e-07,0.006887955325442997,9.838226749865866,0.0,0.0,0.002733493477266258,-0.006042242857378975,-0.9999817454840128,0.0
36.736000000000004,4.4817557082307764e-07,0.006822467284937842,9.8776670999655,0.0,0.0,0.002721283030811319,-0.006085778052684288,-0.999981481481279,0.0
36.752,4.4628381524797505e-07,0.006835279576070171,9.731289875622558,0.0,0.0,0.0027088298160655127,-0.006129121234284715,-0.9999812167600427,0.0
36.768,4.3966499132409837e-07,0.006742417629461324,9.809473068141438,0.0,0.0,0.0026973603741478414,-0.006172279139216523,-0.9999809513036874,0.0
36.784,4.3655909949283733e-07,0.006698197394567622,9.759948541888734,0.0,0.0,0.0026860378455318976,-0.006215258563619199,-0.9999806850939609,0.0
36.800000000000004,4.3092381775249176e-07,0.0067438460111305,9.800608547015663,0.0,0.0,0.0026753602296685475,-0.0062580663685092176,-0.9999804181109385,0.0
36.816,4.2525292826576983e-07,0.006707733064683494,9.77477045870142,0.0,0.0,0.0026655028642387766,-0.006300709485860696,-0.9999801503329829,0.0
36.832,4.266236220476241e-07,0.006626765016291919,9.735165759595132,0.0,0.0,0.0026555456511420106,-0.006343194925014617,-0.9999798817366994,0.0
36.848,4.2418396752837176e-07,0.006634900197738427,9.817493847776268,0.0,0.0,0.0026462409485774603,-0.006385529779438903,-0.9999796122968889,0.0
36.864000000000004,4.1756805427252844e-07,0.006615086466345949,9.839187409324888,0.0,0.0,0.002636838982062034,-0.006427721233871238,-0.9999793419864931,0.0
36.88,4.1596626353867117e-07,0.006571282881017906,9.846899674920667,0.0,0.0,0.0026281903824392694,-0.006469776571870469,-0.999979070776539,0.0
36.896,4.157717259913206e-07,0.006572732210299143,9.877707264922416,0.0,0.0,0.0026207960448854798,-0.006511703183814249,-0.9999787986360741,0.0
36.912,4.100055713284981e-07,0.0065461797330752065,9.79796789210131,0.0,0.0,0.0026132527204605544,-0.006553508575372762,-0.9999785255320999,0.0
36.928,4.0977404671432566e-07,0.006542739116713292,9.805526023888202,0.0,0.0,0.002605440123306549,-0.006595200376502423,-0.9999782514294969,0.0
36.944,4.0765392015443285e-07,0.006497438601960321,9.870993420472846,0.0,0.0,0.0025991713750771407,-0.006636786350999532,-0.9999779762909438,0.0
36.96,4.037083411003034e-07,0.006491539863838433,9.85632491592175,0.0,0.0,0.0025930013674473514,-0.006678274406661903,-0.9999777000768314,0.0
36.976,4.029607681554033e-07,0.006541518446610148,9.825877889859832,0.0,0.0,0.0025874693850657183,-0.006719672606108982,-0.9999774227451671,0.0
36.992,4.018702338185879e-07,0.0064400934522011065,9.85540651433129,0.0,0.0,0.0025825526066060385,-0.006760989178317841,-0.9999771442514729,0.0
37.008,3.9753377518962396e-07,0.006410238289978385,9.821373719349083,0.0,0.0,0.0025777005130078645,-0.006802232530934478,-0.9999768645486732,0.0
37.024,3.9826441848664775e-07,0.006464804166374912,9.764612917138646,0.0,0.0,0.002573756598028858,-0.006843411263431983,-0.9999765835869756,0.0
37.04,3.987398878065197e-07,0.006434296870091707,9.86543165228601,0.0,0.0,0.0025699116202704143,-0.006884534181188773,-0.9999763013137402,0.0
37.056,3.943607763137384e-07,0.006369814248196156,9.796506715286899,0.0,0.0,0.002567199717408695,-0.0069256103105690995,-0.9999760176733371,0.0
37.072,3.9319705031768113e-07,0.006402258120424234,9.857785646665276,0.0,0.0,0.0025650165783126554,-0.006966648915100838,-0.9999757326069937,0.0
37.088,3.9360820184744813e-07,0.006425424743935929,9.780564367150925,0.0,0.0,0.0025628993649163302,-0.007007659512848691,-0.999975446052628,0.0
37.104,3.956969695976741e-07,0.006343744414779884,9.82420728621122,0.0,0.0,0.0025624932741128512,-0.007048651895095166,-0.9999751579446671,0.0
37.12,3.9025037997643644e-07,0.0063582417826738465,9.800582273059721,0.0,0.0,0.002561901400802382,-0.007089636146460337,-0.9999748682138521,0.0
37.136,3.9467144748230314e-07,0.00640975196025139,9.835526555508963,0.0,0.0,0.0025611764929265816,-0.007130622666591784,-0.9999745767870235,0.0
37.152,3.9436691108829617e-07,0.006427312576703433,9.839198562775259,0.0,0.0,0.0025626991112974147,-0.0071716221935837505,-0.9999742835868893,0.0
37.168,3.9317789917772713e-07,0.006356063770686116,9.844411428108481,0.0,0.0,0.0025638747361694395,-0.0072126458293026545,-0.9999739885317723,0.0
37.184,3.947420136006828e-07,0.006414337865604997,9.8421311920115,0.0,0.0,0.0025664049870495567,-0.007253705066801921,-0.9999736915353344,0.0
37.2,3.944406003101799e-07,0.006436689598840683,9.846380343619337,0.0,0.0,0.0025689229489214123,-0.007294811820056606,-0.9999733925062758,0.0
37.216,3.9574451930050675e-07,0.006402533142026293,9.79635723772373,0.0,0.0,0.002572810267374056,-0.007335978456247846,-0.9999730913480069,0.0
37.232,3.9810003936361333e-07,0.006446203375185247,9.853845897373814,0.0,0.0,0.0025771257127251905,-0.007377217830883538,-0.9999727879582903,0.0
37.248,3.9828246150311727e-07,0.006442369092261613,9.828230840716712,0.0,0.0,0.002582952564496239,-0.007418543326053653,-0.999972482228846,0.0
37.264,4.0169164890443503e-07,0.00647680791833827,9.89434955344557,0.0,0.0,0.00258938182862655,-0.0074599688921754646,-0.999972174044922,0.0
37.28,4.026048820973859e-07,0.006405780085375441,9.808475921462842,0.0,0.0,0.002596282725313992,-0.007501509093619456,-0.9999718632848218,0.0
37.296,4.044802939378757e-07,0.0064580867550106036,9.831042151368493,0.0,0.0,0.0026045893487197562,-0.0075431791586639384,-0.9999715498193837,0.0
37.312,4.0614620520018916e-07,0.006496621506077809,9.849335703853455,0.0,0.0,0.002613544005178493,-0.00758499503428909,-0.9999712335114095,0.0
37.328,4.1190056743505695e-07,0.006549602855696405,9.792002279075794,0.0,0.0,0.0026236617026811826,-0.007626973446383692,-0.9999709142150328,0.0
37.344,4.163916304742068e-07,0.006543771942789419,9.761142082946273,0.0,0.0,0.0026349588947171937,-0.0076691319660355,-0.9999705917750221,0.0
37.36,4.1580516514703973e-07,0.0066114633038288914,9.865362590434295,0.0,0.0,0.0026471920233165085,-0.0077114890826527,-0.9999702660260095,0.0
37.376,4.201973019707589e-07,0.006617962161452582,9.784660234957107,0.0,0.0,0.0026605152393256466,-0.007754064284795141,-0.9999699367916354,0.0
37.392,4.245928763003469e-07,0.0066553272405223025,9.82455220852302,0.0,0.0,0.0026755946731998877,-0.007796878149713224,-0.9999696038835973,0.0
37.408,4.295402521647672e-07,0.006676009063193608,9.834628653689252,0.0,0.0,0.002691870971198583,-0.007839952442752101,-0.9999692671005923,0.0
37.424,4.3792606234564324e-07,0.006722766022864676,9.84727119956847,0.0,0.0,0.002710362099256248,-0.007883310227964464,-0.9999689262271352,0.0
37.44,4.4019775432803266e-07,0.006781064029056238,9.807390349011722,0.0,0.0,0.002728902475370026,-0.007926975991483494,-0.9999685810322396,0.0
37.456,4.4620040472929356e-07,0.006830154456309595,9.814793009130264,0.0,0.0,0.002750388015859562,-0.007970975779482367,-0.9999682312679353,0.0
37.472,-0.9455999276619887,0.006914185938235682,9.79214385451109,0.0,0.0,0.0027727527831672206,-0.008015337352834544,-0.9999678766676059,0.0
37.488,-4.133478537917356,0.007041116096272878,9.772456307266092,0.0,0.0,0.0027969350672361914,-0.008060083548753991,-0.9999675169990211,0.0
37.504,-2.8151337530706595,0.006897645528651931,9.793748982502022,0.0,0.0,0.002820856658088804,-0.008105214867166413,-0.9999671522064898,0.0
37.52,-3.2217198350033045,0.006904475790395177,9.817214250062301,0.0,0.0,0.002845388931269014,-0.0081507409576636,-0.9999667821592081,0.0
37.536,-2.9682950274930455,0.006754379077853077,9.850811336966272,0.0,0.0,0.0028702432217277783,-0.008196668172597513,-0.999966406751181,0.0
37.552,-2.977126069697782,0.006623203020032964,9.841973611561642,0.0,0.0,0.0028959379729175828,-0.008243004508253422,-0.9999660258612174,0.0
37.568,-2.9007796209933403,0.006649655401539767,9.873324707270541,0.0,0.0,0.00292217988438761,-0.008289757663971768,-0.9999656393686098,0.0
37.584,-2.8552902945318586,0.00653007869669115,9.834109249102413,0.0,0.0,0.0029485378050312034,-0.008336935826715092,-0.9999652471466304,0.0
37.6,-2.773143511056848,0.0064560722489497265,9.800037220545862,0.0,0.0,0.0029761584259769542,-0.008384547377355769,-0.9999648490648445,0.0
37.616,-2.718035611958661,0.006359812386368258,9.777544959521006,0.0,0.0,0.003003470293088384,-0.008432601024975263,-0.9999644449878974,0.0
37.632,-2.6729956657991822,0.006267710550338521,9.768266925824177,0.0,0.0,0.003031776791161873,-0.008481105772662515,-0.999964034775688,0.0
37.648,-2.6145113280884824,0.006236091307760191,9.852924031852751,0.0,0.0,0.0030605035774420213,-0.00853007095118315,-0.9999636182829694,0.0
37.664,-2.542710497739054,0.0061171910355256685,9.79014971140443,0.0,0.0,0.00308938344709094,-0.008579506226948322,-0.9999631953591601,0.0
37.68,-2.496549537502268,0.006072482844378127,9.81564816386795,0.0,0.0,0.003120111341198303,-0.00862942162144318,-0.9999627658480487,0.0
37.696,-2.4493779584118966,0.005999341740265536,9.825422488344692,0.0,0.0,0.003150488929767134,-0.00867982752748589,-0.9999623295875167,0.0
37.712,-2.400355891459204,0.005941942257382188,9.784390318485436,0.0,0.0,0.003181409869374218,-0.008730734728213188,-0.9999618864092299,0.0
37.728,-2.3531306066197955,0.005834308931388649,9.739570398136156,0.0,0.0,0.0032140757853827214,-0.008782154416568027,-0.9999614361383161,0.0
37.744,-2.2989478405498573,0.005834745877520631,9.834000248436455,0.0,0.0,0.0032468499742868855,-0.008834098216285415,-0.9999609785930176,0.0
37.76,-2.2437360610189505,0.005693168175737114,9.771544400738312,0.0,0.0,0.003280211363758516,-0.008886578204116195,-0.9999605135843226,0.0
37.776,-2.205473476740542,0.005706634199461101,9.757797744307057,0.0,0.0,0.0033141568873134384,-0.008939606933533423,-0.9999600409155728,0.0
37.792,-2.148233183479784,0.0055626274194619406,9.833863325489183,0.0,0.0,0.003349060156636962,-0.008993197459972867,-0.9999595603820416,0.0
37.808,-2.1147980251460146,0.005549834999382464,9.796432150215164,0.0,0.0,0.0033850113114300877,-0.009047363367766584,-0.9999590717704858,0.0
37.824,-2.0662901443186823,0.005498972490495862,9.860015488633923,0.0,0.0,0.003421794954377687,-0.009102118798879663,-0.9999585748586646,0.0
37.84,-2.023021240229767,0.005455576694655139,9.833817352244854,0.0,0.0,0.0034601943394575617,-0.009157478483618482,-0.9999580694148242,0.0
37.856,-1.9891883167605076,0.005377067364546243,9.888311022367724,0.0,0.0,0.0034989671887440516,-0.009213457773460488,-0.9999575551971477,0.0
37.872,-1.938035877424214,0.005380439775780386,9.790847913985193,0.0,0.0,0.003538716414707144,-0.009270072676191149,-0.9999570319531625,0.0
37.888,-1.9001228500051812,0.005277282530858742,9.78660316179655,0.0,0.0,0.0035791116471665953,-0.009327339893541196,-0.9999564994191049,0.0
37.904,-1.8571301004300191,0.005239723272834079,9.777066329304484,0.0,0.0,0.0036210962162762156,-0.00938527686154576,-0.9999559573192373,0.0
37.92,-1.811999700587255,0.005212612489961802,9.818132396044591,0.0,0.0,0.0036640568915196885,-0.009443901793856692,-0.9999554053651133,0.0
37.936,-1.795896808276599,0.005144235715637096,9.731449199081476,0.0,0.0,0.003708649385848274,-0.009503233728281622,-0.999954843254787,0.0
37.952,-1.7500318178351386,0.005076422790368996,9.814732308724693,0.0,0.0,0.0037538072522594413,-0.009563292576831244,-0.9999542706719594,0.0
37.968,-1.7182618343835598,0.005038797014895081,9.742773330672302,0.0,0.0,0.003800730518724985,-0.009624099179608731,-0.9999536872850567,0.0
37.984,-1.6686226656685497,0.004999382030280674,9.825959669668816,0.0,0.0,0.003848462004455857,-0.009685675362887187,-0.9999530927462371,0.0
38.0,-1.6397266788485758,0.0049631223970118205,9.85047081464183,0.0,0.0,0.003898636039584545,-0.009748044001785389,-0.9999524866903123,0.0
38.016,-1.6113112911188148,0.004872840896035101,9.773342241122977,0.0,0.0,0.0039496345233578645,-0.009811229087974748,-0.9999518687335824,0.0
38.032000000000004,-1.5711835326052517,0.004909080137800908,9.73294711915976,0.0,0.0,0.004001184186194872,-0.009875255802914797,-0.9999512384725702,0.0
38.048,-1.548157448812835,0.004869186303180921,9.799891612214738,0.0,0.0,0.004055803876180722,-0.009940150597169533,-0.9999505954826496,0.0
38.064,-1.512697113882977,0.0048061179348818156,9.764876002829576,0.0,0.0,0.004111665983917654,-0.010005941276413422,-0.9999499393165505,0.0
38.08,-1.483918532045354,0.004770135723512223,9.794251732700742,0.0,0.0,0.004170691573455605,-0.01007265709482542,-0.9999492695027336,0.0
38.096000000000004,-1.4354425547696492,0.004744610414137677,9.749272050004986,0.0,0.0,0.004229787113103135,-0.010140328856633912,-0.9999485855436165,0.0
38.112,-1.4180071856346976,0.004692981057852399,9.837227999269835,0.0,0.0,0.0042904777365318295,-0.01020898902669213,-0.9999478869136396,0.0
38.128,-1.379530924139124,0.004681291111791003,9.808899336590464,0.0,0.0,0.004354944198586811,-0.010278671851058196,-0.9999471730571462,0.0
38.144,-1.3526701845511417,0.004652840613328584,9.834548965257195,0.0,0.0,0.004421338680864393,-0.01034941348868678,-0.9999464433860646,0.0
38.160000000000004,-1.32578991885825,0.004615100277912721,9.907295681454606,0.0,0.0,0.004490036012814119,-0.010421252155484883,-0.999945697277363,0.0
38.176,-1.3059851307773276,0.004570163581941638,9.775261387200324,0.0,0.0,0.004562101667743001,-0.010494228282150844,-0.9999449340702528,0.0
38.192,-1.2812905138286264,0.004550947954045212,9.809143843249512,0.0,0.0,0.004634864918893338,-0.010568384687406117,-0.9999441530631094,0.0
38.208,-1.25198315031667,0.0045627151882135395,9.836135460322302,0.0,0.0,0.004711444697897987,-0.010643766768463375,-0.9999433535100769,0.0
38.224000000000004,-1.2276554882790556,0.0045063141571598485,9.852329277074753,0.0,0.0,0.004791432328959741,-0.010720422710820444,-0.9999425346173155,0.0
38.24,-1.2038341234440306,0.004497073649752274,9.807049612642187,0.0,0.0,0.004874061982215382,-0.010798403719788827,-0.9999416955388472,0.0
38.256,-1.1660434592577662,0.004483268482643487,9.774982803916192,0.0,0.0,0.00496039346296709,-0.010877764276511081,-0.9999408353719459,0.0
38.272,-1.1532021154316585,0.004448981110171762,9.838122244816924,0.0,0.0,0.005049734585028493,-0.010958562421641227,-0.9999399531520136,0.0
38.288000000000004,-1.1255056462034614,0.004471590314948044,9.817128331300593,0.0,0.0,0.005143604050386229,-0.011040860070354869,-0.9999390478468709,0.0
38.304,-1.1010639515929876,0.004452208821028848,9.855646539956549,0.0,0.0,0.0052415158932059315,-0.01112472336292886,-0.99993811835038,0.0
38.32,-1.0790403390319716,0.004443318501359093,9.857015165495147,0.0,0.0,0.00534453197287742,-0.011210223055825249,-0.9999371634753049,0.0
38.336,-1.0535439529058208,0.004442297466884015,9.809889958573022,0.0,0.0,0.005450881581624247,-0.011297434959017047,-0.9999361819453013,0.0
38.352000000000004,-1.0353531041346682,0.004418703864268431,9.84363644959172,0.0,0.0,0.0055620726026723456,-0.011386440426283746,-0.9999351723858996,0.0
38.368,-1.0068464180327206,0.0044207993419369766,9.80837924712727,0.0,0.0,0.005680807630250496,-0.011477326906351698,-0.9999341333143322,0.0
38.384,-0.985586189262648,0.004428975610259909,9.84972246539762,0.0,0.0,0.005805379898644109,-0.01157018856417274,-0.9999330631280223,0.0
38.4,-0.9694398302716546,0.004406601193881703,9.839673902558136,0.0,0.0,0.005934201071997416,-0.011665126983327188,-0.9999319600915169,0.0
38.416000000000004,-0.9530487768957332,0.0044185010243697875,9.768859334882455,0.0,0.0,0.006070958155853369,-0.011762251962591664,-0.9999308223216087,0.0
38.432,-0.9279220842832299,0.0044401987350407846,9.814062575939635,0.0,0.0,0.006216456421195031,-0.011861682422235023,-0.9999296477703391,0.0
38.448,-0.9208935879279001,0.004415442434494396,9.874026105453021,0.0,0.0,0.0063656561929758375,-0.011963547438682623,-0.9999284342055097,0.0
38.464,-0.8959125388477768,0.0044636070301302495,9.783055228274442,0.0,0.0,0.006528092902129131,-0.012067987429991565,-0.9999271791882595,0.0
38.480000000000004,-0.8759675769850885,0.004470896684057629,9.86588752787349,0.0,0.0,0.006698577607362021,-0.012175155519292583,-0.999925880047157,0.0
38.496,-0.8534236969793574,0.004494414440231875,9.81946375706862,0.0,0.0,0.0068798954828511475,-0.012285219109232406,-0.999924533848149,0.0
38.512,-0.8374082459018083,0.00451715897277238,9.831385074547217,0.0,0.0,0.007072064099959369,-0.012398361707835882,-0.9999231373595481,0.0
38.528,-0.8140981103587099,0.004577749109064973,9.801160176835175,0.0,0.0,0.0072758187781573535,-0.012514785055517275,-0.999921687011045,0.0
38.544000000000004,-0.8041916398162248,0.00458847929789611,9.817189453211292,0.0,0.0,0.007495830389921427,-0.012634711614852016,-0.9999201788454964,0.0
38.56,-0.7902316069545255,0.004626300279150748,9.811130813698917,0.0,0.0,0.007730685797545433,-0.012758387499924799,-0.9999186084619098,0.0
38.576,-0.7651988482875893,0.004662161610160625,9.79085472516857,0.0,0.0,0.007981052171735784,-0.012886085941733951,-0.9999169709476395,0.0
38.592,-0.7460479738488061,0.004699959272021477,9.78820731071161,0.0,0.0,0.008253266773417086,-0.013018111411769659,-0.9999152607972693,0.0
38.608000000000004,-0.7397862893592304,0.004774905274264845,9.779871982101842,0.0,0.0,0.008544788042317368,-0.01315480455960074,-0.999913471814936,0.0
38.624,-0.7225323054065642,0.004850842694682359,9.81135676345594,0.0,0.0,0.008860706677885586,-0.01329654816509025,-0.9999115969959012,0.0
38.64,-0.7027513694422395,0.004907373775566845,9.849679145584766,0.0,0.0,0.009203437314583139,-0.013443774366003042,-0.9999096283818834,0.0
38.656,-0.691794927282756,0.005002303073107073,9.79870339928868,0.0,0.0,0.00957578045380463,-0.013596973503404048,-0.9999075568829089,0.0
38.672000000000004,-0.6789711185897132,0.005057539393532946,9.820369249426426,0.0,0.0,0.009983720151672608,-0.013756705039453213,-0.999905372056005,0.0
38.688,-0.6634303560658339,0.0051821778043688186,9.857777913728304,0.0,0.0,0.010433901951550816,-0.013923611158496874,-0.9999030618276489,0.0
38.704,-0.6492397376060055,0.005319284239951023,9.847955797096892,0.0,0.0,0.010926751502514839,-0.014098433883175993,-0.9999006121420477,0.0
38.72,-0.6339534955762317,0.005476196976142687,9.825749592585375,0.0,0.0,0.01147588684403554,-0.014282036854263032,-0.9998980065103108,0.0
38.736000000000004,-0.6261253506499276,0.0056288257366146075,9.786030970937315,0.0,0.0,0.012089132169124458,-0.01447543338588875,-0.9998952254252896,0.0
38.752,-0.6117815092765052,0.0058492325761181525,9.775701052744134,0.0,0.0,0.012774832466242744,-0.01467982309691654,-0.9998922455914153,0.0
38.768,-4.977745938931666,0.00304425766123869,9.797544552902206,0.0,0.0,-0.035222910064984986,-0.014116292972131374,-0.9999003601723149,0.0
38.784,-4.998994636352648,-0.020054868085420098,9.807129580371619,0.0,0.0,-0.08322875085830475,-0.012784825159309263,-0.9999182707829907,0.0
38.800000000000004,-4.97487344253882,-0.03554454712833005,9.796828070407242,0.0,0.0,-0.13120032929159114,-0.010685382323977699,-0.9999429096726427,0.0
38.816,-4.985297172214364,-0.043542728562428024,9.854580134673979,0.0,0.0,-0.17922837588960633,-0.007817919429792852,-0.9999694396009257,0.0
38.832,-4.999262327797876,-0.04310195236665173,9.831175829614558,0.0,0.0,-0.22719497735314279,-0.004182402313959417,-0.9999912537171933,0.0
38.848,-3.7217298492052002,-0.029999691172225836,9.80308607377367,0.0,0.0,-0.27518893029556063,0.00022116694197078646,-0.9999999755425918,0.0
38.864000000000004,0.0,0.0,9.805928466566824,0.0,0.0,-0.3232367157152054,0.005392717846484796,-0.9999854591913966,0.0
38.88,0.0,0.0,9.862176906194911,0.0,0.0,-0.3712623343079335,0.01133207254009209,-0.9999357900045113,0.0
38.896,0.0,0.0,9.708039289350358,0.0,0.0,-0.4191895553939149,0.018038900050332884,-0.9998372858045323,0.0
38.912,0.0,0.0,9.849741779154613,0.0,0.0,-0.46719448430875604,0.025512663769729733,-0.9996744990182418,0.0
38.928,0.0,0.0,9.817571296879548,0.0,0.0,-0.5152250392119323,0.033752562172780935,-0.999430219948733,0.0
38.944,0.0,0.0,9.781885436978733,0.0,0.0,-0.563259770905301,0.042757462796219094,-0.9990854815155858,0.0
38.96,0.0,0.0,9.762006681822653,0.0,0.0,-0.6112734834017253,0.052525829517082324,-0.9986195658175051,0.0
38.976,0.0,0.0,9.786531672117638,0.0,0.0,-0.6591657581919639,0.06305564317592449,-0.9980100129075211,0.0
38.992,0.0,0.0,9.78829758839149,0.0,0.0,-0.7071653962971493,0.07434431560793867,-0.9972326322061406,0.0
39.008,0.0,0.0,9.797084944504897,0.0,0.0,-0.7551702069611933,0.08638859716317332,-0.9962615170125658,0.0
39.024,0.0,0.0,9.841840970501913,0.0,0.0,-0.8031892197615955,0.09918447781855294,-0.9950690626081493,0.0
39.04,0.0,0.0,9.834915112881468,0.0,0.0,-0.851285372714961,0.11272708200936725,-0.9936259884793943,0.0
39.056,0.0,0.0,9.760234558426076,0.0,0.0,-0.8993917061312428,0.12701055733643524,-0.9919013652198935,0.0
39.072,0.0,0.0,9.821823015600215,0.0,0.0,-0.9471709277597395,0.14202795733751067,-0.989862646701316,0.0
39.088,0.0,0.0,9.788227802802476,0.0,0.0,-0.9952470124209992,0.15777111854786516,-0.9874757081326891,0.0
39.104,0.0,0.0,9.851056873133212,0.0,0.0,-1.04319066218638,0.1742305321155436,-0.9847048906544207,0.0
39.12,0.0,0.0,9.814183117709042,0.0,0.0,-1.0913527926070994,0.19139521028167253,-0.981513053138487,0.0
39.136,0.0,0.0,9.830089196158461,0.0,0.0,-1.139398987837549,0.20925254808559554,-0.9778616318885232,0.0
39.152,0.0,0.0,9.780990030300677,0.0,0.0,-1.1875814497581827,0.22778818070856358,-0.9737107089528608,0.0
39.168,0.0,0.0,9.773776777821022,0.0,0.0,-1.2351517756681092,0.24698583692834772,-0.9690190897793519,0.0
39.184,0.0,0.0,9.749470462127437,0.0,0.0,-1.2832405325662752,0.2668271892204895,-0.9637443909526494,0.0
39.2,0.0,0.0,9.803137691053672,0.0,0.0,-1.3311381552732946,0.28729170110997243,-0.9578431387619469,0.0
39.216,0.0,0.0,9.919522479712041,0.0,0.0,-1.3790660337457652,0.30835647244984205,-0.9512708793494575,0.0
39.232,0.0,0.0,9.84070677961678,0.0,0.0,-1.4272051719057337,0.3299960833806311,-0.9439823011865445,0.0
39.248,0.0,0.0,9.793501055199615,0.0,0.0,-1.4753916061481505,0.35218243780624686,-0.9359313706147738,0.0
39.264,0.0,0.0,9.737170762099355,0.0,0.0,-1.499944111290746,0.37454014264941565,-0.9272106996493059,0.0
39.28,0.0,0.0,9.717090259032714,0.0,0.0,-1.5000171545030225,0.39668214343180364,-0.9179560322163314,0.0
39.296,0.0,0.0,9.829722572668924,0.0,0.0,-1.4997588884149757,0.4185956881972407,-0.9081726982367827,0.0
39.312,0.0,0.0,9.779539468562183,0.0,0.0,-1.4999242742375754,0.44026815656127855,-0.8978663320996806,0.0
39.328,0.0,0.0,9.832701530498875,0.0,0.0,-1.5000173388909024,0.46168706697948064,-0.8870428694171915,0.0
39.344,0.0,0.0,9.818421563617234,0.0,0.0,-1.5000645877426289,0.4828400839357617,-0.8757085436062084,0.0
39.36,0.0,0.0,9.824028625624551,0.0,0.0,-1.4998533521023034,0.503715025046617,-0.86386988229842,0.0
39.376,0.0,0.0,9.790084061505409,0.0,0.0,-1.4996633754446977,0.5242998680771691,-0.8515337035809348,0.0
39.392,0.0,0.0,9.746462419723503,0.0,0.0,-1.4999854726530721,0.5445827578649761,-0.8387071120696288,0.0
39.408,0.0,0.0,9.870073303229336,0.0,0.0,-1.49980422424682,0.5645520131476212,-0.8253974948174777,0.0
39.424,0.0,0.0,9.75927376409432,0.0,0.0,-1.4999716839204897,0.5841961332901535,-0.8116125170602245,0.0
39.44,0.0,0.0,9.867502799118567,0.0,0.0,-1.4999416659003968,0.6035038049084984,-0.7973601178018406,0.0
39.456,0.0,0.0,9.766014323322509,0.0,0.0,-1.500139566108655,0.6224639083850283,-0.7826485052423185,0.0
39.472,0.0,0.0,9.801109197243356,0.0,0.0,-1.4998702911627833,0.6410655242725414,-0.7674861520504276,0.0
39.488,0.0,0.0,9.832339027179856,0.0,0.0,-1.5002003497559548,0.6592979395829562,-0.7518817904841616,0.0
39.504,0.0,0.0,9.796923651634053,0.0,0.0,-1.500064163488669,0.6771506539571065,-0.7358444073616807,0.0
39.52,0.0,0.0,9.787536093465784,0.0,0.0,-1.500031400551521,0.6946133857120744,-0.7193832388856507,0.0
39.536,0.0,0.0,9.822354091409363,0.0,0.0,-1.4999417399719455,0.7116760777625897,-0.7025077653239545,0.0
39.552,0.0,0.0,9.818075757275526,0.0,0.0,-1.4998355740657585,0.7283289034130752,-0.6852277055498467,0.0
39.568,0.0,0.0,9.787269421253523,0.0,0.0,-1.4911714297664194,0.7444676864064383,-0.6676584934655179,0.0
39.584,0.0,0.0,9.738911957965993,0.0,0.0,-1.4430614495787113,0.7596836328234318,-0.6502928402036988,0.0
39.6,0.0,0.0,9.812025348248019,0.0,0.0,-1.4175556672648941,0.7742345542328981,-0.6328987715518063,0.0
39.616,0.0,0.0,9.725637843579783,0.0,0.0,-1.380866267820325,0.7880246820357186,-0.6156436473338327,0.0
39.632,0.0,0.0,9.800990596124032,0.0,0.0,-1.3523669897187145,0.8011600868418829,-0.598450094202939,0.0
39.648,0.0,0.0,9.84640086083161,0.0,0.0,-1.3197372738764621,0.8136152588437924,-0.5814036554550966,0.0
39.664,0.0,0.0,9.844031464535632,0.0,0.0,-1.2911496632162276,0.8254492075287787,-0.5644763996750543,0.0
39.68,0.0,0.0,9.79546918021966,0.0,0.0,-1.2605347793416883,0.8366653545847529,-0.5477144186869376,0.0
39.696,0.0,0.0,9.771575292534758,0.0,0.0,-1.2326098500279106,0.8473022048140058,-0.5311110747455043,0.0
39.712,0.0,0.0,9.772295605012749,0.0,0.0,-1.2041321578215973,0.8573746119303592,-0.5146928936922152,0.0
39.728,0.0,0.0,9.783074263794708,0.0,0.0,-1.1766745608898836,0.8669117265613816,-0.49846169195873463,0.0
39.744,0.0,0.0,9.782762390883976,0.0,0.0,-1.1495647280855361,0.8759324337146436,-0.4824338001910123,0.0
39.76,0.0,0.0,9.835433113936968,0.0,0.0,-1.123200921777167,0.8844611955186009,-0.4666137520710328,0.0
39.776,0.0,0.0,9.805991049933901,0.0,0.0,-1.0975240141651708,0.8925178056627657,-0.45101215790144933,0.0
39.792,0.0,0.0,9.79354163541454,0.0,0.0,-1.072194676371806,0.9001239884215638,-0.43563379743548003,0.0
39.808,0.0,0.0,9.804813143638409,0.0,0.0,-1.0474949203705952,0.9072991382836848,-0.42048575917584063,0.0
39.824,0.0,0.0,9.774168207326403,0.0,0.0,-1.0233822817524423,0.9140630644441352,-0.4055720826425269,0.0
39.84,0.0,0.0,9.825357710217597,0.0,0.0,-0.9997911640854862,0.9204342274159335,-0.39089747121365936,0.0
39.856,0.0,0.0,9.774081427095174,0.0,0.0,-0.9767700212051721,0.926430881278918,-0.3764649017010318,0.0
39.872,0.0,0.0,9.81240387691768,0.0,0.0,-0.9541403184923646,0.9320703501667008,-0.36227732794107304,0.0
39.888,0.0,0.0,9.837430763353836,0.0,0.0,-0.9321592074953139,0.9373695069463898,-0.34833662949377364,0.0
39.904,0.0,0.0,9.890862822099221,0.0,0.0,-0.910492669110477,0.9423444821830528,-0.33464440365730636,0.0
39.92,0.0,0.0,9.810272622131041,0.0,0.0,-0.8894213373800745,0.947010869229362,-0.3212015155030378,0.0
39.936,0.0,0.0,9.835903614569613,0.0,0.0,-0.8685968028148682,0.9513836129209061,-0.3080084756391675,0.0
39.952,0.0,0.0,9.818311369764832,0.0,0.0,-0.8485135464351243,0.9554771024811053,-0.29506525826384816,0.0
39.968,0.0,0.0,9.781202039784846,0.0,0.0,-0.8286963028400428,0.9593051348941134,-0.2823714896475686,0.0
39.984,0.0,0.0,9.89971929871654,0.0,0.0,-0.8093071974736997,0.9628809620941329,-0.2699263841062541,0.0
40.0,0.0,0.0,9.800421099627568,0.0,0.0,-0.7904732278468773,0.9662172853440819,-0.2577288449171209,0.0
40.016,0.0,0.0,9.815800704064918,0.0,0.0,-0.7717757784112672,0.9693262838846963,-0.2457774508987452,0.0
40.032000000000004,0.0,0.0,9.786679188745985,0.0,0.0,-0.7536590213876575,0.972219622117073,-0.23407051580781393,0.0
40.048,0.0,0.0,9.845329857069286,0.0,0.0,-0.7358337531216194,0.974908470695758,-0.22260609552673677,0.0
40.064,0.0,0.0,9.776278378107742,0.0,0.0,-0.7184775258953437,0.9774035188756834,-0.21138202688362973,0.0
40.08,0.0,0.0,9.76197707507481,0.0,0.0,-0.7016162062679274,0.9797149924038071,-0.2003959422224118,0.0
40.096000000000004,0.0,0.0,9.821861666091516,0.0,0.0,-0.6850597617330275,0.9818526677776226,-0.18964529727353077,0.0
40.112,0.0,0.0,9.848060120775747,0.0,0.0,-0.668783650469522,0.9838258886022565,-0.17912738739785267,0.0
40.128,0.0,0.0,9.823444261394076,0.0,0.0,-0.6530111105485935,0.9856435803397064,-0.16883936903200245,0.0
40.144,0.0,0.0,9.768140970736855,0.0,0.0,-0.6373686509320937,0.9873142657274842,-0.15877827524884877,0.0
40.160000000000004,0.0,0.0,9.735109244080702,0.0,0.0,-0.6222670965769292,0.9888460793730659,-0.1489410329913039,0.0
40.176,0.0,0.0,9.80113874917596,0.0,0.0,-0.6074258586827954,0.9902467824174439,-0.13932447707384205,0.0
40.192,0.0,0.0,9.804048677484754,0.0,0.0,-0.5927698946582032,0.9915237766664448,-0.12992536436396956,0.0
40.208,0.0,0.0,9.752732731964064,0.0,0.0,-0.578642242750027,0.9926841185342711,-0.12074038599340838,0.0
40.224000000000004,0.0,0.0,9.833591080384931,0.0,0.0,-0.5647026719532686,0.9937345325572864,-0.11176617915609137,0.0
40.24,0.0,0.0,9.828706972151279,0.0,0.0,-0.5510861224962009,0.9946814246081733,-0.10299933756804004,0.0
40.256,0.0,0.0,9.784811135452628,0.0,0.0,-0.5378784586572589,0.9955308947136158,-0.09443642131459597,0.0
40.272,0.0,0.0,9.811213182279689,0.0,0.0,-0.5247110062782842,0.996288749524063,-0.08607396570263898,0.0
40.288000000000004,0.0,0.0,9.775562102516027,0.0,0.0,-0.5121028389645302,0.9969605143979818,-0.07790848946881133,0.0
40.304,0.0,0.0,9.790560837540456,0.0,0.0,-0.4996971240112036,0.9975514451195355,-0.06993650219968324,0.0
40.32,0.0,0.0,9.799377793574147,0.0,0.0,-0.4874396490183387,0.9980665392369196,-0.062154511144716276,0.0
40.336,0.0,0.0,9.807537989120096,0.0,0.0,-0.4755280102148083,0.9985105470305486,-0.05455902738094242,0.0
40.352000000000004,0.0,0.0,9.779382358097418,0.0,0.0,-0.46388084253581285,0.9988879821092359,-0.04714657143142925,0.0
40.368,0.0,0.0,9.811441297796978,0.0,0.0,-0.4525203687313819,0.9992031316411164,-0.03991367833946086,0.0
40.384,0.0,0.0,9.831277359055788,0.0,0.0,-0.4413591662776339,0.9994600662226049,-0.03285690226278669,0.0
40.4,0.0,0.0,9.765192241060722,0.0,0.0,-0.43046580841608356,0.9996626493921565,-0.025972820606440506,0.0
40.416000000000004,0.0,0.0,9.84673410973694,0.0,0.0,-0.4197929995719725,0.9998145467947698,-0.01925803773932244,0.0
40.432,0.0,0.0,9.7952279226798,0.0,0.0,-0.40938909937415285,0.9999192350046545,-0.012709188318163039,0.0
40.448,4.996020920066501,0.028978824393158475,9.779140964100966,0.0,0.0,-0.3613375097508179,0.9999760027140145,-0.006927769922656072,0.0
40.464,5.016825749323791,-0.003844668126604224,9.883693992909153,0.0,0.0,-0.31334398826602394,0.9999981680832217,-0.0019141134242061676,0.0
40.480000000000004,5.01013343680702,-0.02886254226295041,9.762471123451629,0.0,0.0,-0.2653128401122905,0.9999972818213037,0.0023315981652360456,0.0
40.496,5.02165917118165,-0.04627553499462948,9.814784570430977,0.0,0.0,-0.21733849957561,0.9999831259595193,0.005809285345759357,0.0
40.512,4.992216950067828,-0.05591340837227937,9.758108863236108,0.0,0.0,-0.16934754835933344,0.99996371321854,0.008518934568915566,0.0
40.528,4.994791207512392,-0.05791451569596714,9.829540792511194,0.0,0.0,-0.12135339256982923,0.9999452867673417,0.010460567469247097,0.0
40.544000000000004,5.0137482909674835,-0.05219617862794144,9.810526316410515,0.0,0.0,-0.07336110465584064,0.9999323202083983,0.011634216890261753,0.0
40.56,5.037746295879519,-0.039290603149803704,9.797652049337346,0.0,0.0,-0.025350830646350155,0.9999275176602964,0.012039909705544995,0.0
40.576,5.026359460535095,-0.017621124919871126,9.829053152246567,0.0,0.0,0.017869529989293063,0.9999309191725093,0.011754015604067865,0.0
40.592,5.001989047472628,0.011439243989657585,9.889735703046393,0.0,0.0,0.017599503143176563,0.9999341892818917,0.011472449832792404,0.0
40.608000000000004,4.995221989476045,0.012701619325691395,9.79191607332894,0.0,0.0,0.017336945778396996,0.9999373326824211,0.011195119828080906,0.0
40.624,5.028303764381837,0.013816909102852977,9.779585653138197,0.0,0.0,0.017074589972627827,0.999940353887339,0.010921935161095681,0.0
40.64,4.98113814405983,0.015049534503946834,9.78126271914888,0.0,0.0,0.016822871503422425,0.9999432572365767,0.01065280747527333,0.0
40.656,5.0104154047056495,0.016140565546594043,9.819338026877437,0.0,0.0,0.016573650408386584,0.9999460469038477,0.010387650425768918,0.0
40.672000000000004,4.9698953332307685,0.017182689685452054,9.805422910412663,0.0,0.0,0.01633221533404087,0.9999487269034227,0.010126379620780288,0.0
40.688,5.027561489759272,0.018255962170221192,9.783793415220238,0.0,0.0,0.016092272628722988,0.9999513010966038,0.009868912564687315,0.0
40.704,5.000007717822143,0.019238648002573584,9.79262953445914,0.0,0.0,0.015861303228702613,0.99995377319791,0.009615168602931542,0.0
40.72,4.976270270551324,0.02026498456280087,9.835525484644908,0.0,0.0,0.015629674464849273,0.9999561467809912,0.00936506886855385,0.0
40.736000000000004,5.04832648783723,0.02136013332908219,9.813335197693402,0.0,0.0,0.015409493417815516,0.9999584252842795,0.009118536230345203,0.0
40.752,4.988487431773631,0.022232292281438738,9.77487477667998,0.0,0.0,0.015189391045820467,0.9999606120163934,0.00887549524252698,0.0
40.768,4.976972735533149,0.023278199148519838,9.88821599695829,0.0,0.0,0.014979096967128633,0.9999627101613056,0.00863587209590851,0.0
40.784,5.047227820567464,0.0240626012547603,9.856533095365121,0.0,0.0,0.014766472058108993,0.9999647227832851,0.008399594570456234,0.0
40.800000000000004,5.017323298059906,0.02485727051270961,9.833977502124023,0.0,0.0,0.014562920909191215,0.9999666528316241,0.008166591989224717,0.0
40.816,5.0281637408355575,0.02553947696406324,9.739521441390703,0.0,0.0,0.014362444832325095,0.9999685031451603,0.007936795173588505,0.0
40.832,4.989577593763773,0.02644415348406206,9.865606259230299,0.0,0.0,0.014167872432113789,0.9999702764566044,0.007710136399717059,0.0
40.848,4.98336844830293,0.02722291818373817,9.838849062232738,0.0,0.0,0.013975034570857098,0.999971975396679,0.007486549356254276,0.0
40.864000000000004,4.9945985531562025,0.027996835687875914,9.779594825261581,0.0,0.0,0.01378562710276785,0.9999736024980822,0.007265969103141288,0.0
40.88,4.965298996701657,0.02865979383187802,9.82406062526262,0.0,0.0,0.01360169404893598,0.9999751601992788,0.007048332031532863,0.0
40.896,4.989678849447541,0.029264691571098084,9.834953000056181,0.0,0.0,0.013420617062527802,0.9999766508481321,0.006833575824772512,0.0
40.912,4.987369152854466,0.030316646845087534,9.81239560599331,0.0,0.0,0.01324323191028794,0.9999780767053779,0.0066216394203714385,0.0
40.928000000000004,5.019228577440382,0.030783564739800748,9.793474483247495,0.0,0.0,0.013071750142445623,0.9999794399479525,0.006412462972944187,0.0
40.944,1.2526313489040748,0.03203719792150062,9.770986052574823,0.0,0.0,0.01290440515036138,0.9999807426721787,0.0062059878180703455,0.0
40.96,9.880945062567875e-06,0.03216218003127541,9.758835981214494,0.0,0.0,0.012739790096189415,0.9999819868037402,0.006002171943923928,0.0
40.976,9.547339731184438e-06,0.032001995353533916,9.808390212412487,0.0,0.0,0.012573560523917216,0.9999831741790568,0.00580097912239535,0.0
40.992,9.434236267229456e-06,0.0316047431467276,9.801263625543907,0.0,0.0,0.01241397912197681,0.9999843065817121,0.00560237363020422,0.0
41.008,9.113530025941501e-06,0.031112903184417055,9.821004083408463,0.0,0.0,0.012253381581083906,0.9999853857439336,0.00540632024174535,0.0
41.024,8.89963888039684e-06,0.030672225129486096,9.834410819871016,0.0,0.0,0.012096214674096276,0.9999864133480287,0.005212784222031878,0.0
41.04,8.673394443436989e-06,0.030153033672500145,9.792375015546286,0.0,0.0,0.011938635163177959,0.9999873910277831,0.005021731319738497,0.0
41.056,8.489126834658236e-06,0.030020859347288386,9.828069923839708,0.0,0.0,0.011788242594250686,0.9999883203698192,0.004833127760343975,0.0
41.072,8.27028865882864e-06,0.02964052760011668,9.74422884070416,0.0,0.0,0.011636707146611277,0.9999892029149173,0.004646940239377042,0.0
41.088,8.06374874680478e-06,0.029088232203574416,9.807652027441746,0.0,0.0,0.01148908824929837,0.9999900401592997,0.004463135915749712,0.0
41.104,7.825411730530812e-06,0.028621784308525345,9.866693567028324,0.0,0.0,0.011339656513997348,0.9999908335558787,0.004281682405189,0.0
41.12,7.589745116606069e-06,0.02839754160465057,9.802330264319174,0.0,0.0,0.011198045880183687,0.999991584515472,0.004102547773767332,0.0
41.136,7.416427154057174e-06,0.028157388503726056,9.80490083209403,0.0,0.0,0.011052351800431107,0.9999922944079804,0.003925700531517689,0.0
41.152,7.287876742779509e-06,0.027611421548437484,9.776044132973992,0.0,0.0,0.010912907444646429,0.9999929645635377,0.0037511096261413517,0.0
41.168,7.041392156257513e-06,0.027327485646506843,9.79961095738408,0.0,0.0,0.010773016154362382,0.9999935962736242,0.003578744436808284,0.0
41.184,6.940933208348408e-06,0.027084002544713767,9.760719692718935,0.0,0.0,0.010635511840624928,0.9999941907921519,0.003408574768044654,0.0
41.2,6.753106269228783e-06,0.02643133737841802,9.788574283468815,0.0,0.0,0.010499152647108946,0.9999947493365188,0.0032405708437051226,0.0
41.216,6.559416363973769e-06,0.026404528123587005,9.893862095391846,0.0,0.0,0.010366579927045554,0.9999952730886335,0.0030747033010350387,0.0
41.232,6.4212485428871244e-06,0.025863221382187145,9.854927120935798,0.0,0.0,0.010235829804355398,0.9999957631959121,0.0029109431848141605,0.0
41.248,6.245038688154287e-06,0.025567399458053645,9.875341282808712,0.0,0.0,0.010104590286265647,0.999996220772247,0.0027492619415846104,0.0
41.264,6.061831314120401e-06,0.02541362922823897,9.802036581231825,0.0,0.0,0.009976553313242395,0.9999966468989483,0.002589631413956892,0.0
41.28,5.927161165668111e-06,0.025046351968481928,9.822345046331579,0.0,0.0,0.009852154826565537,0.9999970426256599,0.0024320238350122167,0.0
41.296,5.719376051291047e-06,0.02466081429953297,9.8140827923129,0.0,0.0,0.009725623768112422,0.9999974089712499,0.002276411822762106,0.0
41.312,5.667099289003132e-06,0.024306946925495336,9.846560207836857,0.0,0.0,0.009604855531184352,0.9999977469246755,0.002122768374705047,0.0
41.328,5.522897244821348e-06,0.024134082352035346,9.80642395374877,0.0,0.0,0.00948025150005636,0.9999980574458253,0.001971066862453598,0.0
41.344,5.328459276652103e-06,0.02366131938528394,9.832472282171432,0.0,0.0,0.009362242860011336,0.999998341466336,0.0018212810264366418,0.0
41.36,5.2327613582934e-06,0.023506727933581627,9.816863978458555,0.0,0.0,0.009244030185777671,0.99999859989039,0.001673384970682373,0.0
41.376,5.112447004098653e-06,0.02333424792008247,9.834241221230467,0.0,0.0,0.009127136198386536,0.9999988335954858,0.0015273531576680565,0.0
41.392,4.9219771963331435e-06,0.02292093882922559,9.746328958096726,0.0,0.0,0.009011126655268672,0.9999990434331919,0.001383160403253698,0.0
41.408,4.831968744378046e-06,0.022600736574328276,9.724250386217527,0.0,0.0,0.008899399310045545,0.9999992302298774,0.0012407818716747771,0.0
41.424,4.7131145226239895e-06,0.02232670359517834,9.816513197302765,0.0,0.0,0.008787800411302737,0.9999993947874207,0.0011001930706196078,0.0
41.44,4.619057436652322e-06,0.022066444035436412,9.782426750272249,0.0,0.0,0.008674168327319608,0.9999995378839025,0.0009613698463667148,0.0
41.456,4.489829044203853e-06,0.021674306074176326,9.774509766465373,0.0,0.0,0.008568857266435647,0.9999996602742764,0.0008242883789975655,0.0
41.472,4.362209688846475e-06,0.021575639437660738,9.802466439148803,0.0,0.0,0.008460010592135027,0.9999997626910216,0.0006889251776753573,0.0
41.488,4.240482148635755e-06,0.021054282772103854,9.798132179577879,0.0,0.0,0.008354136441497437,0.9999998458447781,0.0005552570759867808,0.0
41.504,4.169217291580931e-06,0.020916652046933118,9.775544208793514,0.0,0.0,0.008250198366155943,0.9999999104249627,0.0004232612273612095,0.0
41.52,4.059130132701783e-06,0.02053852044377084,9.798047887615795,0.0,0.0,0.008146783302495034,0.999999957100371,0.00029291510054469376,0.0
41.536,3.967886928864617e-06,0.02036327605345102,9.840468203839139,0.0,0.0,0.008044665509356883,0.9999999865197589,0.00016419647514032308,0.0
41.552,3.889047711837641e-06,0.020077147186816177,9.807139832785372,0.0,0.0,0.007943365630497797,0.9999999993124093,3.708343721742176e-05,0.0
41.568,3.734970141219373e-06,0.019845235209298335,9.8736239193157,0.0,0.0,0.00784550552132671,0.9999999960886857,-8.844562502394763e-05,0.0
41.584,3.654434212522751e-06,0.019730115121146127,9.788507804378648,0.0,0.0,0.007747457502445405,0.9999999774405655,-0.00021241202551850063,0.0
41.6,3.55426432625194e-06,0.019428201817406923,9.76238432925587,0.0,0.0,0.007651829219177389,0.9999999439421623,-0.0003348367845492334,0.0
41.616,3.49245356675701e-06,0.0190318739453924,9.784289435672987,0.0,0.0,0.007555980817530406,0.9999998961502324,-0.000455740632897127,0.0
41.632,3.39927570724965e-06,0.018885785908629497,9.793013660438946,0.0,0.0,0.0074630558553476015,0.9999998346046668,-0.0005751440159285906,0.0
41.648,3.313583825642735e-06,0.01866500941412864,9.794764424825141,0.0,0.0,0.007369621906002157,0.9999997598289703,-0.0006930670976299552,0.0
41.664,3.24258015024684e-06,0.018286998836839433,9.803619474986586,0.0,0.0,0.007279788741273634,0.9999996723307266,-0.0008095297645807856,0.0
41.68,3.125835898882665e-06,0.018268885947579073,9.828635211878412,0.0,0.0,0.007189903363887706,0.9999995726020505,-0.0009245516298742116,0.0
41.696,3.089389947052216e-06,0.01804884615258498,9.84854022433692,0.0,0.0,0.007099509277534302,0.9999994611200289,-0.001038152036978274,0.0
41.712,2.995926130103873e-06,0.017670408146010872,9.812451836819347,0.0,0.0,0.007012380448689993,0.9999993383471469,-0.001150350063544038,0.0
41.728,2.940352123214201e-06,0.01768793312596816,9.853776836952926,0.0,0.0,0.00692548427172726,0.999999204731704,-0.001261164525159357,0.0
41.744,2.8722658267665736e-06,0.017374056420665356,9.781813934207095,0.0,0.0,0.006839360349108532,0.9999990607082191,-0.001370613979049607,0.0
41.76,2.7926155289491307e-06,0.017083550968293018,9.849725322576374,0.0,0.0,0.006756207951657663,0.9999989066978221,-0.0014787167277222658,0.0
41.776,2.7111895804945405e-06,0.016876362354131317,9.825564974405355,0.0,0.0,0.006672584825266775,0.9999987431086359,-0.0015854908225668787,0.0
41.792,2.6557812045508904e-06,0.016788941542151988,9.809004655694755,0.0,0.0,0.006591952294329516,0.999998570336149,-0.0016909540673986309,0.0
41.808,2.59981160387381e-06,0.016342073219735402,9.722218905119108,0.0,0.0,0.006510804475176149,0.999998388763575,-0.0017951240219512834,0.0
41.824,2.5225507746990827e-06,0.0162254153060492,9.849904743319685,0.0,0.0,0.006432540205665022,0.9999981987622035,-0.0018980180053245774,0.0
41.84,2.4794513559222914e-06,0.015987866292845005,9.834015963628403,0.0,0.0,0.006352964883409461,0.9999980006917425,-0.0019996530993763267,0.0
41.856,2.3920744522664596e-06,0.0159208731317709,9.830683496359555,0.0,0.0,0.006274672300923879,0.9999977949006484,-0.002100046152074727,0.0
41.872,2.3357311073870193e-06,0.015579941462332311,9.831623608914304,0.0,0.0,0.00619769130390347,0.9999975817264493,-0.002199213780795112,0.0
41.888,2.2799442304064065e-06,0.01550879200439617,9.842306224916472,0.0,0.0,0.00612162481134249,0.9999973614960578,-0.0022971723755742532,0.0
41.904,2.232307981933577e-06,0.015246782625918921,9.842760600402562,0.0,0.0,0.006047064313748054,0.9999971345260756,-0.002393938102319524,0.0
41.92,2.172816650032682e-06,0.015042225469604662,9.84180498901682,0.0,0.0,0.005974751453593774,0.9999969011230908,-0.002489526905968926,0.0
41.936,2.1174581746055415e-06,0.014910644214449027,9.86057411067568,0.0,0.0,0.005901494677651007,0.9999966615839635,-0.002583954513608854,0.0
41.952,2.0570789207478487e-06,0.014782615792882812,9.78587611281848,0.0,0.0,0.005829853488617599,0.9999964161961069,-0.002677236437545824,0.0
41.968,2.0402685959085338e-06,0.014589462915759573,9.822496217456457,0.0,0.0,0.005760365120567262,0.99999616523776,-0.0027693879783383633,0.0
41.984,1.9754358526891297e-06,0.014453624753157134,9.850973986525624,0.0,0.0,0.0056887504027165105,0.9999959089782503,-0.00286042422777996,0.0
42.0,1.9187974445538276e-06,0.014229283739202932,9.864676535019855,0.0,0.0,0.005620371343529305,0.9999956476782519,-0.0029503600718481684,0.0
42.016,1.8813787692356436e-06,0.014029630063280282,9.86051935544346,0.0,0.0,0.005553084271381198,0.9999953815900349,-0.0030392101936025364,0.0
42.032000000000004,1.8296670603778383e-06,0.013879906630803256,9.820906929424208,0.0,0.0,0.0054848467962965025,0.9999951109577078,-0.00312698907604756,0.0
42.048,1.7931484702043415e-06,0.013696301662093619,9.812112266827455,0.0,0.0,0.0054199078154257676,0.999994836017455,-0.0032137110049566798,0.0
42.064,1.7434079274852726e-06,0.013630372478448451,9.807304075611407,0.0,0.0,0.00535498034248263,0.9999945569977644,-0.0032993900716499548,0.0
42.08,1.7134100090435783e-06,0.013401210820460165,9.815099667485063,0.0,0.0,0.005290581703677794,0.9999942741196517,-0.0033840401757356513,0.0
42.096000000000004,1.6676026161080163e-06,0.01321919979795012,9.838412461259884,0.0,0.0,0.005227235619020525,0.9999939875968763,-0.0034676750278179558,0.0
42.112,1.6202998124967195e-06,0.013132120934159129,9.85248513831549,0.0,0.0,0.005165188258559107,0.9999936976361525,-0.0035503081521572467,0.0
42.128,1.5838169955094938e-06,0.01279469088933676,9.806561381292015,0.0,0.0,0.005103261690891364,0.9999934044373544,-0.003631952889301158,0.0
42.144,1.5597091980355256e-06,0.012807500513504082,9.822394100255895,0.0,0.0,0.005042250615474831,0.9999931081937141,-0.0037126223986737442,0.0
42.160000000000004,1.519423505537685e-06,0.012660367454134834,9.813199586204426,0.0,0.0,0.004981750160212028,0.9999928090920163,-0.0037923296611267593,0.0
42.176,1.4657014510429739e-06,0.012432016928466077,9.831370892504141,0.0,0.0,0.004922187393991266,0.9999925073127854,-0.003871087481462808,0.0
42.192,1.4359118277838124e-06,0.012331942401492855,9.820734690353921,0.0,0.0,0.0048636545872349606,0.999992203030469,-0.003948908490914825,0.0
42.208,1.4125907219078007e-06,0.012225956109180671,9.814922819200438,0.0,0.0,0.004806518620763138,0.9999918964136149,-0.0040258051495934265,0.0
42.224000000000004,1.3752354784564666e-06,0.012016718332783755,9.811677822094625,0.0,0.0,0.00474907415901074,0.9999915876250439,-0.004101789748901455,0.0
42.24,1.3317264886076596e-06,0.01186943664643092,9.752254646195277,0.0,0.0,0.004693915172900828,0.9999912768220185,-0.004176874413911741,0.0
42.256,1.3168248865543614e-06,0.011710646521803167,9.812888828553197,0.0,0.0,0.004637215204906776,0.9999909641564039,-0.004251071105715369,0.0
42.272,1.280006185633621e-06,0.0115830544544745,9.864152038606335,0.0,0.0,0.004582523175905421,0.999990649774829,-0.004324391623731386,0.0
42.288000000000004,1.2470685314689439e-06,0.011450832143692549,9.865915633425127,0.0,0.0,0.004528000753627991,0.9999903338188387,-0.0043968476079901215,0.0
42.304,1.2192491565077178e-06,0.011370303301804418,9.845747105024161,0.0,0.0,0.004475205958618569,0.9999900164250439,-0.004468450541381478,0.0
42.32,1.1966464679570223e-06,0.011116058101575649,9.747869667786063,0.0,0.0,0.004423026543577108,0.9999896977252676,-0.004539211751869306,0.0
42.336,1.164968548198331e-06,0.01102382012038027,9.764072392003298,0.0,0.0,0.004370760779887316,0.9999893778466855,-0.004609142414678943,0.0
42.352000000000004,1.1428393785068277e-06,0.01098003257953862,9.831340353417591,0.0,0.0,0.004319848456687968,0.9999890569119645,-0.004678253554454388,0.0
42.368,1.1093610723334182e-06,0.010817399551808217,9.813037438626864,0.0,0.0,0.004268777160313694,0.9999887350393949,-0.004746556047381085,0.0
42.384,1.082349266168834e-06,0.010620581218107415,9.75613351504686,0.0,0.0,0.004219751913469218,0.9999884123430209,-0.004814060623281449,0.0
42.4,1.0578762337760708e-06,0.010467692521054882,9.825434302960351,0.0,0.0,0.004170034064730071,0.9999880889327666,-0.004880777867683109,0.0
42.416000000000004,1.035217766083652e-06,0.010417786958861504,9.755774651721055,0.0,0.0,0.0041213103260989885,0.9999877649145582,-0.0049467182238545435,0.0
42.432,1.0067317988330022e-06,0.010293137835166463,9.79546430727244,0.0,0.0,0.004073176903582959,0.9999874403904443,-0.005011891994815006,0.0
42.448,9.88192177057265e-07,0.010176625730059825,9.841440255607234,0.0,0.0,0.004026129046694034,0.9999871154587097,-0.0050763093453151465,0.0
42.464,9.670975041806474e-07,0.010108515237025042,9.702411299570723,0.0,0.0,0.0039796949359620646,0.9999867902139893,-0.005139980303791493,0.0
42.480000000000004,9.376414121423606e-07,0.01001176923115057,9.801732976789209,0.0,0.0,0.003933316242868705,0.9999864647473764,-0.005202914764290514,0.0
42.496,9.185106573176779e-07,0.00983867189216539,9.714784241998736,0.0,0.0,0.003888465955305779,0.9999861391465298,-0.005265122488372295,0.0
42.512,9.005221806133446e-07,0.009718707786377545,9.840098966737603,0.0,0.0,0.003843339894952198,0.9999858134957759,-0.00532661310697805,0.0
42.528,8.780274441479899e-07,0.009639965491071326,9.790530157206243,0.0,0.0,0.0037991359697407833,0.9999854878762101,-0.005387396122283653,0.0
42.544000000000004,8.636732974037151e-07,0.009482459710980646,9.842163160069168,0.0,0.0,0.0037547272374924947,0.9999851623657927,-0.00544748090951679,0.0
42.56,8.408369487973257e-07,0.009381258727290773,9.749884962413917,0.0,0.0,0.0037118590732527464,0.9999848370394445,-0.005506876718755258,0.0
42.576,8.22558692070667e-07,0.009303875326361516,9.842575718537114,0.0,0.0,0.0036704408064159137,0.9999845119691391,-0.005565592676698418,0.0
42.592,7.998230602950392e-07,0.009238652029944108,9.730742402671423,0.0,0.0,0.0036284546596514473,0.9999841872239904,-0.0056236377884151135,0.0
42.608000000000004,7.804995500235785e-07,0.009048837858248136,9.786261173096383,0.0,0.0,0.0035867631908853346,0.9999838628703415,-0.005681020939066549,0.0
42.624,7.629298137225617e-07,0.008920359730516374,9.836678542657697,0.0,0.0,0.0035453431049281324,0.9999835389718473,-0.005737750895603176,0.0
42.64,7.522781953310495e-07,0.008799945394029608,9.738106761496786,0.0,0.0,0.003505358309310328,0.9999832155895573,-0.005793836308446736,0.0
42.656,7.344539074813417e-07,0.008807279507798343,9.812304458238874,0.0,0.0,0.003465234282003206,0.9999828927819946,-0.0058492857131376775,0.0
42.672000000000004,7.118103503245553e-07,0.00871999093188873,9.8379734922779,0.0,0.0,0.0034267878873147015,0.9999825706052338,-0.005904107531966151,0.0
42.688,6.975995565981538e-07,0.00851804441025447,9.79907203684437,0.0,0.0,0.0033879692381311665,0.9999822491129746,-0.00595831007558681,0.0
42.704,6.795953107931144e-07,0.00851127590752134,9.798444574707148,0.0,0.0,0.0033496425828368204,0.9999819283566169,-0.006011901544595888,0.0
42.72,6.684638061571044e-07,0.008412290675602521,9.860671503845792,0.0,0.0,0.0033117825124383505,0.9999816083853296,-0.006064890031100058,0.0
42.736000000000004,6.484588382046034e-07,0.008313479577931085,9.772832805188868,0.0,0.0,0.003273790304202495,0.9999812892461203,-0.006117283520262222,0.0
42.752,6.348058187251868e-07,0.008188126795640889,9.782349411197915,0.0,0.0,0.0032381726826528692,0.9999809709839016,-0.006169089891818427,0.0
42.768,6.233869561047746e-07,0.008131188539546115,9.802151828884798,0.0,0.0,0.0032019747515659456,0.9999806536415567,-0.006220316921583065,0.0
42.784,6.122262539917738e-07,0.008002325612354443,9.879836448480486,0.0,0.0,0.003166554436967521,0.9999803372600017,-0.006270972282931156,0.0
42.800000000000004,5.960195772321599e-07,0.007920639680768875,9.82449872958356,0.0,0.0,0.003129953486640469,0.9999800218782467,-0.00632106354825426,0.0
42.816,5.7840940457442e-07,0.007789244843804618,9.795614972256868,0.0,0.0,0.0030952928673017286,0.9999797075334561,-0.006370598190408833,0.0
42.832,5.729297059382669e-07,0.007704287617336545,9.752260391676908,0.0,0.0,0.003061508203451567,0.9999793942610049,-0.006419583584133945,0.0
42.848,5.600869863393601e-07,0.007648870602650041,9.787313995139773,0.0,0.0,0.0030277922551837457,0.999979082094536,-0.006468027007456358,0.0
42.864000000000004,5.42305159724248e-07,0.007571823643269564,9.810879115762086,0.0,0.0,0.0029943990203512272,0.9999787710660138,-0.006515935643072288,0.0
42.88,5.351366509544514e-07,0.007470006698765967,9.803237337321823,0.0,0.0,0.0029616567736106387,0.9999784612057775,-0.006563316579717637,0.0
42.896,5.210884509010096e-07,0.007384168225370157,9.78742454849435,0.0,0.0,0.0029291031110840215,0.9999781525425915,-0.006610176813512016,0.0
42.912,5.091978800654148e-07,0.00730573101292252,9.79872948401702,0.0,0.0,0.0028970008562920007,0.9999778451036961,-0.006656523249289911,0.0
42.928000000000004,5.036795556194626e-07,0.007248176585642376,9.775919172015358,0.0,0.0,0.002864989727583239,0.9999775389148559,-0.006702362701910979,0.0
42.944,4.864405175383224e-07,0.007184083337444988,9.771871103679588,0.0,0.0,0.0028335533788813,0.9999772340004055,-0.006747701897558563,0.0
42.96,4.789798440666556e-07,0.007057316484394471,9.780372620917403,0.0,0.0,0.0028028186205951823,0.9999769303832963,-0.0067925474750140345,0.0
42.976,4.6586782724715805e-07,0.00697673961919439,9.79715023692648,0.0,0.0,0.0027722109815880983,0.99997662808514,-0.00683690598691958,0.0
42.992000000000004,4.5647138681728246e-07,0.006944497306416545,9.767438355662152,0.0,0.0,0.0027429097140842123,0.9999763271262513,-0.0068807839010198895,0.0
43.008,4.512620914311882e-07,0.0068587327108438475,9.785207213005323,0.0,0.0,0.002712937814173278,0.9999760275256906,-0.00692418760139522,0.0
43.024,4.375185267919143e-07,0.006827875549757526,9.823015734339318,0.0,0.0,0.002683115303671824,0.9999757293013032,-0.006967123389668221,0.0
43.04,4.2742396742027026e-07,0.006756016402785537,9.805065343526747,0.0,0.0,0.002654761983516769,0.999975432469759,-0.0070095974862061285,0.0
43.056,4.1985173674307076e-07,0.0066523265459450314,9.740492707797678,0.0,0.0,0.002626205105181156,0.9999751370465904,-0.007051616031296307,0.0
43.072,4.0768243638580736e-07,0.006583275090118041,9.82063434763249,0.0,0.0,0.0025986746688212796,0.9999748430462295,-0.0070931850863164645,0.0
43.088,4.044935326006352e-07,0.006451663070379469,9.79214905575584,0.0,0.0,0.0025705534095049397,0.9999745504820435,-0.007134310634884667,0.0
43.104,3.940463434635963e-07,0.00644574473261783,9.802224481624929,0.0,0.0,0.002542712811343006,0.9999742593663697,-0.007174998583994698,0.0
43.12,3.8369546464390056e-07,0.006368630530402955,9.788632516820536,0.0,0.0,0.002515867878369641,0.9999739697105491,-0.007215254765138766,0.0
43.136,3.786740406793204e-07,0.006246036674210296,9.844369679796765,0.0,0.0,0.0024898529901787626,0.9999736815249589,-0.007255084935416886,0.0
43.152,3.687632107270475e-07,0.0062075777047799294,9.793979464067672,0.0,0.0,0.0024633859837598464,0.9999733948190445,-0.007294494778627617,0.0
43.168,3.6228978748752857e-07,0.006152799450810575,9.823271952224651,0.0,0.0,0.002437055308704487,0.9999731096013499,-0.007333489906353692,0.0
43.184,3.541198024777146e-07,0.0060894058062773366,9.792924976366166,0.0,0.0,0.0024119021332563357,0.9999728258795479,-0.007372075859023222,0.0
43.2,3.4469107314191706e-07,0.006022184279339553,9.827708329946114,0.0,0.0,0.0023861733747665443,0.9999725436604688,-0.007410258106970018,0.0
43.216,3.39722750462709e-07,0.00598956616816333,9.867648280935633,0.0,0.0,0.002361808832829209,0.999972262950128,-0.007448042051466371,0.0
43.232,3.349449520837275e-07,0.0058995192620897845,9.808008267118675,0.0,0.0,0.0023374163755230976,0.9999719837537534,-0.007485433025764282,0.0
43.248,3.27808841026458e-07,0.005828360875205669,9.752488423800868,0.0,0.0,0.0023131403661665073,0.9999717060758125,-0.007522436296096724,0.0
43.264,3.1975125697139755e-07,0.005724462071562253,9.829257543589854,0.0,0.0,0.0022887936886743523,0.9999714299200367,-0.007559057062691325,0.0
43.28,3.115624143896773e-07,0.005763191397570644,9.7720294703401,0.0,0.0,0.002264786967600312,0.9999711552894467,-0.007595300460761862,0.0
43.296,3.0604306386756386e-07,0.0056712115678326114,9.73548744035112,0.0,0.0,0.0022419605771815516,0.9999708821863761,-0.007631171561484873,0.0
43.312,3.004726724725839e-07,0.005619797434750537,9.803733672164277,0.0,0.0,0.002219204731546368,0.9999706106124948,-0.007666675372970723,0.0
43.328,2.9315764409368893e-07,0.005516177201701906,9.769151680134588,0.0,0.0,0.002196451021202925,0.9999703405688313,-0.007701816841222662,0.0
43.344,2.8773019191261516e-07,0.0054743718565422395,9.893539963894147,0.0,0.0,0.0021740862942182548,0.9999700720557946,-0.007736600851080588,0.0
43.36,2.8386447121045335e-07,0.00543813221862317,9.806488597577165,0.0,0.0,0.00215218866395562,0.9999698050731954,-0.007771032227161246,0.0
43.376,2.7608784517480584e-07,0.005368294910904972,9.845211616859356,0.0,0.0,0.002129763607335183,0.999969539620266,-0.0078051157347795415,0.0
43.392,2.710551865134088e-07,0.005334744775005729,9.794157145889846,0.0,0.0,0.0021090850905674716,0.9999692756956803,-0.007838856080868536,0.0
43.408,2.648793689713505e-07,0.005265473410382758,9.788333834510535,0.0,0.0,0.0020876359692408096,0.9999690132975729,-0.007872257914881898,0.0
43.424,2.61183943374467e-07,0.005212230809680919,9.822723772258342,0.0,0.0,0.002066835823129561,0.9999687524235579,-0.007905325829689695,0.0
43.44,2.534960742422699e-07,0.005152690766122844,9.79211499586607,0.0,0.0,0.0020465896677586033,0.9999684930707455,-0.00793806436246884,0.0
43.456,2.5078703075971916e-07,0.005129051284517468,9.775226360499445,0.0,0.0,0.002026106796394605,0.999968235235761,-0.007970477995573575,0.0
43.472,2.452828695522745e-07,0.005072439244998371,9.77266111670615,0.0,0.0,0.002006235419642016,0.9999679789147605,-0.00800257115740884,0.0
43.488,2.4016035095729377e-07,0.004984369145931939,9.86405314203695,0.0,0.0,0.001985956325043885,0.9999677241034469,-0.008034348223286508,0.0
43.504,2.3579629552322833e-07,0.004949405914343636,9.808028844286193,0.0,0.0,0.0019668603010931846,0.9999674707970858,-0.00806581351628012,0.0
43.52,2.284289111674732e-07,0.004901866076895187,9.839285711337244,0.0,0.0,0.001947252550143768,0.9999672189905209,-0.008096971308060705,0.0
43.536,2.2354873845849458e-07,0.00485182037223699,9.85916030098501,0.0,0.0,0.0019286585602536932,0.999966968678188,-0.008127825819737726,0.0
43.552,2.2113540911575875e-07,0.004827735363549222,9.840893657891423,0.0,0.0,0.0019095876169300738,0.9999667198541287,-0.008158381222682014,0.0
43.568,2.1615695292615795e-07,0.00479493967195165,9.852568747791942,0.0,0.0,0.0018917419047250056,0.9999664725120051,-0.008188641639344978,0.0
43.584,2.1254370579989283e-07,0.004712846745385852,9.838047353712128,0.0,0.0,0.001873235312667832,0.9999662266451117,-0.008218611144074866,0.0
43.6,2.1046430742415855e-07,0.004707527719064905,9.797706578777799,0.0,0.0,0.0018550052790861887,0.9999659822463884,-0.008248293763915305,0.0
43.616,2.0530771272708428e-07,0.004659030458009875,9.825356433421272,0.0,0.0,0.001837518620319199,0.999965739308433,-0.008277693479405598,0.0
43.632,2.019264689642278e-07,0.004583866382082731,9.805291061462752,0.0,0.0,0.0018201785128233844,0.9999654978235125,-0.008306814225373925,0.0
43.648,1.9755176024502937e-07,0.004537371295318811,9.844089984062776,0.0,0.0,0.0018029129151534277,0.9999652577835741,-0.008335659891722538,0.0
43.664,1.9365889133363035e-07,0.0044895704074884284,9.808563228861198,0.0,0.0,0.0017860530387746822,0.999965019180256,-0.008364234324204071,0.0
43.68,1.8993665154222946e-07,0.004454248958475238,9.812727545685611,0.0,0.0,0.0017692257823569383,0.9999647820048988,-0.008392541325199655,0.0
43.696,1.867609498483208e-07,0.004415212748384976,9.87785684105073,0.0,0.0,0.0017526716611839144,0.9999645462485541,-0.008420584654482777,0.0
43.712,1.822468329112734e-07,0.004380338527434896,9.78420354651991,0.0,0.0,0.0017364871060334907,0.9999643119019949,-0.00844836802998384,0.0
43.728,1.795285634939303e-07,0.004350886524807902,9.842661542587292,0.0,0.0,0.0017202464131219459,0.9999640789557244,-0.008475895128552475,0.0
43.744,1.7657088438457673e-07,0.004289997041262834,9.87640050924216,0.0,0.0,0.0017047303747845268,0.9999638473999847,-0.008503169586705007,0.0
43.76,1.7198694233057908e-07,0.004277672140643143,9.83302259473352,0.0,0.0,0.0016895560659196775,0.9999636172247661,-0.00853019500137633,0.0
43.776,1.697493482256606e-07,0.00422295097668132,9.856984464685322,0.0,0.0,0.0016738020145362722,0.9999633884198142,-0.008556974930669347,0.0
43.792,1.6733156635384255e-07,0.0041743112518630235,9.827357001487028,0.0,0.0,0.0016587304739301425,0.9999631609746373,-0.008583512894591534,0.0
43.808,1.6271404486414617e-07,0.004123355377283279,9.77410843578026,0.0,0.0,0.0016438133758155695,0.9999629348785152,-0.00860981237579507,0.0
43.824,1.6168103483256483e-07,0.004105324365364279,9.73809981297996,0.0,0.0,0.0016289956906130668,0.9999627101205047,-0.008635876820314713,0.0
43.84,1.5822750749182554e-07,0.004073203993464422,9.878743074617544,0.0,0.0,0.0016142862864072256,0.9999624866894469,-0.008661709638299032,0.0
43.856,1.5555446286119348e-07,0.003995671243394739,9.839347636032324,0.0,0.0,0.0016001148305269215,0.9999622645739729,-0.008687314204742983,0.0
43.872,1.5267487544596616e-07,0.00401351998822805,9.780568265747217,0.0,0.0,0.0015863544821194907,0.9999620437625113,-0.008712693860213134,0.0
43.888,1.502460459204103e-07,0.003966557567582153,9.807125177212086,0.0,0.0,0.0015725398621031213,0.9999618242432916,-0.00873785191158177,0.0
43.904,1.489317961617999e-07,0.003916708316396771,9.748506947016143,0.0,0.0,0.0015586514395408053,0.9999616060043511,-0.008762791632745697,0.0
43.92,1.455021845676096e-07,0.0038907179041633606,9.819625064563532,0.0,0.0,0.0015452029395621046,0.9999613890335397,-0.008787516265357027,0.0
43.936,1.4231624451879193e-07,0.0038518078820857483,9.81769660091732,0.0,0.0,0.001532156882515187,0.9999611733185237,-0.008812029019546832,0.0
43.952,1.4046390473157624e-07,0.003848025247720393,9.804998256796269,0.0,0.0,0.0015191801891668295,0.9999609588467911,-0.008836333074649282,0.0
43.968,1.378248159969205e-07,0.003781588212422716,9.87001149505634,0.0,0.0,0.0015063633627401332,0.999960745605655,-0.00886043157993174,0.0
43.984,1.3463245215933384e-07,0.003789034382394272,9.804773099037345,0.0,0.0,0.001493772992207406,0.9999605335822574,-0.008884327655314229,0.0
44.0,1.3261484457476224e-07,0.003715748427390858,9.77143128829961,0.0,0.0,0.0014811930680184522,0.9999603227635735,-0.008908024392105742,0.0
44.016,1.3086633605719405e-07,0.0037178736891945096,9.764510667437342,0.0,0.0,0.0014690804792994634,0.9999601131364128,-0.008931524853730803,0.0
44.032000000000004,1.2918885177162658e-07,0.003708566494631122,9.860504718884437,0.0,0.0,0.001456798938624401,0.9999599046874241,-0.008954832076458242,0.0
44.048,1.2694205273068247e-07,0.0036504890152145027,9.78111276647331,0.0,0.0,0.001444442494293392,0.9999596974030973,-0.00897794907014751,0.0
44.064,1.2440632287014346e-07,0.0035985247478738866,9.804178111792423,0.0,0.0,0.0014331123307040649,0.9999594912697646,-0.009000878818976998,0.0
44.08,1.2280970033852262e-07,0.003549929157903306,9.813725097993704,0.0,0.0,0.0014215352601528754,0.9999592862736033,-0.009023624282194345,0.0
44.096000000000004,1.1993347095759997e-07,0.0035722172873058106,9.795195268080356,0.0,0.0,0.001410209090823352,0.9999590824006375,-0.009046188394860311,0.0
44.112,1.1880183681396554e-07,0.0035370242382191633,9.781662847183101,0.0,0.0,0.001399237144778568,0.999958879636739,-0.009068574068606186,0.0
44.128,1.169298962001458e-07,0.003503689808360065,9.820573650338966,0.0,0.0,0.0013881260633491668,0.9999586779676285,-0.009090784192392303,0.0
44.144,1.1532411277463035e-07,0.0034492034618553496,9.83736103746231,0.0,0.0,0.0013774584993772794,0.9999584773788761,-0.009112821633272553,0.0
44.160000000000004,1.1402928283946349e-07,0.0034721262745384574,9.758167359062643,0.0,0.0,0.0013666421620231498,0.9999582778559015,-0.009134689237171988,0.0
44.176,1.1144850778676843e-07,0.003433346320837258,9.736878877466895,0.0,0.0,0.0013565907324079973,0.9999580793839746,-0.009156389829664232,0.0
44.192,1.0987848862782323e-07,0.0034159378239874056,9.851626902439278,0.0,0.0,0.0013463066909532623,0.9999578819482147,-0.009177926216766382,0.0
44.208,1.0865568375140236e-07,0.0033870946775184704,9.813230316059492,0.0,0.0,0.0013358722212908636,0.99995768553359,-0.009199301185738163,0.0
44.224000000000004,1.0598482686814875e-07,0.0033373777386144637,9.850456683117779,0.0,0.0,0.0013261479280763414,0.9999574901249171,-0.009220517505896617,0.0
44.24,1.0528397947003879e-07,0.0033133675597406954,9.86387362074694,0.0,0.0,0.0013163266852506056,0.9999572957068588,-0.009241577929434997,0.0
44.256,1.0301223691198935e-07,0.003262872861911475,9.86341962358583,0.0,0.0,0.0013067505553025556,0.9999571022639236,-0.009262485192265217,0.0
44.272,1.0206746552964212e-07,0.0032971022498474835,9.811878791466281,0.0,0.0,0.0012973661433642017,0.9999569097804633,-0.00928324201486361,0.0
44.288000000000004,1.0101228411011403e-07,0.0032344735877049948,9.765110275836141,0.0,0.0,0.0012880654524430543,0.99995671824067,-0.009303851103135785,0.0
44.304,9.869125572670965e-08,0.003222947862067138,9.823060790123899,0.0,0.0,0.0012790657406811644,0.9999565276285749,-0.009324315149301257,0.0
44.32,9.749982666591709e-08,0.0031824225971011674,9.767551911734534,0.0,0.0,0.00127028776754252,0.9999563379280434,-0.009344636832789825,0.0
44.336,9.597117276804802e-08,0.0031726020044141783,9.809584519400705,0.0,0.0,0.0012611491822545904,0.9999561491227738,-0.009364818821157726,0.0
44.352000000000004,9.505623817258847e-08,0.0031592245414861363,9.894578362262507,0.0,0.0,0.0012529493279354713,0.9999559611962917,-0.009384863771028642,0.0
44.368,9.383266552174534e-08,0.003137436020690587,9.802909856478042,0.0,0.0,0.001244571557854344,0.9999557741319461,-0.009404774329046477,0.0
44.384,9.2760853090089e-08,0.003120493248134504,9.847492784274607,0.0,0.0,0.001236044094359916,0.9999555879129064,-0.009424553132862341,0.0
44.4,9.098770102872913e-08,0.003095731199040348,9.823883461524895,0.0,0.0,0.0012279928260955505,0.9999554025221541,-0.009444202812138154,0.0
44.416000000000004,8.959236721014837e-08,0.0030645327845954307,9.800960512610839,0.0,0.0,0.0012204724254854156,0.9999552179424809,-0.009463725989581598,0.0
44.432,8.9055426665942e-08,0.0030378364607733096,9.868283434505356,0.0,0.0,0.0012126433766710373,0.9999550341564795,-0.009483125282004326,0.0
44.448,8.826750251313317e-08,0.0030296038622222186,9.767664189192047,0.0,0.0,0.0012052223618813705,0.9999548511465393,-0.009502403301417975,0.0
44.464,8.651568588725685e-08,0.003019437353025784,9.744963226054615,0.0,0.0,0.0011975857561095369,0.999954668894838,-0.00952156265615478,0.0
44.480000000000004,8.546649728232857e-08,0.003000466798982143,9.846799673646096,0.0,0.0,0.0011902284423397035,0.9999544873833349,-0.009540605952028837,0.0
44.496,8.462487049289483e-08,0.002986197959172145,9.788644579408139,0.0,0.0,0.0011831901796723985,0.9999543065937625,-0.009559535793530449,0.0
44.512,8.370893634675483e-08,0.002959055654685664,9.848295146306183,0.0,0.0,0.0011764228125117834,0.9999541265076171,-0.009578354785065966,0.0
44.528,8.257249526960592e-08,0.0029300185438674133,9.91061287335715,0.0,0.0,0.0011694072344725416,0.9999539471061505,-0.009597065532235192,0.0
44.544000000000004,8.1276603747916e-08,0.0029401630869881554,9.828724345774956,0.0,0.0,0.001163132200748056,0.9999537683703595,-0.009615670643153806,0.0
44.56,8.058191133685082e-08,0.00291333968354927,9.82271157695154,0.0,0.0,0.0011563459813496149,0.9999535902809751,-0.009634172729830894,0.0
44.576,7.979511281059194e-08,0.0028821774880849037,9.844281046038114,0.0,0.0,0.0011502866860086162,0.9999534128184511,-0.009652574409593079,0.0
44.592,7.847434867835357e-08,0.002867640161016277,9.779322153737443,0.0,0.0,0.00114398988633165,0.9999532359629524,-0.00967087830656639,0.0
44.608000000000004,7.800829908274728e-08,0.002849865567955132,9.82633008182314,0.0,0.0,0.001137981870473691,0.9999530596943415,-0.009689087053218737,0.0
44.624,7.740872678751029e-08,0.0028596842558888647,9.787889352697965,0.0,0.0,0.0011323357802221568,0.9999528839921651,-0.00970720329196612,0.0
44.64,7.586914555326693e-08,0.0028437325598235637,9.772821518470789,0.0,0.0,0.0011267649372053235,0.9999527088356391,-0.009725229676848315,0.0
44.656,7.591958925152418e-08,0.002814347201648912,9.780780405281837,0.0,0.0,0.0011212101339802079,0.9999525342036331,-0.009743168875276955,0.0
44.672000000000004,7.516085589714846e-08,0.002794391771022806,9.793317275120243,0.0,0.0,0.00111577817871875,0.999952360074653,-0.00976102356986753,0.0
44.688,7.401859537970161e-08,0.0027805817632400092,9.851189250737145,0.0,0.0,0.0011110113341172936,0.9999521864268247,-0.009778796460344222,0.0
44.704,7.34951113643002e-08,0.0027666271517337356,9.807155264391067,0.0,0.0,0.0011058984589262131,0.999952013237874,-0.009796490265552633,0.0
44.72,7.346067540392099e-08,0.0027569769172121595,9.80276418402966,0.0,0.0,0.0011012480227608663,0.9999518404851063,-0.009814107725557335,0.0
44.736000000000004,7.23979021455801e-08,0.0027482569609066543,9.821519152986042,0.0,0.0,0.001096509288551118,0.9999516681453862,-0.009831651603850874,0.0
44.752,7.14404915548084e-08,0.0027351863814669545,9.817612707417906,0.0,0.0,0.0010920961921735844,0.9999514961951141,-0.009849124689670922,0.0
44.768,7.133698703123644e-08,0.002734608125233324,9.843222435706815,0.0,0.0,0.0010879895481078743,0.9999513246102019,-0.009866529800446163,0.0
44.784,7.097096710169519e-08,0.0027276458594692643,9.877339080694181,0.0,0.0,0.001083956751955267,0.9999511533660462,-0.009883869784365671,0.0
44.800000000000004,6.994393928445619e-08,0.002713687820770284,9.796975258239717,0.0,0.0,0.0010800586481767994,0.9999509824375022,-0.009901147523093026,0.0
44.816,7.020799861312644e-08,0.0026917128771562107,9.806529507349014,0.0,0.0,0.0010765220909360936,0.9999508117988538,-0.009918365934630533,0.0
44.832,6.924098905539767e-08,0.0026867433275869967,9.774402667052865,0.0,0.0,0.001072581204026438,0.9999506414237811,-0.009935527976348842,0.0
44.848,6.873901809147736e-08,0.002696614887912272,9.767025753728548,0.0,0.0,0.0010692568737905163,0.9999504712853278,-0.009952636648194643,0.0
44.864000000000004,6.855400390689886e-08,0.002680188030776669,9.791312940973476,0.0,0.0,0.0010662010086154182,0.9999503013558649,-0.009969694996081314,0.0
44.88,6.823725115933168e-08,0.0026538854545542167,9.803436386070336,0.0,0.0,0.0010633265259012465,0.999950131607053,-0.009986706115497599,0.0
44.896,6.78623196336452e-08,0.002648701078335825,9.863398951515423,0.0,0.0,0.0010605998705625224,0.9999499620098006,-0.010003673155331648,0.0
44.912,6.730081854051989e-08,0.002663808561988686,9.775831492368564,0.0,0.0,0.0010578597513114143,0.9999497925342198,-0.010020599321937078,0.0
44.928000000000004,6.713982937610789e-08,0.002640408623581612,9.872518423517052,0.0,0.0,0.0010557322926532198,0.9999496231495811,-0.010037487883465472,0.0
44.944,6.683088657991372e-08,0.0026320005869138203,9.795284595014977,0.0,0.0,0.0010533868644674801,0.9999494538242613,-0.01005434217448462,0.0
44.96,6.66617387642954e-08,0.0026262597847496417,9.799004603050415,0.0,0.0,0.0010515902148892726,0.9999492845256902,-0.010071165600892948,0.0
44.976,6.612528142546475e-08,0.002638909726398645,9.809178629096273,0.0,0.0,0.001049764382682569,0.9999491152202922,-0.010087961645190305,0.0
44.992000000000004,6.604581101236488e-08,0.0026254043464458703,9.886412510153162,0.0,0.0,0.0010483363546945023,0.9999489458734251,-0.01010473387209913,0.0
45.008,6.542443959763575e-08,0.002608383239319006,9.773445841354333,0.0,0.0,0.0010470152148805572,0.9999487764493119,-0.010121485934588127,0.0
45.024,6.585119879821422e-08,0.0026001860997179782,9.797849085395688,0.0,0.0,0.0010459616529750909,0.9999486069109692,-0.01013822158033602,0.0
45.04,6.55681411303285e-08,0.002621312280985171,9.824020559970325,0.0,0.0,0.001045276440624077,0.9999484372201296,-0.010154944658664022,0.0
45.056,6.519906755038605e-08,0.002627233963031452,9.841003121796104,0.0,0.0,0.001044675543897448,0.9999482673371578,-0.01017165912799293,0.0
45.072,6.568044370310275e-08,0.002592668472347692,9.773870637730457,0.0,0.0,0.0010443600440372294,0.99994809722096,-0.010188369063867764,0.0
45.088,6.524883661184682e-08,0.0026059122976308164,9.793954614674272,0.0,0.0,0.0010442623157378677,0.9999479268288864,-0.010205078667604946,0.0
45.104,6.529317945999694e-08,0.0026144187594316264,9.753608889571955,0.0,0.0,0.0010447017627999672,0.9999477561166255,-0.010221792275628893,0.0
45.12,6.559167696010852e-08,0.0026251806891484015,9.848869273184436,0.0,0.0,0.0010453322916262565,0.999947585038088,-0.010238514369561066,0.0
45.136,6.573117779745484e-08,0.002618560910688325,9.828187368279336,0.0,0.0,0.001046110533525662,0.9999474135452852,-0.010255249587136977,0.0
45.152,6.58540598810902e-08,0.002611872043995898,9.85696851615801,0.0,0.0,0.00104703084796745,0.9999472415881909,-0.010272002734040827,0.0
45.168,6.57696455926948e-08,0.00261102360188873,9.82760828838507,0.0,0.0,0.0010486845223261002,0.9999470691145964,-0.010288778796758595,0.0
45.184,6.627394749430948e-08,0.00263595336527529,9.748139654071274,0.0,0.0,0.0010502583510924128,0.9999468960699495,-0.010305582956534413,0.0
45.2,6.66917305942121e-08,0.002626209115384055,9.83847684303185,0.0,0.0,0.0010523897586631479,0.9999467223971795,-0.010322420604588472,0.0
45.216,6.734064005845979e-08,0.002641606699077194,9.7802942725634,0.0,0.0,0.0010547953593997993,0.999946548036508,-0.010339297358699128,0.0
45.232,6.68105539532972e-08,0.002624604030840695,9.83614209255954,0.0,0.0,0.0010576654775059896,0.9999463729252385,-0.01035621908131963,0.0
45.248,6.735813002252872e-08,0.0026365198214005833,9.782478988943728,0.0,0.0,0.001060827489077531,0.9999461969975276,-0.01037319189941226,0.0
45.264,6.773874986728795e-08,0.0026626265040477644,9.793249706300086,0.0,0.0,0.0010645676253734438,0.999946020184135,-0.010390222226182178,0.0
45.28,6.817362117530424e-08,0.002653212219425984,9.830981083410348,0.0,0.0,0.001068427001465351,0.9999458424121467,-0.010407316784952264,0.0
45.296,6.90458104070812e-08,0.002672164339623933,9.872376707545683,0.0,0.0,0.0010728144223880122,0.99994566360467,-0.010424482635429014,0.0
45.312,6.930950454839424e-08,0.002660926531675497,9.844531203125197,0.0,0.0,0.001077759974495034,0.9999454836804981,-0.010441727202666295,0.0
45.328,7.026096281594615e-08,0.0026720372247561854,9.776533671156557,0.0,0.0,0.0010832143380095063,0.9999453025537386,-0.010459058309054952,0.0
45.344,7.097192480906162e-08,0.002688484588809754,9.784696424960082,0.0,0.0,0.0010892069159447173,0.9999451201334016,-0.010476484209742735,0.0
45.36,7.19033685837554e-08,0.002709367610690422,9.794415007350446,0.0,0.0,0.0010956432804896392,0.9999449363229422,-0.010494013631928197,0.0
45.376,7.230255006603387e-08,0.0027239954235843983,9.870504376662796,0.0,0.0,0.0011030409326083152,0.9999447510197512,-0.010511655818551015,0.0
45.392,7.310356928280536e-08,0.0027594093213137902,9.867517878997901,0.0,0.0,0.001110445431773769,0.9999445641145878,-0.010529420577002364,0.0
45.408,7.433855791570467e-08,0.0027957760088436014,9.75364487531201,0.0,0.0,0.001118648954863508,0.9999443754909427,-0.01054731833353436,0.0
45.424,7.545595558204551e-08,0.0027995528377157707,9.88665578816894,0.0,0.0,0.0011275672901835444,0.9999441850243275,-0.010565360194219357,0.0
45.44,-4.135666917938088,0.0028857372497342925,9.792081693585725,0.0,0.0,0.0011375427117044374,0.9999439925814727,-0.010583558013430487,0.0
45.456,-2.8363819703379685,0.0028321552304987683,9.86908064190227,0.0,0.0,0.001147201722303859,0.9999437981511918,-0.010601912043048833,0.0
45.472,-3.2197663967159733,0.0028052895501677394,9.79567432601095,0.0,0.0,0.001157177018845765,0.9999436016836969,-0.010620426160775614,0.0
45.488,-2.988265993554553,0.002759693596337948,9.785555862218782,0.0,0.0,0.001167224884786943,0.9999434031427162,-0.010639102939799265,0.0
45.504,-2.9958714152725627,0.002723646779406004,9.848254970298077,0.0,0.0,0.0011777608776202507,0.9999432024847507,-0.010657945606024897,0.0
45.52,-2.9155724816371396,0.002697521657698102,9.784790036066804,0.0,0.0,0.0011882737486809322,0.9999429996672148,-0.010676957269398076,0.0
45.536,-2.8511250788537357,0.0026652653689605895,9.848098219730819,0.0,0.0,0.001199035861122496,0.9999427946451174,-0.010696141234697124,0.0
45.552,-2.7971362810379117,0.0026338735753581644,9.885778435656263,0.0,0.0,0.0012100779159998516,0.999942587372284,-0.010715500885276084,0.0
45.568,-2.7354518135236523,0.0026207424695275823,9.820883673363332,0.0,0.0,0.001221269216473866,0.9999423778007711,-0.01073503973631643,0.0
45.584,-2.685244479444261,0.002570285608976285,9.773834301443465,0.0,0.0,0.0012324976697324253,0.9999421658809923,-0.010754761421351736,0.0
45.6,-2.6005139918590596,0.0025273359408513147,9.865154065138777,0.0,0.0,0.0012443906785080802,0.9999419515615562,-0.010774669705675081,0.0
45.616,-2.564030775518548,0.002508780215294379,9.788476899320898,0.0,0.0,0.001256149763583951,0.999941734789211,-0.01079476848956513,0.0
45.632,-2.5002057897860492,0.0024916032239129327,9.835533319469294,0.0,0.0,0.001268444970437674,0.9999415155087397,-0.010815061816066326,0.0
45.648,-2.479113667849113,0.0024608524487146734,9.832328291351777,0.0,0.0,0.0012807548787076304,0.999941293662867,-0.01083555387750592,0.0
45.664,-2.4236278052494455,0.0024232058093768428,9.751853593323569,0.0,0.0,0.0012934855544829817,0.9999410691921542,-0.010856249023095371,0.0
45.68,-2.3624902835092643,0.0024055289569333595,9.790988534684322,0.0,0.0,0.0013067164394233968,0.9999408420348892,-0.010877151766740908,0.0
45.696,-2.319836049869448,0.0023926699505519918,9.776237284272531,0.0,0.0,0.0013196680698980242,0.9999406121269679,-0.010898266795445756,0.0
45.712,-2.27230233084205,0.0023519716898448774,9.810014862456628,0.0,0.0,0.001333357544480785,0.9999403794017697,-0.010919598978208373,0.0
45.728,-2.219954627616001,0.0023061405286603203,9.815007362231807,0.0,0.0,0.0013476043517234445,0.9999401437900238,-0.010941153375511934,0.0
45.744,-2.175203277819391,0.0022911542298773057,9.790491069089548,0.0,0.0,0.0013614064855319839,0.9999399052196671,-0.010962935249424594,0.0
45.76,-2.124451379150182,0.0022724624945306988,9.772449520983916,0.0,0.0,0.0013758423898982864,0.9999396636156922,-0.010984950074374259,0.0
45.776,-2.075247130564476,0.0022540143183602535,9.76216769453007,0.0,0.0,0.0013907135857396866,0.9999394188999845,-0.011007203548648016,0.0
45.792,-2.0598231037218047,0.0022012480638240652,9.857625265159943,0.0,0.0,0.0014063657903958585,0.9999391709911499,-0.011029701606664907,0.0
45.808,-2.000262347124801,0.0022026847420352075,9.764979324660823,0.0,0.0,0.001421739254281524,0.9999389198043279,-0.011052450432107662,0.0
45.824,-1.9658967738056063,0.002180626821721931,9.834015757918984,0.0,0.0,0.0014381765703242115,0.9999386652509933,-0.011075456471962748,0.0
45.84,-1.905770665471211,0.002156212506921407,9.911723644138482,0.0,0.0,0.0014547094116563058,0.9999384072387426,-0.011098726451558847,0.0
45.856,-1.8930828446755863,0.0021291415372038072,9.75960665175549,0.0,0.0,0.0014713197097502861,0.9999381456710661,-0.011122267390689469,0.0
45.872,-1.83437021228636,0.0021139182048756427,9.831843594838883,0.0,0.0,0.0014890362962360843,0.9999378804471003,-0.011146086620913813,0.0
45.888,-1.793688578616076,0.002105425801120829,9.819299032374564,0.0,0.0,0.001506741714262968,0.9999376114613647,-0.011170191804127627,0.0
45.904,-1.760607209786516,0.002073291372783954,9.794466545205776,0.0,0.0,0.0015250276404927849,0.9999373386034773,-0.011194590952545429,0.0
45.92,-1.7267713010646537,0.0020650925956194367,9.85516423957828,0.0,0.0,0.0015442141661528449,0.9999370617578474,-0.011219292450196936,0.0
45.936,-1.6845814777431836,0.0020536623795447896,9.827887508022744,0.0,0.0,0.0015635842793985332,0.9999367808033445,-0.011244305076092411,0.0
45.952,-1.6476388558146422,0.002016982594309505,9.758400870146387,0.0,0.0,0.001583588830328407,0.9999364956129417,-0.011269638029210377,0.0
45.968,-1.6225884837987232,0.0020142974955439374,9.833032329524219,0.0,0.0,0.0016039542693010507,0.9999362060533287,-0.011295300955489064,0.0
45.984,-1.5820308598493886,0.0019886563230251974,9.794303440105267,0.0,0.0,0.0016251523034168044,0.9999359119844935,-0.01132130397700011,0.0
46.0,-1.5509836454636166,0.001965088274095378,9.76498117034536,0.0,0.0,0.0016471312726379593,0.9999356132592685,-0.011347657723540957,0.0
46.016,-1.5137512778224835,0.0019738600432290822,9.812465492268634,0.0,0.0,0.0016699205919889991,0.9999353097228396,-0.011374373366880186,0.0
46.032000000000004,-1.491056871767321,0.0019537053835801325,9.843999894410935,0.0,0.0,0.0016933107251246593,0.9999350012122088,-0.011401462657922634,0.0
46.048,-1.4495393368585368,0.001941087357058356,9.808286451585074,0.0,0.0,0.0017172299732744595,0.9999346875556143,-0.011428937967106504,0.0
46.064,-1.4195910148163529,0.0019279190491711374,9.806360377103719,0.0,0.0,0.0017422940649095414,0.999934368571894,-0.011456812328374533,0.0
46.08,-1.3853603830231649,0.0019130819661150654,9.751342374548,0.0,0.0,0.0017682571957789652,0.9999340440697934,-0.01148509948710204,0.0
46.096000000000004,-1.371704673972795,0.001890573645985345,9.880337731427055,0.0,0.0,0.0017946263887140196,0.9999337138472075,-0.01151381395241676,0.0
46.112,-1.3388337183127987,0.0018868009769317958,9.729438822680823,0.0,0.0,0.0018225627700690216,0.9999333776903526,-0.011542971054406924,0.0
46.128,-1.30348465645661,0.0018751223471620327,9.791093333085552,0.0,0.0,0.001851114457637651,0.9999330353728549,-0.011572587006766376,0.0
46.144,-1.2807370529403885,0.0018510592882371288,9.790467492762726,0.0,0.0,0.0018806198297085658,0.9999326866547523,-0.011602678975530195,0.0
46.160000000000004,-1.265273989775871,0.001854597018082285,9.81459726835957,0.0,0.0,0.0019118180655472018,0.999932331281394,-0.01163326515458436,0.0
46.176,-1.2334803216416121,0.0018497977877139356,9.823559657339278,0.0,0.0,0.0019440463509458694,0.9999319689822272,-0.011664364848818044,0.0
46.192,-1.2055746319360436,0.0018361248925475495,9.799425627699556,0.0,0.0,0.0019769919822943765,0.9999315994694579,-0.011695998565821465,0.0
46.208,-1.1682331295097397,0.0018392838941535996,9.820648384728646,0.0,0.0,0.002012122559795398,0.999931222436567,-0.011728188117234088,0.0
46.224000000000004,-1.1582106306271092,0.00182401904294094,9.801301247548055,0.0,0.0,0.002048180545484951,0.9999308375566645,-0.011760956730964004,0.0
46.24,-1.1324995312611579,0.0018184400995183054,9.716411073205485,0.0,0.0,0.0020858721912169124,0.999930444480662,-0.011794329175737289,0.0
46.256,-1.11286514104109,0.0017982926016359407,9.783420577990523,0.0,0.0,0.0021252834183493508,0.9999300428352341,-0.011828331899600121,0.0
46.272,-1.0910149504071258,0.0018126568444276584,9.769374531652938,0.0,0.0,0.0021665387996175744,0.9999296322205422,-0.011862993184336007,0.0
46.288000000000004,-1.0615399492891862,0.0017977161125551269,9.78864042228711,0.0,0.0,0.0022093918499231993,0.9999292122076878,-0.011898343317997839,0.0
46.304,-1.0408750157152025,0.0017888236904229284,9.807706073728799,0.0,0.0,0.0022547837458416235,0.9999287823358538,-0.011934414788207455,0.0
46.32,-1.0134517685192979,0.0017879474035651034,9.83426276149639,0.0,0.0,0.0023018207125183633,0.9999283421090853,-0.011971242499259032,0.0
46.336,-0.9913529902962678,0.0018043338597449885,9.827027339385381,0.0,0.0,0.0023515327815938005,0.9999278909926603,-0.012008864016655041,0.0
46.352000000000004,-0.9762805447510148,0.0017950224873263987,9.763371096848337,0.0,0.0,0.002403673697956034,0.9999274284089783,-0.012047319843334781,0.0
46.368,-0.9563508864018625,0.001798902887880868,9.801564975381394,0.0,0.0,0.0024584198596165163,0.9999269537328951,-0.01208665373263673,0.0
46.384,-0.9364362328022462,0.0018068843018221768,9.858052936140288,0.0,0.0,0.0025165255756731844,0.9999264662864078,-0.012126913044042453,0.0
46.4,-0.9173068484103228,0.0018053553853443962,9.794784754627344,0.0,0.0,0.002577352583305477,0.9999259653325793,-0.012168149148890377,0.0
46.416000000000004,-0.8957884888169451,0.001827581453067523,9.746145451555998,0.0,0.0,0.0026417487627321563,0.999925450068572,-0.0122104178947306,0.0
46.432,-0.8747450045596958,0.0018456267884958194,9.808812547072382,0.0,0.0,0.00271048461549887,0.9999249196176233,-0.012253780138784207,0.0
46.448,-0.8626980791200713,0.0018259236069117322,9.779304732934598,0.0,0.0,0.002782954576006062,0.9999243730197712,-0.012298302363230996,0.0
46.464,-0.8458210312664706,0.0018401217746016598,9.776160417179474,0.0,0.0,0.0028605530064550458,0.9999238092210855,-0.012344057387841967,0.0
46.480000000000004,-0.8262542260440929,0.0018552828690759108,9.860445367076315,0.0,0.0,0.002942207411414259,0.9999232270611089,-0.012391125199033076,0.0
46.496,-0.8079819222751599,0.0018584648395233803,9.695731156388087,0.0,0.0,0.0030296970378394343,0.9999226252581407,-0.01243959391893962,0.0
46.512,-0.7889433611779629,0.0018756648296083132,9.827829231564964,0.0,0.0,0.0031234948201173153,0.9999220023919018,-0.012489560943832212,0.0
46.528,-0.7765233303675328,0.001904574403615033,9.910016381620421,0.0,0.0,0.0032236322293236106,0.9999213568830068,-0.012541134288681853,0.0
46.544000000000004,-0.7611123799160494,0.0019128094232161135,9.770834093826043,0.0,0.0,0.003331804154226975,0.9999206869685101,-0.012594434184304651,0.0
46.56,-0.7451076564879682,0.0019436823935679406,9.787845906539603,0.0,0.0,0.0034472958225950263,0.9999199906725963,-0.012649594986217155,0.0
46.576,-0.7293071625144697,0.001955389930555981,9.777041550629995,0.0,0.0,0.003573362892468326,0.9999192657712095,-0.01270676747113216,0.0
46.592,-0.7067767061190557,0.001988153610082589,9.779826816080025,0.0,0.0,0.00370935396090192,0.9999185097490678,-0.012766121619483102,0.0
46.608000000000004,-0.6965437475718107,0.0020351199100655227,9.785509526233565,0.0,0.0,0.0038582848880179357,0.9999177197470045,-0.012827850012801427,0.0
46.624,-0.6834059546946653,0.0020621100708156552,9.752758315464256,0.0,0.0,0.004020970186727212,0.9999168924969212,-0.012892172016407187,0.0
46.64,-0.6725207307968668,0.00210934875133882,9.845294455909395,0.0,0.0,0.004198472625331811,0.999916024240693,-0.012959338975654997,0.0
46.656,-0.6535213057454752,0.002145278387331358,9.774435888767442,0.0,0.0,0.004393992641324415,0.9999151106280519,-0.013029640735284058,0.0
46.672000000000004,-0.638260563196796,0.00221648960201159,9.783951454521214,0.0,0.0,0.004611857502060246,0.9999141465865797,-0.013103413907538957,0.0
46.688,-0.6293210265273798,0.0022584131906665784,9.82730716785684,0.0,0.0,0.0048531949305747,0.9999131261541809,-0.013181052483510489,0.0
46.704,-0.6122155670379831,0.0023204203508610972,9.792774782551424,0.0,0.0,0.0051232523684458945,0.9999120422603144,-0.013263021631867265,0.0
46.72,-4.974934295811475,-0.0010599081933815595,9.811967020752592,0.0,0.0,-0.04288622996538438,0.9999209057127031,-0.012577055247073187,0.0
46.736000000000004,-4.9621597811389115,-0.023678640726295518,9.774706390236906,0.0,0.0,-0.09087226494699739,0.9999381360309912,-0.011123134039776028,0.0
46.752,-4.993498888424168,-0.038556844305971706,9.795254240062809,0.0,0.0,-0.13886008170172226,0.9999603833289186,-0.008901223100350603,0.0
46.768,-4.992371762408552,-0.04586477976631212,9.761553810179306,0.0,0.0,-0.18690039365961897,0.9999825282035955,-0.0059112847626666175,0.0
46.784,-4.9803742726163,-0.04547112886731382,9.809989670711609,0.0,0.0,-0.23484945440484917,0.999997681650608,-0.002153298262966241,0.0
46.800000000000004,-3.9149406598166334,-0.0323522958745067,9.74401584058142,0.0,0.0,-0.2828970507529445,0.9999971851106356,0.0023727138060715843,0.0
46.816,0.0,0.0,9.842094282700298,0.0,0.0,-0.3308572961155157,0.9999706107897985,0.007666652247057211,0.0
46.832,0.0,0.0,9.820549465867456,0.0,0.0,-0.37886070344552986,0.9999057624324683,0.013728301218448011,0.0
46.848,0.0,0.0,9.81767903262712,0.0,0.0,-0.42687823805917746,0.9997886767617534,0.02055728141029652,0.0
46.864000000000004,0.0,0.0,9.881035625165095,0.0,0.0,-0.4749114866282869,0.9996036258393097,0.028152996446299785,0.0
46.88,0.0,0.0,9.826485121298923,0.0,0.0,-0.5228539371910017,0.9993331206324371,0.03651457252981731,0.0
46.896,0.0,0.0,9.84852452473913,0.0,0.0,-0.5708617237088941,0.9989579161126019,0.04564079136001168,0.0
46.912,0.0,0.0,9.867239004644945,0.0,0.0,-0.6188618045610331,0.9984570182454582,0.05553001635502218,0.0
46.928000000000004,0.0,0.0,9.727614672812287,0.0,0.0,-0.6670124017576959,0.9978076932680547,0.06618011223232882,0.0
46.944,0.0,0.0,9.83338145738143,0.0,0.0,-0.7149922221308564,0.9969854796841026,0.07758835801239763,0.0
46.96,0.0,0.0,9.78605628804906,0.0,0.0,-0.7628086898260225,0.9959642034427831,0.08975135353064359,0.0
46.976,0.0,0.0,9.860280099447163,0.0,0.0,-0.8109456641737115,0.9947159968004633,0.10266491956486774,0.0
46.992000000000004,0.0,0.0,9.79924662947679,0.0,0.0,-0.8590118495572017,0.9932113213976439,0.11632399171085106,0.0
47.008,0.0,0.0,9.80252227549093,0.0,0.0,-0.9068962918098102,0.9914189961152982,0.130722508168006,0.0
47.024,0.0,0.0,9.80320937704184,0.0,0.0,-0.9548677797570393,0.9893062303052071,0.14585329162998256,0.0
47.04,0.0,0.0,9.7391091488171,0.0,0.0,-1.00300492626346,0.9868386630176863,0.16170792551221935,0.0
47.056000000000004,0.0,0.0,9.759875974154756,0.0,0.0,-1.0508104443495234,0.9839804088769262,0.1782766247896713,0.0
47.072,0.0,0.0,9.784264106918167,0.0,0.0,-1.0989761928029618,0.980694111278661,0.1955481017636253,0.0
47.088,0.0,0.0,9.785675116343082,0.0,0.0,-1.1469544418054547,0.9769410036067031,0.21350942712659735,0.0
47.104,0.0,0.0,9.801920382398738,0.0,0.0,-1.194834158989559,0.9726809791835547,0.23214588674909087,0.0
47.12,0.0,0.0,9.804290370831772,0.0,0.0,-1.2430677510159294,0.9678726706854458,0.2514408346713451,0.0
47.136,0.0,0.0,9.857725628970192,0.0,0.0,-1.290683317173756,0.9624735397631953,0.27137554284737053,0.0
47.152,0.0,0.0,9.852187615428276,0.0,0.0,-1.3388959483258143,0.9564399776167639,0.29192904825735394,0.0
47.168,0.0,0.0,9.809845735647306,0.0,0.0,-1.3868256536883203,0.9497274172726896,0.3130779980780294,0.0
47.184,0.0,0.0,9.83862264527075,0.0,0.0,-1.4347799088978346,0.942290458309161,0.33479649367863956,0.0
47.2,0.0,0.0,9.771717625307916,0.0,0.0,-1.4830413662356723,0.9340830047626618,0.35705593429259375,0.0
47.216,0.0,0.0,9.777427526936963,0.0,0.0,-1.5002647114779744,0.9252459189746213,0.3793678813774416,0.0
47.232,0.0,0.0,9.793030365109004,0.0,0.0,-1.500265712694032,0.9158759682697993,0.40146134402437483,0.0
47.248,0.0,0.0,9.837754904807483,0.0,0.0,-1.499879461108125,0.9059785489627332,0.42332359823116467,0.0
47.264,0.0,0.0,9.824693280010603,0.0,0.0,-1.5002414995740732,0.8955593611461293,0.44494205315247143,0.0
47.28,0.0,0.0,9.857102419685308,0.0,0.0,-1.4998375646087725,0.8846244054080864,0.4663042583511221,0.0
47.296,0.0,0.0,9.781519523221787,0.0,0.0,-1.4998299151318313,0.8731799793762502,0.48739791096853424,0.0
47.312,0.0,0.0,9.842512291772541,0.0,0.0,-1.4999647831383636,0.8612326740909064,0.5082108628101398,0.0
47.328,0.0,0.0,9.808350475098386,0.0,0.0,-1.5002281658585594,0.848789370209084,0.5287311273417394,0.0
47.344,0.0,0.0,9.807419097009205,0.0,0.0,-1.50021129933746,0.83585723404187,0.548946886592751,0.0
47.36,0.0,0.0,9.857354600917212,0.0,0.0,-1.4998965459067322,0.822443713427208,0.5688464979623805,0.0
47.376,0.0,0.0,9.817829241492147,0.0,0.0,-1.5000543487930813,0.8085565334405622,0.5884185009247933,0.0
47.392,0.0,0.0,9.848233753791462,0.0,0.0,-1.4999894412218844,0.7942036919459116,0.6076516236294309,0.0
47.408,0.0,0.0,9.825889750926269,0.0,0.0,-1.4997597734140662,0.7793934549896464,0.6265347893926577,0.0
47.424,0.0,0.0,9.782006295000762,0.0,0.0,-1.5000481265613996,0.7641343520400101,0.6450571230770139,0.0
47.44,0.0,0.0,9.801465214542555,0.0,0.0,-1.499951050391802,0.7484351710748337,0.6632079573543916,0.0
47.456,0.0,0.0,9.809985350157717,0.0,0.0,-1.499900172768169,0.7323049535203863,0.6809768388495345,0.0
47.472,0.0,0.0,9.801134531927874,0.0,0.0,-1.4995612268152378,0.7157529890442681,0.6983535341603103,0.0
47.488,0.0,0.0,9.803263897479324,0.0,0.0,-1.5000563481315439,0.6987888102053295,0.715328035751305,0.0
47.504,0.0,0.0,9.765033979296222,0.0,0.0,-1.489580583180071,0.6815433949157018,0.7317776990635747,0.0
47.52,0.0,0.0,9.843919257830366,0.0,0.0,-1.4417576646539214,0.6644849105059099,0.7473016818594436,0.0
47.536,0.0,0.0,9.782033078827022,0.0,0.0,-1.4171464284204804,0.647371944801728,0.7621742353842911,0.0
47.552,0.0,0.0,9.823814623433151,0.0,0.0,-1.3796456388353786,0.6303925403290815,0.7762765261795872,0.0
47.568,0.0,0.0,9.79695998595148,0.0,0.0,-1.3518735489385398,0.6134559626162364,0.7897289293995675,0.0
47.584,0.0,0.0,9.847800612249626,0.0,0.0,-1.3187121034222296,0.5966576303437581,0.8024959016422273,0.0
47.6,0.0,0.0,9.845986296434054,0.0,0.0,-1.2904148148725252,0.5799636416397789,0.8146423597971849,0.0
47.616,0.0,0.0,9.786697752507518,0.0,0.0,-1.2597947919289798,0.5634248947087753,0.8261672881580373,0.0
47.632,0.0,0.0,9.78778191712721,0.0,0.0,-1.2319792551280608,0.547032221627674,0.8371115508109367,0.0
47.648,0.0,0.0,9.84403487574164,0.0,0.0,-1.2033943334023476,0.5308145871063601,0.8474879787437132,0.0
47.664,0.0,0.0,9.826472526161275,0.0,0.0,-1.1762755550045163,0.5147728630409407,0.8573266002385747,0.0
47.68,0.0,0.0,9.878052842379953,0.0,0.0,-1.1491781321811836,0.49892471326056054,0.8666453314348768,0.0
47.696,0.0,0.0,9.7606162427727,0.0,0.0,-1.1229368747264783,0.4832744476199066,0.8754689076590182,0.0
47.712,0.0,0.0,9.830655321203126,0.0,0.0,-1.0972539711288964,0.46783348935920327,0.8838166247780092,0.0
47.728,0.0,0.0,9.80264353447446,0.0,0.0,-1.0720868597045428,0.4526067139864218,0.8917102457942341,0.0
47.744,0.0,0.0,9.75939106915059,0.0,0.0,-1.0472803463628242,0.43760177279059037,0.8991688876126289,0.0
47.76,0.0,0.0,9.822116633735128,0.0,0.0,-1.0232314731073482,0.42282293552732614,0.9062123179432371,0.0
47.776,0.0,0.0,9.737829870146983,0.0,0.0,-0.9995972286639745,0.40827534228615825,0.9128588307515685,0.0
47.792,0.0,0.0,9.803776342045076,0.0,0.0,-0.9766429656609475,0.39396224963518883,0.9191266212347357,0.0
47.808,0.0,0.0,9.810956692761357,0.0,0.0,-0.9540096808929585,0.37988697894383305,0.9250329092680583,0.0
47.824,0.0,0.0,9.809249664732,0.0,0.0,-0.9319859338545317,0.36605170035738677,0.9305945157078167,0.0
47.84,0.0,0.0,9.821669435489058,0.0,0.0,-0.9104037318490195,0.35245833571674706,0.93582750631929,0.0
47.856,0.0,0.0,9.840715847043358,0.0,0.0,-0.8892640217408965,0.33910803415772556,0.9407474375036496,0.0
47.872,0.0,0.0,9.772913461466045,0.0,0.0,-0.8685779022357207,0.32600160009221646,0.9453692171513279,0.0
47.888,0.0,0.0,9.772383961028245,0.0,0.0,-0.8483292189856239,0.31313927775906203,0.9497072142110604,0.0
47.904,0.0,0.0,9.757691071665956,0.0,0.0,-0.8286193386653806,0.30052096247330023,0.9537752099494522,0.0
47.92,0.0,0.0,9.826512617025092,0.0,0.0,-0.8091927149589064,0.28814612162005887,0.9575864517605281,0.0
47.936,0.0,0.0,9.815844270888972,0.0,0.0,-0.7904169188292504,0.27601390594998204,0.9611536421000728,0.0
47.952,0.0,0.0,9.83441097219596,0.0,0.0,-0.7718912426540566,0.2641231295492286,0.9644889695777352,0.0
47.968,0.0,0.0,9.863058810441586,0.0,0.0,-0.753759168239176,0.25247233403819236,0.9676041135429858,0.0
47.984,0.0,0.0,9.805364807509655,0.0,0.0,-0.7360410044155201,0.24105979292537166,0.9705102659090098,0.0
48.0,0.0,0.0,9.861281037799335,0.0,0.0,-0.7188196712347501,0.22988355272251237,0.9732181421385836,0.0
48.016,0.0,0.0,9.812087356597065,0.0,0.0,-0.7017231480961613,0.21894144638228474,0.9757379991862739,0.0
48.032000000000004,0.0,0.0,9.816350757072975,0.0,0.0,-0.6851960576440641,0.2082311223384524,0.9780796489497512,0.0
48.048,0.0,0.0,9.836320701610886,0.0,0.0,-0.6690461976228469,0.19775006038162352,0.9802524744263922,0.0
48.064,0.0,0.0,9.794816963638665,0.0,0.0,-0.6531770239109793,0.18749559376753774,0.9822654439191877,0.0
48.08,0.0,0.0,9.818278775122124,0.0,0.0,-0.637658066091181,0.1774649247503445,0.9841271261800248,0.0
48.096000000000004,0.0,0.0,9.86156425348009,0.0,0.0,-0.6224294273947808,0.16765514224934064,0.9858457045995349,0.0
48.112,0.0,0.0,9.810629197687401,0.0,0.0,-0.607694029803249,0.15806323597257643,0.9874289915907258,0.0
48.128,0.0,0.0,9.798393278076688,0.0,0.0,-0.593063796716452,0.14868611092406997,0.9888844423987442,0.0
48.144,0.0,0.0,9.79660483406253,0.0,0.0,-0.5789423886208831,0.13952059979926038,0.9902191687862112,0.0
48.160000000000004,0.0,0.0,9.820206182816102,0.0,0.0,-0.5650793771694668,0.13056347505566315,0.9914399522822294,0.0
48.176,0.0,0.0,9.748349061308275,0.0,0.0,-0.5514224080549049,0.12181145957937532,0.9925532571681694,0.0
48.192,0.0,0.0,9.754063179063696,0.0,0.0,-0.5381423459498822,0.11326123677546819,0.9935652430736953,0.0
48.208,0.0,0.0,9.831456723035302,0.0,0.0,-0.5252050926232359,0.10490945963081338,0.9944817772488196,0.0
48.224000000000004,0.0,0.0,9.726610471128957,0.0,0.0,-0.5123299757209706,0.09675275914608208,0.9953084464615078,0.0
48.24,0.0,0.0,9.824584105058669,0.0,0.0,-0.4999319038436662,0.08878775196196191,0.9960505685463671,0.0
48.256,0.0,0.0,9.77966299738999,0.0,0.0,-0.4878466857052296,0.08101104738081912,0.9967132035857972,0.0
48.272,0.0,0.0,9.791253761990598,0.0,0.0,-0.47593352022768715,0.07341925372887756,0.9973011647350537,0.0
48.288000000000004,0.0,0.0,9.863063969458631,0.0,0.0,-0.46420892591616714,0.0660089841701257,0.9978190286864789,0.0
48.304,0.0,0.0,9.847874818606678,0.0,0.0,-0.452926344338198,0.058776861967637345,0.998271145780162,0.0
48.32,0.0,0.0,9.834360562260137,0.0,0.0,-0.44171474790703624,0.051719525260891554,0.9986616497627152,0.0
48.336,0.0,0.0,9.891576340999936,0.0,0.0,-0.4308314443421303,0.04483363137460715,0.9989944672007778,0.0
48.352000000000004,0.0,0.0,9.83815315767773,0.0,0.0,-0.4202023760672133,0.038115860706410466,0.9992733265541563,0.0
48.368,0.0,0.0,9.800649692738679,0.0,0.0,-0.4097832523733474,0.03156292021572437,0.9995017669156248,0.0
48.384,0.0,0.0,9.750201532971394,0.0,0.0,-0.3996754939262155,0.025171546549107294,0.9996831464240687,0.0
48.4,4.996414243750059,0.027981827092838998,9.76003377906986,0.0,0.0,-0.3516039461934835,0.019546995816632717,0.9998089392251625,0.0
48.416000000000004,4.993639261917036,-0.003837964541305013,9.838642508784684,0.0,0.0,-0.3036571227917647,0.01468974249919851,0.9998920999114392,0.0
48.432,4.990457572553409,-0.028146318572548658,9.800219803140692,0.0,0.0,-0.25564191931767233,0.010600098556343494,0.9999438173770545,0.0
48.448,4.961707653996374,-0.04498548831117699,9.868536325200294,0.0,0.0,-0.20767223362153966,0.007278256379176653,0.9999735131412628,0.0
48.464,5.003651247188408,-0.0532123773313993,9.819889382515338,0.0,0.0,-0.15964216928276165,0.004724324963130436,0.9999888403145523,0.0
48.480000000000004,4.989075659905405,-0.0549409980417194,9.828963916765296,0.0,0.0,-0.1116073613596445,0.0029383592932322768,0.9999956830130138,0.0
48.496,5.024788442758965,-0.04875539007424535,9.816030597909089,0.0,0.0,-0.06362589401924636,0.0019203829388403473,0.9999981560629843,0.0
48.512,5.001757168193405,-0.034441952148108926,9.835392650272317,0.0,0.0,-0.015626023188259352,0.0016704038533700218,0.9999986048745103,0.0
48.528,4.998511055974032,-0.011500927091497522,9.85578468794045,0.0,0.0,0.018500244394086648,0.0019664133450732297,0.9999980666074092,0.0
48.544000000000004,4.999721882096897,0.01183970514311294,9.788608528288428,0.0,0.0,0.018259939138617537,0.0022585516080697293,0.9999974494690642,0.0
48.56,5.002505849781793,0.01319148421100225,9.768573179945465,0.0,0.0,0.01802245453186651,0.0025469672041397327,0.9999967564737703,0.0
48.576,4.990351225504538,0.014485998034112189,9.760780770538881,0.0,0.0,0.01780280384593447,0.0028318052279872772,0.9999959904315371,0.0
48.592,5.015211756994499,0.01585929507191629,9.852393945853882,0.0,0.0,0.017590315555084148,0.0031132075682922707,0.9999951539575763,0.0
48.608000000000004,5.005878712581342,0.016925476823825013,9.865180636873633,0.0,0.0,0.01737842296760301,0.0033913131616192297,0.9999942494809857,0.0
48.624,4.963994025515169,0.018169200316533525,9.776652865300866,0.0,0.0,0.01718465123078713,0.0036662582413343812,0.9999932792526699,0.0
48.64,5.011100690259021,0.019273412863142884,9.784858327931365,0.0,0.0,0.016997198888076524,0.003938176582529935,0.9999922453525352,0.0
48.656,4.979728232031848,0.020367270076569275,9.827633721254696,0.0,0.0,0.01681436442153675,0.004207199744720244,0.9999911496959901,0.0
48.672000000000004,4.995734083500617,0.02150769489244601,9.802609576761622,0.0,0.0,0.01664272518889153,0.00447345731170342,0.9999899940397806,0.0
48.688,4.999415231547208,0.02265746170373013,9.827736689112667,0.0,0.0,0.016475960319656046,0.00473707713135826,0.9999887799871816,0.0
48.704,5.005080411550102,0.023703769858621743,9.820832524764077,0.0,0.0,0.016317661535230243,0.004998185557276369,0.9999875089925548,0.0
48.72,5.003282554366719,0.02472735621432428,9.685882693074136,0.0,0.0,0.016170939868473413,0.00525690768998964,0.9999861823653061,0.0
48.736000000000004,4.986149337218477,0.025953658342674584,9.818486306475148,0.0,0.0,0.01602968779365046,0.005513367623574096,0.999984801273223,0.0
48.752,5.002628225560954,0.026994007982347332,9.725883398569243,0.0,0.0,0.015895129067860194,0.00576768869636579,0.9999833667452184,0.0
48.768,5.00336891650434,0.02813568085295977,9.833965047239184,0.0,0.0,0.015772035028046406,0.006019993747368184,0.9999818796734677,0.0
48.784,5.0177869868268665,0.02893855554379499,9.81235015496188,0.0,0.0,0.01565281669540041,0.0062704053814506494,0.9999803408149344,0.0
48.800000000000004,4.989973354463197,0.03024398071996237,9.804823084381564,0.0,0.0,0.015542716647694854,0.006519046243701307,0.9999787507922718,0.0
48.816,5.033349971843863,0.030817616498821077,9.795473143008987,0.0,0.0,0.015438232603452293,0.006766039305812281,0.9999771100940822,0.0
48.832,4.993403573193714,0.0320446594205298,9.879949794617968,0.0,0.0,0.015342326317494324,0.007011508166301365,0.999975419074506,0.0
48.848,4.991869598635968,0.033074091099637534,9.879015299553691,0.0,0.0,0.015253820998589476,0.0072555773674062496,0.9999736779521077,0.0
48.864000000000004,5.027240133918171,0.03402449876978412,9.82111015691858,0.0,0.0,0.015175867031590773,0.007498372730434069,0.999971886808022,0.0
48.88,5.010735083634681,0.035272754059123335,9.803331550786368,0.0,0.0,0.015101568491558233,0.00774002171425603,0.999970045583298,0.0
48.896,1.2549751826235385,0.037238531972414016,9.781518846975802,0.0,0.0,0.015038291961416188,0.007980653799116938,0.9999681540753879,0.0
48.912,1.3666390209285447e-05,0.03743436032219379,9.826611723789021,0.0,0.0,0.014978044240857141,0.008220330558048761,0.999966212511961,0.0
48.928000000000004,1.3427379038546818e-05,0.037442329701384204,9.78420944156519,0.0,0.0,0.01492116131834086,0.008459090889307498,0.9999642212506038,0.0
48.944,1.3257362781736757e-05,0.03724451668538101,9.816574420555153,0.0,0.0,0.014869178635529617,0.008696974131048134,0.9999621806053286,0.0
48.96,1.3301242886925818e-05,0.037366202909913236,9.847064069451124,0.0,0.0,0.014816105151240147,0.008934020099042358,0.9999600908460646,0.0
48.976,1.3200582132490863e-05,0.03708453231625999,9.824721800815123,0.0,0.0,0.014767406627836838,0.009170269127412206,0.9999579521980566,0.0
48.992000000000004,1.307967324468613e-05,0.03686595250100665,9.86145181058058,0.0,0.0,0.014721754118062917,0.009405762111377312,0.9999557648411774,0.0
49.008,1.2942848679210974e-05,0.037025211616829805,9.761427118708673,0.0,0.0,0.014674478286425693,0.00964054055203433,0.9999535289091511,0.0
49.024,1.290635872460011e-05,0.03690154698151632,9.832152350813145,0.0,0.0,0.014631078473416784,0.00987464660479584,0.9999512444886655,0.0
49.04,1.2802165364941421e-05,0.03666649536241093,9.806903760980926,0.0,0.0,0.014592770498362901,0.010108123129908273,0.999948911618384,0.0
49.056000000000004,1.2663262446772316e-05,0.03646291667545831,9.850938973270788,0.0,0.0,0.014555561746887807,0.010341013746624559,0.999946530287841,0.0
49.072,1.27393052076767e-05,0.03640616805393255,9.8209405230518,0.0,0.0,0.014523071033419828,0.010573362890556505,0.9999441004362117,0.0
49.088,1.2647595549350796e-05,0.03612225280850617,9.840504582361094,0.0,0.0,0.014491527231229477,0.01080521587524348,0.9999416219509464,0.0
49.104,1.2619234886587469e-05,0.03627495466323216,9.801615239871667,0.0,0.0,0.014461928882765934,0.011036618957019002,0.999939094666269,0.0
49.120000000000005,1.2607442814742661e-05,0.03616727792860762,9.80975212153899,0.0,0.0,0.014438513660303557,0.011267619405115831,0.9999365183615115,0.0
49.136,1.248185269366911e-05,0.0364015708260311,9.803289123352961,0.0,0.0,0.014415437283458439,0.011498265575883081,0.9999338927592898,0.0
49.152,1.2469943523493333e-05,0.03612185807810971,9.815524402646078,0.0,0.0,0.014398973277422148,0.011728606992650928,0.9999312175234915,0.0
49.168,1.2459071516380316e-05,0.03613733569073404,9.814637236251219,0.0,0.0,0.014379805855557093,0.011958694431151478,0.9999284922570727,0.0
49.184,1.2388321785962985e-05,0.0355777507396249,9.782349329740056,0.0,0.0,0.014368353856263786,0.012188580011237987,0.9999257164996356,0.0
49.2,1.2306724402971668e-05,0.03564426924040739,9.70707588989638,0.0,0.0,0.014360213737976376,0.012418317295156642,0.9999228897247812,0.0
49.216,1.2392346284213385e-05,0.03610132965547814,9.835248126638136,0.0,0.0,0.014354273889517329,0.012647961393793589,0.9999200113371974,0.0
49.232,1.2379978598897327e-05,0.03559754811979407,9.844936913435873,0.0,0.0,0.01435180077388118,0.012877569080435747,0.9999170806694816,0.0
49.248,1.2352729417316393e-05,0.03599045604492224,9.838232607611944,0.0,0.0,0.014352495930790857,0.01310719891385472,0.999914096978652,0.0
49.264,1.2316467690081489e-05,0.035908819651805236,9.793040220459,0.0,0.0,0.014359265394031682,0.01333691137134134,0.9999110594423253,0.0
49.28,1.2374529015358707e-05,0.03580125969299957,9.722669713735328,0.0,0.0,0.014368305551612,0.013566768992097014,0.9999079671545352,0.0
49.296,1.2342459137608123e-05,0.0357892644864659,9.839936017670432,0.0,0.0,0.014380320673355686,0.01379683653318923,0.9999048191211384,0.0
49.312,1.2393627510916118e-05,0.03607246578169622,9.863756331582819,0.0,0.0,0.014397662423869032,0.014027181137976843,0.9999016142547837,0.0
49.328,1.2424882677540163e-05,0.03642405991378925,9.824176114935,0.0,0.0,0.014419455069991241,0.014257872519669463,0.9998983513693845,0.0
49.344,1.2508150949974908e-05,0.035904073271293684,9.77822212902048,0.0,0.0,0.014445581015711364,0.014488983160779617,0.9998950291740464,0.0
49.36,1.2496397676748216e-05,0.036250050575096185,9.80160386510581,0.0,0.0,0.014475903255386986,0.014720588530324121,0.9998916462663947,0.0
49.376,1.2637174937524654e-05,0.03598712845519001,9.85633918593877,0.0,0.0,0.014513971446524904,0.014952767321177413,0.9998882011252251,0.0
49.392,1.261196861782833e-05,0.03646099763240269,9.803788606848505,0.0,0.0,0.014553651732514574,0.015185601709383757,0.9998846921024064,0.0
49.408,1.2796616128354576e-05,0.03646667253122549,9.825302159671235,0.0,0.0,0.014599475141402661,0.015419177638171657,0.9998811174139468,0.0
49.424,1.2760207619545679e-05,0.03645280192145397,9.831019313170989,0.0,0.0,0.014653857474951026,0.01565358512955247,0.9998774751301243,0.0
49.44,1.2936995291685175e-05,0.0364020264439033,9.72417085921761,0.0,0.0,0.014710078412363376,0.015888918626957276,0.9998737631645637,0.0
49.456,1.2966207686448237e-05,0.036639783017540575,9.820741588416828,0.0,0.0,0.014774225668686022,0.01612527737247707,0.9998699792621342,0.0
49.472,1.3228010547309444e-05,0.03672991258148938,9.777000166126275,0.0,0.0,0.014842424464457743,0.01636276582298678,0.999866120985516,0.0
49.488,1.3327103603255777e-05,0.03694989526801588,9.801111562396972,0.0,0.0,0.014924327181818027,0.016601494110633868,0.9998621857002569,0.0
49.504,1.3358651446534127e-05,0.03726646240972377,9.831523972194928,0.0,0.0,0.01500623856153881,0.01684157855282866,0.9998581705581292,0.0
49.52,1.3510067843522004e-05,0.0376955082905732,9.782704667448087,0.0,0.0,0.015100454946909748,0.017083142218805386,0.9998540724785453,0.0
49.536,1.3701976792432287e-05,0.03769284490654096,9.817160451579255,0.0,0.0,0.015201816908810338,0.01732631556008955,0.999849888127769,0.0
49.552,-0.6174963290621307,0.03820743373472847,9.7746224351552,0.0,0.0,0.015309403092883844,0.01757123711420579,0.9998456138956036,0.0
49.568,-4.086143636938882,0.03911906230755054,9.791294974459564,0.0,0.0,0.01542715672710278,0.017818030698269496,0.9998412462896477,0.0
49.584,-2.683751090413483,0.037946486933689155,9.867126520336265,0.0,0.0,0.015544470108149569,0.018066690842665233,0.99983678402127,0.0
49.6,-3.1592372470333503,0.037812548433886636,9.847963332182369,0.0,0.0,0.015663055160507925,0.018317264454239045,0.9998322248372041,0.0
49.616,-2.8719339038294005,0.0372326411747542,9.79892934858914,0.0,0.0,0.015784660588909493,0.01856977913355817,0.9998275667848586,0.0
49.632,-2.902168693345697,0.036870197261564916,9.816667843548643,0.0,0.0,0.01590656716335897,0.018824271543895574,0.9998228077018656,0.0
49.648,-2.7926558101698538,0.03650355051404283,9.8914253510668,0.0,0.0,0.01603633565332089,0.019080776265110302,0.9998179454166247,0.0
49.664,-2.736071481449121,0.03583225971890058,9.859983464227852,0.0,0.0,0.01616638720994035,0.019339330260176056,0.9998129776638668,0.0
49.68,-2.714046974528269,0.0352683406417876,9.802580718657424,0.0,0.0,0.01629243956052784,0.0195999711765192,0.999807902114141,0.0
49.696,-2.640541077496014,0.0348193538475842,9.857071157554332,0.0,0.0,0.01642629247451823,0.019862738087237507,0.9998027163574211,0.0
49.712,-2.58966770565379,0.03478432795005304,9.828182835216818,0.0,0.0,0.016562790815663437,0.02012767127159217,0.9997974179048389,0.0
49.728,-2.5617950968053442,0.034147891638543953,9.811076905751221,0.0,0.0,0.016699746205245836,0.02039481237930816,0.9997920041828766,0.0
49.744,-2.491984987124165,0.033844992401601486,9.77005679180888,0.0,0.0,0.01684144221353375,0.020664204447439962,0.9997864725302871,0.0
49.76,-2.4411544638501583,0.03324412120231672,9.828631726406083,0.0,0.0,0.016983231066469234,0.02093589197987025,0.99978082019361,0.0
49.776,-2.3812282778301683,0.03316488422761483,9.805122008494811,0.0,0.0,0.017129441717753442,0.02120992100710916,0.9997750443229078,0.0
49.792,-2.3480786556248994,0.032302863383886306,9.796853934229853,0.0,0.0,0.017281091534320066,0.021486339158792896,0.999769141967061,0.0
49.808,-2.2992891787350866,0.0323417178679495,9.833926522295688,0.0,0.0,0.01743250298437926,0.02176519573678227,0.9997631100688502,0.0
49.824,-2.256741298397001,0.03190937085783311,9.829989023569143,0.0,0.0,0.017587215571280637,0.022046541793895473,0.9997569454597103,0.0
49.84,-2.2001277478531307,0.03126524960040389,9.797927301437584,0.0,0.0,0.017752472127110515,0.022330430216717784,0.9997506448541738,0.0
49.856,-2.1570800260407257,0.03106519448140823,9.838939284102116,0.0,0.0,0.0179116035115022,0.022616915813431896,0.9997442048439633,0.0
49.872,-2.131803927032272,0.030846846327644964,9.840736213593376,0.0,0.0,0.018075088835974727,0.02290605540704288,0.9997376218917089,0.0
49.888,-2.0754117826275453,0.03041250522360544,9.867650299985238,0.0,0.0,0.018245905104224316,0.023197907934109925,0.9997308923242697,0.0
49.904,-2.041848456706581,0.030280819977817373,9.867604073175578,0.0,0.0,0.01841910548657342,0.023492534549597606,0.9997240123256198,0.0
49.92,-1.9947118088357074,0.029615442749590718,9.759961403180615,0.0,0.0,0.018598233139986643,0.023789998738360737,0.9997169779292682,0.0
49.936,-1.9644442273708609,0.02957516069679587,9.771021955130003,0.0,0.0,0.018776414125556033,0.024090366433462074,0.9997097850101806,0.0
49.952,-1.927403795877365,0.029174548343547796,9.764082363941839,0.0,0.0,0.018966198649889972,0.024393706142257658,0.9997024292761549,0.0
49.968,-1.8840967939415847,0.02884609957803396,9.82617196188761,0.0,0.0,0.01915392859548302,0.024700089080521695,0.9996949062586117,0.0
49.984,-1.850146903221746,0.028446085881929317,9.76429683475115,0.0,0.0,0.019348560588609644,0.025009589315334042,0.9996872113027546,0.0
50.0,-1.7997977701574501,0.028135079831424464,9.88338899116738,0.0,0.0,0.0195504052181338,0.025322283917533633,0.9996793395570402,0.0
50.016,-1.7760178948065273,0.027839397831114332,9.744786826532353,0.0,0.0,0.01975428322004241,0.025638253124398044,0.9996712859619052,0.0
50.032000000000004,-1.7379941733347346,0.027541523692158353,9.784995055815287,0.0,0.0,0.019966606153898777,0.025957580513450085,0.999663045237688,0.0
50.048,-1.7006836009604362,0.027362696832651242,9.899371144348962,0.0,0.0,0.02018286640256439,0.026280353188210853,0.999654611871672,0.0
50.064,-1.6698160097118842,0.027002354782129524,9.843736217173703,0.0,0.0,0.02040113284562672,0.026606661977054604,0.999645980104176,0.0
50.08,-1.6358154920985164,0.02702949515963061,9.772424268698938,0.0,0.0,0.020627061181469102,0.026936601646131,0.9996371439136091,0.0
50.096000000000004,-1.5864298977003244,0.026625566165744605,9.77670130119071,0.0,0.0,0.020860861644447466,0.02727027112779051,0.999628097000388,0.0
50.112,-1.5669489509248713,0.02641206139373673,9.785560354600557,0.0,0.0,0.021099952217205637,0.027607773765518945,0.9996188327696274,0.0
50.128,-1.5419684110520306,0.026106933684165827,9.80935726759558,0.0,0.0,0.021348456755051343,0.02794921757724368,0.999609344312477,0.0
50.144,-1.5145092423187512,0.02589482204334528,9.810218895745333,0.0,0.0,0.021603555608432187,0.0282947155384136,0.9995996243859842,0.0
50.160000000000004,-1.471779127254342,0.025859593253911822,9.798604128544978,0.0,0.0,0.02186430505708705,0.02864438588673978,0.9995896653913404,0.0
50.176,-1.4497337549679583,0.02546564650788846,9.833451291442215,0.0,0.0,0.022130376641859004,0.028998352450742337,0.9995794593503523,0.0
50.192,-1.4126842402244346,0.0254638687788372,9.796700869197299,0.0,0.0,0.022404393783082174,0.029356745004002652,0.9995689978799714,0.0
50.208,-1.3888056330301957,0.025052535059629743,9.783400087838176,0.0,0.0,0.02269750089111399,0.029719699648117482,0.9995582721646726,0.0
50.224000000000004,-1.3610976721538501,0.024827205722567445,9.817678756532864,0.0,0.0,0.022988981803925442,0.030087359226649027,0.9995472729264819,0.0
50.24,-1.338076322500977,0.024763347853293396,9.734568631766559,0.0,0.0,0.02329016626852668,0.030459873773567615,0.9995359903923912,0.0
50.256,-1.2953605040358676,0.024527297145185818,9.808468827269644,0.0,0.0,0.02360821434739325,0.030837400999352158,0.999524414258904,0.0
50.272,-1.2809209778726278,0.02425542430909522,9.8838340503114,0.0,0.0,0.023931239377960208,0.031220106818794318,0.9995125336533922,0.0
50.288000000000004,-1.2594934029246656,0.024065666950489676,9.815251179404502,0.0,0.0,0.024266619935821167,0.03160816592489562,0.9995003370919213,0.0
50.304,-1.217445498684126,0.02405667181264598,9.87612302208778,0.0,0.0,0.024614548692091134,0.032001762413632666,0.9994878124331589,0.0
50.32,-1.1955029995886441,0.023866198449266202,9.793932037334221,0.0,0.0,0.024972491130512166,0.032401090465204466,0.999474946827916,0.0
50.336,-1.186280366165359,0.023706814077290427,9.802929916545722,0.0,0.0,0.02534338583513327,0.032806355087953654,0.9994617266638294,0.0
50.352000000000004,-1.1543711312898333,0.023608071367011825,9.76932106946833,0.0,0.0,0.02572595873621906,0.03321777293208631,0.9994481375046095,0.0
50.368,-1.1402518473464955,0.023417652374259818,9.857918016254496,0.0,0.0,0.02613020379110057,0.033635573180978796,0.9994341640232172,0.0
50.384,-1.112671017904053,0.023361293904158385,9.772354536745235,0.0,0.0,0.02654549798794294,0.03405999852942719,0.9994197899282242,0.0
50.4,-1.091084855078949,0.023400494802522005,9.806877501839343,0.0,0.0,0.02697635882816192,0.03449130625906605,0.9994049978825118,0.0
50.416000000000004,-1.0653969362207139,0.02300872139340169,9.790089493607592,0.0,0.0,0.027422927564858816,0.034929769422471044,0.9993897694133621,0.0
50.432,-1.0426657735087745,0.022928547643248767,9.782838850814741,0.0,0.0,0.02789015195236082,0.03537567815012365,0.9993740848127987,0.0
50.448,-1.034603166321378,0.022964211984244916,9.73314984823891,0.0,0.0,0.02836699632740897,0.03582934109507762,0.9993579230269266,0.0
50.464,-1.0032561469970915,0.02277834887475715,9.802120921410781,0.0,0.0,0.028875143851695137,0.03629108703348839,0.9993412615327798,0.0
50.480000000000004,-0.9872931682174458,0.022716394237862866,9.861724070938937,0.0,0.0,0.02940599587156898,0.03676126664167866,0.9993240762009586,0.0
50.496,-0.9691939769302692,0.022991649201927106,9.874881328873336,0.0,0.0,0.029952007740622573,0.03724025447339597,0.9993063411420727,0.0
50.512,-0.9507151314917068,0.022739043486525883,9.794193985374324,0.0,0.0,0.030537714266632127,0.0377284511650346,0.99928802853466,0.0
50.528,-0.9221515258424098,0.02261869172885706,9.843204545676135,0.0,0.0,0.031138939107691378,0.038226285901151145,0.9992691084318596,0.0
50.544000000000004,-0.9114691844145426,0.022542307930918073,9.790787050303011,0.0,0.0,0.03176573567388094,0.03873421917792696,0.999249548543644,0.0
50.56,-0.8948972313256306,0.0228170526616147,9.916843713443553,0.0,0.0,0.032434142286765666,0.03925274590882358,0.9992293139908464,0.0
50.576,-0.8727961701008836,0.022512931406729858,9.777954100976912,0.0,0.0,0.033126783347603245,0.039782398924616345,0.9992083670265192,0.0
50.592,-0.8529615676421326,0.02272204991981174,9.833400803565468,0.0,0.0,0.03386808747214244,0.04032375292931672,0.9991866667193352,0.0
50.608000000000004,-0.8459035897382247,0.022869650523405952,9.791086424585277,0.0,0.0,0.034629004599530534,0.04087742898516242,0.9991641685927108,0.0
50.624,-0.8186338004041779,0.02256955580627419,9.839836627588243,0.0,0.0,0.035448023133935094,0.04144409961389927,0.9991408242120793,0.0
50.64,-0.8039909391700467,0.02278697351923405,9.800904041398397,0.0,0.0,0.03630581822783808,0.042024494618710974,0.9991165807112012,0.0
50.656,-0.7898247565297952,0.02280317418506869,9.824825880955158,0.0,0.0,0.03721343637332292,0.0426194077523363,0.9990913802464918,0.0
50.672000000000004,-0.7710550177564179,0.022783992416906186,9.76294412786684,0.0,0.0,0.038178685681008004,0.043229704383608215,0.9990651593659474,0.0
50.688,-0.7545833360736048,0.022956083309135213,9.84922890601309,0.0,0.0,0.03919385189365283,0.04385633034656451,0.9990378482762968,0.0
50.704,-0.7411370659661612,0.023270087493809804,9.756432521428719,0.0,0.0,0.04028932362750791,0.04450032219861114,0.9990093699881998,0.0
50.72,-0.7227599747920322,0.023407343324942192,9.863733860976522,0.0,0.0,0.04144773987149009,0.045162819164942046,0.9989796393145732,0.0
50.736000000000004,-0.7182169356705659,0.02362786970183205,9.741148833919285,0.0,0.0,0.0426844279831248,0.04584507711317646,0.9989485616909847,0.0
50.752,-0.699420213154254,0.023812028514123312,9.871707954642138,0.0,0.0,0.04400129588234476,0.04654848498633102,0.998916031779187,0.0
50.768,-0.6888189418493765,0.02393830282726743,9.792871091553602,0.0,0.0,0.045429739077865426,0.0472745842317805,0.9988819318046114,0.0
50.784,-0.6700556353823289,0.024363802759906586,9.841668213984423,0.0,0.0,0.04696251663277754,0.0480250919053784,0.9988461295652499,0.0
50.800000000000004,-0.6616782856868968,0.024613493780262948,9.873304424029898,0.0,0.0,0.048611891335170236,0.04880192831725166,0.9988084760315753,0.0
50.816,-0.6412085144701288,0.024935478064212906,9.847040237715884,0.0,0.0,0.050398755859613426,0.04960725033315499,0.9987688024334681,0.0
50.832,-0.6310815933612958,0.025387264073290984,9.878314507872046,0.0,0.0,0.05233663232497209,0.05044349177713579,0.9987269166981183,0.0
50.848,-0.6152720450870536,0.025930075125085432,9.7947893427398,0.0,0.0,0.05444241759900712,0.051313412831874565,0.9986825990591534,0.0
50.864000000000004,-0.6077796169848706,0.026168942988917466,9.84112342638638,0.0,0.0,0.05674320296287024,0.05222016094974292,0.9986355965968684,0.0
50.88,-0.592509681228474,0.02683433295457665,9.818768221425865,0.0,0.0,0.05927689126249993,0.0531673466462359,0.998585616384794,0.0
50.896,-0.5790985689340189,0.027572040591475635,9.823869500211945,0.0,0.0,0.06207488828436803,0.05415913875691943,0.998532316797563,0.0
50.912,-0.5673719624034395,0.028274237839265557,9.795961713658517,0.0,0.0,0.0651890994874689,0.05520038547074734,0.9984752963613478,0.0
50.928000000000004,-0.5593343374590072,0.028909691500280475,9.74663283641054,0.0,0.0,0.06861995647950864,0.05629676997451096,0.9984140792729422,0.0
50.944,-5.000905009175781,0.03069943864549817,9.828461606994733,0.0,0.0,0.02063229878757057,0.056626335778333564,0.9983954417445622,0.0
50.96,-4.994346784991304,0.004977716816439628,9.80971733512408,0.0,0.0,-0.02737041179819187,0.05618912539838447,0.998420143119601,0.0
50.976,-4.986781803784127,-0.013349699391379212,9.780234422980758,0.0,0.0,-0.07536833891013063,0.054985082522308604,0.9984871760318281,0.0
50.992000000000004,-5.009210282390705,-0.02372456531353907,9.796062256174086,0.0,0.0,-0.12336208209249015,0.05301405587772193,0.9985937661929368,0.0
51.008,-4.990482809332729,-0.027085944649852204,9.833457285848976,0.0,0.0,-0.17136474233275198,0.05027580988635236,0.9987353718279289,0.0
51.024,-1.616023960332651,-0.010035720285663536,9.789084582697745,0.0,0.0,-0.21941294747350934,0.04677004210671395,0.9989056828156181,0.0
51.04,0.0,0.0,9.808965185128523,0.0,0.0,-0.2673541628614234,0.04249640746973152,0.9990966196280351,0.0
51.056000000000004,0.0,0.0,9.835125404220706,0.0,0.0,-0.3154483544746002,0.037454549312352946,0.9992983321990528,0.0
51.072,0.0,0.0,9.868350293634885,0.0,0.0,-0.3634263480880543,0.03164413721415725,0.9994991988891094,0.0
51.088,0.0,0.0,9.792981130125455,0.0,0.0,-0.4114247834396778,0.025064911640651576,0.9996858257494935,0.0
51.104,0.0,0.0,9.817789532955034,0.0,0.0,-0.4593654190524284,0.017716735394246057,0.9998430463262573,0.0
51.120000000000005,0.0,0.0,9.816500853816606,0.0,0.0,-0.50740799481996,0.009599651869506912,0.999953922280414,0.0
51.136,0.0,0.0,9.795606029218684,0.0,0.0,-0.5554894797657866,0.0007139501033257865,0.9999997451375925,0.0
51.152,0.0,0.0,9.80943953968055,0.0,0.0,-0.6034146447322616,-0.008939763398912554,0.9999600395167656,0.0
51.168,0.0,0.0,9.814104514401322,0.0,0.0,-0.6512807592604479,-0.019360486088127675,0.9998125682238805,0.0
51.184000000000005,0.0,0.0,9.756385295808986,0.0,0.0,-0.6994138150133111,-0.030546734092562526,0.9995333396321897,0.0
51.2,0.0,0.0,9.75398090096684,0.0,0.0,-0.7473415423479816,-0.04249645029114938,0.9990966178066323,0.0
51.216,0.0,0.0,9.820988705258511,0.0,0.0,-0.7953838433568221,-0.05520690581911261,0.9984749358646313,0.0
51.232,0.0,0.0,9.893761128688654,0.0,0.0,-0.8433435710761317,-0.06867459510674681,0.9976391130999849,0.0
51.248,0.0,0.0,9.832126813846545,0.0,0.0,-0.8914895828904076,-0.08289512457928523,0.996558276429926,0.0
51.264,0.0,0.0,9.833353841233913,0.0,0.0,-0.9393052970048986,-0.09786309517610699,0.9951998867577069,0.0
51.28,0.0,0.0,9.818878136148887,0.0,0.0,-0.9873977452051669,-0.11357197888209314,0.9935297708739308,0.0
51.296,0.0,0.0,9.81035873571926,0.0,0.0,-1.0353034723864423,-0.13001398950248258,0.9915121595490639,0.0
51.312,0.0,0.0,9.777732657230198,0.0,0.0,-1.083426085876318,-0.14717994795569753,0.9891097324967327,0.0
51.328,0.0,0.0,9.839019428125658,0.0,0.0,-1.1312640788187218,-0.16505914240630873,0.9862836709122249,0.0
51.344,0.0,0.0,9.798412734673292,0.0,0.0,-1.1793057316619395,-0.1836391836125051,0.9829937183126516,0.0
51.36,0.0,0.0,9.800339936563839,0.0,0.0,-1.227600607509962,-0.20290585591966592,0.9791982504240435,0.0
51.376,0.0,0.0,9.871242691151066,0.0,0.0,-1.2753406466363213,-0.22284296439363144,0.9748543548757725,0.0
51.392,0.0,0.0,9.733670010458315,0.0,0.0,-1.3233763817573432,-0.24343217865409544,0.9699179214736269,0.0
51.408,0.0,0.0,9.867527916709292,0.0,0.0,-1.3715658121203973,-0.26465287404036875,0.9643437438290211,0.0
51.424,0.0,0.0,9.79248279756572,0.0,0.0,-1.4194026270142115,-0.2864819708184281,0.9580856331226293,0.0
51.44,0.0,0.0,9.846636575275214,0.0,0.0,-1.4671719146037097,-0.3088937722194392,0.9510965447755791,0.0
51.456,0.0,0.0,9.757389799640762,0.0,0.0,-1.4999355115769508,-0.33162785417985047,0.943410285258788,0.0
51.472,0.0,0.0,9.810286307199222,0.0,0.0,-1.4999814713179944,-0.35417094599883664,0.9351806996566434,0.0
51.488,0.0,0.0,9.82454241650361,0.0,0.0,-1.499906665342776,-0.3765100647250512,0.926412527527957,0.0
51.504,0.0,0.0,9.76783190193336,0.0,0.0,-1.5000992121345025,-0.3986323448787394,0.9171108186127117,0.0
51.52,0.0,0.0,9.813989039279202,0.0,0.0,-1.4998025290759582,-0.4205250458611771,0.9072809299238328,0.0
51.536,0.0,0.0,9.832273362129762,0.0,0.0,-1.4999647478075804,-0.4421755592922078,0.8969285226619919,0.0
51.552,0.0,0.0,9.788273155236395,0.0,0.0,-1.4998799358195907,-0.46357141627161413,0.8860595589552261,0.0
51.568,0.0,0.0,9.804110852810037,0.0,0.0,-1.5000556659476971,-0.4847002945601793,0.8746802984252451,0.0
51.584,0.0,0.0,9.817462403979022,0.0,0.0,-1.5001585831294793,-0.5055500256762716,0.8627972945824074,0.0
51.6,0.0,0.0,9.789322880643793,0.0,0.0,-1.4999054160012317,-0.5261086019038783,0.8504173910514451,0.0
51.616,0.0,0.0,9.723174543750263,0.0,0.0,-1.499826918402669,-0.546364183208057,0.8375477176301018,0.0
51.632,0.0,0.0,9.853373592881082,0.0,0.0,-1.5003592979540579,-0.5663051040538141,0.8241956861829591,0.0
51.648,0.0,0.0,9.822785908330761,0.0,0.0,-1.499891295883844,-0.5859198801244824,0.8103689863728203,0.0
51.664,0.0,0.0,9.846103785781416,0.0,0.0,-1.4997409354616178,-0.605197214935742,0.7960755812320974,0.0
51.68,0.0,0.0,9.832401212102255,0.0,0.0,-1.4997521764478128,-0.6241260063414484,0.7813237025767709,0.0
51.696,0.0,0.0,9.88885960634415,0.0,0.0,-1.4998874848046457,-0.6426953529275562,0.7661218462655428,0.0
51.712,0.0,0.0,9.909456910717816,0.0,0.0,-1.5002872489928498,-0.6608945602904255,0.7504787673069275,0.0
51.728,0.0,0.0,9.820154472602358,0.0,0.0,-1.4998552200455744,-0.6787131471959139,0.7344034748170911,0.0
51.744,0.0,0.0,9.83103457085655,0.0,0.0,-1.499857165411356,-0.6961408516156955,0.7179052268313515,0.0
51.76,0.0,0.0,9.80882206675067,0.0,0.0,-1.4996911996183429,-0.7131676366373395,0.7009935249723152,0.0
51.776,0.0,0.0,9.804654525636543,0.0,0.0,-1.4999517019665751,-0.7297836962447395,0.6836781089777307,0.0
51.792,0.0,0.0,9.750076332240976,0.0,0.0,-1.49999114970527,-0.7459794609655669,0.6659689510912068,0.0
51.808,0.0,0.0,9.7643078051813,0.0,0.0,-1.4662467732777633,-0.7613942324819705,0.6482891505672381,0.0
51.824,0.0,0.0,9.852893210552246,0.0,0.0,-1.432610772299699,-0.7760534039728747,0.6306671976423972,0.0
51.84,0.0,0.0,9.80292756227273,0.0,0.0,-1.4001597641158618,-0.7899860716308813,0.6131247887903476,0.0
51.856,0.0,0.0,9.812504145183018,0.0,0.0,-1.368338519297873,-0.803218361320519,0.5956847018663316,0.0
51.872,0.0,0.0,9.784891860025644,0.0,0.0,-1.3368080482762736,-0.8157776467557268,0.5783656551470606,0.0
51.888,0.0,0.0,9.80124788109423,0.0,0.0,-1.3066995216097195,-0.8276897222686159,0.5611859973760053,0.0
51.904,0.0,0.0,9.735966276795773,0.0,0.0,-1.2768214042665564,-0.8389805543932758,0.5441614000918769,0.0
51.92,0.0,0.0,9.797960934996125,0.0,0.0,-1.2477175681146742,-0.8496750816386762,0.5273066049674603,0.0
51.936,0.0,0.0,9.849154776032186,0.0,0.0,-1.2190272045427535,-0.8597979358453659,0.5106344186558991,0.0
51.952,0.0,0.0,9.780174529914898,0.0,0.0,-1.1912696166159036,-0.869372931424905,0.4941565603183544,0.0
51.968,0.0,0.0,9.79990247020709,0.0,0.0,-1.163971032316837,-0.8784233602044926,0.47788324959873646,0.0
51.984,0.0,0.0,9.801598226407828,0.0,0.0,-1.1373434426214184,-0.8869717744290091,0.46182363664742726,0.0
52.0,0.0,0.0,9.815511716540412,0.0,0.0,-1.1110747480730838,-0.8950401076014824,0.4459856564786885,0.0
52.016,0.0,0.0,9.863855227813136,0.0,0.0,-1.0853870587589594,-0.9026495841291783,0.4303762636013068,0.0
52.032000000000004,0.0,0.0,9.765118151199115,0.0,0.0,-1.060265533479387,-0.9098207710140642,0.41500140316795764,0.0
52.048,0.0,0.0,9.7771087078483,0.0,0.0,-1.0357504020806758,-0.9165735433022428,0.3998661522539405,0.0
52.064,0.0,0.0,9.81965856637804,0.0,0.0,-1.0118361312321809,-0.9229271096462447,0.3849747397947411,0.0
52.08,0.0,0.0,9.766214167782783,0.0,0.0,-0.9884156333819185,-0.9289000032441466,0.37033064141794225,0.0
52.096000000000004,0.0,0.0,9.795273705542588,0.0,0.0,-0.965632469510425,-0.9345100985414335,0.3559366175656562,0.0
52.112,0.0,0.0,9.800428253261718,0.0,0.0,-0.9431230758013721,-0.9397746144295428,0.3417947835672806,0.0
52.128,0.0,0.0,9.785768615423391,0.0,0.0,-0.9212154234573712,-0.9447101287182207,0.32790665241376726,0.0
52.144,0.0,0.0,9.787296614602264,0.0,0.0,-0.8998293498196903,-0.9493325876029385,0.3142731902582674,0.0
52.160000000000004,0.0,0.0,9.874157671717956,0.0,0.0,-0.8788653425460528,-0.9536573202103827,0.30089485806366223,0.0
52.176,0.0,0.0,9.750064345689093,0.0,0.0,-0.8583423795097621,-0.957699051452032,0.2877716574784224,0.0
52.192,0.0,0.0,9.894106377536826,0.0,0.0,-0.8380610757951051,-0.9614719172343978,0.2749031690788805,0.0
52.208,0.0,0.0,9.762173721423142,0.0,0.0,-0.8187109468728703,-0.9649894791860746,0.26228859117428,0.0
52.224000000000004,0.0,0.0,9.842155447213276,0.0,0.0,-0.7992813060221051,-0.9682647404889108,0.24992677392777005,0.0
52.24,0.0,0.0,9.781388156637226,0.0,0.0,-0.7805094143155977,-0.9713101616000277,0.23781625254075484,0.0
52.256,0.0,0.0,9.830720115406052,0.0,0.0,-0.7621031058883522,-0.9741376764589936,0.22595527721890696,0.0
52.272,0.0,0.0,9.82418732046768,0.0,0.0,-0.7441394011166296,-0.9767587086439807,0.21434184166453174,0.0
52.288000000000004,0.0,0.0,9.80940471127431,0.0,0.0,-0.726403248570553,-0.9791841876781749,0.20297370913749588,0.0
52.304,0.0,0.0,9.844484133613665,0.0,0.0,-0.7092254567026273,-0.9814245652362437,0.1918484369257413,0.0
52.32,0.0,0.0,9.81678093224643,0.0,0.0,-0.6923595062488128,-0.9834898313022493,0.18096339885477736,0.0
52.336,0.0,0.0,9.733657430816233,0.0,0.0,-0.6760964875764305,-0.9853895301532722,0.1703158062668095,0.0
52.352000000000004,0.0,0.0,9.75623783945841,0.0,0.0,-0.6598608840339523,-0.9871327761674887,0.15990272735593558,0.0
52.368,0.0,0.0,9.832571538149798,0.0,0.0,-0.6441615866479097,-0.9887282693881698,0.14972110510103348,0.0
52.384,0.0,0.0,9.858371367507297,0.0,0.0,-0.628548737705658,-0.9901843108276058,0.13976777379231434,0.0
52.4,0.0,0.0,9.757457005160276,0.0,0.0,-0.6135777281126679,-0.9915088174710667,0.13003947430348614,0.0
52.416000000000004,0.0,0.0,9.842674943068713,0.0,0.0,-0.5988980886453165,-0.9927093369640828,0.12053286814944324,0.0
52.432,0.0,0.0,9.775525988640487,0.0,0.0,-0.5844469936943172,-0.9937930619591633,0.11124455043655396,0.0
52.448,0.0,0.0,9.780250504980987,0.0,0.0,-0.5704248537534464,-0.9947668441090836,0.1021710617604333,0.0
52.464,0.0,0.0,9.769160777055877,0.0,0.0,-0.5565770659682673,-0.9956372076928556,0.09330889913386366,0.0
52.480000000000004,0.0,0.0,9.826591330459616,0.0,0.0,-0.5430438772204312,-0.9964103628663001,0.08465452600214705,0.0
52.496,0.0,0.0,9.81020857963802,0.0,0.0,-0.5298766110139554,-0.9970922185301447,0.07620438141363174,0.0
52.512,0.0,0.0,9.857990161357367,0.0,0.0,-0.5169547721630526,-0.9976883948120034,0.06795488839993695,0.0
52.528,0.0,0.0,9.749130643750904,0.0,0.0,-0.5043632335437497,-0.998204235160055,0.05990246162329279,0.0
52.544000000000004,0.0,0.0,9.83170540352325,0.0,0.0,-0.4919219235712644,-0.9986448180484688,0.052043514340795044,0.0
52.56,0.0,0.0,9.904775919059455,0.0,0.0,-0.47981376924230607,-0.9990149682960074,0.04437446473510705,0.0
52.576,0.0,0.0,9.85839751586056,0.0,0.0,-0.4680344303506209,-0.9993192680007593,0.03689174165618332,0.0
52.592,0.0,0.0,9.846467672066625,0.0,0.0,-0.4566043133379537,-0.999562067095097,0.02959178981705734,0.0
52.608000000000004,0.0,0.0,9.759974838581078,0.0,0.0,-0.44522112482268855,-0.9997474935260263,0.02247107448316576,0.0
52.624,0.0,0.0,9.775738995852512,0.0,0.0,-0.4341558656504081,-0.9998794630669554,0.015526085692707853,0.0
52.64,5.00045783619538,0.03088536197905984,9.841159965438194,0.0,0.0,-0.3861302914249797,-0.9999563036083831,0.009348308609540907,0.0
52.656,5.015485129343513,-0.0038343744058920615,9.862385508961239,0.0,0.0,-0.3382109339503217,-0.9999922454045745,0.00393816336851666,0.0
52.672000000000004,5.0423312049291695,-0.030903730341771372,9.8631262416837,0.0,0.0,-0.2901722159808706,-0.9999997521198184,-0.000704102479861458,0.0
52.688,4.998952846856685,-0.050241799214017106,9.843750286214343,0.0,0.0,-0.24218757610932576,-0.9999895192269116,-0.004578366120196416,0.0
52.704,4.979648472934913,-0.06203199477725139,9.877411771419226,0.0,0.0,-0.19414762980205189,-0.9999704731145979,-0.0076845884058748554,0.0
52.72,4.992330045694278,-0.06597628049104011,9.797887243337225,0.0,0.0,-0.14614868113864166,-0.9999497706832252,-0.010022779582793987,0.0
52.736000000000004,5.01041143953325,-0.06231453051660205,9.838836797461504,0.0,0.0,-0.09813125836421391,-0.9999327992443733,-0.011592971806749505,0.0
52.752,5.011473369483638,-0.05054544548810867,9.851706468414942,0.0,0.0,-0.050139067789810386,-0.999923176576701,-0.012395198455833947,0.0
52.768,5.014637189649293,-0.03200560322926289,9.771681452190187,0.0,0.0,-0.0021427325805911373,-0.9999227510268053,-0.012429480237953379,0.0
52.784,4.975745337538388,-0.003166363230984985,9.76428155829037,0.0,0.0,0.02034886771900772,-0.9999267450663809,-0.012103904368130863,0.0
52.800000000000004,4.984308688042899,0.01465361074125747,9.759110745805437,0.0,0.0,0.020051075980483467,-0.9999305766749488,-0.011783116332463648,0.0
52.816,4.998155084299739,0.016101454054074843,9.810373535987392,0.0,0.0,0.019758082284493956,-0.9999342517513136,-0.011467003729862736,0.0
52.832,5.008119809240786,0.017478434036705848,9.811432145227084,0.0,0.0,0.019475012078154465,-0.9999377759552862,-0.011155456852866917,0.0
52.848,5.0491005113190965,0.0188293622086921,9.747986201346107,0.0,0.0,0.019192832509151304,-0.999941154718017,-0.010848368596185582,0.0
52.864000000000004,5.011570580827142,0.020036114365756797,9.786729253283385,0.0,0.0,0.01892014926882199,-0.9999443932518303,-0.01054563436827626,0.0
52.88,4.983582283217121,0.021172258954329712,9.773028717541695,0.0,0.0,0.01865644310500265,-0.9999474965595796,-0.010247152005796303,0.0
52.896,4.991604540504405,0.022296071867421125,9.783934183450341,0.0,0.0,0.018397961077363138,-0.9999504694435576,-0.009952821690796783,0.0
52.912,5.007771455087598,0.02356744716499591,9.811257213204588,0.0,0.0,0.018144166214626924,-0.9999533165139763,-0.009662545870518475,0.0
52.928000000000004,4.97690063969537,0.02460022288863541,9.828951057292448,0.0,0.0,0.017894803782832633,-0.9999560421970412,-0.009376229179651793,0.0
52.944,4.989057682544849,0.025721107518040645,9.750995709109185,0.0,0.0,0.017656433183872042,-0.9999586507426442,-0.00909377836494758,0.0
52.96,4.980727451917087,0.02689828795464983,9.85780043943938,0.0,0.0,0.01741877210999961,-0.999961146231688,-0.008815102212038824,0.0
52.976,5.025241634258345,0.027778113129695158,9.832842482747331,0.0,0.0,0.017187447387076456,-0.9999635325830664,-0.008540111474374354,0.0
52.992000000000004,4.97409914311609,0.028804607316092273,9.713404077266665,0.0,0.0,0.01696218358385985,-0.9999658135603128,-0.008268718804136634,0.0
53.008,4.97658938699436,0.02973205011518405,9.845070523551756,0.0,0.0,0.016741222321732745,-0.9999679927779369,-0.008000838685038387,0.0
53.024,4.9715664789035525,0.03067468136630523,9.824186696233559,0.0,0.0,0.01653053455992627,-0.9999700737074633,-0.007736387366887422,0.0
53.04,5.020066584529763,0.0319133367710603,9.821869302694807,0.0,0.0,0.016319073173947644,-0.9999720596831858,-0.007475282801824228,0.0
53.056000000000004,4.991938427470098,0.03275646555919997,9.826853568826136,0.0,0.0,0.0161151118489743,-0.9999739539076528,-0.007217444582119879,0.0
53.072,4.989823217024028,0.03354547976995453,9.86254553057554,0.0,0.0,0.01591665052592647,-0.9999757594568943,-0.0069627938794356225,0.0
53.088,5.019707377769119,0.03461069216806893,9.913475159321093,0.0,0.0,0.015722247732275978,-0.9999774792854068,-0.006711253385453818,0.0
53.104,5.011606831032897,0.03536685596179976,9.824311125582593,0.0,0.0,0.01553333816704014,-0.9999791162309012,-0.0064627472537775,0.0
53.120000000000005,5.018452470539679,0.03589335301525989,9.79722885484618,0.0,0.0,0.015345746009902437,-0.9999806730188295,-0.006217201043002435,0.0
53.136,1.2411228764382942,0.037789851680482135,9.849675753758266,0.0,0.0,0.015167011634566789,-0.9999821522667004,-0.005974541660875522,0.0
53.152,1.3669292541106862e-05,0.0378958699701847,9.895783939011306,0.0,0.0,0.014990272400468558,-0.9999835563441356,-0.005734722428766359,0.0
53.168,1.3477494699333443e-05,0.037542577249556584,9.750472005670549,0.0,0.0,0.014812788062379182,-0.9999848875019334,-0.005497705680155174,0.0
53.184000000000005,1.2975277846849708e-05,0.03705909904936864,9.839350556529274,0.0,0.0,0.014642364277873073,-0.9999861479287168,-0.005263454254254749,0.0
53.2,1.2755316017494324e-05,0.036435802799359616,9.799400101158163,0.0,0.0,0.014471576989086752,-0.9999873397526046,-0.005031931488906115,0.0
53.216,1.2515689776089734e-05,0.036091182584784894,9.737866089658873,0.0,0.0,0.014302546546916692,-0.9999884650428386,-0.004803101213569075,0.0
53.232,1.2201012505798255e-05,0.03578507086412257,9.784675328014265,0.0,0.0,0.014134846568886934,-0.9999895258113662,-0.004576927742418542,0.0
53.248000000000005,1.1840876096136479e-05,0.03535121996293085,9.775308417898538,0.0,0.0,0.013970765903322772,-0.9999905240143809,-0.004353375867524136,0.0
53.264,1.1577378155950489e-05,0.03496975399111606,9.876925127114072,0.0,0.0,0.013810561816286699,-0.9999914615538222,-0.00413241085212823,0.0
53.28,1.127611476312333e-05,0.03449228154435925,9.831760217698486,0.0,0.0,0.013653195633767705,-0.9999923402788328,-0.003913998424020964,0.0
53.296,1.104763280332426e-05,0.03414307124296719,9.84039274358079,0.0,0.0,0.013491174153379991,-0.9999931619871796,-0.0036981047689948086,0.0
53.312,1.0900994160431093e-05,0.03369935243998527,9.914241425597265,0.0,0.0,0.013336881389662143,-0.9999939284266346,-0.003484696524402465,0.0
53.328,1.0609272901775233e-05,0.03337075008817048,9.820608241338478,0.0,0.0,0.0131854305016936,-0.9999946412963184,-0.0032737407727871366,0.0
53.344,1.0325634432544486e-05,0.03305402869316653,9.74376880706118,0.0,0.0,0.013032070632900015,-0.9999953022480104,-0.003065205035614987,0.0
53.36,1.0148087249039663e-05,0.03268223552801748,9.796218611826154,0.0,0.0,0.012884159811414862,-0.9999959128874196,-0.0028590572670836346,0.0
53.376,9.889848509479182e-06,0.031953005743056956,9.782988583907503,0.0,0.0,0.012735572974849202,-0.9999964747754247,-0.002655265848018107,0.0
53.392,9.673380433310273e-06,0.03170598593205208,9.863454149597118,0.0,0.0,0.012591669767702585,-0.9999969894292794,-0.0024537995798496427,0.0
53.408,9.433870554921886e-06,0.03169946653471477,9.822348316422623,0.0,0.0,0.012446046025595287,-0.9999974583237852,-0.0022546276786756213,0.0
53.424,9.209701620726513e-06,0.031088571268408284,9.772985638352374,0.0,0.0,0.012307075609957245,-0.9999978828924342,-0.0020577197694018096,0.0
53.44,9.038971850579432e-06,0.030712312671747316,9.84446608526084,0.0,0.0,0.012167295496914185,-0.9999982645285188,-0.0018630458799662971,0.0
53.456,8.85443806512019e-06,0.03049715521487785,9.781679108648019,0.0,0.0,0.012030123752468097,-0.9999986045862129,-0.001670576435633864,0.0
53.472,8.585499004536422e-06,0.030014193748684893,9.808748943919456,0.0,0.0,0.011892507795611304,-0.999998904381625,-0.001480282253377044,0.0
53.488,8.45834651119806e-06,0.029761691828146385,9.804453508149386,0.0,0.0,0.011758037088037576,-0.9999991651938216,-0.001292134536324831,0.0
53.504,8.25189565476629e-06,0.029541757171693023,9.860555064489539,0.0,0.0,0.011625513855132611,-0.999999388265823,-0.001106104868297289,0.0
53.52,8.072005232848927e-06,0.029192703816529976,9.79506330890425,0.0,0.0,0.011498430467047516,-0.999999574805574,-0.000922165208398361,0.0
53.536,7.86092148250183e-06,0.02881439183540479,9.799799657335617,0.0,0.0,0.011368497054428857,-0.9999997259868857,-0.0007402878856988904,0.0
53.552,7.739458142836748e-06,0.028352421216807627,9.80924492633482,0.0,0.0,0.0112417546016503,-0.9999998429503559,-0.0005604455939752637,0.0
53.568,7.524265906133176e-06,0.02799883317138949,9.79151932732042,0.0,0.0,0.011115756484347728,-0.999999926804261,-0.00038261138653302394,0.0
53.584,7.364888550246729e-06,0.027635382682854107,9.833000344821249,0.0,0.0,0.010991779668808968,-0.9999999786254259,-0.00020675867108662735,0.0
53.6,7.185187361178304e-06,0.027326181721497037,9.813721498259707,0.0,0.0,0.010868843982757514,-0.9999999994600708,-3.2861204719367465e-05,0.0
53.616,7.018236602644972e-06,0.02712644225989794,9.765454910424726,0.0,0.0,0.010748548608221645,-0.9999999903246336,0.00013910691110048285,0.0
53.632,6.876763005626401e-06,0.026892427500734558,9.915268975361785,0.0,0.0,0.01062722898205976,-0.9999999522065725,0.00030917123542418065,0.0
53.648,6.761219439022492e-06,0.026647892607738657,9.879389971447074,0.0,0.0,0.010509874198435,-0.9999998860651443,0.0004773569926758401,0.0
53.664,6.595804233366324e-06,0.026339551289070996,9.84396848142385,0.0,0.0,0.010395608054329708,-0.9999997928321643,0.0006436890774310076,0.0
53.68,6.409194524355458e-06,0.026065812343843038,9.793111579952832,0.0,0.0,0.010280772545735811,-0.9999996734127444,0.0008081920591344455,0.0
53.696,6.2967002827202975e-06,0.025739103166058507,9.816586994014624,0.0,0.0,0.010167917884912154,-0.9999995286860116,0.0009708901867610866,0.0
53.712,6.137293450974589e-06,0.025636362124732172,9.806008328994592,0.0,0.0,0.01005581176010589,-0.999999359505807,0.001131807393404592,0.0
53.728,6.003404238793992e-06,0.025177315663406138,9.791402332183504,0.0,0.0,0.009946659845376855,-0.9999991667013671,0.0012909673008196848,0.0
53.744,5.852352688463081e-06,0.024910621505376727,9.845629190700642,0.0,0.0,0.009839551188405085,-0.9999989510779844,0.0014483932238931398,0.0
53.76,5.7955152594463705e-06,0.024362369383366254,9.815035497728738,0.0,0.0,0.009731697538601423,-0.9999987134176538,0.0016041081750593977,0.0
53.776,5.64950629428148e-06,0.024282701655119338,9.79230477476264,0.0,0.0,0.009626850707398018,-0.9999984544796975,0.001758134868665209,0.0
53.792,5.496771718867689e-06,0.02413524884170868,9.805703575637901,0.0,0.0,0.009523127617380061,-0.9999981750013767,0.001910495725267981,0.0
53.808,5.367065293175748e-06,0.02387359736187537,9.840911479707875,0.0,0.0,0.009421024551169617,-0.9999978756984839,0.002061212875886878,0.0
53.824,5.294342862434174e-06,0.023498069460270037,9.82331280290028,0.0,0.0,0.00931777196900404,-0.9999975572659218,0.0022103081661915816,0.0
53.84,5.15130012195592e-06,0.023293026063644775,9.813929788403398,0.0,0.0,0.009218455608822718,-0.9999972203782649,0.00235780316064465,0.0
53.856,5.075702980891245e-06,0.02296952339143013,9.791051209362157,0.0,0.0,0.009118004619399267,-0.9999968656903057,0.002503719146586153,0.0
53.872,4.942901540078471e-06,0.02273382410819606,9.75819686653868,0.0,0.0,0.009022387715707026,-0.9999964938375885,0.002648077138268332,0.0
53.888,4.865266082234756e-06,0.022471341299480852,9.827417611979868,0.0,0.0,0.0089261914774295,-0.9999961054369255,0.0027908978808384756,0.0
53.904,4.742096582814808e-06,0.022424703772623733,9.774734636800686,0.0,0.0,0.00883288023027005,-0.9999957010869026,0.002932201854270018,0.0
53.92,4.640299478353116e-06,0.022059629056837574,9.80814148977285,0.0,0.0,0.008738763104918534,-0.9999952813683675,0.0030720092772500342,0.0
53.936,4.534053329094459e-06,0.02185408201951805,9.831901255788106,0.0,0.0,0.008646944215785426,-0.9999948468449085,0.003210340111010702,0.0
53.952,4.46568332489744e-06,0.02159145624972182,9.810721939672963,0.0,0.0,0.008555623147655459,-0.999994398063317,0.003347214063118021,0.0
53.968,4.3408140099930524e-06,0.02147355304337707,9.799101882052609,0.0,0.0,0.00846482513642377,-0.999993935554041,0.0034826505912115813,0.0
53.984,4.2957404857425e-06,0.02107710155550244,9.83135591824065,0.0,0.0,0.008377093447050742,-0.9999934598316228,0.0036166689067019917,0.0
54.0,4.183419426166901e-06,0.02089014054222294,9.768872553131681,0.0,0.0,0.008290215913285468,-0.999992971395127,0.0037492879784213297,0.0
54.016,4.125079856978799e-06,0.020699700150078364,9.803041223122804,0.0,0.0,0.00820204496421695,-0.9999924707285559,0.0038805265362207974,0.0
54.032000000000004,3.976694577368721e-06,0.020469224733566424,9.778462121974538,0.0,0.0,0.008115492227641156,-0.9999919583012554,0.0040104030745462425,0.0
54.048,3.940830459237598e-06,0.02039941986245156,9.86453560966781,0.0,0.0,0.008033529364845214,-0.9999914345683069,0.004138935855946197,0.0
54.064,3.82020424971294e-06,0.02011993668935267,9.853676048398613,0.0,0.0,0.007950658040535796,-0.9999908999709111,0.0042661429145584235,0.0
54.08,3.77445234853364e-06,0.019815826253148466,9.84977784134121,0.0,0.0,0.007868470482731324,-0.99999035493676,0.004392042059542964,0.0
54.096000000000004,3.6910497730378297e-06,0.019634148222049317,9.816489855096906,0.0,0.0,0.00778822245382702,-0.9999897998803997,0.004516650878481217,0.0
54.112,3.625669001110464e-06,0.01952537879345949,9.852313031703044,0.0,0.0,0.0077082379507640774,-0.9999892352035825,0.0046399867407346095,0.0
54.128,3.5570062936574503e-06,0.01932737087427693,9.825978350190647,0.0,0.0,0.007630320629277514,-0.9999886612956096,0.0047620668007632835,0.0
54.144,3.494839938362037e-06,0.019018213399397424,9.828335384248055,0.0,0.0,0.007552411498033624,-0.9999880785336643,0.004882908001411678,0.0
54.160000000000004,3.407400623386687e-06,0.01898370762658526,9.81214700510771,0.0,0.0,0.007476336167064117,-0.9999874872831371,0.005002527077151012,0.0
54.176,3.345873961673521e-06,0.01870773149052067,9.82439781298288,0.0,0.0,0.0074006090688404766,-0.9999868878979408,0.005120940557293516,0.0
54.192,3.2767772655955693e-06,0.01859019039008371,9.844106710660157,0.0,0.0,0.007326941785973755,-0.9999862807208164,0.005238164769162445,0.0
54.208,3.1986095023310905e-06,0.01826469638369481,9.82221391911045,0.0,0.0,0.007253932578171,-0.9999856660836322,0.005354215841237374,0.0
54.224000000000004,3.150267964694278e-06,0.018100801495898263,9.8041476786871,0.0,0.0,0.007180488399298962,-0.9999850443076741,0.005469109706263483,0.0
54.24,3.0814893294480345e-06,0.017881467844592387,9.814474322278002,0.0,0.0,0.007107679799235013,-0.9999844157039269,0.005582862104318122,0.0
54.256,3.004312798824262e-06,0.017814455557414413,9.784840960671382,0.0,0.0,0.0070388028410914875,-0.9999837805733492,0.005695488585865311,0.0
54.272,2.9732063959216927e-06,0.017631880078305993,9.840301846042815,0.0,0.0,0.006970014375168934,-0.9999831392071395,0.005807004514763101,0.0
54.288000000000004,2.874736552983814e-06,0.017557809727162144,9.769254916375901,0.0,0.0,0.006900837544895828,-0.9999824918869962,0.005917425071243519,0.0
54.304,2.8367206815599157e-06,0.017345305969385227,9.854386275887705,0.0,0.0,0.006833071085612047,-0.9999818388853683,0.006026765254873763,0.0
54.32,2.787342664143564e-06,0.017119423126703524,9.8939562828119,0.0,0.0,0.00676766931496282,-0.9999811804657022,0.006135039887473582,0.0
54.336,2.7363525358973497e-06,0.016903935455903327,9.775020429341204,0.0,0.0,0.006701516954263421,-0.9999805168826781,0.006242263616022301,0.0
54.352000000000004,2.6817229821115964e-06,0.01660429978763328,9.879008006507336,0.0,0.0,0.0066372781418052845,-0.9999798483824428,0.00634845091552135,0.0
54.368,2.6247583956004195e-06,0.01661386416338713,9.810774636262057,0.0,0.0,0.006572871364625473,-0.9999791752028335,0.006453616091845785,0.0
54.384,2.575987432434434e-06,0.016550465146585938,9.77782887052622,0.0,0.0,0.006509897388408611,-0.9999784975735969,0.006557773284567045,0.0
54.4,2.530360687896339e-06,0.01632613876990336,9.817716888454203,0.0,0.0,0.00644808255627278,-0.9999778157166018,0.006660936469742734,0.0
54.416000000000004,2.4993150222656427e-06,0.016159652980900014,9.767792339058873,0.0,0.0,0.006386775374522134,-0.9999771298460447,0.006763119462699591,0.0
54.432,2.442631129120411e-06,0.015917046541305716,9.792432985684412,0.0,0.0,0.0063250443207513475,-0.9999764401686506,0.006864335920781479,0.0
54.448,2.375066902364991e-06,0.015881314347308904,9.854963247102713,0.0,0.0,0.006266961540149545,-0.9999757468838675,0.006964599346083454,0.0
54.464,2.349591003179064e-06,0.01571075865532802,9.856462685898958,0.0,0.0,0.006207958212677283,-0.9999750501840556,0.0070639230881586286,0.0
54.480000000000004,2.301621839637165e-06,0.015529249351605755,9.795868788732628,0.0,0.0,0.006150624487995671,-0.999974350254671,0.007162320346715533,0.0
54.496,2.2462982980245038e-06,0.01544099867432344,9.881374924428364,0.0,0.0,0.006093176403349042,-0.9999736472744424,0.007259804174290687,0.0
54.512,2.2176300658262936e-06,0.01529992493892724,9.77255442683434,0.0,0.0,0.006035568801055552,-0.9999729414155468,0.007356387478901949,0.0
54.528,2.1630365338174153e-06,0.015095469798315326,9.85977530973156,0.0,0.0,0.005980331064872584,-0.9999722328437743,0.007452083026694997,0.0
54.544000000000004,2.1532240663273162e-06,0.014911151880976976,9.796421100955474,0.0,0.0,0.005926258510066137,-0.999971521718693,0.007546903444567935,0.0
54.56,2.111976625997099e-06,0.014795366759299879,9.788891121569007,0.0,0.0,0.00587322693614809,-0.9999708081938063,0.00764086122277884,0.0
54.576,2.051616372605379e-06,0.0147100008217559,9.787499205589887,0.0,0.0,0.00582002254385764,-0.9999700924167064,0.007733968717548699,0.0
54.592,2.0150033456045854e-06,0.014591473226595831,9.825681170669514,0.0,0.0,0.005767463734328371,-0.9999693745292216,0.007826238153648857,0.0
54.608000000000004,1.992992580271092e-06,0.014376090185019676,9.716864578900724,0.0,0.0,0.005714988391031739,-0.9999686546675621,0.00791768162697454,0.0
54.624,1.9500491480159644e-06,0.014230733177956954,9.75726487804995,0.0,0.0,0.00566414990506294,-0.9999679329624586,0.0080083111071153,0.0
54.64,1.920324408848636e-06,0.014211707372745587,9.716324420579198,0.0,0.0,0.005614986245082669,-0.9999672095392969,0.008098138439912852,0.0
54.656,1.8783690767892839e-06,0.014107504344974063,9.818323170996212,0.0,0.0,0.005564749318762209,-0.9999664845182505,0.008187175350010978,0.0
54.672000000000004,1.8470559812920078e-06,0.013918223631938816,9.80499386821726,0.0,0.0,0.005516609022901843,-0.9999657580144051,0.00827543344340454,0.0
54.688,1.8274974345955015e-06,0.013720436407607386,9.815899511162417,0.0,0.0,0.005468221207185318,-0.9999650301378836,0.008362924209980372,0.0
54.704,1.7837646272610887e-06,0.013649196307111556,9.78289548618523,0.0,0.0,0.005421632452630425,-0.9999643009939623,0.008449659026056376,0.0
54.72,1.7558038318582496e-06,0.013584545942799986,9.766489153035112,0.0,0.0,0.005374110084130497,-0.9999635706831874,0.008535649156919808,0.0
54.736000000000004,1.721213806211289e-06,0.0134542361105058,9.861172605037572,0.0,0.0,0.005328152317427863,-0.9999628393014853,0.008620905759362465,0.0
54.752,1.6896724355559579e-06,0.013247762191901684,9.787466723294045,0.0,0.0,0.005284084206413239,-0.9999621069402691,0.00870543988422211,0.0
54.768,1.65292229996416e-06,0.013103712773176809,9.836051381740301,0.0,0.0,0.0052389451775322095,-0.9999613736865423,0.008789262478922174,0.0
54.784,1.6493007240559341e-06,0.013085146701150435,9.841288314541975,0.0,0.0,0.005195979228008061,-0.9999606396229982,0.008872384390020123,0.0
54.800000000000004,1.6116974117724536e-06,0.013086782864227904,9.846460144135477,0.0,0.0,0.005151761559322958,-0.9999599048281164,0.00895481636575941,0.0
54.816,1.5826980686639134e-06,0.012844603280012152,9.870938407953737,0.0,0.0,0.005109842503389874,-0.9999591693762544,0.009036569058631884,0.0
54.832,1.5501731945123535e-06,0.012779028941914615,9.752198044069505,0.0,0.0,0.00506687698523264,-0.9999584333377375,0.009117653027945552,0.0
54.848,1.5216982710511605e-06,0.012704516102856254,9.873928672950752,0.0,0.0,0.005027175545798023,-0.999957696778943,0.009198078742410335,0.0
54.864000000000004,1.514139733352147e-06,0.012598041944854676,9.841584589238916,0.0,0.0,0.004986541611584949,-0.9999569597623841,0.009277856582736298,0.0
54.88,1.4793787345771108e-06,0.012521170191732765,9.892479774170369,0.0,0.0,0.004945858602045676,-0.9999562223467869,0.009356996844243416,0.0
54.896,1.4603160489886422e-06,0.012260136012112921,9.731966985298257,0.0,0.0,0.004906824919648447,-0.999955484587167,0.009435509739492464,0.0
54.912,1.4364639943727296e-06,0.012233391849964003,9.828104117972378,0.0,0.0,0.004868551697156157,-0.9999547465349008,0.009513405400941014,0.0
54.928000000000004,1.4090025373890759e-06,0.012181729970272582,9.786695585596958,0.0,0.0,0.004830825560893465,-0.9999540082377943,0.009590693883614972,0.0
54.944,1.389676163357221e-06,0.01202718913311335,9.81914720636409,0.0,0.0,0.004794033223818383,-0.9999532697401501,0.009667385167808577,0.0
54.96,1.3764575604731129e-06,0.011993017517672133,9.837699102942068,0.0,0.0,0.004756559058819623,-0.9999525310828279,0.009743489161812334,0.0
54.976,1.3518754511089392e-06,0.01194396344747183,9.791867667681437,0.0,0.0,0.0047216775741057765,-0.9999517923033047,0.00981901570467477,0.0
54.992000000000004,1.321652152753766e-06,0.011804137236025629,9.842372655753115,0.0,0.0,0.004684956695956332,-0.9999510534357311,0.00989397456899435,0.0
55.008,1.310286769370289e-06,0.011693663528425432,9.798966450557716,0.0,0.0,0.004650123483659654,-0.9999503145109832,0.009968375463744709,0.0
55.024,1.3006377426086467e-06,0.011642022586354744,9.822597860406608,0.0,0.0,0.004615403769749363,-0.9999495755567127,0.010042228037152979,0.0
55.04,1.2684466398267906e-06,0.011545343613989458,9.795115543652269,0.0,0.0,0.004582240079172591,-0.9999488365973941,0.010115541879607852,0.0
55.056000000000004,1.2581449843787222e-06,0.011439074275650501,9.789316877344348,0.0,0.0,0.004549604231176587,-0.9999480976543668,0.010188326526620281,0.0
55.072,1.2336475061685772e-06,0.011358856857319355,9.856050146835011,0.0,0.0,0.0045170130726921495,-0.9999473587458758,0.010260591461837677,0.0
55.088,1.21184482529533e-06,0.011266492700753259,9.796241216169156,0.0,0.0,0.004484568042648169,-0.9999466198871091,0.010332346120108535,0.0
55.104,1.2029690834018974e-06,0.011226829696993434,9.82615688050559,0.0,0.0,0.004454145686534996,-0.99994588109023,0.010403599890612314,0.0
55.120000000000005,1.1851946426351957e-06,0.011130065331591462,9.8253837100801,0.0,0.0,0.004422920273449103,-0.999945142364409,0.010474362120043282,0.0
55.136,1.1748223212106477e-06,0.011081155422072903,9.784919799847762,0.0,0.0,0.0043938492442544405,-0.9999444037158508,0.010544642115876744,0.0
55.152,1.1534424089616517e-06,0.010927825102109061,9.785856034144206,0.0,0.0,0.004362995387286782,-0.9999436651478165,0.010614449149694291,0.0
55.168,1.1392350595605874e-06,0.010889450821479626,9.819512067350894,0.0,0.0,0.004333757646300753,-0.9999429266606465,0.010683792460601029,0.0
55.184000000000005,1.1171966724615714e-06,0.010854971198475317,9.761239447548963,0.0,0.0,0.004305653489122084,-0.9999421882517752,0.010752681258716442,0.0
55.2,1.1144634626483378e-06,0.010752124904768822,9.763580419073094,0.0,0.0,0.004277514406816155,-0.9999414499157461,0.010821124728768346,0.0
55.216,1.0865742649487812e-06,0.010723634385180912,9.868867660792453,0.0,0.0,0.004250882823487517,-0.9999407116442212,0.01088913203377116,0.0
55.232,1.074421443967242e-06,0.010634213209137128,9.87702919606865,0.0,0.0,0.00422388052878942,-0.9999399734259866,0.01095671231881875,0.0
55.248000000000005,1.0649100773111798e-06,0.010534972512284897,9.79638557165206,0.0,0.0,0.004197982669918773,-0.9999392352469567,0.011023874714985402,0.0
55.264,1.0536641659044638e-06,0.01048833515217511,9.784274240913199,0.0,0.0,0.004171702332425042,-0.9999384970901711,0.011090628343344242,0.0
55.28,1.033258395788181e-06,0.010354822016837142,9.830334934510365,0.0,0.0,0.00414734428690916,-0.9999377589357906,0.011156982319116845,0.0
55.296,1.0273359567411698e-06,0.010370425925083221,9.849492637443749,0.0,0.0,0.004122969374405669,-0.9999370207610873,0.011222945755960296,0.0
55.312,1.014264541435335e-06,0.010357823313745339,9.858900696604426,0.0,0.0,0.004098347938799569,-0.9999362825404312,0.011288527770393424,0.0
55.328,9.969081844704577e-07,0.010212832033543263,9.793347218960365,0.0,0.0,0.004074712438167855,-0.9999355442452729,0.011353737486395352,0.0
55.344,9.961850429762383e-07,0.010296957636974273,9.870262818438162,0.0,0.0,0.004054043417256456,-0.9999348058441202,0.011418584040151647,0.0
55.36,9.817010927546852e-07,0.010063849472314505,9.805370802671002,0.0,0.0,0.0040310137665337245,-0.9999340673025114,0.011483076584998073,0.0
55.376,9.648293231219709e-07,0.010027095763985824,9.793222458953654,0.0,0.0,0.00400909940221032,-0.9999333285829839,0.011547224296545078,0.0
55.392,9.590283539716741e-07,0.010010660500031304,9.837056169685214,0.0,0.0,0.003987834782118502,-0.9999325896450364,0.011611036378015601,0.0
55.408,9.587861190844907e-07,0.009969129775730964,9.844369141054415,0.0,0.0,0.003968026584563184,-0.9999318504450867,0.011674522065796913,0.0
55.424,9.384636786142239e-07,0.00989365227851921,9.778650533985184,0.0,0.0,0.003948376385519115,-0.9999311109364243,0.011737690635233113,0.0
55.44,9.235236009146911e-07,0.0098357250689974,9.83240264272532,0.0,0.0,0.0039290894885798565,-0.9999303710691553,0.01180055140667049,0.0
55.456,9.220713910781502e-07,0.009881130479420665,9.756092014988413,0.0,0.0,0.003909660853874307,-0.9999296307901434,0.011863113751772182,0.0
55.472,9.144564604491823e-07,0.009711341542866354,9.801891488476869,0.0,0.0,0.0038915679641788685,-0.999928890042943,0.01192538710012566,0.0
55.488,9.104912790291805e-07,0.009803590639996588,9.808131481281421,0.0,0.0,0.003875270221370621,-0.9999281487677262,0.011987380946162142,0.0
55.504,8.980784418855361e-07,0.009677946954428689,9.818492756867359,0.0,0.0,0.003857705273780642,-0.9999274069012006,0.012049104856413435,0.0
55.52,8.914040421434246e-07,0.009641004712100727,9.807866951723971,0.0,0.0,0.003841975841190519,-0.9999266643765237,0.012110568477122042,0.0
55.536,8.829244805568461e-07,0.009621001480036433,9.841788786299755,0.0,0.0,0.003825803986206009,-0.9999259211232039,0.012171781542248818,0.0
55.552,8.719881587722406e-07,0.00960761476228353,9.72295165672936,0.0,0.0,0.003811229451184823,-0.9999251770669969,0.012232753881888957,0.0
55.568,8.668771624804593e-07,0.009507757422085221,9.91450967297644,0.0,0.0,0.0037972927395589877,-0.999924432129791,0.012293495431138167,0.0
55.584,8.607559773922468e-07,0.009474267025663915,9.771787244802745,0.0,0.0,0.003782478934128777,-0.999923686229482,0.012354016239446172,0.0
55.6,8.607518103635946e-07,0.00948228760792707,9.8400783586304,0.0,0.0,0.0037695864247396884,-0.9999229392798408,0.012414326480478846,0.0
55.616,8.535917870273317e-07,0.009411351824745222,9.872656874114456,0.0,0.0,0.003757282638281812,-0.9999221911903654,0.012474436462554877,0.0
55.632,8.46874873677587e-07,0.009353244434404306,9.792919495889624,0.0,0.0,0.0037456036823968262,-0.9999214418661245,0.012534356639676527,0.0
55.648,8.391826231223464e-07,0.009440154911296638,9.790543715307036,0.0,0.0,0.0037348562779935487,-0.9999206912075863,0.01259409762321999,0.0
55.664,8.320174673952119e-07,0.009368838046996349,9.818932447618172,0.0,0.0,0.003723341162469086,-0.9999199391104338,0.01265367019432461,0.0
55.68,8.318599479707102e-07,0.009319164877485527,9.820042993668277,0.0,0.0,0.0037141982029055267,-0.9999191854653661,0.012713085317060484,0.0
55.696,8.327978785113844e-07,0.009364009021260573,9.916017416824875,0.0,0.0,0.003704164751305928,-0.9999184301578833,0.012772354152405706,0.0
55.712,8.218731971463115e-07,0.009205122800000614,9.793889075074137,0.0,0.0,0.0036959927828302546,-0.9999176730680527,0.01283148807313115,0.0
55.728,8.214680058694133e-07,0.009259423850551092,9.804078420335747,0.0,0.0,0.0036884015757387687,-0.9999169140702592,0.012890498679658174,0.0
55.744,8.189415781201128e-07,0.009244279139490282,9.851155285642337,0.0,0.0,0.003682173567821219,-0.9999161530329321,0.012949397816966081,0.0
55.76,8.157274652011309e-07,0.009179117339113042,9.71956277428256,0.0,0.0,0.0036759152387514362,-0.999915389818254,0.013008197592654784,0.0
55.776,8.12371539741049e-07,0.009181662389758937,9.82604504468771,0.0,0.0,0.0036699074469374775,-0.9999146242818415,0.013066910396249541,0.0
55.792,8.055952361008427e-07,0.009206736584669042,9.823150773782618,0.0,0.0,0.0036647715240498723,-0.999913856272405,0.013125548919877281,0.0
55.808,8.067048410470356e-07,0.009186911224220575,9.736582190337543,0.0,0.0,0.0036609112335209836,-0.9999130856313757,0.013184126180418141,0.0
55.824,8.062142653030632e-07,0.009189934001688632,9.801263506248366,0.0,0.0,0.0036580965294717334,-0.9999123121925052,0.013242655543282113,0.0
55.84,8.006145697503263e-07,0.009201072665227312,9.821777338567776,0.0,0.0,0.0036566410222643748,-0.9999115357814312,0.013301150747961525,0.0
55.856,8.003804103927526e-07,0.009127888751290513,9.796426667750366,0.0,0.0,0.003654745287693665,-0.999910756215205,0.01335962593551807,0.0
55.872,8.008501887749606e-07,0.009154324321683734,9.892668341160096,0.0,0.0,0.003654707194577122,-0.9999099733017821,0.01341809567820314,0.0
55.888,8.036769836391533e-07,0.009120585137812654,9.78247610883197,0.0,0.0,0.0036552433267866944,-0.9999091868394658,0.01347657501140896,0.0
55.904,8.01753370490782e-07,0.009153677074236807,9.870023178116908,0.0,0.0,0.003656516527850022,-0.9999083966163049,0.013535079468193704,0.0
55.92,7.993746001052652e-07,0.0091156364270498,9.871891135250774,0.0,0.0,0.003659573838037494,-0.999907602409437,0.013593625116620978,0.0
55.936,7.996313079525812e-07,0.009124325143530652,9.816642888717512,0.0,0.0,0.0036627190177014836,-0.9999068039843749,0.013652228600228928,0.0
55.952,8.090239097879064e-07,0.00913784640458066,9.878103459431793,0.0,0.0,0.0036681981480828963,-0.9999060010942272,0.013710907181929586,0.0
55.968,8.037383498050319e-07,0.009188922409653568,9.827405807216921,0.0,0.0,0.0036726264327339143,-0.9999051934788482,0.0137696787917187,0.0
55.984,8.120380420508101e-07,0.00917239319610003,9.829163056521413,0.0,0.0,0.0036803043508914913,-0.9999043808639095,0.01382856207859954,0.0
56.0,8.211695672484288e-07,0.009247439203806579,9.787114615173843,0.0,0.0,0.0036885101759741943,-0.9999035629598827,0.013887576467190731,0.0
56.016,8.185726306510176e-07,0.009211263939856293,9.789739020213684,0.0,0.0,0.003698166816367932,-0.9999027394609248,0.013946742219531306,0.0
56.032000000000004,8.253529621134739e-07,0.009280820737313206,9.797718480996359,0.0,0.0,0.003708959553531516,-0.9999019100436564,0.014006080502687012,0.0
56.048,8.223417701733833e-07,0.009315940479281729,9.770653261276138,0.0,0.0,0.0037217651650701903,-0.9999010743658168,0.014065613462818727,0.0
56.064,8.293821142700283e-07,0.009323517522817465,9.830210708446375,0.0,0.0,0.0037353037929814922,-0.999900232064784,0.014125364306496087,0.0
56.08,8.375902243081394e-07,0.009365939663719654,9.824043343171807,0.0,0.0,0.003749834673687565,-0.9998993827559425,0.014185357390112308,0.0
56.096000000000004,8.44588749436861e-07,0.009304007335900163,9.883815167534088,0.0,0.0,0.0037664169649455612,-0.9998985260308799,0.01424561831840882,0.0
56.112,8.555823745643227e-07,0.00941219639863702,9.77736890958966,0.0,0.0,0.003785490882079536,-0.9998976614553903,0.014306174053252557,0.0
56.128,8.635758484515797e-07,0.009495923270290607,9.816770099661259,0.0,0.0,0.00380530984424279,-0.9998967885672595,0.01436705303398817,0.0
56.144,8.766644825000273e-07,0.009537307134739983,9.81380301709212,0.0,0.0,0.003827763870138887,-0.9998959068738046,0.014428285310870188,0.0
56.160000000000004,8.884861232643183e-07,0.009521984138776947,9.887569208255323,0.0,0.0,0.0038511383111130442,-0.9998950158491328,0.014489902693349538,0.0
56.176,8.964858544065591e-07,0.009585246680822496,9.843891562127098,0.0,0.0,0.003877324996906086,-0.9998941149310798,0.014551938915230007,0.0
56.192,9.059774891658646e-07,0.00974139717343852,9.911362957448866,0.0,0.0,0.0039059902047126113,-0.9998932035177872,0.014614429819082177,0.0
56.208,9.26124124273023e-07,0.009737628062169148,9.786873071301752,0.0,0.0,0.003936970030997029,-0.99989228096386,0.014677413562673344,0.0
56.224000000000004,-2.843324613926745,0.010057549307658424,9.736367273921708,0.0,0.0,0.0039693043389803975,-0.9998913465760451,0.01474093085065295,0.0
56.24,-3.3725918962002894,0.009991880388824427,9.823835704944763,0.0,0.0,0.004004230130793661,-0.9998904000470813,0.014804995565274037,0.0
56.256,-3.0526529633307047,0.009796816028198683,9.684016522687658,0.0,0.0,0.004039054855411284,-0.9998894411483777,0.014869615999915594,0.0
56.272,-3.0715601497144203,0.009709013111470563,9.753620028355703,0.0,0.0,0.004074640159125679,-0.9998884696085061,0.014934803110846261,0.0
56.288000000000004,-2.9900103252699903,0.009559675778415839,9.804070316955672,0.0,0.0,0.004110909301109251,-0.9998874851609745,0.015000567271342075,0.0
56.304,-2.943755458774049,0.009472779984469451,9.844827361827488,0.0,0.0,0.004147513010480542,-0.9998864875246803,0.01506691957758893,0.0
56.32,-2.8841916308676927,0.00935210563585439,9.814932802627322,0.0,0.0,0.00418428816214616,-0.9998854764110958,0.01513387135388346,0.0
56.336,-2.8043199820071587,0.009225196579467802,9.781233394786462,0.0,0.0,0.004223277108364201,-0.9998844515207909,0.015201434372034561,0.0
56.352000000000004,-2.733898772409456,0.009132229068524149,9.784186616156255,0.0,0.0,0.0042626728340350185,-0.9998834125441586,0.0152696207892769,0.0
56.368,-2.68807664507747,0.009003819468816225,9.800153157884857,0.0,0.0,0.004302529307894512,-0.9998823591604306,0.015338443199095554,0.0
56.384,-2.6398310687143307,0.00891821754705769,9.822524263741059,0.0,0.0,0.004342868457647038,-0.999881291037332,0.015407914638849662,0.0
56.4,-2.576109554969507,0.008809457396917086,9.886448866921224,0.0,0.0,0.004384140818980468,-0.9998802078304363,0.015478048616149494,0.0
56.416000000000004,-2.5336569537796394,0.008668873103906238,9.81187929059021,0.0,0.0,0.004426308159706807,-0.99987910918259,0.01554885912954838,0.0
56.432,-2.4689183809822466,0.008584369216579832,9.815644638142583,0.0,0.0,0.004469092159239099,-0.9998779947232609,0.015620360693365924,0.0
56.448,-2.4259841948413663,0.008533335056731824,9.823008136325246,0.0,0.0,0.004514079746187224,-0.9998768640678593,0.015692568362887994,0.0
56.464,-2.3668182851446056,0.008391243540924985,9.834305616642999,0.0,0.0,0.004558879181374107,-0.9998757168170103,0.015765497761576965,0.0
56.480000000000004,-2.333370664617085,0.00832756332240446,9.890863717515131,0.0,0.0,0.00460440797905035,-0.9998745525557814,0.015839165109814764,0.0
56.496,-2.27536252871528,0.008244758818918585,9.85784092188454,0.0,0.0,0.004652503809980982,-0.9998733708528598,0.015913587255537327,0.0
56.512,-2.239908577046374,0.008178280141390522,9.806265169947908,0.0,0.0,0.0047001532826892334,-0.9998721712596728,0.01598878170680894,0.0
56.528,-2.173975780945573,0.007992439446004446,9.844111841637176,0.0,0.0,0.004750177234971701,-0.9998709533094507,0.016064766666534554,0.0
56.544000000000004,-2.139596068252563,0.007957264243998447,9.77640114779502,0.0,0.0,0.004800344022169957,-0.9998697165162275,0.01614156106945368,0.0
56.56,-2.086431803460264,0.007852334176141266,9.815403537806684,0.0,0.0,0.004852025729715829,-0.9998684603737684,0.016219184621613755,0.0
56.576,-2.0438873167230174,0.007834411154757637,9.855896719893513,0.0,0.0,0.0049060245817769245,-0.9998671843544265,0.016297657842514624,0.0
56.592,-2.0099085222851,0.007698110806531741,9.826572349514787,0.0,0.0,0.004959371003267265,-0.9998658879079156,0.016377002110148933,0.0
56.608000000000004,-1.981207678543972,0.007677431963447,9.775304702294875,0.0,0.0,0.005015491082057953,-0.9998645704599973,0.01645723970917908,0.0
56.624,-1.9315737486475473,0.007579432840812776,9.76873650160426,0.0,0.0,0.005072499438644963,-0.99986323141107,0.016538393882520538,0.0
56.64,-1.895025815891556,0.007512186065359843,9.77769443348144,0.0,0.0,0.005132007611011744,-0.9998618701346552,0.016620488886612415,0.0
56.656,-1.8482065326045833,0.007502038294219692,9.815942044059605,0.0,0.0,0.0051921896607189846,-0.9998604859757704,0.01670355005071212,0.0
56.672000000000004,-1.8068988398606316,0.007372323011535687,9.804190046660198,0.0,0.0,0.005254721466132121,-0.9998590782491764,0.01678760384056263,0.0
56.688,-1.773211550705266,0.007305934514851384,9.801916793612131,0.0,0.0,0.005318081805619507,-0.9998576462374922,0.016872677926814347,0.0
56.704,-1.7377148336792114,0.007269967457825415,9.824396606340004,0.0,0.0,0.005383213482514971,-0.99985618918916,0.01695880125866006,0.0
56.72,-1.6956244300487018,0.007188019409551993,9.845537145346043,0.0,0.0,0.005450930380727772,-0.999854706316249,0.01704600414313675,0.0
56.736000000000004,-1.669337913077962,0.00711973560910422,9.742768712687479,0.0,0.0,0.005520003432530586,-0.9998531967920812,0.01713431833065349,0.0
56.752,-1.6217205710334501,0.00707245004868204,9.829863422088556,0.0,0.0,0.0055931429912013395,-0.9998516597486639,0.017223777107315062,0.0
56.768,-1.5867806039194126,0.006981012378995452,9.848094096273178,0.0,0.0,0.005665450298239997,-0.9998500942739063,0.01731441539471969,0.0
56.784,-1.5654417671155665,0.006909611029131686,9.73570769461492,0.0,0.0,0.005741968380925367,-0.9998484994086014,0.017406269857957412,0.0
56.800000000000004,-1.517692908843824,0.006865471031656222,9.826640955893405,0.0,0.0,0.005820707825332298,-0.999846874143147,0.01749937902263964,0.0
56.816,-1.484963507985602,0.006837673588022154,9.811215257402436,0.0,0.0,0.005901524123693926,-0.9998452174139796,0.017593783401868287,0.0
56.832,-1.4575233192947006,0.006783227244547656,9.843492613906923,0.0,0.0,0.005983987194411623,-0.9998435280996911,0.017689525634185712,0.0
56.848,-1.43898389280262,0.006716126827736061,9.804552284150818,0.0,0.0,0.006071940599101847,-0.9998418050167917,0.0177866506336631,0.0
56.864000000000004,-1.4017372570495075,0.0066666708942670115,9.81004452397887,0.0,0.0,0.006159578030439401,-0.9998400469150842,0.01788520575342844,0.0
56.88,-1.3749479508494298,0.006678151228152538,9.825965676828854,0.0,0.0,0.006252971548172247,-0.9998382524726005,0.017985240964100167,0.0
56.896,-1.3460711699755066,0.006617895247121461,9.831162288842934,0.0,0.0,0.006349349796863108,-0.9998364202900554,0.018086809048802777,0.0
56.912,-1.3166482158431094,0.006551664316703131,9.826670817285764,0.0,0.0,0.0064482394974437664,-0.9998345488847593,0.018189965816622217,0.0
56.928000000000004,-1.2832312219595394,0.0065289240806969675,9.783853924047813,0.0,0.0,0.0065523180845541915,-0.9998326366839246,0.018294770336660205,0.0
56.944,-1.265676500856801,0.006497099962114575,9.760323085820513,0.0,0.0,0.006657984140186513,-0.9998306820172947,0.018401285195093445,0.0
56.96,-1.2367667872930241,0.006478725702323326,9.835608571541751,0.0,0.0,0.006768738293799526,-0.9998286831090106,0.01850957677803081,0.0
56.976,-1.2132896665821038,0.006439710885947367,9.874793481605533,0.0,0.0,0.006884962314130416,-0.9998266380686187,0.018619715583308712,0.0
56.992000000000004,-1.1891769821750084,0.006391100372936984,9.792947674033524,0.0,0.0,0.007004550004895946,-0.9998245448811126,0.018731776564876047,0.0
57.008,-1.161184577457646,0.006369162721989257,9.71993626392328,0.0,0.0,0.007129816707662705,-0.9998224013958756,0.01884583951392349,0.0
57.024,-1.137514430025122,0.006379307338749123,9.765019750456165,0.0,0.0,0.0072608584853885395,-0.999820205314386,0.01896198948157678,0.0
57.04,-1.113629105544889,0.0063449062892844185,9.763130305785552,0.0,0.0,0.007396243215960489,-0.9998179541765038,0.019080317248694887,0.0
57.056000000000004,-1.0954023250387586,0.006335083544885355,9.804455700188262,0.0,0.0,0.007539309296003634,-0.9998156453451523,0.019200919849232192,0.0
57.072,-1.0644659805413992,0.006317651039557039,9.77294866331338,0.0,0.0,0.007686425455594613,-0.9998132759891548,0.01932390115464541,0.0
57.088,-1.0358964716643382,0.006348917657227661,9.877377432035043,0.0,0.0,0.007841848987639458,-0.9998108430639585,0.01944937252809969,0.0
57.104,-1.0184924691771342,0.006292623822351978,9.821982098617577,0.0,0.0,0.008005001598199722,-0.9998083432899311,0.01957745355870689,0.0
57.120000000000005,-1.0060425061344376,0.006290129569709947,9.742900830414685,0.0,0.0,0.008178052285564466,-0.9998057731278501,0.019708272887848537,0.0
57.136,-0.9775838102476614,0.006310971344236817,9.792121053592842,0.0,0.0,0.008358085209392154,-0.9998031287511441,0.019841969141779492,0.0
57.152,-0.9617870095053647,0.00630193172521618,9.888720712190603,0.0,0.0,0.008547335677527045,-0.999800406014358,0.019978691987343766,0.0
57.168,-0.9388970267856817,0.006278014809348744,9.805907093485416,0.0,0.0,0.008745727049165092,-0.999797600417213,0.020118603330823905,0.0
57.184000000000005,-0.9221701661298884,0.006368211297513241,9.724638726800931,0.0,0.0,0.008957989508409429,-0.9997947070635057,0.02026187868385332,0.0
57.2,-0.9055569637501596,0.006302196064327115,9.863298127072314,0.0,0.0,0.00917735129470366,-0.9997917206139357,0.020408708725102562,0.0
57.216,-0.8894545661603624,0.006374922215803415,9.741458451292909,0.0,0.0,0.0094131609605768,-0.9997886352317635,0.020559301092394195,0.0
57.232,-0.8684389521403401,0.006388128590055919,9.832758613562458,0.0,0.0,0.009663859176822229,-0.9997854445199534,0.020713882447266144,0.0
57.248000000000005,-0.8505838291483612,0.006467856531622157,9.80835550084836,0.0,0.0,0.009928012672371977,-0.9997821414481632,0.020872700863210473,0.0
57.264,-0.8316082542752469,0.006475526678521307,9.831639085131293,0.0,0.0,0.010210455575087573,-0.9997787182675587,0.021036028600420777,0.0
57.28,-0.8052230504165403,0.0065457783230628355,9.781706040030443,0.0,0.0,0.010510341642453607,-0.9997751664109487,0.021204165344571504,0.0
57.296,-0.7906687221231034,0.006572934122889196,9.837033620815838,0.0,0.0,0.010832348656153264,-0.999771476375118,0.021377442005930725,0.0
57.312000000000005,-0.7780390064472065,0.006616123107487007,9.84935253425945,0.0,0.0,0.011177522074668256,-0.9997676375814337,0.021556225199216426,0.0
57.328,-0.7606408000922051,0.006705225352112139,9.745971636528568,0.0,0.0,0.011544853156608916,-0.9997636382097604,0.021740922555935467,0.0
57.344,-0.7478195058913929,0.0067640324402707215,9.756398535761964,0.0,0.0,0.01194363558718257,-0.9997594649993516,0.021931989061875063,0.0
57.36,-0.7274880058305337,0.006833981033714411,9.816609224726836,0.0,0.0,0.01237485584274333,-0.999755103008559,0.02212993466654578,0.0
57.376,-0.717141405825568,0.006958496124458757,9.830636786871516,0.0,0.0,0.0128402378841687,-0.9997505353227784,0.022335333483481688,0.0
57.392,-0.697566352992156,0.007080052690228098,9.794536646004866,0.0,0.0,0.013346935945504878,-0.9997457426967352,0.022548834997696575,0.0
57.408,-0.684313106437358,0.00715660054253272,9.79839764686491,0.0,0.0,0.013899118508546289,-0.9997407031126944,0.022771177829341464,0.0
57.424,-0.6699204574558929,0.007307334380835771,9.865657265265693,0.0,0.0,0.014505980286850791,-0.9997353912298768,0.02300320678613323,0.0
57.44,-0.6587110614945384,0.007517226945684515,9.86071473683441,0.0,0.0,0.015171623201115574,-0.9997297776915075,0.023245894194223092,0.0
57.456,-0.6474018680934102,0.007707559958192103,9.857940251262754,0.0,0.0,0.015912541537251843,-0.9997238282432389,0.023500366862730823,0.0
57.472,-0.6317077069661582,0.007850282097494275,9.787131296691816,0.0,0.0,0.01672888141113603,-0.999717502598243,0.0237679405656474,0.0
57.488,-0.6190865431398697,0.00812363868440704,9.794395503521011,0.0,0.0,0.017648746357255444,-0.9997107529569649,0.02405016470252448,0.0
57.504,-0.6054725790470395,0.008391982021581102,9.856420977132258,0.0,0.0,0.018677421584493627,-0.9997035220482425,0.02434888096687701,0.0
57.52,-4.958743416971048,0.01386201437195572,9.82848682862996,0.0,0.0,0.06667771474929272,-0.9996769777112782,0.025415354297051305,0.0
57.536,-4.958760921365811,0.034274867252177675,9.817786397794691,0.0,0.0,0.11469033563024333,-0.9996286628552764,0.027249521063169052,0.0
57.552,-5.016057969470906,0.046857485978266784,9.802461752603795,0.0,0.0,0.16266234461960688,-0.9995543517889919,0.02985126160965813,0.0
57.568,-5.0185800625132755,0.05204586725829705,9.830271714721466,0.0,0.0,0.21070068741351275,-0.9994480507184538,0.03322038402973467,0.0
57.584,-5.008777598188169,0.04937242328685518,9.884813408102202,0.0,0.0,0.258674667175768,-0.9993019985721832,0.037356601152149886,0.0
57.6,-3.486655747350594,0.03128434194929142,9.792480040827282,0.0,0.0,0.3066581370609948,-0.9991066682776014,0.04225950074516899,0.0
57.616,0.0,0.0,9.785073190450332,0.0,0.0,0.35465084907713446,-0.9988507686487753,0.0479285089456233,0.0
57.632,0.0,0.0,9.839514973997257,0.0,0.0,0.4026130789444705,-0.9985212470820131,0.05436284692491197,0.0
57.648,0.0,0.0,9.820091375048724,0.0,0.0,0.45069561652227735,-0.9981032932921226,0.06156148080918109,0.0
57.664,0.0,0.0,9.774862497906257,0.0,0.0,0.4986219595933942,-0.9975803443582827,0.06952306487785319,0.0
57.68,0.0,0.0,9.877233469430024,0.0,0.0,0.5465751907897514,-0.9969340913844297,0.07824587807355499,0.0
57.696,0.0,0.0,9.805916754779163,0.0,0.0,0.594715325651207,-0.9961444881147435,0.08772775386737981,0.0
57.712,0.0,0.0,9.741564250036522,0.0,0.0,0.6428069967882216,-0.9951897618801362,0.09796600353672745,0.0
57.728,0.0,0.0,9.77413088886711,0.0,0.0,0.6907759782571348,-0.9940464272864921,0.10895733292881582,0.0
57.744,0.0,0.0,9.802467288176652,0.0,0.0,0.7386475423819719,-0.9926893030896583,0.12069775280165161,0.0
57.76,0.0,0.0,9.859470336124112,0.0,0.0,0.7867142581957193,-0.9910915327356543,0.13318248285601106,0.0
57.776,0.0,0.0,9.7633004916074,0.0,0.0,0.8347222410596314,-0.9892246090771211,0.14640584959699177,0.0
57.792,0.0,0.0,9.858741316926745,0.0,0.0,0.8826464091484609,-0.9870584038084094,0.16036117819221435,0.0
57.808,0.0,0.0,9.72433295767692,0.0,0.0,0.9306983605410432,-0.9845612021917025,0.1750406785259632,0.0
57.824,0.0,0.0,9.835050772444157,0.0,0.0,0.9790290647462468,-0.9816997436749073,0.1904353256846577,0.0
57.84,0.0,0.0,9.813808134451397,0.0,0.0,1.0268461318252318,-0.978439269028416,0.20653473514917317,0.0
57.856,0.0,0.0,9.849269242990369,0.0,0.0,1.0744369629586772,-0.9747435746519254,0.22332703301388845,0.0
57.872,0.0,0.0,9.888994320373904,0.0,0.0,1.1226831980867562,-0.9705750747239069,0.2407987216010138,0.0
57.888,0.0,0.0,9.759471058847211,0.0,0.0,1.1706831358400607,-0.9658948718846662,0.2589345408919109,0.0
57.904,0.0,0.0,9.808696031101722,0.0,0.0,1.2186720139689717,-0.9606628371587743,0.27771732625469064,0.0
57.92,0.0,0.0,9.828506550078824,0.0,0.0,1.2667170055427561,-0.9548376998335035,0.29712786300962113,0.0
57.936,0.0,0.0,9.81922694778135,0.0,0.0,1.3147353240401387,-0.9483771480162558,0.31714473844059404,0.0
57.952,0.0,0.0,9.797725573920912,0.0,0.0,1.362557031602676,-0.9412379405953174,0.33774419193212785,0.0
57.968,0.0,0.0,9.809054258389104,0.0,0.0,1.410553164414096,-0.9333760313239671,0.3588999639870709,0.0
57.984,0.0,0.0,9.756886090533817,0.0,0.0,1.4585523889061758,-0.9247467057374689,0.3805831449600723,0.0
58.0,0.0,0.0,9.746194598968694,0.0,0.0,1.4996917982188445,-0.9153477366587223,0.4026642782688259,0.0
58.016,0.0,0.0,9.794078059609166,0.0,0.0,1.5000012520427495,-0.9054216031953315,0.4245135103470745,0.0
58.032000000000004,0.0,0.0,9.757265004838294,0.0,0.0,1.5000117335481638,-0.8949740219769767,0.44611825784914244,0.0
58.048,0.0,0.0,9.828121084992636,0.0,0.0,1.499996552290128,-0.8840110099440006,0.4674660782321944,0.0
58.064,0.0,0.0,9.755455422581518,0.0,0.0,1.4998080114872365,-0.8725388808821495,0.4885446769221077,0.0
58.08,0.0,0.0,9.822134583848865,0.0,0.0,1.500010117955913,-0.8605642417863544,0.5093419143941298,0.0
58.096000000000004,0.0,0.0,9.865960722573718,0.0,0.0,1.4999457474615432,-0.8480939890556538,0.5298458131642342,0.0
58.112,0.0,0.0,9.81150816077253,0.0,0.0,1.500113973469324,-0.8351353045214376,0.5500445646871588,0.0
58.128,0.0,0.0,9.793853219359475,0.0,0.0,1.5000934213808959,-0.8216956513113058,0.5699265361571518,0.0
58.144,0.0,0.0,9.850460636722168,0.0,0.0,1.500117585810208,-0.8077827695509298,0.589480277207499,0.0
58.160000000000004,0.0,0.0,9.733126392314574,0.0,0.0,1.4999984121081105,-0.79340467190638,0.6086945265049867,0.0
58.176,0.0,0.0,9.733175016219972,0.0,0.0,1.5000189727297135,-0.7785696389694939,0.6275582182354972,0.0
58.192,0.0,0.0,9.808601039555056,0.0,0.0,1.5000094957186787,-0.763286214488944,0.6460604884769985,0.0
58.208,0.0,0.0,9.77460006612412,0.0,0.0,1.4995413028012268,-0.7475632004497448,0.6641906814562629,0.0
58.224000000000004,0.0,0.0,9.844444471974917,0.0,0.0,1.500001074058654,-0.7314096520040413,0.6819383556857082,0.0
58.24,0.0,0.0,9.779407816055286,0.0,0.0,1.4999953223921785,-0.7148348722560907,0.6992932899768298,0.0
58.256,0.0,0.0,9.79874312932349,0.0,0.0,1.4997297413873767,-0.697848406904448,0.7162454893267558,0.0
58.272,0.0,0.0,9.815232233990749,0.0,0.0,1.46036287239565,-0.6809276282066696,0.7323507118483872,0.0
58.288000000000004,0.0,0.0,9.82568153759156,0.0,0.0,1.4310900046094974,-0.6639818393131728,0.7477486991378159,0.0
58.304,0.0,0.0,9.742343117738173,0.0,0.0,1.3960580404749339,-0.64711553980144,0.7623919452273161,0.0
58.32,0.0,0.0,9.852949275721377,0.0,0.0,1.3664670311418554,-0.630296786632137,0.7763542752900913,0.0
58.336,0.0,0.0,9.800662926228341,0.0,0.0,1.3341382852286983,-0.6135831080214172,0.7896301473163102,0.0
58.352000000000004,0.0,0.0,9.81272017206485,0.0,0.0,1.3047248468592525,-0.5969681523247091,0.8022649344886157,0.0
58.368,0.0,0.0,9.838803772225143,0.0,0.0,1.2746605900432912,-0.5804859700983336,0.8142702490690646,0.0
58.384,0.0,0.0,9.76813349923965,0.0,0.0,1.2457926922246112,-0.5641404893125287,0.8256788166825044,0.0
58.4,0.0,0.0,9.85048021410187,0.0,0.0,1.217118064691143,-0.5479534511808993,0.8365088256192771,0.0
58.416000000000004,0.0,0.0,9.804885512537359,0.0,0.0,1.189704736467041,-0.531932141295653,0.8467869844634017,0.0
58.432,0.0,0.0,9.82457002632666,0.0,0.0,1.1624869094755206,-0.5160913579188529,0.8565335429984482,0.0
58.448,0.0,0.0,9.870807821313662,0.0,0.0,1.1359942809239598,-0.5004387241743968,0.8657719580505607,0.0
58.464,0.0,0.0,9.854135906734538,0.0,0.0,1.1099916155390506,-0.4849847406687797,0.8745226133831169,0.0
58.480000000000004,0.0,0.0,9.78126278182307,0.0,0.0,1.0844870829190987,-0.4697361410800159,0.8828068632284501,0.0
58.496,0.0,0.0,9.932796290212764,0.0,0.0,1.0597193628374575,-0.45470049612206825,0.8906444064980956,0.0
58.512,0.0,0.0,9.843049452817771,0.0,0.0,1.0354727011830687,-0.43988323348011904,0.8980549765482485,0.0
58.528,0.0,0.0,9.788093541037485,0.0,0.0,1.0117073282629148,-0.4252897566266571,0.9050572484149491,0.0
58.544000000000004,0.0,0.0,9.781295464985016,0.0,0.0,0.9882597069059265,-0.4109241268534493,0.9116695464748895,0.0
58.56,0.0,0.0,9.820236539584219,0.0,0.0,0.9657470672165972,-0.39679005004210177,0.9179093943236374,0.0
58.576,0.0,0.0,9.79859335196662,0.0,0.0,0.943406798511735,-0.3828903086888261,0.9237938143937615,0.0
58.592,0.0,0.0,9.721375141215548,0.0,0.0,0.9215520342635285,-0.3692272326012103,0.9293391473007321,0.0
58.608000000000004,0.0,0.0,9.841619632189097,0.0,0.0,0.9003353075536104,-0.35580246686257827,0.9345611828952152,0.0
58.624,0.0,0.0,9.870682724276833,0.0,0.0,0.8792896766856568,-0.3426172062362235,0.9394750927996363,0.0
58.64,0.0,0.0,9.843076937238704,0.0,0.0,0.8590936422883697,-0.3296721117794289,0.944095492370815,0.0
58.656,0.0,0.0,9.82084289920415,0.0,0.0,0.8391542299796227,-0.3169674358808424,0.948436420953521,0.0
58.672000000000004,0.0,0.0,9.784878386163307,0.0,0.0,0.8195294569709903,-0.30450300316422835,0.952511375818665,0.0
58.688,0.0,0.0,9.778557930969722,0.0,0.0,0.8005952366347575,-0.29227828376623227,0.9563333126262338,0.0
58.704,0.0,0.0,9.817173503990535,0.0,0.0,0.7820014245045929,-0.2802924007583983,0.9599146681226897,0.0
58.72,0.0,0.0,9.82298470805495,0.0,0.0,0.7636038555055505,-0.26854417790137053,0.9632673691739366,0.0
58.736000000000004,0.0,0.0,9.820544473716167,0.0,0.0,0.7456743854633927,-0.2570321568406277,0.966402850963228,0.0
58.752,0.0,0.0,9.773879748058622,0.0,0.0,0.7281554617818853,-0.2457546313937208,0.9693320695966561,0.0
58.768,0.0,0.0,9.824813380903365,0.0,0.0,0.711245115956161,-0.23470966723422332,0.9720655184229099,0.0
58.784,0.0,0.0,9.907498443310748,0.0,0.0,0.6944095912675574,-0.2238951283596894,0.9746132420077198,0.0
58.800000000000004,0.0,0.0,9.841493922519495,0.0,0.0,0.6779697490590909,-0.21330869621423787,0.9769848515301462,0.0
58.816,0.0,0.0,9.756537555605995,0.0,0.0,0.6619963735915554,-0.2029478910814757,0.9791895391115969,0.0
58.832,0.0,0.0,9.838967971388973,0.0,0.0,0.6464336018026513,-0.192810089478817,0.9812360925868813,0.0
58.848,0.0,0.0,9.84577126445962,0.0,0.0,0.6311498967075174,-0.18289254189538404,0.9831329096917901,0.0
58.864000000000004,0.0,0.0,9.775838047018151,0.0,0.0,0.6160574419382328,-0.173192388116066,0.9848880122626401,0.0
58.88,0.0,0.0,9.855624852692145,0.0,0.0,0.6013897829365522,-0.1637066721111919,0.9865090600223998,0.0
58.896,0.0,0.0,9.79824629023872,0.0,0.0,0.5871022700888495,-0.15443235529932164,0.988003364182888,0.0
58.912,0.0,0.0,9.842894896025346,0.0,0.0,0.5730848065207791,-0.14536632910266975,0.989377900684675,0.0
58.928000000000004,0.0,0.0,9.900757143472061,0.0,0.0,0.5593871529257445,-0.13650542629734733,0.9906393231602405,0.0
58.944,0.0,0.0,9.847151373732524,0.0,0.0,0.5460288499349327,-0.12784643160068662,0.9917939755448059,0.0
58.96,0.0,0.0,9.813885275356219,0.0,0.0,0.5328415056136097,-0.11938609130408727,0.9928479043655841,0.0
58.976,0.0,0.0,9.869532331561482,0.0,0.0,0.5200424985923533,-0.11112112217698382,0.9938068706776625,0.0
58.992000000000004,0.0,0.0,9.798000888823958,0.0,0.0,0.5075590334174487,-0.1030482195834572,0.9946763616577402,0.0
59.008,0.0,0.0,9.86959751129098,0.0,0.0,0.49508409955163013,-0.09516406493720989,0.9954616018433994,0.0
59.024,0.0,0.0,9.748481749602359,0.0,0.0,0.48315879311418697,-0.0874653324925365,0.996167564023227,0.0
59.04,0.0,0.0,9.804406650404502,0.0,0.0,0.4714856909635315,-0.07994869554945232,0.9967989797747292,0.0
59.056000000000004,0.0,0.0,9.754267851172148,0.0,0.0,0.4599932477361932,-0.07261083209282174,0.9973603496544206,0.0
59.072,0.0,0.0,9.716394874997446,0.0,0.0,0.4487864419693023,-0.0654484299196951,0.997855953041844,0.0
59.088,0.0,0.0,9.80873463897538,0.0,0.0,0.43775672217690903,-0.05845819128215774,0.9982898576425682,0.0
59.104,0.0,0.0,9.781150672569625,0.0,0.0,0.4269160662295965,-0.05163683708663257,0.9986659286546671,0.0
59.120000000000005,0.0,0.0,9.785015239123009,0.0,0.0,0.4165375547389084,-0.0449811106780654,0.9989878376047266,0.0
59.136,0.0,0.0,9.790328141791198,0.0,0.0,0.40621181846048354,-0.03848778124195332,0.9992590708595404,0.0
59.152,0.0,0.0,9.869177937844151,0.0,0.0,0.3960661099753337,-0.03215364685099709,0.999482937820442,0.0
59.168,0.0,0.0,9.831793589478375,0.0,0.0,0.38635134921851294,-0.025975537183911133,0.999662578807473,0.0
59.184000000000005,4.967090090592438,-0.02711190842844563,9.866495731556265,0.0,0.0,0.3383440695850552,-0.020564272340022727,0.9997885329924152,0.0
59.2,5.00580278305204,0.003838663198246218,9.778032141490115,0.0,0.0,0.2902189157629041,-0.015920307433289985,0.9998732638745921,0.0
59.216,5.004785721045638,0.02690300583068565,9.734384423952056,0.0,0.0,0.24234060279911074,-0.012043943346279968,0.9999274690839691,0.0
59.232,4.993079271063829,0.04241549712841914,9.807315980106853,0.0,0.0,0.1943012086445348,-0.008935367797759478,0.9999600788043085,0.0
59.248000000000005,4.986574427913398,0.050645488379303986,9.794677111439825,0.0,0.0,0.14630930010091714,-0.006594689629285245,0.9999782547979198,0.0
59.264,5.0109287753914105,0.05107740584229895,9.879706088791067,0.0,0.0,0.09831289142100641,-0.005021966304170881,0.999987389847712,0.0
59.28,5.015885950501867,0.04330920877432655,9.717369784944216,0.0,0.0,0.050292811365004096,-0.004217224615049601,0.9999911074687348,0.0
59.296,4.998245686330156,0.02796058319094585,9.774034992719795,0.0,0.0,0.0022970827520603964,-0.004180474597690077,0.9999912617778908,0.0
59.312000000000005,5.033304880316158,0.002663247312604,9.804415320778268,0.0,0.0,-0.014760715213672173,-0.004416623935272118,0.9999902466689436,0.0
59.328,4.976177774499973,-0.009415762260474365,9.801374680493883,0.0,0.0,-0.014564755937773967,-0.004649683902484271,0.9999891901613772,0.0
59.344,4.986977286602996,-0.010519866202087507,9.815853601590428,0.0,0.0,-0.01438330183998563,-0.004879772948060387,0.9999880938371095,0.0
59.36,4.998568222289034,-0.011461843261710262,9.814855666661968,0.0,0.0,-0.014202912169425376,-0.005107006755174653,0.9999869591559695,0.0
59.376000000000005,5.005789091312523,-0.012548251354296708,9.8645353359855,0.0,0.0,-0.014029591826109106,-0.00533149844829449,0.9999857874611497,0.0
59.392,4.986951698108277,-0.013487536198600599,9.866651255001909,0.0,0.0,-0.013865649825315848,-0.005553358796016025,0.9999845799841529,0.0
59.408,5.000206020057112,-0.014519079223454159,9.789786081140816,0.0,0.0,-0.013707870215688348,-0.005772696408820877,0.9999833378492722,0.0
59.424,4.993899099390953,-0.015370101513692435,9.874230736333391,0.0,0.0,-0.013557270318055745,-0.005989617935006023,0.999982062077612,0.0
59.44,5.0075386124776005,-0.0163027370344239,9.76543159568264,0.0,0.0,-0.013411950176598459,-0.006204228252921614,0.9999807535906807,0.0
59.456,4.979624121157113,-0.01717233753923195,9.789509709814489,0.0,0.0,-0.013273818510587187,-0.006416630662280979,0.9999794132135641,0.0
59.472,5.002143657206283,-0.0180760631938898,9.8354324264143,0.0,0.0,-0.013142933668613745,-0.006626927075710328,0.9999780416776827,0.0
59.488,4.981466635024184,-0.018871378617143393,9.77747214522965,0.0,0.0,-0.013016649928263879,-0.006835218209742303,0.999976639623159,0.0
59.504,5.0080226304940085,-0.01978259788246679,9.857313115452547,0.0,0.0,-0.01289937228279157,-0.007041603778137649,0.9999752076007843,0.0
59.52,4.987630085185071,-0.020541898045848127,9.873774234477764,0.0,0.0,-0.012785766631001711,-0.00724618268733934,0.9999737460735966,0.0
59.536,4.998166857698377,-0.021465795452801893,9.858517671036768,0.0,0.0,-0.012681932892886157,-0.00744905323615679,0.9999722554180616,0.0
59.552,4.993764530094689,-0.02232935650599549,9.815623885228401,0.0,0.0,-0.012579315133572471,-0.007650313319811998,0.9999707359248613,0.0
59.568,5.0045772678916105,-0.023216347205965562,9.761608326714017,0.0,0.0,-0.012483106241787341,-0.007850060640542231,0.9999691877992742,0.0
59.584,5.003325676765552,-0.023914245889593,9.805200456236387,0.0,0.0,-0.012394735451749106,-0.008048392926239952,0.999967611161134,0.0
59.6,5.019334814600374,-0.024858820999215717,9.851666817796083,0.0,0.0,-0.01231555533017978,-0.008245408157951715,0.9999660060443599,0.0
59.616,4.989184209535519,-0.02557852325097387,9.81275215043835,0.0,0.0,-0.012237774030647656,-0.008441204808431775,0.999964372396028,0.0
59.632,5.035253710456024,-0.026611891381518878,9.745665639225136,0.0,0.0,-0.012168938591304256,-0.00863588209390595,0.9999627100749608,0.0
59.648,5.038879602334444,-0.027127674317316577,9.804595202228777,0.0,0.0,-0.012101964053003275,-0.008829540241218691,0.9999610188497995,0.0
59.664,4.9927325348667315,-0.028059178332521598,9.823574118779153,0.0,0.0,-0.012044182407851272,-0.00902228077185697,0.9999592983965266,0.0
59.68,1.243672121229446,-0.029788401745304133,9.876001723738884,0.0,0.0,-0.011996866006058012,-0.009214206807254325,0.999957548295383,0.0
59.696,8.637648177097814e-06,-0.030012029734412287,9.798117610826692,0.0,0.0,-0.011949131777459496,-0.009405367379779143,0.9999557685540155,0.0
59.712,8.569305779617703e-06,-0.0297951062191238,9.805058336362778,0.0,0.0,-0.011901048557438513,-0.009595793459939451,0.9999539593140647,0.0
59.728,8.536556995380074e-06,-0.029738598889025615,9.770928445659683,0.0,0.0,-0.011857844739016656,-0.00978551636513918,0.9999521206885196,0.0
59.744,8.427865089674985e-06,-0.029715828661744034,9.789856015522888,0.0,0.0,-0.011814380693463387,-0.009974567789524179,0.9999502527613122,0.0
59.76,8.347048933627053e-06,-0.029484490888146475,9.840374184096875,0.0,0.0,-0.011774774536114453,-0.010162979836313382,0.9999483555868507,0.0
59.776,8.305428277301297e-06,-0.029369632823078032,9.760552687216983,0.0,0.0,-0.011738058160973524,-0.010350785051483836,0.9999464291894932,0.0
59.792,8.25601319617891e-06,-0.029221473583563112,9.847083738979176,0.0,0.0,-0.011704261743819137,-0.010538016459312183,0.999944473562959,0.0
59.808,8.224981892165834e-06,-0.029346850449263207,9.806853155368644,0.0,0.0,-0.011667506904516074,-0.010724707600656415,0.9999424886696638,0.0
59.824,8.20473848533693e-06,-0.029185008068252045,9.759718877986836,0.0,0.0,-0.01163750991924605,-0.010910892573068407,0.9999404744399834,0.0
59.84,8.177075159650105e-06,-0.029256982338593685,9.829063000093608,0.0,0.0,-0.011605754923661019,-0.01109660607350668,0.9999384307714397,0.0
59.856,8.062517545803897e-06,-0.028988348362985895,9.854268542644546,0.0,0.0,-0.011581543716577285,-0.011281883443800564,0.9999363575277983,0.0
59.872,8.053179623302374e-06,-0.02896992636760835,9.826991421844413,0.0,0.0,-0.011555249363299673,-0.011466760719263253,0.9999342545380707,0.0
59.888,8.014151505569454e-06,-0.028634118272376868,9.770280890986117,0.0,0.0,-0.011533610194241335,-0.01165127468007073,0.9999321215954259,0.0
59.904,8.051150516194512e-06,-0.028936606899398462,9.833561703581289,0.0,0.0,-0.01151332508787221,-0.011835462906602706,0.9999299584559843,0.0
59.92,7.990731571086428e-06,-0.028809752296827508,9.837769819923444,0.0,0.0,-0.01149524996742135,-0.012019363838235701,0.9999277648375029,0.0
59.936,7.882950564967581e-06,-0.028696003685593927,9.816611498190271,0.0,0.0,-0.011478185195561897,-0.012203016836404948,0.9999255404179306,0.0
59.952,7.877081451921933e-06,-0.028563479846301986,9.82229964475495,0.0,0.0,-0.011466666920479223,-0.012386462252179053,0.9999232848338293,0.0
59.968,7.843984313125725e-06,-0.028756987094314585,9.773057059250208,0.0,0.0,-0.011454362135389966,-0.012569741498516486,0.9999209976786468,0.0
59.984,7.87734134644835e-06,-0.028477761512456384,9.817533515033716,0.0,0.0,-0.011449658013365702,-0.012752897128316017,0.9999186785008242,0.0
60.0,7.854381246916423e-06,-0.02849892995797528,9.842986659371089,0.0,0.0,-0.011444864295208803,-0.012935972917894374,0.9999163268017317,0.0
60.016,7.856491840013098e-06,-0.028684546213827197,9.810088588524302,0.0,0.0,-0.011440347493228146,-0.013119013957173888,0.9999139420334091,0.0
60.032000000000004,7.89861599694613e-06,-0.02879678346692827,9.724436278902076,0.0,0.0,-0.01144235161112801,-0.013302066746768763,0.9999115235960953,0.0
60.048,7.904947665614045e-06,-0.02855890105127477,9.765161440622027,0.0,0.0,-0.011447107060081011,-0.013485179302874822,0.9999090708355282,0.0
60.064,7.818608662921226e-06,-0.028569256017624764,9.826407103719799,0.0,0.0,-0.011451871124782647,-0.013668401270779135,0.9999065830399863,0.0
60.08,7.877537506357641e-06,-0.028831907939416118,9.864808393676807,0.0,0.0,-0.011462371903586737,-0.013851784047628794,0.9999040594370533,0.0
60.096000000000004,7.95776069121087e-06,-0.028630561699407364,9.796900511414206,0.0,0.0,-0.011476405653127315,-0.014035380915601223,0.9999014991900722,0.0
60.112,7.901243047211996e-06,-0.02866989724060103,9.833866551586937,0.0,0.0,-0.011491538911416674,-0.014219247186496609,0.9998989013942606,0.0
60.128,7.918172447436425e-06,-0.028407473989701705,9.792359687957639,0.0,0.0,-0.011511604737678172,-0.014403440359275526,0.999896265072441,0.0
60.144,7.919865796903738e-06,-0.028835545423949435,9.874356595102345,0.0,0.0,-0.011537757279736962,-0.014588020291164584,0.99989358917036,0.0
60.160000000000004,7.968739220263764e-06,-0.028779658994936657,9.805144468110608,0.0,0.0,-0.0115665492555795,-0.014773049385031331,0.9998908725515337,0.0
60.176,8.045123290730735e-06,-0.028928938018768578,9.743743310892807,0.0,0.0,-0.011599539020412466,-0.014958592793500954,0.9998881139915798,0.0
60.192,8.135765114993222e-06,-0.029074755644398213,9.737854780450697,0.0,0.0,-0.011634246054512942,-0.015144718643160327,0.9998853121719609,0.0
60.208,8.139968266243828e-06,-0.02913451128305718,9.78932639798214,0.0,0.0,-0.011676634237255847,-0.015331498279818567,0.9998824656730891,0.0
60.224000000000004,8.247411360897652e-06,-0.029289174605348654,9.752739279623647,0.0,0.0,-0.011720183041905311,-0.01551900653855083,0.999879572966693,0.0
60.24,8.227757688940709e-06,-0.02945493263329882,9.775948152498291,0.0,0.0,-0.011771052394487492,-0.015707322040739928,0.9998766324073728,0.0
60.256,8.275020498046589e-06,-0.029700402991625657,9.8251353416184,0.0,0.0,-0.011825647151042335,-0.015896527521889553,0.999873642223229,0.0
60.272,8.403293658047988e-06,-0.029515356522496903,9.813229659046819,0.0,0.0,-0.011887958497635503,-0.016086710193918722,0.9998706005054538,0.0
60.288000000000004,8.500465300204985e-06,-0.02992876747651454,9.816427502306071,0.0,0.0,-0.011954121782057714,-0.016277962146650175,0.9998675051967398,0.0
60.304,8.623729400655557e-06,-0.029850730389434536,9.806927556778408,0.0,0.0,-0.01202683864500707,-0.0164703807935299,0.9998643540783501,0.0
60.32,8.766706825396067e-06,-0.029938632785861116,9.801419748490806,0.0,0.0,-0.012107161948542463,-0.016664069367555916,0.9998611447556672,0.0
60.336,-0.017217249963396422,-0.030250584439457454,9.821082282599715,0.0,0.0,-0.012194076519517868,-0.016859137474529634,0.9998578746419989,0.0
60.352000000000004,-4.325000671863722,-0.031213490004004325,9.720623901520206,0.0,0.0,-0.012286549716238231,-0.017055701193646817,0.999854540949229,0.0
60.368,-2.5999158443472137,-0.030433250926843475,9.847128579970798,0.0,0.0,-0.012380112615904134,-0.017253749254899284,0.9998511429891197,0.0
60.384,-3.174129719384454,-0.03014421697454051,9.805568210009081,0.0,0.0,-0.012472858745239838,-0.017453321730289625,0.9998476791794734,0.0
60.4,-2.8801425243796523,-0.029845974835891298,9.815230370153717,0.0,0.0,-0.012572176964596034,-0.01765443951131742,0.9998441482378849,0.0
60.416000000000004,-2.8989248404523615,-0.029487057420141134,9.810315970743053,0.0,0.0,-0.012671743849475866,-0.017857132209589024,0.9998405487022665,0.0
60.432,-2.8264521890050998,-0.02914452026311087,9.806450479153458,0.0,0.0,-0.012770017859109108,-0.018061427182714196,0.999836879119851,0.0
60.448,-2.751237062197768,-0.02850924057781637,9.878948113669347,0.0,0.0,-0.01287142890907205,-0.018267353920385,0.9998331379689052,0.0
60.464,-2.6998470235865732,-0.02804961110681446,9.758037790826307,0.0,0.0,-0.012975459018992875,-0.01847494236383691,0.9998293236871247,0.0
60.480000000000004,-2.6574903722250798,-0.02806005721045968,9.788303795495711,0.0,0.0,-0.013081732547682023,-0.018684223625578412,0.9998254346572253,0.0
60.496,-2.5908386346959915,-0.027586084872759046,9.826761327188008,0.0,0.0,-0.013190996286427737,-0.018895229763457526,0.9998214692094717,0.0
60.512,-2.5361497851268173,-0.027384719179102245,9.812984106194564,0.0,0.0,-0.013302839891055348,-0.019107993931586197,0.9998174256172526,0.0
60.528,-2.5015757994583665,-0.026754434279740762,9.80212494015329,0.0,0.0,-0.013412668990537016,-0.019322550385745194,0.9998133020952413,0.0
60.544000000000004,-2.4445807823432317,-0.026675169012903954,9.843168375075113,0.0,0.0,-0.013527726765351975,-0.01953893454989287,0.9998090967963109,0.0
60.56,-2.3961267342099237,-0.026291175139585083,9.79396020345591,0.0,0.0,-0.013646412998817869,-0.019757183062321236,0.9998048078087254,0.0
60.576,-2.346424833798928,-0.02613186160407122,9.841077104061283,0.0,0.0,-0.013762818678355954,-0.019977333833941905,0.9998004331529804,0.0
60.592,-2.2931172833666946,-0.025723167209167418,9.852502524892524,0.0,0.0,-0.013883216778588493,-0.02019942610617047,0.9997959707785291,0.0
60.608000000000004,-2.25484487393175,-0.0253071002652905,9.830544212024723,0.0,0.0,-0.014008577181223936,-0.020423500513741397,0.9997914185602743,0.0
60.624,-2.2183664045200113,-0.025128578973831008,9.898794618862546,0.0,0.0,-0.014134473653433274,-0.020649599150365915,0.999786774294864,0.0
60.64,-2.1676936442267207,-0.02497600931974505,9.75904599421243,0.0,0.0,-0.014264220890162264,-0.02087776563879203,0.9997820356967471,0.0
60.656,-2.116638391874531,-0.024599770111839343,9.833742123689541,0.0,0.0,-0.014395836510258303,-0.021108045204862237,0.9997772003939825,0.0
60.672000000000004,-2.083725137372466,-0.024241287987870508,9.865104033644181,0.0,0.0,-0.014530306807528606,-0.02134048475598769,0.999772265923785,0.0
60.688,-2.041405176368527,-0.0240731667788047,9.751174816030174,0.0,0.0,-0.01466797357883216,-0.02157513296470556,0.9997672297277779,0.0
60.704,-1.9969132871528503,-0.023764881889668507,9.856815177122789,0.0,0.0,-0.014811384863996864,-0.021812040357169785,0.9997620891469416,0.0
60.72,-1.9645444617011292,-0.02353982114429821,9.811188073063713,0.0,0.0,-0.014954111921178256,-0.022051259407415213,0.999756841416225,0.0
60.736000000000004,-1.904694032782609,-0.023234365098762047,9.81331126091158,0.0,0.0,-0.015100188210642343,-0.022292844637534524,0.9997514836587976,0.0
60.752,-1.8807815633419156,-0.023116234333477263,9.855665664212385,0.0,0.0,-0.015256879152820497,-0.02253685272435279,0.9997460128799118,0.0
60.768,-1.8356901962629182,-0.022765698489662093,9.843378666946744,0.0,0.0,-0.01540902827163822,-0.022783342613096953,0.9997404259603461,0.0
60.784,-1.8229218580262065,-0.02232827821453234,9.812181018654027,0.0,0.0,-0.015568707338783834,-0.02303237563870484,0.9997347196493868,0.0
60.800000000000004,-1.7720950712842227,-0.02234142906658125,9.830541927940589,0.0,0.0,-0.015730570802442376,-0.023284015655070052,0.9997288905573223,0.0
60.816,-1.7285391958979497,-0.022140368896755816,9.843553513307572,0.0,0.0,-0.01590068599639916,-0.02353832917331175,0.9997229351473982,0.0
60.832,-1.705420815977243,-0.022078346546421282,9.750742874345983,0.0,0.0,-0.016072611295545755,-0.023795385509544745,0.9997168497271876,0.0
60.848,-1.6709279819449978,-0.021717161814841447,9.857587535427422,0.0,0.0,-0.01624729688373776,-0.024055256942893545,0.9997106304393344,0.0
60.864000000000004,-1.6306840651459582,-0.021501022495466794,9.86571809029809,0.0,0.0,-0.016427696316603315,-0.02431801888500374,0.9997042732515995,0.0
60.88,-1.604833155410754,-0.021133431273009286,9.84319737078578,0.0,0.0,-0.016615988394489325,-0.02458375006142029,0.999697773946165,0.0
60.896,-1.5715198618034234,-0.02111644738108417,9.82146120900506,0.0,0.0,-0.016804275179530547,-0.024852532706554797,0.999691128108112,0.0
60.912,-1.5335719001656372,-0.0208290018440127,9.747366263030736,0.0,0.0,-0.017000504131112884,-0.025124452772951007,0.9996843311130068,0.0
60.928000000000004,-1.5042984435622173,-0.020693613044535486,9.790125114707168,0.0,0.0,-0.017202500048088893,-0.025399600156429676,0.9996773781135061,0.0
60.944,-1.4841769989409441,-0.020666804873124375,9.830965467187513,0.0,0.0,-0.01740901244352747,-0.025678068938328517,0.9996702640248928,0.0
60.96,-1.4555630899687537,-0.02023476945244549,9.845822011927698,0.0,0.0,-0.017622491612524292,-0.02595995764663154,0.9996629835094353,0.0
60.976,-1.4218108720909308,-0.02023445556469055,9.833634061087386,0.0,0.0,-0.01784139547200848,-0.02624536953786522,0.9996555309594505,0.0
60.992000000000004,-1.3941470351729168,-0.01991245017542692,9.809226741364613,0.0,0.0,-0.01807229355090292,-0.02653441290132733,0.9996479004789546,0.0
61.008,-1.3755688159541803,-0.01986536622647572,9.872159178186486,0.0,0.0,-0.01830676122291463,-0.02682720138825114,0.9996400858637444,0.0
61.024,-1.3376940476269523,-0.019739314771780272,9.828965527638378,0.0,0.0,-0.018545620658980223,-0.027123854368308876,0.9996320805797535,0.0
61.04,-1.3109182328282747,-0.019546122744488182,9.82253357840944,0.0,0.0,-0.01879673915358153,-0.027424497316005422,0.9996238777395048,0.0
61.056000000000004,-1.2785135693428047,-0.019446848133787074,9.840796745867893,0.0,0.0,-0.019053378548996247,-0.02772926223028802,0.9996154700764509,0.0
61.072,-1.2568805490222748,-0.019177915270683982,9.78066891233443,0.0,0.0,-0.019319341664816348,-0.02803828809068037,0.9996068499169781,0.0
61.088,-1.2328043413003227,-0.019129633565932374,9.762584963369969,0.0,0.0,-0.0196002641000665,-0.028351721353896978,0.9995980091498137,0.0
61.104,-1.2078250017044727,-0.01918122980081178,9.798596033208458,0.0,0.0,-0.019880463804821984,-0.028669716495337633,0.9995889391925448,0.0
61.120000000000005,-1.1852160780783636,-0.018906950881463425,9.792274846608048,0.0,0.0,-0.020177755396254344,-0.028992436600330445,0.9995796309549209,0.0
61.136,-1.1603933043767733,-0.01871752879154768,9.78557361777315,0.0,0.0,-0.02048262769347885,-0.029320054010835463,0.9995700747985614,0.0
61.152,-1.132121554336734,-0.018671542145986285,9.784912448980839,0.0,0.0,-0.02080403247289109,-0.029652751033889025,0.9995602604926439,0.0
61.168,-1.1148546898468659,-0.01869488103512781,9.866670710950887,0.0,0.0,-0.02113314346480047,-0.029990720718895223,0.9995501771650892,0.0
61.184000000000005,-1.1018069648116746,-0.018532532387273037,9.781884705041302,0.0,0.0,-0.0214747866011258,-0.03033416771233613,0.9995398132486769,0.0
61.2,-1.074925238203374,-0.018445233796525035,9.82243517927809,0.0,0.0,-0.02182962600197181,-0.030683309198648742,0.9995291564214723,0.0
61.216,-1.04982322283014,-0.018388064801713167,9.86178568831659,0.0,0.0,-0.0221992704384956,-0.031038375938742847,0.9995181935408106,0.0
61.232,-1.0215587171867608,-0.018267023458628323,9.84391798871378,0.0,0.0,-0.022589756667353283,-0.03139961341790602,0.9995069105700101,0.0
61.248000000000005,-1.0041480432995915,-0.018452102352308496,9.81974117507598,0.0,0.0,-0.022991286279350556,-0.03176728311745424,0.9994952924968359,0.0
61.264,-0.9880599921372635,-0.018211070609286603,9.784728557185305,0.0,0.0,-0.02341018765388377,-0.03214166392658547,0.9994833232425794,0.0
61.28,-0.9615163470666083,-0.01824746458246414,9.800222894984625,0.0,0.0,-0.023845931310301244,-0.032523053713194944,0.9994709855604457,0.0
61.296,-0.9472480192607325,-0.0180894914031424,9.885887332361754,0.0,0.0,-0.024310623790973266,-0.03291177107571213,0.9994582609217155,0.0
61.312000000000005,-0.9286598012146134,-0.018104999289053316,9.787620884964996,0.0,0.0,-0.02478829451809531,-0.0333081573016549,0.9994451293878862,0.0
61.328,-0.9087768538501324,-0.017932417830472305,9.822727690638416,0.0,0.0,-0.02528888344929878,-0.03371257856265017,0.999431569466693,0.0
61.344,-0.8910680739505031,-0.01807567851918208,9.842862194702601,0.0,0.0,-0.02581981558120277,-0.03412542838115822,0.9994175579495301,0.0
61.36,-0.8730424466929726,-0.018017230248793037,9.835452486017273,0.0,0.0,-0.026373410650897884,-0.03454713041036011,0.9994030697273296,0.0
61.376000000000005,-0.8604345982596369,-0.01818229574128308,9.78324093389429,0.0,0.0,-0.026953151765857546,-0.03497814157568916,0.9993880775814323,0.0
61.392,-0.8412956115045982,-0.01820976537081733,9.82610448919415,0.0,0.0,-0.027565380562167324,-0.03541895563662668,0.9993725519452746,0.0
61.408,-0.826265368780773,-0.01810703754990341,9.863638186735997,0.0,0.0,-0.028213902184402617,-0.03587010723740477,0.9993564606319294,0.0
61.424,-0.8091591237174287,-0.0182117252680829,9.85507582093755,0.0,0.0,-0.028897441352936974,-0.03633217652973673,0.9993397685215034,0.0
61.44,-0.7889826426423139,-0.01846850350448095,9.816766441005798,0.0,0.0,-0.029625156945597437,-0.036805794466989374,0.9993224372011537,0.0
61.456,-0.7743249251651749,-0.018367880768881704,9.79521827183834,0.0,0.0,-0.03038216162274883,-0.0372916488906538,0.9993044245489042,0.0
61.472,-0.7535831263175002,-0.01843870879052396,9.798624422229738,0.0,0.0,-0.031201132072970764,-0.03779049155525885,0.999285684250511,0.0
61.488,-0.7460709709825697,-0.01853120586841787,9.761791749321752,0.0,0.0,-0.032065094747560224,-0.03830314627096243,0.9992661652361423,0.0
61.504,-0.7295131563834272,-0.01874996662175009,9.77409825398555,0.0,0.0,-0.032980470463572366,-0.03883051838411456,0.999245811020502,0.0
61.52,-0.7149859648594494,-0.01879114100116291,9.947552560142734,0.0,0.0,-0.03396664276184986,-0.0393736058681369,0.9992245589260409,0.0
61.536,-0.699935365031434,-0.018896641320387788,9.871423103994399,0.0,0.0,-0.03501873790579115,-0.039933512364635236,0.9992023391637069,0.0
61.552,-0.683507622816269,-0.018996358882278536,9.799012560378152,0.0,0.0,-0.03615825186678279,-0.04051146260036166,0.9991790737390268,0.0
61.568,-0.6694792659994236,-0.019205359110048007,9.801069486897163,0.0,0.0,-0.03736259308756104,-0.041108820719205914,0.9991546751424807,0.0
61.584,-0.6569287217383245,-0.019738347653252008,9.834209927911939,0.0,0.0,-0.03868263890261634,-0.04172711221546692,0.9991290447715739,0.0
61.6,-0.6447809107707038,-0.01995752901935728,9.724930507601126,0.0,0.0,-0.040088807683253874,-0.04236805035183617,0.9991020710164624,0.0
61.616,-0.6268077134892264,-0.02012669710295058,9.76844894279361,0.0,0.0,-0.04163674864771881,-0.04303356820790769,0.9990736269201062,0.0
61.632,-0.6191651504566121,-0.020480784487340198,9.813021924347801,0.0,0.0,-0.043311231364378984,-0.04372585786205333,0.9990435672953545,0.0
61.648,-0.6113375896132437,-0.02089821326352887,9.833830189070238,0.0,0.0,-0.045146034255508435,-0.04444741869893436,0.9990117251419033,0.0
61.664,-0.5956173768709868,-0.02134023659487934,9.855907872827833,0.0,0.0,-0.047153745764516516,-0.04520111751450619,0.9989779071508239,0.0
61.68,-0.5810188626959767,-0.021792039584579818,9.78353139924571,0.0,0.0,-0.04937103950791477,-0.04599026404963045,0.9989418880058265,0.0
61.696,-0.5678383153866561,-0.022206343265712122,9.76784079543547,0.0,0.0,-0.05182231359459999,-0.04681870695591545,0.9989034030770824,0.0
61.712,-0.5569575907114706,-0.023231645661523487,9.790887779953167,0.0,0.0,-0.05457484888296076,-0.047690957196614925,0.9988621389369359,0.0
61.728,-5.022001247317281,-0.02384592066729892,9.835586457389436,0.0,0.0,-0.0065767576447092295,-0.047796063033827337,0.9988571150862702,0.0
61.744,-4.988693993295979,0.0010361825955586353,9.853398694526572,0.0,0.0,0.04142918006422419,-0.04713403591738059,0.9988885736948538,0.0
61.76,-5.017384437239098,0.018231678298307935,9.844545401583495,0.0,0.0,0.08941711971857606,-0.045704804438404,0.9989549894020487,0.0
61.776,-5.016138517453007,0.0278749677611207,9.758403190483738,0.0,0.0,0.13739001350952595,-0.0435082201871376,0.999053069048961,0.0
61.792,-5.008131607748679,0.029531728804904425,9.784441514145508,0.0,0.0,0.1854363745763564,-0.04054407039954653,0.9991777511311173,0.0
61.808,-1.661911999338573,0.011253219736911771,9.887753487198374,0.0,0.0,0.23346278031345977,-0.03681209739594377,0.9993222050396516,0.0
61.824,0.0,0.0,9.798490009608358,0.0,0.0,0.2814580697821923,-0.03231202481503371,0.9994778301955239,0.0
61.84,0.0,0.0,9.844256679302331,0.0,0.0,0.32944014796758103,-0.027043590647591195,0.9996342552178199,0.0
61.856,0.0,0.0,9.769773713843986,0.0,0.0,0.37748636890293796,-0.02100658707267098,0.9997793373037664,0.0
61.872,0.0,0.0,9.767334269822602,0.0,0.0,0.425362181681213,-0.01420090709778741,0.9998991620346526,0.0
61.888,0.0,0.0,9.734761176238791,0.0,0.0,0.4735273071572297,-0.006626598000500686,0.9999780438584338,0.0
61.904,0.0,0.0,9.800191127965027,0.0,0.0,0.5213803633359715,0.0017160784357273813,0.9999985275363171,0.0
61.92,0.0,0.0,9.863315977856166,0.0,0.0,0.5694607063105721,0.010826578906974495,0.9999413908770709,0.0
61.936,0.0,0.0,9.854295595186494,0.0,0.0,0.6174466517677915,0.02070400481793274,0.9997856491190996,0.0
61.952,0.0,0.0,9.86365051909202,0.0,0.0,0.665529885209181,0.031347021793177804,0.9995085613563788,0.0
61.968,0.0,0.0,9.825971558047247,0.0,0.0,0.71336505345864,0.0427537725190364,0.9990856394400787,0.0
61.984,0.0,0.0,9.85220166160142,0.0,0.0,0.7613996216405372,0.054921782985753204,0.9984906598229479,0.0
62.0,0.0,0.0,9.779595546313784,0.0,0.0,0.8094213964552532,0.06784786221852158,0.997695678848203,0.0
62.016,0.0,0.0,9.759386651824169,0.0,0.0,0.8574597891639715,0.08152799561107733,0.9966710520184883,0.0
62.032000000000004,0.0,0.0,9.893252569988217,0.0,0.0,0.9053105210562398,0.09595723200307608,0.995385457813358,0.0
62.048,0.0,0.0,9.826022643318861,0.0,0.0,0.9535354598762988,0.11112956467467025,0.9938059266553094,0.0
62.064,0.0,0.0,9.820196083527067,0.0,0.0,1.0013093052305144,0.12703780646723378,0.9918978756545422,0.0
62.08,0.0,0.0,9.859927651813415,0.0,0.0,1.0495251260358784,0.1436734592798055,0.9896251497908561,0.0
62.096000000000004,0.0,0.0,9.792571427578277,0.0,0.0,1.09748464339504,0.1610265782350008,0.9869500702172969,0.0
62.112,0.0,0.0,9.82239803715078,0.0,0.0,1.1453419271894327,0.1790856308577719,0.983833490393712,0.0
62.128,0.0,0.0,9.82580058068055,0.0,0.0,1.193426637418598,0.19783735166396813,0.9802348607790826,0.0
62.144,0.0,0.0,9.812414627295675,0.0,0.0,1.2413656845083083,0.21726659261456324,0.9761123028287564,0.0
62.160000000000004,0.0,0.0,9.825399084442855,0.0,0.0,1.2893942091250834,0.23735616995488137,0.9714226930560917,0.0
62.176,0.0,0.0,9.72827193604842,0.0,0.0,1.3375193787822213,0.2580867080265459,0.9661217579270331,0.0
62.192,0.0,0.0,9.830997639403988,0.0,0.0,1.3855687872470839,0.27943648071319926,0.9601641803601204,0.0
62.208,0.0,0.0,9.800626759087585,0.0,0.0,1.4333623386890175,0.30138125125899523,0.9535037186029022,0.0
62.224000000000004,0.0,0.0,9.819937703270341,0.0,0.0,1.481558390568284,0.3238941112815371,0.9460933382479465,0.0
62.24,0.0,0.0,9.78360960447461,0.0,0.0,1.500019558516188,0.3465038140982334,0.9380485631433891,0.0
62.256,0.0,0.0,9.791007195250444,0.0,0.0,1.50002283444553,0.36891395945428307,0.929463549860759,0.0
62.272,0.0,0.0,9.800658890722397,0.0,0.0,1.5002205086187879,0.39111164096448114,0.9203432426557338,0.0
62.288000000000004,0.0,0.0,9.752403687414523,0.0,0.0,1.5001148793307895,0.41308407460517665,0.9106928940688979,0.0
62.304,0.0,0.0,9.80851212754329,0.0,0.0,1.5000135416206735,0.4348186060768117,0.9005180619007142,0.0
62.32,0.0,0.0,9.855015113700373,0.0,0.0,1.4998410356254652,0.456302718091749,0.8898246060106912,0.0
62.336,0.0,0.0,9.874969540768815,0.0,0.0,1.5001476929183386,0.4775240375831881,0.8786186849425921,0.0
62.352000000000004,0.0,0.0,9.78340039751479,0.0,0.0,1.5001265126610586,0.4984703428310308,0.8669067523776214,0.0
62.368,0.0,0.0,9.852549884873165,0.0,0.0,1.4998922808425779,0.5191295705005737,0.8546955534176423,0.0
62.384,0.0,0.0,9.847972683850163,0.0,0.0,1.4997901941159268,0.5394898225899928,0.8419921207005553,0.0
62.4,0.0,0.0,9.822196370652538,0.0,0.0,1.4997953289354204,0.5595393732826005,0.8288037703500839,0.0
62.416000000000004,0.0,0.0,9.916235264115874,0.0,0.0,1.5000129096644828,0.5792666756999482,0.815138097762294,0.0
62.432,0.0,0.0,9.79852940192903,0.0,0.0,1.5002412952468807,0.5986603685518713,0.8010029732312719,0.0
62.448,0.0,0.0,9.719284866100507,0.0,0.0,1.5000696304296697,0.617709282679645,0.7864065374164932,0.0
62.464,0.0,0.0,9.814167747259846,0.0,0.0,1.5000114270157157,0.6364024474884961,0.7713571966544761,0.0
62.480000000000004,0.0,0.0,9.802576367098041,0.0,0.0,1.4998073195687183,0.6547290972657598,0.7558636181174242,0.0
62.496,0.0,0.0,9.822022469351724,0.0,0.0,1.5000652539244714,0.6726786773810282,0.7399347248216634,0.0
62.512,0.0,0.0,9.817435730749542,0.0,0.0,1.5000255611987887,0.6902408503647528,0.7235796904887138,0.0
62.528,0.0,0.0,9.823759768859354,0.0,0.0,1.499895606413371,0.7074055018617617,0.7068079342619953,0.0
62.544000000000004,0.0,0.0,9.775956007179968,0.0,0.0,1.5002083693062982,0.7241627464562919,0.6896291152821787,0.0
62.56,0.0,0.0,9.770107080242537,0.0,0.0,1.4999993307104877,0.740502933365169,0.672053127124322,0.0
62.576,0.0,0.0,9.787060187588656,0.0,0.0,1.475691179908164,0.7561610780909669,0.6543855316098505,0.0
62.592,0.0,0.0,9.74024931353293,0.0,0.0,1.4355917344904228,0.7709917783083543,0.6368450971632909,0.0
62.608000000000004,0.0,0.0,9.833626965343818,0.0,0.0,1.4075849347695446,0.785134856443736,0.6193248398030503,0.0
62.624,0.0,0.0,9.785549968191013,0.0,0.0,1.3724849925164806,0.7985445332831825,0.6019357344131882,0.0
62.64,0.0,0.0,9.767906727434271,0.0,0.0,1.3431996311207137,0.8112947354218749,0.5846373681836888,0.0
62.656,0.0,0.0,9.815321141756115,0.0,0.0,1.3110932996279498,0.8233810749072757,0.5674888593483921,0.0
62.672000000000004,0.0,0.0,9.79074816108641,0.0,0.0,1.282245848324202,0.8348490570258716,0.5504789296449165,0.0
62.688,0.0,0.0,9.840870978694731,0.0,0.0,1.252386928064147,0.8457110024055609,0.5336411719593809,0.0
62.704,0.0,0.0,9.796734264924233,0.0,0.0,1.2240759684620623,0.8559997443542249,0.5169762447787151,0.0
62.72,0.0,0.0,9.836831904615769,0.0,0.0,1.1959220850799916,0.8657338597171934,0.5005046294882505,0.0
62.736000000000004,0.0,0.0,9.809762570892538,0.0,0.0,1.1685004899885012,0.8749400999288941,0.4842311653915068,0.0
62.752,0.0,0.0,9.763451619989185,0.0,0.0,1.141599263967346,0.8836388764716582,0.4681691318187328,0.0
62.768,0.0,0.0,9.817317406314395,0.0,0.0,1.115413932542579,0.8918536071862672,0.4523241573792444,0.0
62.784,0.0,0.0,9.81248489244998,0.0,0.0,1.089821155546652,0.8996046743194754,0.436705197979771,0.0
62.800000000000004,0.0,0.0,9.839772654978633,0.0,0.0,1.06494138824189,0.9069133105622335,0.4213172760818738,0.0
62.816,0.0,0.0,9.803663090394048,0.0,0.0,1.0401762498761413,0.9137990935555858,0.40616648879122197,0.0
62.832,0.0,0.0,9.768060289025408,0.0,0.0,1.0162723682924346,0.9202815605218441,0.3912567563167178,0.0
62.848,0.0,0.0,9.761898900309276,0.0,0.0,0.9926316806608865,0.9263791760759672,0.3765921163975849,0.0
62.864000000000004,0.0,0.0,9.85034902148766,0.0,0.0,0.9697313738297586,0.932110005426379,0.3621752859928955,0.0
62.88,0.0,0.0,9.75716653584456,0.0,0.0,0.9471769534455455,0.9374912950699877,0.34800872355157586,0.0
62.896,0.0,0.0,9.782826033637289,0.0,0.0,0.9249971605282732,0.9425397575331758,0.33409400693413016,0.0
62.912,0.0,0.0,9.771420700752364,0.0,0.0,0.9036073736666753,0.9472714068189003,0.320432335795471,0.0
62.928000000000004,0.0,0.0,9.8210473370079,0.0,0.0,0.8825108417890476,0.9517016837559268,0.3070242745063228,0.0
62.944,0.0,0.0,9.874699405725833,0.0,0.0,0.8620441030292747,0.9558453973432989,0.29386999911122463,0.0
62.96,0.0,0.0,9.804702327719735,0.0,0.0,0.8416903933230904,0.9597167851523847,0.28096920168725187,0.0
62.976,0.0,0.0,9.81710133950229,0.0,0.0,0.8219843497630238,0.9633294987175994,0.2683212196239779,0.0
62.992000000000004,0.0,0.0,9.873915311620927,0.0,0.0,0.8027887498843421,0.9666966376718974,0.25592500994206946,0.0
63.008,0.0,0.0,9.793175643244037,0.0,0.0,0.7838940107446795,0.9698307534372179,0.24377922324800075,0.0
63.024,0.0,0.0,9.82788978992502,0.0,0.0,0.7656714590849355,0.9727438727726544,0.23188220712952162,0.0
63.04,0.0,0.0,9.881877304057715,0.0,0.0,0.7475181409953958,0.9754475089855713,0.2202320531027302,0.0
63.056000000000004,0.0,0.0,9.803324474102917,0.0,0.0,0.7298532289500055,0.9779526811388752,0.2088266109797442,0.0
63.072,0.0,0.0,9.818785041863995,0.0,0.0,0.7124846387129029,0.9802699282129396,0.19766352177728277,0.0
63.088,0.0,0.0,9.834648433538725,0.0,0.0,0.6957889753303584,0.9824093263841411,0.18674023517565277,0.0
63.104,0.0,0.0,9.769941406608314,0.0,0.0,0.6791896208509591,0.9843805041542734,0.176054034435393,0.0
63.120000000000005,0.0,0.0,9.772893917147186,0.0,0.0,0.6628952157867064,0.9861926585772128,0.1656020536358439,0.0
63.136,0.0,0.0,9.812468212811735,0.0,0.0,0.6471849969073413,0.9878545704616731,0.15538129751673363,0.0
63.152,0.0,0.0,9.855914439773288,0.0,0.0,0.6317441272089179,0.9893746198251109,0.1453886572120305,0.0
63.168,0.0,0.0,9.755832938041097,0.0,0.0,0.6165911377288942,0.9907608007449692,0.13562092650910312,0.0
63.184000000000005,0.0,0.0,9.850213299937042,0.0,0.0,0.6018295847373001,0.9920207360992875,0.12607481568111714,0.0
63.2,0.0,0.0,9.767013879015352,0.0,0.0,0.5873833698373809,0.9931616918526353,0.11674696499871509,0.0
63.216,0.0,0.0,9.787483668793925,0.0,0.0,0.5731032214034948,0.9941905910727387,0.10763395664212404,0.0
63.232,0.0,0.0,9.877193295185718,0.0,0.0,0.5594279142081529,0.9951140275390896,0.0987323259876526,0.0
63.248000000000005,0.0,0.0,9.689396980039367,0.0,0.0,0.5459238720720516,0.99593827901155,0.09003857173185352,0.0
63.264,0.0,0.0,9.877621190721301,0.0,0.0,0.5326072882605757,0.9966693201036453,0.08154916531845942,0.0
63.28,0.0,0.0,9.822983788940515,0.0,0.0,0.519620692205562,0.9973128347854849,0.07326055945828074,0.0
63.296,0.0,0.0,9.817675298313482,0.0,0.0,0.5069274836352746,0.9978742284956273,0.06516919597675394,0.0
63.312000000000005,0.0,0.0,9.81546071138547,0.0,0.0,0.49464493781231644,0.9983586398723077,0.05727151292148607,0.0
63.328,0.0,0.0,9.867438646446281,0.0,0.0,0.48243630550080663,0.9987709520983636,0.04956395105848751,0.0
63.344,0.0,0.0,9.793395429234163,0.0,0.0,0.47057513646780785,0.999115803866343,0.04204295974965708,0.0
63.36,0.0,0.0,9.840635628282799,0.0,0.0,0.458951557793364,0.9993975999651251,0.03470500228998971,0.0
63.376000000000005,0.0,0.0,9.805888005615147,0.0,0.0,0.44757355893177053,0.9996205214942517,0.027546560721086036,0.0
63.392,0.0,0.0,9.862583979107969,0.0,0.0,0.4364649031910444,0.9997885357108708,0.020564140174419963,0.0
63.408,0.0,0.0,9.786197544559476,0.0,0.0,0.42558490332476817,0.9999054055162384,0.013754272769108847,0.0
63.424,5.001024227955192,-0.0301715740734735,9.804021658538709,0.0,0.0,0.377689509332865,0.9999702641005902,0.007711738753107768,0.0
63.440000000000005,5.017384448547003,0.003837599517310612,9.767068788717543,0.0,0.0,0.32968373286339353,0.9999970307174122,0.0024369153369094374,0.0
63.456,4.9834034904497315,0.03017879114153257,9.810139696262675,0.0,0.0,0.28163490034571564,0.9999978575832701,-0.0020699828187460676,0.0
63.472,5.006275903813256,0.0487308190965829,9.847620528310491,0.0,0.0,0.23369331372755806,0.9999831284481564,-0.0058088569476302185,0.0
63.488,5.014032543697079,0.06040197556324173,9.83701626206317,0.0,0.0,0.1856717554958412,0.9999614578289794,-0.008779684307686428,0.0
63.504,4.989747065466391,0.06342039401455779,9.794382545811683,0.0,0.0,0.13769836329524865,0.9999396906918872,-0.010982485101885986,0.0
63.52,5.0333557992734494,0.05905651502009928,9.801746733705869,0.0,0.0,0.08968521410133411,0.9999229024056047,-0.012417296193277565,0.0
63.536,4.964433018107565,0.04677217023924896,9.770809198233076,0.0,0.0,0.041675733705155864,0.9999143988244743,-0.01308415161522463,0.0
63.552,4.984902969761648,0.02701104056373362,9.854691251462615,0.0,0.0,-0.0063182226027244165,0.9999157163964254,-0.012983069876717176,0.0
63.568,4.993624294470765,-0.0029056524349171846,9.792838328283894,0.0,0.0,-0.020963396019778674,0.9999200149095447,-0.012647678968722976,0.0
63.584,4.982102311364136,-0.015158879839825544,9.877694861182443,0.0,0.0,-0.02065487860545149,0.9999241401656241,-0.012317220223627951,0.0
63.6,4.994397412369585,-0.016556640630792877,9.843311099079571,0.0,0.0,-0.020354041277800827,0.9999280984452414,-0.011991577864640852,0.0
63.616,5.002653791134094,-0.017828143020458768,9.838471539147838,0.0,0.0,-0.02005850361744626,0.9999318957748663,-0.011670638889193138,0.0
63.632,5.026882948765676,-0.01934542920424024,9.820686525170903,0.0,0.0,-0.019771154828626097,0.9999355379378427,-0.011354292974776062,0.0
63.648,5.025650391745795,-0.020546395000286412,9.755556512131577,0.0,0.0,-0.01949932570194179,0.9999390304848388,-0.01104243238787947,0.0
63.664,4.983920751356091,-0.021834553000796383,9.715899760269666,0.0,0.0,-0.019217336342370935,0.9999423787437918,-0.010734951895914445,0.0
63.68,4.9925277010511,-0.023101602839803607,9.858815196868735,0.0,0.0,-0.018950701894267737,0.9999455878293763,-0.010431748681936796,0.0
63.696,4.994153816351329,-0.024312381056594307,9.773967988608565,0.0,0.0,-0.018689698284233836,0.9999486626520183,-0.010132722262062075,0.0
63.712,5.007674633429259,-0.025356059299795067,9.778505535799253,0.0,0.0,-0.018434569648941627,0.9999516079264779,-0.00983777440541719,0.0
63.728,4.977778553624953,-0.026509801737456262,9.79734418492077,0.0,0.0,-0.01818679388041092,0.999954428180024,-0.009546809056501609,0.0
63.744,5.008778115112397,-0.027702421033167755,9.835641363571463,0.0,0.0,-0.01794210156768402,0.9999571277602236,-0.009259732259839951,0.0
63.76,5.001918565478814,-0.028798030210188306,9.839879265589127,0.0,0.0,-0.017707189715559582,0.9999597108423588,-0.00897645208679673,0.0
63.776,5.006281886136603,-0.029689750333006807,9.76568076017644,0.0,0.0,-0.0174723684904377,0.9999621814364958,-0.008696878564440732,0.0
63.792,5.01026624493923,-0.030725974975546005,9.797653952132736,0.0,0.0,-0.017247306470110687,0.9999645433942227,-0.008420923606337722,0.0
63.808,5.012416030841744,-0.03182167625495633,9.864911050105178,0.0,0.0,-0.017027471555872326,0.9999668004150671,-0.008148500945173852,0.0
63.824,5.0169862632094455,-0.03248873605135005,9.745745277275736,0.0,0.0,-0.01681525674490167,0.9999689560526157,-0.007879526067091925,0.0
63.84,4.9973846204498065,-0.03356879194220906,9.73217270226067,0.0,0.0,-0.01660045995262702,0.9999710137203462,-0.007613916147633554,0.0
63.856,4.983858579435995,-0.03448375316078196,9.8379060678709,0.0,0.0,-0.01639435853057501,0.9999729766971861,-0.007351589989196694,0.0
63.872,4.99152095208305,-0.03541056269073621,9.83542054301275,0.0,0.0,-0.01619261613587337,0.9999748481328107,-0.007092467959898437,0.0
63.888,5.018731974892358,-0.03638132275063754,9.787930546705695,0.0,0.0,-0.01600028469578155,0.9999766310526957,-0.006836471933740096,0.0
63.904,5.032967992001072,-0.03716988672518183,9.826981905614247,0.0,0.0,-0.01581161781181343,0.99997832836293,-0.006583525231988486,0.0
63.92,1.2525843217728563,-0.03906328743223724,9.722993082454117,0.0,0.0,-0.015624071600676673,0.9999799428548045,-0.006333552565670214,0.0
63.936,1.4513204686819448e-05,-0.039078494223145445,9.76402387658734,0.0,0.0,-0.015441193127365659,0.9999814770517208,-0.006086505849735496,0.0
63.952,1.4215041274599175e-05,-0.03858238691613359,9.826880490251202,0.0,0.0,-0.015258731553042543,0.9999829333493317,-0.0058423462809224025,0.0
63.968,1.38750537051729e-05,-0.03815649741834256,9.814683106530948,0.0,0.0,-0.015082355602883074,0.999984314077209,-0.005601035576912669,0.0
63.984,1.3526456098010248e-05,-0.037869290935253326,9.793650890280219,0.0,0.0,-0.014908373804632656,0.9999856215006199,-0.005362535969021509,0.0
64.0,1.325884129850259e-05,-0.03753308825713012,9.7705664816435,0.0,0.0,-0.014733123232161398,0.9999868578222539,-0.005126810194984433,0.0
64.016,1.2919719746150052e-05,-0.03681507783997372,9.790263400518391,0.0,0.0,-0.01456250123494999,0.999988025183905,-0.004893821491835465,0.0
64.032,1.2514462814764217e-05,-0.03621098832878092,9.822022220277633,0.0,0.0,-0.014396549918990368,0.9999891256681072,-0.0046635335888968055,0.0
64.048,1.2393991169060653e-05,-0.03595155211166324,9.817607978829779,0.0,0.0,-0.014228147853682678,0.9999901612997271,-0.004435910700851864,0.0
64.06400000000001,1.2040318412686373e-05,-0.035610981563819435,9.802213625869268,0.0,0.0,-0.014061369878906462,0.9999911340475136,-0.004210917520919745,0.0
64.08,1.1771148855817744e-05,-0.035219256777435565,9.822190523910336,0.0,0.0,-0.013897486645558907,0.9999920458256049,-0.00398851921412015,0.0
64.096,1.1488936645152593e-05,-0.03487016422476932,9.783064774319712,0.0,0.0,-0.013740620378016622,0.9999928984949971,-0.003768681410634825,0.0
64.112,1.1283196108121912e-05,-0.03449905895521434,9.769496199525028,0.0,0.0,-0.013580641582886717,0.9999936938649703,-0.00355137019925093,0.0
64.128,1.0979969224042927e-05,-0.03393137579368816,9.76328871337659,0.0,0.0,-0.013425135859880004,0.9999944336944804,-0.0033365521209068887,0.0
64.144,1.0746809999832246e-05,-0.0335653760169453,9.795141281621529,0.0,0.0,-0.013269588234320314,0.9999951196935094,-0.003124194162311452,0.0
64.16,1.0501365422435021e-05,-0.033199110232424285,9.813324227253473,0.0,0.0,-0.01312050423073588,0.9999957535243825,-0.0029142637496640486,0.0
64.176,1.0272670303822202e-05,-0.03277521749469931,9.781076969001038,0.0,0.0,-0.012971103585177945,0.9999963368030479,-0.0027067287424465047,0.0
64.19200000000001,1.0037441971162228e-05,-0.03231265578629086,9.844276751831,0.0,0.0,-0.012822847003812626,0.9999968711003239,-0.0025015574273148616,0.0
64.208,9.854113146757713e-06,-0.03209887869047239,9.81207593656016,0.0,0.0,-0.012678419259565425,0.999997357943111,-0.0022987185120584746,0.0
64.224,9.571410154171291e-06,-0.03162931093001771,9.788542631777489,0.0,0.0,-0.012533053307401548,0.9999977988155719,-0.0020981811196511217,0.0
64.24,9.346155443261044e-06,-0.03154440095345809,9.843908236978407,0.0,0.0,-0.012390049184701067,0.9999981951602813,-0.0018999147823828483,0.0
64.256,9.148972513356564e-06,-0.03093931395653535,9.838896766328546,0.0,0.0,-0.012251357119931687,0.9999985483793412,-0.0017038894360635072,0.0
64.272,8.91513365625195e-06,-0.030695928284332707,9.824649317361011,0.0,0.0,-0.012112502549234065,0.9999988598354715,-0.0015100754143151471,0.0
64.288,8.768658712540029e-06,-0.030262813329547562,9.852944358758737,0.0,0.0,-0.011974352466244257,0.9999991308530662,-0.0013184434429293179,0.0
64.304,8.585790461023624e-06,-0.029863247252251274,9.823753050949682,0.0,0.0,-0.011842379347063382,0.9999993627192242,-0.0011289646343159965,0.0
64.32000000000001,8.352190930866263e-06,-0.029701996235275203,9.818749619963679,0.0,0.0,-0.011710342936184417,0.9999995566847518,-0.0009416104820093189,0.0
64.336,8.156606174196382e-06,-0.02909284477801091,9.790925796685427,0.0,0.0,-0.011578778966052094,0.9999997139651383,-0.0007563528552634702,0.0
64.352,7.98586373959627e-06,-0.029097363759466255,9.800961872010054,0.0,0.0,-0.011450418927514423,0.9999998357415049,-0.0005731639937116935,0.0
64.368,7.80830482381716e-06,-0.028482034910535938,9.852379921741576,0.0,0.0,-0.01132206467855572,0.9999999231615281,-0.00039201650209644983,0.0
64.384,7.658849558914144e-06,-0.02839658941278488,9.782887338594982,0.0,0.0,-0.011196486463286337,0.9999999773403404,-0.00021288334507566284,0.0
64.4,7.4383207701762e-06,-0.028048543758100588,9.784866187983345,0.0,0.0,-0.01107060915639687,0.9999999993614035,-3.573784209841863e-05,0.0
64.416,7.248488763574862e-06,-0.02754944790232131,9.820665185762463,0.0,0.0,-0.010948905113261749,0.9999999902773594,0.00013944633766204562,0.0
64.432,7.124820240374114e-06,-0.02742713727350222,9.856650140470487,0.0,0.0,-0.010828187037845398,0.9999999511108609,0.0003126951802938283,0.0
64.44800000000001,7.023413507185076e-06,-0.02714329848855673,9.811092351162221,0.0,0.0,-0.01070903109608427,0.9999998828553758,0.00048403433207204894,0.0
64.464,6.796565321707657e-06,-0.02667650725188165,9.803911420772938,0.0,0.0,-0.010593078932107427,0.9999997864759724,0.0006534891043235889,0.0
64.48,6.715124751389524e-06,-0.026749729164153472,9.77642001098601,0.0,0.0,-0.010473910712257527,0.999999662910083,0.0008210844782181972,0.0
64.496,6.535997253695873e-06,-0.02627328554474382,9.830583245331223,0.0,0.0,-0.010360279968283268,0.9999995130682464,0.0009868451095036942,0.0
64.512,6.394906211015127e-06,-0.025855327112259248,9.826363422452863,0.0,0.0,-0.010247274757772705,0.9999993378348315,0.0011507953331799147,0.0
64.528,6.266948394409175e-06,-0.025566954993787566,9.819298187910888,0.0,0.0,-0.010135474834779045,0.99999913806874,0.0013129591681020323,0.0
64.544,6.1570154566667715e-06,-0.025369215501509824,9.753208906663302,0.0,0.0,-0.010025021186201521,0.9999989146040925,0.0014733603215367815,0.0
64.56,5.928066754938196e-06,-0.02504932830217379,9.795823792855597,0.0,0.0,-0.009917056635606965,0.9999986682508931,0.0016320221936468933,0.0
64.57600000000001,5.8286129006065495e-06,-0.02470178612379785,9.773600346027793,0.0,0.0,-0.009810406424452398,0.9999983997956785,0.0017889678819294867,0.0
64.592,5.698190873331399e-06,-0.02441221829173828,9.81969806506023,0.0,0.0,-0.009701980460259805,0.9999981100021489,0.0019442201855855137,0.0
64.608,5.59536559080109e-06,-0.02404407224644407,9.81864310325231,0.0,0.0,-0.0095990712481836,0.999997799611782,0.002097801609840668,0.0
64.624,5.4821775218899266e-06,-0.023917920988784782,9.781579162206585,0.0,0.0,-0.009496658916770432,0.9999974693444297,0.002249734370211286,0.0
64.64,5.397315125300297e-06,-0.02372124151978147,9.832043278867443,0.0,0.0,-0.009394454689528457,0.9999971198988996,0.002400040396707907,0.0
64.656,5.243316907208348e-06,-0.023588318964459787,9.818111904744502,0.0,0.0,-0.009295898926108555,0.9999967519535211,0.002548741337993998,0.0
64.672,5.13227662801599e-06,-0.023277172570979672,9.775159747246729,0.0,0.0,-0.009193471884547316,0.9999963661666951,0.002695858565488506,0.0
64.688,5.020123490818703e-06,-0.022881552147305327,9.785011225373848,0.0,0.0,-0.009095981406307959,0.9999959631774297,0.0028414131774157723,0.0
64.70400000000001,4.928445028056916e-06,-0.022829017209739302,9.756740142228786,0.0,0.0,-0.009000700410490442,0.9999955436058612,0.0029854260028054544,0.0
64.72,4.834146144969569e-06,-0.022640143730873415,9.822313588494206,0.0,0.0,-0.008905380929133795,0.9999951080537612,0.003127917605444209,0.0
64.736,4.73286109760985e-06,-0.02230707859465091,9.814165002699895,0.0,0.0,-0.008812684336160122,0.9999946571050299,0.0032689082877753566,0.0
64.752,4.673607745621637e-06,-0.022079075543701854,9.740162549736377,0.0,0.0,-0.008719072587186594,0.9999941913261755,0.0034084180947544862,0.0
64.768,4.54981999034242e-06,-0.02184386362897994,9.756942186448716,0.0,0.0,-0.008627298606396917,0.9999937112667817,0.003546466817653018,0.0
64.784,4.402949556042053e-06,-0.02151149521278837,9.827303036434408,0.0,0.0,-0.008537330194087455,0.9999932174599621,0.003683073997817675,0.0
64.8,4.318179417493963e-06,-0.021309812540904548,9.801292219526042,0.0,0.0,-0.008448956630682635,0.9999927104228015,0.003818258930386754,0.0
64.816,4.2663901865647695e-06,-0.021084058124650615,9.86166963756141,0.0,0.0,-0.008359858409957255,0.9999921906567865,0.003952040667958959,0.0
64.83200000000001,4.15426278358816e-06,-0.02080736119967114,9.788652997786876,0.0,0.0,-0.008274000935887316,0.9999916586482243,0.0040844380242147935,0.0
64.848,4.054642257028194e-06,-0.020693566685112057,9.843413855679941,0.0,0.0,-0.008187734298211199,0.9999911148686478,0.004215469577509119,0.0
64.864,3.984480831773113e-06,-0.020406078968863206,9.800772475680692,0.0,0.0,-0.00810620275594233,0.999990559775214,0.0043451536744009474,0.0
64.88,3.909785912111685e-06,-0.020283418152020696,9.767256311119935,0.0,0.0,-0.00802186718801921,0.9999899938110873,0.004473508433159262,0.0
64.896,3.830642842215883e-06,-0.020009135563552046,9.863336788882604,0.0,0.0,-0.007939923508760051,0.9999894174058149,0.004600551747222239,0.0
64.912,3.7540685333973206e-06,-0.019839161316163183,9.778621577117395,0.0,0.0,-0.007858828667571609,0.9999888309756912,0.004726301288615622,0.0
64.928,3.65480265961606e-06,-0.019694834887066873,9.80535859612932,0.0,0.0,-0.007778658165546971,0.9999882349241116,0.004850774511332898,0.0
64.944,3.620693963372982e-06,-0.019367585330553928,9.827851382853785,0.0,0.0,-0.007701814288018023,0.9999876296419187,0.004973988654682173,0.0
64.96000000000001,3.5302889161138687e-06,-0.01925527335552428,9.887273812985212,0.0,0.0,-0.007621935780635744,0.9999870155077363,0.005095960746589488,0.0
64.976,3.4723870188838053e-06,-0.019047153408035408,9.824605681067736,0.0,0.0,-0.007545666272044283,0.9999863928882955,0.005216707606871473,0.0
64.992,3.3933876581221196e-06,-0.01888381941332982,9.784185074602417,0.0,0.0,-0.007471878609896786,0.9999857621387533,0.0053362458504677855,0.0
65.008,3.3389010174007937e-06,-0.018737212860122213,9.817265518737702,0.0,0.0,-0.0073968300637132535,0.9999851236029997,0.005454591890647281,0.0
65.024,3.2775256514172767e-06,-0.018619732088780535,9.77909131115283,0.0,0.0,-0.007323285571710246,0.9999844776139577,0.005571761942169734,0.0
65.04,3.2032254118315713e-06,-0.01822328287121045,9.84015751480149,0.0,0.0,-0.0072514000965992285,0.9999838244938757,0.005687772024424862,0.0
65.056,3.1388104355912842e-06,-0.01809424313003227,9.777645027323075,0.0,0.0,-0.007179363784030324,0.9999831645546103,0.005802637964533059,0.0
65.072,3.0928249267920836e-06,-0.01797063466057024,9.762002729716778,0.0,0.0,-0.007108622025096161,0.9999824980979024,0.005916375400418551,0.0
65.08800000000001,2.9967518721313174e-06,-0.017867729630723098,9.829430017652049,0.0,0.0,-0.007038067614363862,0.9999818254156454,0.00602899978385115,0.0
65.104,2.9260895964408186e-06,-0.017618177157727254,9.758592318145388,0.0,0.0,-0.006969650794500226,0.9999811467901453,0.006140526383462604,0.0
65.12,2.900184928055367e-06,-0.017455307816733042,9.791227794225348,0.0,0.0,-0.006902459069599663,0.9999804624943741,0.006250970287725113,0.0
65.136,2.845682996338773e-06,-0.017222821884434636,9.897699137186716,0.0,0.0,-0.0068353294473503705,0.9999797727922157,0.006360346407915077,0.0
65.152,2.769763279918865e-06,-0.01711230286803452,9.82768380314548,0.0,0.0,-0.006771218005442207,0.9999790779387062,0.006468669481041688,0.0
65.168,2.73534172851145e-06,-0.016874727450081693,9.769623259083808,0.0,0.0,-0.0067043215048259224,0.9999783781802651,0.006575954072751833,0.0
65.184,2.6816482498595185e-06,-0.016741977520818675,9.81144775720536,0.0,0.0,-0.006640715134960378,0.9999776737549214,0.006682214580212698,0.0
65.2,2.620111227928082e-06,-0.016618169977575873,9.835788421217217,0.0,0.0,-0.0065780254032275845,0.999976964892534,0.0067874652349682865,0.0
65.21600000000001,2.5911954541530547e-06,-0.016352977747057046,9.809067922002273,0.0,0.0,-0.006516658793871793,0.9999762518150037,0.006891720105776904,0.0
65.232,2.5404113521789047e-06,-0.01622630349792328,9.785436227766212,0.0,0.0,-0.006453958218517428,0.999975534736481,0.006994993101418125,0.0
65.248,2.4773495199252185e-06,-0.016117801692745938,9.728042636495012,0.0,0.0,-0.006393436438321343,0.999974813863567,0.007097297973492502,0.0
65.264,2.441849951803741e-06,-0.015954198518193026,9.772791896746256,0.0,0.0,-0.006334971267503012,0.9999740893955088,0.007198648319188055,0.0
65.28,2.4051909182124763e-06,-0.015796862876772365,9.816385517822974,0.0,0.0,-0.006275567076867569,0.9999733615243884,0.007299057584038848,0.0
65.296,2.3508040825532004e-06,-0.015713891959127216,9.903417447185332,0.0,0.0,-0.006217073943771331,0.9999726304353078,0.007398539064656556,0.0
65.312,2.3048740219889964e-06,-0.015677727620456158,9.870160309258958,0.0,0.0,-0.006160069396918227,0.9999718963065676,0.007497105911456774,0.0
65.328,2.250919005230463e-06,-0.01549320588466055,9.765809617693229,0.0,0.0,-0.006104805689611832,0.9999711593098385,0.007594771131353844,0.0
65.34400000000001,2.20489453657811e-06,-0.015322393801696291,9.844217114633311,0.0,0.0,-0.006049296817155165,0.9999704196103322,0.007691547590460005,0.0
65.36,2.2014077061142296e-06,-0.015071257536868003,9.793469571035466,0.0,0.0,-0.005993033895794037,0.9999696773669622,0.007787448016753256,0.0
65.376,2.1345606812719266e-06,-0.01483664829207725,9.868126643944647,0.0,0.0,-0.0059398232824948915,0.9999689327325032,0.007882485002749526,0.0
65.392,2.1145313275247645e-06,-0.014832979749298047,9.867769944011634,0.0,0.0,-0.00588872457130325,0.9999681858537439,0.007976671008146018,0.0
65.408,2.0586571060099775e-06,-0.01466706587244636,9.806102930630788,0.0,0.0,-0.0058339078042363305,0.999967436871636,0.00807001836247371,0.0
65.424,2.0330035329159615e-06,-0.014613413688585007,9.855291030172573,0.0,0.0,-0.005783156447129265,0.9999666859214377,0.008162539267729052,0.0
65.44,1.999149462969571e-06,-0.01439457439717212,9.801428561276932,0.0,0.0,-0.005732592987926135,0.9999659331328526,0.008254245800998122,0.0
65.456,1.9487301989861735e-06,-0.014397068178883234,9.720556611301518,0.0,0.0,-0.005681592134777043,0.999965178630167,0.008345149917083986,0.0
65.47200000000001,1.928169935208568e-06,-0.01421750121708361,9.776137730849417,0.0,0.0,-0.00563270640507604,0.999964422532377,0.008435263451117177,0.0
65.488,1.896791879610942e-06,-0.014036998160376873,9.822257698980312,0.0,0.0,-0.005584181633076554,0.9999636649533186,0.008524598121178683,0.0
65.504,1.865549898473557e-06,-0.013867766868965117,9.845712042636622,0.0,0.0,-0.005534749628122824,0.9999629060017863,0.008613165530902965,0.0
65.52,1.8340718748440808e-06,-0.013747476318481229,9.858267148086089,0.0,0.0,-0.005488381520900549,0.9999621457816545,0.008700977172096575,0.0
65.536,1.7918817902712995e-06,-0.013721264965217602,9.784091118628053,0.0,0.0,-0.005442582199767523,0.9999613843919889,0.008788044427348119,0.0
65.552,1.7726863473057307e-06,-0.013559555752144677,9.80667381127844,0.0,0.0,-0.005396234507856446,0.9999606219271584,0.008874378572648278,0.0
65.568,1.7462185866920143e-06,-0.013541333356488052,9.725641639423557,0.0,0.0,-0.005350943798664467,0.9999598584769404,0.008959990780008273,0.0
65.584,1.706922903888234e-06,-0.013338437514905762,9.773550819348614,0.0,0.0,-0.00530600468024428,0.9999590941266228,0.009044892120087467,0.0
65.6,1.6781365236644608e-06,-0.013273420542159605,9.765162920119728,0.0,0.0,-0.005262949654885598,0.9999583289571043,0.009129093564833901,0.0
65.616,1.6441666618517369e-06,-0.01318581966046778,9.825393699424698,0.0,0.0,-0.0052204810538705225,0.999957563044988,0.00921260599012503,0.0
65.632,1.629672831828331e-06,-0.013027376608715748,9.829338704506101,0.0,0.0,-0.005177361492816564,0.999956796462672,0.00929544017842915,0.0
65.648,1.6081474346215342e-06,-0.012897822954336797,9.800177440279924,0.0,0.0,-0.005136330653490062,0.9999560292784387,0.009377606821479966,0.0
65.664,1.5612896220741182e-06,-0.01289826890177167,9.841216183227003,0.0,0.0,-0.00509498806292523,0.9999552615565386,0.009459116522960699,0.0
65.68,1.5472586016766888e-06,-0.012698102462408333,9.827994434915441,0.0,0.0,-0.005055000325420891,0.9999544933572689,0.00953997980121752,0.0
65.696,1.5299572687384939e-06,-0.01257840580083271,9.784421967346242,0.0,0.0,-0.0050141348661975225,0.9999537247370537,0.009620207091984348,0.0
65.712,1.4969015372141246e-06,-0.012614903318237199,9.783941421850052,0.0,0.0,-0.004975626402128346,0.9999529557485151,0.00969980875113716,0.0
65.728,1.4783861654787716e-06,-0.012506740710500924,9.797228941094508,0.0,0.0,-0.004936725022648035,0.9999521864405437,0.00977879505746966,0.0
65.744,1.4540613638858284e-06,-0.01236347545841546,9.849577559282473,0.0,0.0,-0.004899768040422855,0.9999514168583675,0.009857176215507362,0.0
65.76,1.4330398325417434e-06,-0.01219749213033549,9.828945304942545,0.0,0.0,-0.0048616958355925015,0.9999506470436121,0.009934962358335426,0.0
65.776,1.4131294099506595e-06,-0.01222116904640255,9.760234811732682,0.0,0.0,-0.004825107198204639,0.9999498770343634,0.010012163550484052,0.0
65.792,1.3930027163361096e-06,-0.012055391000028275,9.78469553528987,0.0,0.0,-0.0047895026219341745,0.9999491068652226,0.01008878979083161,0.0
65.808,1.3667772043516907e-06,-0.011879520231029197,9.827031015929517,0.0,0.0,-0.004754079186622726,0.9999483365673607,0.010164851015559096,0.0
65.824,1.3413264776274752e-06,-0.011963358804718889,9.786515829369122,0.0,0.0,-0.004720358540896834,0.9999475661685672,0.010240357101150515,0.0
65.84,1.3263106001697304e-06,-0.011778322095629953,9.845180492646943,0.0,0.0,-0.004684787717643538,0.9999467956932979,0.010315317867433067,0.0
65.856,1.310460353079124e-06,-0.011653898730412584,9.746248616666803,0.0,0.0,-0.004651587626982365,0.9999460251627172,0.010389743080679439,0.0
65.872,1.2983719864006675e-06,-0.011653629494398281,9.815701678046933,0.0,0.0,-0.0046184354908964465,0.9999452545947388,0.010463642456762127,0.0
65.888,1.2809758715267547e-06,-0.01168213234587248,9.791513939152905,0.0,0.0,-0.004586527690964611,0.9999444840040613,0.010537025664364097,0.0
65.904,1.2514413826361916e-06,-0.01151200173652452,9.866598198540968,0.0,0.0,-0.004554969649830673,0.9999437134022019,0.01060990232826608,0.0
65.92,1.2295966376900344e-06,-0.011403123410190116,9.856555960953205,0.0,0.0,-0.0045238476353525355,0.9999429427975248,0.010682282032692017,0.0
65.936,1.226193832750375e-06,-0.011213783951670185,9.777167990201777,0.0,0.0,-0.004493331436131749,0.999942172195269,0.01075417432473691,0.0
65.952,1.1967876445417798e-06,-0.011233100983357676,9.793422296361722,0.0,0.0,-0.004464446693098567,0.9999414015975693,0.01082558871787944,0.0
65.968,1.182153379599099e-06,-0.011207815008782967,9.808471580399345,0.0,0.0,-0.004434532771436733,0.9999406310034753,0.010896534695569891,0.0
65.984,1.1739829184865677e-06,-0.011063845044825216,9.782433578579875,0.0,0.0,-0.0044065149719584576,0.999939860408967,0.010967021714925054,0.0
66.0,1.1612011315335172e-06,-0.010989703270617967,9.795843990361378,0.0,0.0,-0.004377939550013474,0.9999390898069662,0.011037059210508638,0.0
66.016,1.1463746905323382e-06,-0.010963614134609605,9.803809202549516,0.0,0.0,-0.004350276366673094,0.9999383191873431,0.011106656598235766,0.0
66.032,1.1345711870911565e-06,-0.010836796410571161,9.829311012244,0.0,0.0,-0.004323163618347073,0.9999375485369215,0.011175823279374943,0.0
66.048,1.1057232523694704e-06,-0.01087518835545216,9.801572456059871,0.0,0.0,-0.00429749078787532,0.9999367778394767,0.011244568644687005,0.0
66.06400000000001,1.1072850482855674e-06,-0.010738079221050197,9.869442468124316,0.0,0.0,-0.0042713865546365705,0.9999360070757319,0.011312902078683513,0.0
66.08,1.089513373119461e-06,-0.010714685971332811,9.811962017216956,0.0,0.0,-0.004245291914916353,0.999935236223349,0.011380832964035886,0.0
66.096,1.0789982852003046e-06,-0.010575820999694098,9.80902449451628,0.0,0.0,-0.0042207199116593855,0.9999344652569154,0.011448370686125083,0.0
66.112,1.054932892047042e-06,-0.010588787659798243,9.83827017826122,0.0,0.0,-0.004196850619816313,0.9999336941479255,0.01151552463776375,0.0
66.128,1.0601300091117248e-06,-0.01045968805645665,9.813061819523794,0.0,0.0,-0.004174322506598353,0.9999329228647594,0.01158230422407827,0.0
66.144,1.0336128116772174e-06,-0.010436602579019358,9.869415586105614,0.0,0.0,-0.004151290510114633,0.9999321513726539,0.011648718867586123,0.0
66.16,1.0269309292960231e-06,-0.010335163507298607,9.832784362205755,0.0,0.0,-0.004128765788597728,0.9999313796336704,0.011714778013459106,0.0
66.176,1.0222459432784467e-06,-0.01029449801180444,9.820202602187347,0.0,0.0,-0.004107465100106823,0.9999306076066569,0.011780491135012092,0.0
66.19200000000001,1.009944530393876e-06,-0.010285374238780558,9.80626446712435,0.0,0.0,-0.004086725186394191,0.9999298352472042,0.011845867739401387,0.0
66.208,9.949955115683614e-07,-0.010261928265223765,9.801664739386812,0.0,0.0,-0.004065701818974168,0.999929062507596,0.011910917373582786,0.0
66.224,9.881811336903456e-07,-0.010107018911805498,9.79938963432057,0.0,0.0,-0.004045854690241757,0.999928289336754,0.011975649630512814,0.0
66.24,9.769602033329935e-07,-0.01007407098524026,9.781593288707462,0.0,0.0,-0.004026822598407824,0.999927515680175,0.01204007415564069,0.0
66.256,9.661027392125975e-07,-0.01004953200889466,9.829474357370664,0.0,0.0,-0.004007675391942321,0.9999267414798622,0.012104200653694983,0.0
66.272,9.609949299930387e-07,-0.009943323247040758,9.776786605008864,0.0,0.0,-0.003990457674361291,0.9999259666742486,0.012168038895786572,0.0
66.288,9.553150555691865e-07,-0.010022525462105041,9.859359542084857,0.0,0.0,-0.003972806339766893,0.9999251911981141,0.012231598726863739,0.0
66.304,9.474090543147411e-07,-0.009956161959835815,9.793012597541493,0.0,0.0,-0.003956436666093946,0.9999244149824926,0.012294890073529784,0.0
66.32000000000001,9.319964550531146e-07,-0.009949233850879438,9.786659318856804,0.0,0.0,-0.003939314077767159,0.9999236379545722,0.012357922952260465,0.0
66.336,9.29167081834263e-07,-0.009790350185769549,9.76751017123094,0.0,0.0,-0.0039237652394860404,0.9999228600375855,0.01242070747805038,0.0
66.352,9.285374029383401e-07,-0.009852467972723626,9.778766191004369,0.0,0.0,-0.003909330186277185,0.9999220811506911,0.012483253873516006,0.0
66.368,9.09582331360844e-07,-0.009760874880194205,9.80614471290697,0.0,0.0,-0.003895805513673162,0.9999213012088436,0.01254557247849134,0.0
66.384,9.105028064452919e-07,-0.009739154500776148,9.788430943715221,0.0,0.0,-0.003882349916432574,0.9999205201226533,0.012607673760167946,0.0
66.4,9.037029398181904e-07,-0.00969433124237843,9.800485339196246,0.0,0.0,-0.0038690140593292976,0.9999197377982338,0.012669568323793306,0.0
66.416,8.976066177199151e-07,-0.009667786948756616,9.84810759586683,0.0,0.0,-0.003856579941914548,0.9999189541370389,0.012731266924004147,0.0
66.432,8.903017237467096e-07,-0.009636158231263858,9.860770487543284,0.0,0.0,-0.003845031599274439,0.9999181690356826,0.01279278047682109,0.0
66.44800000000001,8.85021994280622e-07,-0.009657312092190125,9.83324572721167,0.0,0.0,-0.0038343940103736773,0.9999173823857476,0.012854120072369926,0.0
66.464,8.841717570128251e-07,-0.009595549384366204,9.811193978906333,0.0,0.0,-0.0038234585789365606,0.9999165940735766,0.012915296988389268,0.0
66.48,8.723727649078136e-07,-0.00958995988793411,9.751493442673082,0.0,0.0,-0.0038145892864386317,0.9999158039800484,0.012976322704582247,0.0
66.496,8.778244323974165e-07,-0.009551156695638566,9.834908431136416,0.0,0.0,-0.00380603878622232,0.9999150119803341,0.013037208917886857,0.0
66.512,8.654311958234089e-07,-0.009525600953822192,9.830258610310935,0.0,0.0,-0.003797732300244848,0.9999142179436346,0.01309796755875022,0.0
66.528,8.632350199050079e-07,-0.009454626606436013,9.824531043153076,0.0,0.0,-0.003789838809262528,0.9999134217328975,0.01315861080847605,0.0
66.544,8.57978081130687e-07,-0.009451493397264447,9.699238199313806,0.0,0.0,-0.0037840029242547594,0.9999126232045107,0.01321915111775914,0.0
66.56,8.595140960579043e-07,-0.009386863779889638,9.783624371253588,0.0,0.0,-0.0037783180500861836,0.9999118222079711,0.013279601226491976,0.0
66.57600000000001,8.540726309338217e-07,-0.009489654271818328,9.869564772193876,0.0,0.0,-0.003773171316753242,0.9999110185855262,0.013339974184973739,0.0
66.592,8.531450658261025e-07,-0.009491608430886382,9.753912381964833,0.0,0.0,-0.0037698665929949008,0.9999102121717859,0.013400283376635819,0.0
66.608,8.499737269756758e-07,-0.009477045299114983,9.82454570597288,0.0,0.0,-0.003766703225168004,0.9999094027933048,0.013460542542432865,0.0
66.624,8.490939612611347e-07,-0.009433341796542524,9.741254710777783,0.0,0.0,-0.0037639503396197085,0.999908590268126,0.013520765807049105,0.0
66.64,8.541253356604886e-07,-0.009487538656292864,9.805135713675726,0.0,0.0,-0.0037628987893730324,0.9999077744052893,0.013580967707092103,0.0
66.656,8.509219745694164e-07,-0.009423102923512264,9.80907618554831,0.0,0.0,-0.003762868337985209,0.9999069550042972,0.01364116322146949,0.0
66.672,8.517209260532025e-07,-0.009475388809515784,9.730396041923074,0.0,0.0,-0.0037639418285343755,0.9999061318545333,0.013701367804155772,0.0
66.688,8.449211735174771e-07,-0.009387498090183988,9.807634187019627,0.0,0.0,-0.003764975784827835,0.9999053047346339,0.013761597419591966,0.0
66.70400000000001,8.481737348263823e-07,-0.009418109281352158,9.791604848082171,0.0,0.0,-0.003767442288929645,0.9999044734118008,0.013821868580975658,0.0
66.72,8.492579914985002e-07,-0.009353854135564218,9.840751041379848,0.0,0.0,-0.003771447202101524,0.999903637641054,0.013882198391749988,0.0
66.736,8.487762560233523e-07,-0.009411612210028793,9.80954206213984,0.0,0.0,-0.003775610817175593,0.9999027971644193,0.013942604590610532,0.0
66.752,8.606540853841629e-07,-0.009419067282275767,9.784928122745788,0.0,0.0,-0.003781951266599373,0.9999019517100385,0.014003105600409672,0.0
66.768,8.603775560816747e-07,-0.009470667856256694,9.810525287482823,0.0,0.0,-0.0037888434184741512,0.9999011009911976,0.01406372058138629,0.0
66.784,8.640833237261935e-07,-0.009469475229527702,9.819336049286203,0.0,0.0,-0.0037968475844157032,0.9999002447052654,0.014124469489178367,0.0
66.8,8.639229414345786e-07,-0.00947322847618716,9.832378837280372,0.0,0.0,-0.0038071796235244933,0.9998993825325281,0.01418537313816899,0.0
66.816,8.644755507401394e-07,-0.009476770787885327,9.7524728782805,0.0,0.0,-0.003817818342375899,0.9998985141349116,0.014246453270764129,0.0
66.83200000000001,8.805267088569032e-07,-0.009542442294026319,9.82189839598521,0.0,0.0,-0.003830935276023057,0.9998976391545759,0.014307732633291893,0.0
66.848,8.829543995493896e-07,-0.009609029522598804,9.854117459797715,0.0,0.0,-0.0038446834876739583,0.9998967572123686,0.014369235059309867,0.0
66.864,8.830043245745587e-07,-0.009623945807153119,9.760069378263916,0.0,0.0,-0.0038596775277402176,0.9998958679061197,0.01443098556121234,0.0
66.88,8.992566267125092e-07,-0.009575771648346441,9.799734931156783,0.0,0.0,-0.0038772057134689414,0.9998949708087558,0.014493010431152097,0.0
66.896,9.107001311900236e-07,-0.00972790465794871,9.797809141508925,0.0,0.0,-0.00389582699603633,0.9998940654662153,0.014555337352463312,0.0
66.912,9.13971478966069e-07,-0.009760295236986025,9.778199770412348,0.0,0.0,-0.003916520927037551,0.9998931513951339,0.014617995522913194,0.0
66.928,9.283269023591608e-07,-0.009809811371579791,9.8256988995627,0.0,0.0,-0.003939479145944605,0.9998922280802739,0.014681015791350742,0.0
66.944,9.316648530860966e-07,-0.009864444333094764,9.770140094109495,0.0,0.0,-0.003963624995908659,0.9998912949716601,0.014744430809530095,0.0
66.96000000000001,9.500690155849461e-07,-0.009942758433059936,9.75588828071204,0.0,0.0,-0.00399057625442836,0.999890351481384,0.014808275201204474,0.0
66.976,9.544295195404548e-07,-0.01003767387668099,9.801738847440653,0.0,0.0,-0.004019751167356306,0.999889396980027,0.014872585750903838,0.0
66.992,9.774209280851855e-07,-0.01006272054901577,9.798440440010701,0.0,0.0,-0.004050592113476978,0.999888430792649,0.014937401615217956,0.0
67.008,-2.6086214689181104,-0.010396396334816068,9.718167511724195,0.0,0.0,-0.0040864306354922945,0.9998874521942758,0.015002764559902638,0.0
67.024,-3.4531416776339827,-0.010341572513344523,9.829330127241844,0.0,0.0,-0.004121105780193114,0.9998864608265219,0.015068691244178043,0.0
67.04,-3.0437009009356655,-0.010163764406331998,9.831392462140975,0.0,0.0,-0.00415630551720749,0.999885456463132,0.015135189246065247,0.0
67.056,-3.0970523145723745,-0.009962199891086997,9.74164228560744,0.0,0.0,-0.004192946124882758,0.999884438813177,0.015202270200809161,0.0
67.072,-2.9717966679123204,-0.009877030544429389,9.867136266695365,0.0,0.0,-0.004230674346013757,0.9998834075987332,0.01526994462157746,0.0
67.08800000000001,-2.9171683995755977,-0.00969260689726855,9.798362917477528,0.0,0.0,-0.004267861162366826,0.9998823625234161,0.015338223971238685,0.0
67.104,-2.888657835734313,-0.009612427689531149,9.878217476405526,0.0,0.0,-0.0043068666806079115,0.9998813032842784,0.01540711986495045,0.0
67.12,-2.82350578305077,-0.009511584218003986,9.78156973658969,0.0,0.0,-0.004345540415874891,0.9998802295664247,0.015476644410006032,0.0
67.136,-2.740897315038914,-0.009450012448755273,9.84264474711098,0.0,0.0,-0.004385914201521991,0.999879141044465,0.015546810096704788,0.0
67.152,-2.686631049716925,-0.009343313182558922,9.772198441922106,0.0,0.0,-0.004427006519455606,0.9998780373812048,0.015617629868512273,0.0
67.168,-2.659989265257568,-0.009162339135904746,9.797565431525255,0.0,0.0,-0.004467767688747965,0.999876918227393,0.015689117122757633,0.0
67.184,-2.5835081172690737,-0.009124653235902608,9.816570820840482,0.0,0.0,-0.004510902587595523,0.9998757832209986,0.015761285740530706,0.0
67.2,-2.543944429657971,-0.008924375687876813,9.790208466603842,0.0,0.0,-0.004554423913242129,0.9998746319866282,0.015834150106806496,0.0
67.21600000000001,-2.4778350066790056,-0.008860608739035212,9.785987910261067,0.0,0.0,-0.004598609746571653,0.9998734641348306,0.015907725136361225,0.0
67.232,-2.4293017365731244,-0.00873498651620135,9.814015025020344,0.0,0.0,-0.004643666550410535,0.9998722792613882,0.015982026299466445,0.0
67.248,-2.3728143208531085,-0.00867168738694984,9.81970333731889,0.0,0.0,-0.004690672386642826,0.9998710769465526,0.016057069649882405,0.0
67.264,-2.3245323798458135,-0.008654368756143862,9.832020232699174,0.0,0.0,-0.004738141823164347,0.9998698567542339,0.01613287185432735,0.0
67.28,-2.3039571320259524,-0.008477283704675596,9.796211994875833,0.0,0.0,-0.004786790829193726,0.9998686182311344,0.016209450223929386,0.0
67.296,-2.223298531016311,-0.008375829812025117,9.894822095588626,0.0,0.0,-0.004835553080011735,0.9998673609058287,0.016286822747647818,0.0
67.312,-2.1691562373835276,-0.008241303341778403,9.758393667761434,0.0,0.0,-0.004886889286023659,0.9998660842877779,0.016365008127898692,0.0
67.328,-2.14810308271864,-0.008171544944979273,9.788540303052093,0.0,0.0,-0.004938771548673756,0.9998647878662795,0.016444025818510948,0.0
67.34400000000001,-2.100531429279384,-0.008098590784979683,9.72971219603231,0.0,0.0,-0.004992652764202945,0.9998634711093438,0.016523896065227757,0.0
67.36,-2.043906634810801,-0.008056062064044744,9.868566082053347,0.0,0.0,-0.005047546298583005,0.9998621334624918,0.016604639948951436,0.0
67.376,-2.0120909630558215,-0.007950727537787724,9.811630424409733,0.0,0.0,-0.005104426420680973,0.9998607743474682,0.016686279431954432,0.0
67.392,-1.9642008576423429,-0.00788023628571797,9.785349356265236,0.0,0.0,-0.005160562056210165,0.9998593931608621,0.016768837407300636,0.0
67.408,-1.928665089203838,-0.00780804609875516,9.815772538323735,0.0,0.0,-0.005218964168260128,0.9998579892726269,0.016852337751769197,0.0
67.424,-1.8864805800329196,-0.007706076459988824,9.90734077951586,0.0,0.0,-0.0052810160994969674,0.9998565620244905,0.01693680538254845,0.0
67.44,-1.8578270453759915,-0.00769046285176654,9.838253952275064,0.0,0.0,-0.005342340963488136,0.9998551107282481,0.017022266318065613,0.0
67.456,-1.8264524060436833,-0.0075954989135033615,9.818196945926493,0.0,0.0,-0.0054061791033379455,0.9998536346639225,0.01710874774328253,0.0
67.47200000000001,-1.7775553887518336,-0.007527168468499637,9.807327475331027,0.0,0.0,-0.0054710006694808945,0.9998521330777863,0.0171962780798839,0.0
67.488,-1.7402166920253976,-0.007412656865135248,9.781555765509639,0.0,0.0,-0.005538726421209878,0.9998506051802245,0.01728488706179163,0.0
67.504,-1.6964571582937966,-0.007433294768091087,9.88424764163413,0.0,0.0,-0.005608818577701334,0.9998490501434311,0.017374605816498842,0.0
67.52,-1.6735702455374737,-0.007339584374032265,9.854491800077298,0.0,0.0,-0.005679071208955994,0.9998474670989178,0.01746546695277377,0.0
67.536,-1.6281744698909815,-0.007282278206180297,9.783440240856727,0.0,0.0,-0.00575356062600339,0.9998458551348193,0.017557504655332703,0.0
67.552,-1.5938181735760346,-0.007226221884689316,9.819956994266159,0.0,0.0,-0.0058293602200817345,0.9998442132929726,0.01765075478717632,0.0
67.568,-1.5619084843901683,-0.007106673193489871,9.790313346876122,0.0,0.0,-0.0059067995631117195,0.9998425405657504,0.01774525500031357,0.0
67.584,-1.5250655842578857,-0.007108647353425908,9.79857540227947,0.0,0.0,-0.0059886965304447376,0.9998408358926212,0.017841044855746765,0.0
67.6,-1.5011274106604278,-0.007022409798966579,9.73519540467973,0.0,0.0,-0.006071850074776846,0.9998390981564083,0.017938165953638386,0.0
67.616,-1.4716337659526675,-0.006972488567763303,9.7646938056361,0.0,0.0,-0.006157347282247118,0.9998373261792153,0.018036662074725096,0.0
67.632,-1.4363191529848247,-0.0069216995439174735,9.840429845905682,0.0,0.0,-0.006245914011906508,0.9998355187179818,0.018136579334156463,0.0
67.648,-1.4148167484747405,-0.00685440167395424,9.814096280032508,0.0,0.0,-0.006338340045975809,0.9998336744596318,0.018237966349107092,0.0
67.664,-1.3772180188164251,-0.006844243010540256,9.751696626946037,0.0,0.0,-0.006432469266451493,0.9998317920157619,0.018340874421646555,0.0
67.68,-1.3484471486313951,-0.006780264765528739,9.801546361774285,0.0,0.0,-0.00653233418720682,0.9998298699168252,0.018445357738585376,0.0
67.696,-1.3271689274111895,-0.006708419973809362,9.781257550715797,0.0,0.0,-0.006632582047952649,0.9998279066057479,0.018551473590206587,0.0
67.712,-1.2892412314768122,-0.00673863333480851,9.790436248096936,0.0,0.0,-0.0067394432007781575,0.9998259004309088,0.018659282610073387,0.0
67.728,-1.2621259772057936,-0.006703316433728637,9.7901780176908,0.0,0.0,-0.006849346361331649,0.999823849638412,0.01876884903839813,0.0
67.744,-1.2469937278430465,-0.006640236158428928,9.822218972441963,0.0,0.0,-0.006963233470870215,0.9998217523635584,0.018880241011800494,0.0
67.76,-1.2120962664839063,-0.006638003138756115,9.81451128137404,0.0,0.0,-0.007082635460535369,0.9998196066214187,0.018993530882689916,0.0
67.776,-1.1960805067931386,-0.006611393324990745,9.7887467292708,0.0,0.0,-0.007206021932905403,0.999817410296394,0.01910879557198758,0.0
67.792,-1.166843884958619,-0.006557076373376024,9.78832849716697,0.0,0.0,-0.007333377908542265,0.9998151611306272,0.019226116959447207,0.0
67.808,-1.134508556695103,-0.006580418410129708,9.797314942776051,0.0,0.0,-0.0074677011923625965,0.9998128567111128,0.01934558231648568,0.0
67.824,-1.1159202782165178,-0.006546816740979855,9.781022885378398,0.0,0.0,-0.007607287903404468,0.9998104944553313,0.019467284787208376,0.0
67.84,-1.0886088194722723,-0.0065272812169479815,9.816924101764618,0.0,0.0,-0.007754153053212138,0.9998080715951925,0.019591323924193067,0.0
67.856,-1.0661934186182422,-0.006513241016607315,9.843058746396121,0.0,0.0,-0.007906492202149134,0.9998055851590546,0.019717806286716266,0.0
67.872,-1.0448532927732912,-0.0064748667183991615,9.809362160426405,0.0,0.0,-0.008066779483120972,0.9998030319515308,0.01984684611031984,0.0
67.888,-1.0238575470054074,-0.006483582258178464,9.759793810304819,0.0,0.0,-0.008234784855645234,0.9998004085307518,0.01997856605820698,0.0
67.904,-0.9976956058302557,-0.006481239514111915,9.757382839716378,0.0,0.0,-0.008410564332066755,0.9997977111826963,0.020113098066735363,0.0
67.92,-0.9892702012806069,-0.006476390524237132,9.772180998592967,0.0,0.0,-0.008594372744066528,0.9997949358921198,0.02025058429952459,0.0
67.936,-0.963490617715429,-0.006493237982258227,9.86229206935037,0.0,0.0,-0.008789847815466935,0.999792078309536,0.020391178227338824,0.0
67.952,-0.9452176229392829,-0.006513739419006148,9.929981751440616,0.0,0.0,-0.008994566093887092,0.999789133713588,0.02053504585418473,0.0
67.968,-0.92610266878703,-0.006548126946998058,9.790113117463248,0.0,0.0,-0.009207375398000065,0.9997860969680273,0.020682367114007567,0.0
67.984,-0.8988920497270353,-0.006560837807918813,9.714140017020735,0.0,0.0,-0.00943797987533314,0.9997829624723426,0.02083333746730075,0.0
68.0,-0.8841494733161773,-0.0065647979993434325,9.819362207107172,0.0,0.0,-0.00968028240908265,0.9997797241048961,0.020988169732926543,0.0
68.016,-0.8701699184555447,-0.006606098894287625,9.754042943870948,0.0,0.0,-0.009937227404758818,0.9997763751571612,0.021147096197992935,0.0
68.032,-0.8411181700630839,-0.0066458173750521925,9.849617794808736,0.0,0.0,-0.010207632569347126,0.9997729082573559,0.021310371057977322,0.0
68.048,-0.8323943845478267,-0.006664747477821744,9.78588272600774,0.0,0.0,-0.010495602974932166,0.9997693152813559,0.021478273251100452,0.0
68.06400000000001,-0.813809137717411,-0.006684466131840274,9.797279665341382,0.0,0.0,-0.010805614225329432,0.9997655872482835,0.021651109765899353,0.0
68.08,-0.7986953415796487,-0.0067638638632985994,9.80185684980663,0.0,0.0,-0.011134370568235309,0.9997617141975119,0.021829219520002444,0.0
68.096,-0.7815521130309593,-0.0068372481598104025,9.812449557936413,0.0,0.0,-0.011486851488763966,0.9997576850429988,0.022012977932670975,0.0
68.112,-0.7610448641462256,-0.006914634561675787,9.774660345894777,0.0,0.0,-0.011866850405456023,0.9997534873997744,0.022202802345405396,0.0
68.128,-0.7480765556510711,-0.006963928059100837,9.74804249662424,0.0,0.0,-0.01227668788547505,0.999749107375993,0.022399158486551156,0.0
68.144,-0.7353569296970036,-0.007007346838906216,9.748954384857148,0.0,0.0,-0.012716556898507005,0.9997445293220554,0.022602568230672755,0.0
68.16,-0.7184349084574361,-0.007186473775523884,9.777214179549187,0.0,0.0,-0.013190381694594362,0.9997397355257952,0.022813618976686496,0.0
68.176,-0.7061209250096983,-0.007286475410952392,9.814927443817195,0.0,0.0,-0.013710082718471992,0.9997347058392778,0.023032975067340294,0.0
68.19200000000001,-0.6868390197712524,-0.0074611483631227184,9.83449600053594,0.0,0.0,-0.014279825685411593,0.9997294172180753,0.023261391807186966,0.0
68.208,-0.6747130494262923,-0.0075537081472060955,9.814586726819575,0.0,0.0,-0.014899754583672391,0.9997238431473466,0.023499732821882485,0.0
68.224,-0.657518358800407,-0.0077431218308719844,9.836739490792018,0.0,0.0,-0.015586325939012963,0.9997179529198733,0.023748991761716416,0.0
68.24,-0.6448440817749302,-0.007928391257796975,9.82451105960515,0.0,0.0,-0.0163380636643004,0.9997117107180754,0.02401031972171829,0.0
68.256,-0.6330122377758952,-0.008137750981862224,9.796984152942688,0.0,0.0,-0.01717731285499925,0.9997050744329493,0.02428506028428259,0.0
68.272,-0.6230744795921844,-0.008368818301731456,9.805974065249666,0.0,0.0,-0.018113587087375663,0.9996979941246565,0.024574794874794928,0.0
68.288,-0.6073916122887695,-0.008616964913467997,9.779807621321787,0.0,0.0,-0.019170443124066357,0.9996904099868746,0.02488140229718595,0.0
68.304,-5.003681782079342,-0.014148459519323371,9.795237257669417,0.0,0.0,-0.06716184053761842,0.9996630926090216,0.02595575611240597,0.0
68.32000000000001,-5.003714958809002,-0.03440097763406416,9.856095007856833,0.0,0.0,-0.11518308416444571,0.999613566745959,0.027797790873055027,0.0
68.336,-4.981270279176897,-0.047085378784109747,9.900594599522002,0.0,0.0,-0.16317982118197963,0.9995375885856379,0.030407384044144635,0.0
68.352,-5.015091416106176,-0.05191826092541839,9.85808686005143,0.0,0.0,-0.211153923887086,0.9994291462582494,0.03378433970801818,0.0
68.368,-5.013731560042949,-0.04980297464337494,9.748739947153235,0.0,0.0,-0.2591566926323276,0.9992804606775225,0.037928365481767964,0.0
68.384,-3.50920849362731,-0.03167845698337264,9.816628617320205,0.0,0.0,-0.30715095462325703,0.9990819868382403,0.042839042652170624,0.0
68.4,0.0,0.0,9.72826698945569,0.0,0.0,-0.3551799822378873,0.998822415730487,0.04851578953613073,0.0
68.416,0.0,0.0,9.815443147212171,0.0,0.0,-0.40320116241984083,0.9984886770675139,0.05495781807864999,0.0
68.432,0.0,0.0,9.770768079867754,0.0,0.0,-0.45119853144303773,0.9980659430603918,0.062164083705713254,0.0
68.44800000000001,0.0,0.0,9.79722940761658,0.0,0.0,-0.4991674232488921,0.9975376335087633,0.0701332284565348,0.0
68.464,0.0,0.0,9.776583386038249,0.0,0.0,-0.5471595889669308,0.996885422512947,0.07886351742842537,0.0
68.48,0.0,0.0,9.768177002859384,0.0,0.0,-0.5952608604215389,0.9960892471483187,0.0883527685785548,0.0
68.496,0.0,0.0,9.726876660606072,0.0,0.0,-0.6431457345446323,0.9951273184782062,0.09859827594017412,0.0
68.512,0.0,0.0,9.786799816771593,0.0,0.0,-0.6911868288929919,0.9939761353163604,0.1095967263268056,0.0
68.528,0.0,0.0,9.862315592737996,0.0,0.0,-0.7391864237914155,0.9926105011843006,0.12134410961662616,0.0
68.544,0.0,0.0,9.821085400289588,0.0,0.0,-0.7872245068971592,0.9910035449422906,0.13383562273107075,0.0
68.56,0.0,0.0,9.808620727863422,0.0,0.0,-0.8352078420090757,0.9891267456052115,0.14706556744678,0.0
68.57600000000001,0.0,0.0,9.802236471393895,0.0,0.0,-0.8831724398911739,0.9869499618859642,0.16102724220855874,0.0
68.592,0.0,0.0,9.86244408772458,0.0,0.0,-0.9309788056448257,0.9844414670389942,0.17571282814328998,0.0
68.608,0.0,0.0,9.80450245231776,0.0,0.0,-0.9792605776073467,0.9815679896048232,0.1911132695109005,0.0
68.624,0.0,0.0,9.796311213172185,0.0,0.0,-1.0270926913452385,0.9782947606828138,0.20721814886866438,0.0
68.64,0.0,0.0,9.784531502237094,0.0,0.0,-1.075205401533247,0.974585568383412,0.224015557269538,0.0
68.656,0.0,0.0,9.805330491646641,0.0,0.0,-1.1231124384785474,0.9704028201324737,0.2414919598639712,0.0
68.672,0.0,0.0,9.808053663258903,0.0,0.0,-1.1711585330884697,0.9657076135185695,0.2596320573278062,0.0
68.688,0.0,0.0,9.847561073019978,0.0,0.0,-1.219059607267927,0.9604598163889213,0.27841864359658014,0.0
68.70400000000001,0.0,0.0,9.844648462849088,0.0,0.0,-1.267030199437954,0.95461815691041,0.2978324604487769,0.0
68.72,0.0,0.0,9.81746422679772,0.0,0.0,-1.3150206123759305,0.9481403243183678,0.3178520495473649,0.0
68.736,0.0,0.0,9.80377817042069,0.0,0.0,-1.363137975563739,0.9409830810771116,0.3384536026202505,0.0
68.752,0.0,0.0,9.831016277604578,0.0,0.0,-1.4112898515463663,0.9331023871717712,0.3596108105359765,0.0
68.768,0.0,0.0,9.787184679847524,0.0,0.0,-1.4591083547241892,0.9244535372403659,0.38129471211095395,0.0
68.784,0.0,0.0,9.817821899259707,0.0,0.0,-1.4999586057757661,0.9150375774291907,0.40336860548698916,0.0
68.8,0.0,0.0,9.827587475578236,0.0,0.0,-1.5000942684465495,0.9050946318593658,0.425210191998451,0.0
68.816,0.0,0.0,9.789103308807162,0.0,0.0,-1.499917218585404,0.8946304268429498,0.4468068927028788,0.0
68.83200000000001,0.0,0.0,9.81943282109648,0.0,0.0,-1.499940922487296,0.8836509888942141,0.4681462696917253,0.0
68.848,0.0,0.0,9.77821555944357,0.0,0.0,-1.5000487584123992,0.8721626412588712,0.4892160332535616,0.0
68.864,0.0,0.0,9.790251576376072,0.0,0.0,-1.4998300969869978,0.860172000272405,0.5100040489519369,0.0
68.88,0.0,0.0,9.83668671557457,0.0,0.0,-1.5000906798734452,0.8476859715496159,0.5304983446138016,0.0
68.896,0.0,0.0,9.786117415496413,0.0,0.0,-1.5000537563526826,0.8347117460075565,0.5506871172244876,0.0
68.912,0.0,0.0,9.90309400041756,0.0,0.0,-1.4999944849819908,0.8212567957241598,0.5705587397252676,0.0
68.928,0.0,0.0,9.819123571948024,0.0,0.0,-1.5000022802801194,0.8073288696349414,0.5901017677095772,0.0
68.944,0.0,0.0,9.798790117470228,0.0,0.0,-1.499919484816229,0.7929359890702578,0.60930494601404,0.0
68.96000000000001,0.0,0.0,9.806334289408447,0.0,0.0,-1.500076587256347,0.7780864431356831,0.6281572152005113,0.0
68.976,0.0,0.0,9.824330475861707,0.0,0.0,-1.499802863331525,0.7627887839381726,0.646647717925397,0.0
68.992,0.0,0.0,9.801889546524665,0.0,0.0,-1.500072309471244,0.7470518216607568,0.6647658051925842,0.0
69.008,0.0,0.0,9.808419999870607,0.0,0.0,-1.500038726844845,0.7308846194886089,0.682501042486377,0.0
69.024,0.0,0.0,9.885890567305362,0.0,0.0,-1.500325742820719,0.7142964883894013,0.6998432157809132,0.0
69.04,0.0,0.0,9.803388903953278,0.0,0.0,-1.4999574179118123,0.6972969817509597,0.7167823374225971,0.0
69.056,0.0,0.0,9.833885385424516,0.0,0.0,-1.4519462381485149,0.6804587918954069,0.7327863484892737,0.0
69.072,0.0,0.0,9.792555724887302,0.0,0.0,-1.426043256894815,0.6635629114201712,0.7481204866781728,0.0
69.08800000000001,0.0,0.0,9.77246563578495,0.0,0.0,-1.3891029441402611,0.6467717787811194,0.7626835950591222,0.0
69.104,0.0,0.0,9.825238960791458,0.0,0.0,-1.3610643967075462,0.6300135564079106,0.7765841350055103,0.0
69.12,0.0,0.0,9.762743156807858,0.0,0.0,-1.3280562602081405,0.6133724259683375,0.7897938130054681,0.0
69.136,0.0,0.0,9.852047877743544,0.0,0.0,-1.2991607073166618,0.596823538661674,0.8023725217748656,0.0
69.152,0.0,0.0,9.770056521348964,0.0,0.0,-1.26884112939547,0.5804131001718316,0.8143221924698625,0.0
69.168,0.0,0.0,9.85805832446035,0.0,0.0,-1.240567871958857,0.5641364594103979,0.8256815700764433,0.0
69.184,0.0,0.0,9.826418187474479,0.0,0.0,-1.21200410272649,0.5480208389162472,0.8364646795373568,0.0
69.2,0.0,0.0,9.870806117714157,0.0,0.0,-1.184583728237288,0.532069526610164,0.8467006666188683,0.0
69.21600000000001,0.0,0.0,9.732430132204334,0.0,0.0,-1.1574660203172435,0.5162997515902407,0.8564079439775508,0.0
69.232,0.0,0.0,9.777816363619088,0.0,0.0,-1.1311479237020985,0.5007172529144034,0.8656109014065464,0.0
69.248,0.0,0.0,9.814694687803804,0.0,0.0,-1.1051723296341533,0.4853335795783577,0.8743290665039439,0.0
69.264,0.0,0.0,9.801009982357469,0.0,0.0,-1.079919504755632,0.4701545583531103,0.882584098689633,0.0
69.28,0.0,0.0,9.834553658361056,0.0,0.0,-1.0551714990302827,0.45518818947143,0.8903952561451131,0.0
69.296,0.0,0.0,9.772007616770024,0.0,0.0,-1.030814994988275,0.44043944892105186,0.8977823187355163,0.0
69.312,0.0,0.0,9.77734719321132,0.0,0.0,-1.0072740011910952,0.4259138982311561,0.9047636991466559,0.0
69.328,0.0,0.0,9.852676833041,0.0,0.0,-0.9841975893214377,0.41161536263700577,0.9113576648282532,0.0
69.34400000000001,0.0,0.0,9.783753497092892,0.0,0.0,-0.9615312773507457,0.3975475914546004,0.9175815563363543,0.0
69.36,0.0,0.0,9.832556044751241,0.0,0.0,-0.9393759837570937,0.38371323651435907,0.9234523009466574,0.0
69.376,0.0,0.0,9.825588759218558,0.0,0.0,-0.9175520282817998,0.3701146264209173,0.9289860942496959,0.0
69.392,0.0,0.0,9.80190810464905,0.0,0.0,-0.8964597984441944,0.3567533298226275,0.9341986200270623,0.0
69.408,0.0,0.0,9.78062141116848,0.0,0.0,-0.8756646154916106,0.34363052624519547,0.9391049256778765,0.0
69.424,0.0,0.0,9.818614250142089,0.0,0.0,-0.8553109805952488,0.3307468303698659,0.9437195209384445,0.0
69.44,0.0,0.0,9.757014915314318,0.0,0.0,-0.8354497760908866,0.31810247817735404,0.9480563344957018,0.0
69.456,0.0,0.0,9.801770360174608,0.0,0.0,-0.816057931597116,0.3056972661592417,0.9521287630687174,0.0
69.47200000000001,0.0,0.0,9.707224267327973,0.0,0.0,-0.7972061947951521,0.29353065182999133,0.9559496620828216,0.0
69.488,0.0,0.0,9.841998733439368,0.0,0.0,-0.7785084010141046,0.2816017422594711,0.959531374555533,0.0
69.504,0.0,0.0,9.840135349086399,0.0,0.0,-0.7603110058063871,0.2699093538658343,0.9628857360537273,0.0
69.52,0.0,0.0,9.747346919857907,0.0,0.0,-0.742419395846827,0.2584520209864491,0.9660240953765181,0.0
69.536,0.0,0.0,9.738758504213509,0.0,0.0,-0.7250841907353814,0.24722803540787702,0.9689573254320138,0.0
69.552,0.0,0.0,9.762871127035915,0.0,0.0,-0.7079565813264294,0.2362354620506791,0.9716958405127103,0.0
69.568,0.0,0.0,9.927542657046983,0.0,0.0,-0.691359417126822,0.22547216765480563,0.9742496095010988,0.0
69.584,0.0,0.0,9.772831072493238,0.0,0.0,-0.6751068885082945,0.214935837994823,0.9766281715911451,0.0
69.60000000000001,0.0,0.0,9.784593607455683,0.0,0.0,-0.6591891164120341,0.20462400015413615,0.9788406502393124,0.0
69.616,0.0,0.0,9.811296299203756,0.0,0.0,-0.6436224456414305,0.1945340389653564,0.9808957680017919,0.0
69.632,0.0,0.0,9.845219404735476,0.0,0.0,-0.6282609160839415,0.18466321504809802,0.9828018605029704,0.0
69.648,0.0,0.0,9.75129319385281,0.0,0.0,-0.6134224450934699,0.17500867962057898,0.9845668905957896,0.0
69.664,0.0,0.0,9.715955865133976,0.0,0.0,-0.5988600780132532,0.16556748944357175,0.986198461994011,0.0
69.68,0.0,0.0,9.803829851948048,0.0,0.0,-0.5845528479840525,0.15633661978133448,0.9877038327936905,0.0
69.696,0.0,0.0,9.838005750346493,0.0,0.0,-0.5705870685806168,0.14731297691402373,0.9890899285872485,0.0
69.712,0.0,0.0,9.813940396700922,0.0,0.0,-0.5569600983345857,0.1384934092917149,0.9903633553311421,0.0
69.728,0.0,0.0,9.865374428064309,0.0,0.0,-0.5435789876251642,0.12987471804615916,0.9915304118444532,0.0
69.744,0.0,0.0,9.765057347719145,0.0,0.0,-0.5306347718849573,0.12145366648457608,0.9925971019993225,0.0
69.76,0.0,0.0,9.858455989309078,0.0,0.0,-0.5176884681653471,0.11322698891293342,0.9935691465528259,0.0
69.776,0.0,0.0,9.766938307163738,0.0,0.0,-0.5052520865611934,0.10519139864771974,0.9944519946435508,0.0
69.792,0.0,0.0,9.82490488504812,0.0,0.0,-0.4929773363937052,0.09734359539606842,0.9952508349332679,0.0
69.808,0.0,0.0,9.727267628519936,0.0,0.0,-0.4811139893415429,0.08968027196459814,0.9959706064038013,0.0
69.824,0.0,0.0,9.79472143933258,0.0,0.0,-0.46940715773208674,0.08219812039927776,0.9966160088032029,0.0
69.84,0.0,0.0,9.82016767662662,0.0,0.0,-0.4579422919934397,0.0748938375590501,0.9971915127475156,0.0
69.856,0.0,0.0,9.788747190434774,0.0,0.0,-0.4467604855506996,0.06776413018809492,0.997701369478789,0.0
69.872,0.0,0.0,9.832623571936672,0.0,0.0,-0.435795236796424,0.060805719506081594,0.9981496202851294,0.0
69.888,0.0,0.0,9.861956025950937,0.0,0.0,-0.4251229880983321,0.05401534536205678,0.9985401055868601,0.0
69.904,0.0,0.0,9.838628581141926,0.0,0.0,-0.4146246916430434,0.047389769976477356,0.9988764736951096,0.0
69.92,0.0,0.0,9.778091990326185,0.0,0.0,-0.4043797112112784,0.04092578130645908,0.9991621892488005,0.0
69.936,0.0,0.0,9.793960073836795,0.0,0.0,-0.39443479226893796,0.03462019605890992,0.9994005413370772,0.0
69.952,0.0,0.0,9.84739159775043,0.0,0.0,-0.3846458410237968,0.02846986238006549,0.9995946513142517,0.0
69.968,4.967272971325004,0.02696169252151444,9.84034002847257,0.0,0.0,-0.33661861476034954,0.023086246354879904,0.9997334770973921,0.0
69.984,5.007525619506342,-0.003850190482044267,9.75602926973933,0.0,0.0,-0.28859863885804116,0.018469830321895416,0.9998294181348538,0.0
70.0,5.0035695079310765,-0.02685734350452762,9.806484276681442,0.0,0.0,-0.24060426192064865,0.01462093919638921,0.999893108355596,0.0
70.016,5.013697245175841,-0.04225105652232081,9.82459141909075,0.0,0.0,-0.19260150393380468,0.011539781292520661,0.9999334145070464,0.0
70.032,5.041139056759183,-0.04997012743237568,9.731858877759354,0.0,0.0,-0.14458107910044002,0.009226482365875891,0.999957435105691,0.0
70.048,5.035979563691062,-0.049871409392321014,9.837572281529269,0.0,0.0,-0.09658706060183582,0.0076811128691882105,0.999970499817415,0.0
70.06400000000001,5.001530278236843,-0.04237326729561419,9.788159255629154,0.0,0.0,-0.04859228200171658,0.006903708417412653,0.9999761691210883,0.0
70.08,5.028906148518293,-0.027320117786889368,9.749345317494576,0.0,0.0,-0.0005891510550112942,0.006894283459428622,0.9999762341453826,0.0
70.096,4.968775021095837,-0.001564909122303862,9.749804577130908,0.0,0.0,0.014842600317663553,0.007131757716456906,0.9999745686925612,0.0
70.112,5.010352082099201,0.009493765705420121,9.809145815235023,0.0,0.0,0.014655497023306544,0.007366225617129063,0.999972868992033,0.0
70.128,4.994991585993219,0.010598643353738483,9.854145925933336,0.0,0.0,0.014475626804883691,0.007597815522914839,0.9999711361830801,0.0
70.144,4.981461981802876,0.011551952996400395,9.774066661708584,0.0,0.0,0.014303077320375487,0.007826652977962891,0.9999693712825223,0.0
70.16,5.006638206837032,0.012712105404724516,9.806491929913781,0.0,0.0,0.014139961427830167,0.008052860966144656,0.9999675751894458,0.0
70.176,5.0083080501529,0.01367366130600523,9.827495756950132,0.0,0.0,0.013980973853602877,0.008276560163643105,0.9999657486893528,0.0
70.19200000000001,5.010941669697073,0.014546545047435995,9.764078403241635,0.0,0.0,0.013832903921232742,0.00849786918833329,0.9999638924577516,0.0
70.208,4.985348480977206,0.015455732925964746,9.796568049256283,0.0,0.0,0.013692879299055815,0.008716904846848417,0.9999620070632139,0.0
70.224,4.977861585678423,0.01645417946827899,9.827843669744798,0.0,0.0,0.013556353801455378,0.008933782381414174,0.9999600929698954,0.0
70.24,5.015674466092717,0.017418355210254987,9.782353797392952,0.0,0.0,0.013427035724274006,0.009148615717207736,0.9999581505395407,0.0
70.256,5.031211434962671,0.01832467862254926,9.820977967993493,0.0,0.0,0.013307939755548646,0.009361517712006245,0.9999561800329692,0.0
70.272,5.010369121126318,0.019127510217226813,9.900724655225368,0.0,0.0,0.01319354779750234,0.009572600409965439,0.9999541816110332,0.0
70.288,4.977375813622508,0.020072434909536765,9.799991560363804,0.0,0.0,0.013085490891538067,0.009781975300491848,0.9999521553350543,0.0
70.304,5.010147887370463,0.0208590148650259,9.787899206389207,0.0,0.0,0.012988804284487827,0.009989753585003617,0.9999501011667087,0.0
70.32000000000001,4.981297169390316,0.02194725606100506,9.854586053921338,0.0,0.0,0.012892980946931754,0.010196046452566877,0.9999480189673549,0.0
70.336,4.995222044730707,0.022606335918916046,9.767156275079532,0.0,0.0,0.012807162422818427,0.010400965367033633,0.9999459084967716,0.0
70.352,5.007848553633538,0.02342931330278253,9.828955314325395,0.0,0.0,0.012729364419905947,0.010604622368488161,0.9999437694112715,0.0
70.368,4.999096803535216,0.02440757557793209,9.774627751919686,0.0,0.0,0.012659269980969046,0.010807130390769637,0.9999416012611523,0.0
70.384,5.043924367272004,0.025146591785459724,9.945983891839278,0.0,0.0,0.012591704289662345,0.01100860359846994,0.9999394034874373,0.0
70.4,4.993304233976859,0.02619201575303793,9.817326447737265,0.0,0.0,0.012536539932260376,0.011209157747253217,0.9999371754178346,0.0
70.416,5.037118095898805,0.02718047596270031,9.819005693369352,0.0,0.0,0.012484948391277317,0.01140891057054469,0.9999349162618502,0.0
70.432,4.999106525648118,0.027904112777990046,9.778406135866595,0.0,0.0,0.012443133703484703,0.011607982197433284,0.9999326251049638,0.0
70.44800000000001,5.023956644382141,0.028936788270337747,9.78176176305332,0.0,0.0,0.01240961434820346,0.01180649560663199,0.9999303009017632,0.0
70.464,1.2492390094613524,0.030360649989133737,9.83766182862083,0.0,0.0,0.012380823379375922,0.012004577122682703,0.9999279424679088,0.0
70.48,9.168192209871885e-06,0.031125685796776683,9.738334149299568,0.0,0.0,0.012359091044992337,0.01220228878967734,0.9999255493026935,0.0
70.496,9.126470180775155e-06,0.03070233631893981,9.77047423064939,0.0,0.0,0.01233644467752873,0.012399671359407905,0.9999231211199082,0.0
70.512,9.089393487019032e-06,0.030668988430059295,9.794306431242857,0.0,0.0,0.012320757512153386,0.012596766537821748,0.9999206575887867,0.0
70.528,9.106953553611528e-06,0.030883603794015838,9.87797103577799,0.0,0.0,0.012301973626622505,0.012793617054873536,0.9999181583322974,0.0
70.544,9.03335687531121e-06,0.03068889178286805,9.836616289269493,0.0,0.0,0.012292777214776219,0.012990266739758416,0.9999156229252696,0.0
70.56,9.084795620912487e-06,0.030832359868344667,9.755323138871228,0.0,0.0,0.012281611571203353,0.013186760601042232,0.9999130508923519,0.0
70.57600000000001,9.081497765294986e-06,0.030800859168878612,9.770745891335158,0.0,0.0,0.012275070665303388,0.013383144913237765,0.9999104417057716,0.0
70.592,9.00940913890083e-06,0.030624743830929353,9.713804948683354,0.0,0.0,0.012271975031784128,0.013579467310035582,0.9999077947828868,0.0
70.608,9.082984871243572e-06,0.030575406645165084,9.800454135894947,0.0,0.0,0.012272557936121706,0.013775776884387506,0.9999051094835107,0.0
70.624,9.084859787291478e-06,0.03074066750277565,9.809923231027499,0.0,0.0,0.0122730639651619,0.013972124296773147,0.9999023851069843,0.0
70.64,9.027394844923677e-06,0.03075575231072816,9.743849709696704,0.0,0.0,0.012278582163158483,0.014168561892118318,0.9998996208889717,0.0
70.656,9.022469430977652e-06,0.030750104042963425,9.828719431289512,0.0,0.0,0.012286755428995282,0.014365143826311617,0.9998968159979555,0.0
70.672,9.120716598337155e-06,0.030563083564968976,9.837666301845525,0.0,0.0,0.012300376554246603,0.014561926203192235,0.9998939695313963,0.0
70.688,9.11552981768601e-06,0.030745501505502506,9.81861236959733,0.0,0.0,0.012317441347850365,0.014758967223414826,0.9998910805115216,0.0
70.70400000000001,9.088503261104936e-06,0.03076410184701865,9.781703743175354,0.0,0.0,0.012337662330870518,0.01495632734614013,0.9998881478807095,0.0
70.72,9.145161463390294e-06,0.030775913566133156,9.786180619561016,0.0,0.0,0.012361104641760101,0.01515406946496882,0.999885170496418,0.0
70.736,9.260081248832223e-06,0.03072836025828554,9.786023736852613,0.0,0.0,0.01238646526623971,0.01535225909991388,0.9998821471256145,0.0
70.752,9.255567668207934e-06,0.03099721599753151,9.856440991818125,0.0,0.0,0.012421211826278165,0.01555096460684626,0.9998790764386445,0.0
70.768,9.285565886925311e-06,0.03083543435630756,9.813648310294736,0.0,0.0,0.012457397814129844,0.015750257406984505,0.9998759570024742,0.0
70.784,9.332816068157186e-06,0.030982536992089544,9.814338900002578,0.0,0.0,0.012500683329663968,0.015950212238045353,0.9998727872732417,0.0
70.8,9.363351353647543e-06,0.03130587538617177,9.792824748013388,0.0,0.0,0.01254600571696916,0.01615090743006436,0.9998695655880249,0.0
70.816,9.517769106820867e-06,0.031334100307279046,9.779243880904735,0.0,0.0,0.012594689792462628,0.016352425208894624,0.9998662901557327,0.0
70.83200000000001,9.56738980173477e-06,0.031293874659196794,9.780787819312838,0.0,0.0,0.012652850415250376,0.016554852030691052,0.9998629590470096,0.0
70.848,9.594290524966143e-06,0.03164127597908813,9.767419629284914,0.0,0.0,0.012718547002661734,0.016758278951168666,0.9998595701830306,0.0
70.864,9.786528569859469e-06,0.03153398807370616,9.80400926499658,0.0,0.0,0.012784105800258698,0.01696280203437193,0.9998561213230347,0.0
70.88,9.772235223160712e-06,0.03178404713890091,9.778513177810321,0.0,0.0,0.012860460205935243,0.017168522805676933,0.9998526100504369,0.0
70.896,9.934224827069883e-06,0.032085998729734465,9.834812186490996,0.0,0.0,0.012940135534697018,0.017375548755915092,0.9998490337573122,0.0
70.912,-2.7491376184060083,0.03272259030680696,9.806096390679432,0.0,0.0,0.01302848337355391,0.0175839939025403,0.9998453896270342,0.0
70.928,-3.224568186350972,0.03271545396387779,9.809665375866485,0.0,0.0,0.013119768695261819,0.017793891669281678,0.9998416761764144,0.0
70.944,-2.951136485311753,0.03224246126166118,9.814413556736843,0.0,0.0,0.013213110845785128,0.018005259102328943,0.999837892182857,0.0
70.96000000000001,-2.9554827649024262,0.03218067402350054,9.83533620806432,0.0,0.0,0.0133051268775772,0.018218120551322194,0.999834036269809,0.0
70.976,-2.8886281603524306,0.03133662400414327,9.826967738959308,0.0,0.0,0.013399462954990227,0.01843249835975699,0.999830107070305,0.0
70.992,-2.8415897102235554,0.030952114910044022,9.822932070032417,0.0,0.0,0.013497982699231692,0.01864841657100141,0.9998261031596417,0.0
71.008,-2.7801353982940538,0.03048619321140629,9.828694712172076,0.0,0.0,0.013597902473277666,0.01886589950076622,0.9998220230801215,0.0
71.024,-2.732630943148398,0.02994401649146361,9.830379923621145,0.0,0.0,0.013694924447580779,0.019084972336878482,0.9998178653289311,0.0
71.04,-2.68765944757056,0.029700835739024052,9.755185093012892,0.0,0.0,0.013796626060470212,0.01930566094062934,0.9998136283606289,0.0
71.056,-2.6146788958897385,0.029517819890392098,9.766641952168328,0.0,0.0,0.013899436130374105,0.019527991965244143,0.999809310583676,0.0
71.072,-2.554541653711564,0.028964271389667586,9.790413408871474,0.0,0.0,0.014003003937661806,0.01975199285105469,0.9998049103592221,0.0
71.08800000000001,-2.526637888076949,0.028855609675780342,9.848545301425164,0.0,0.0,0.0141073699948812,0.019977691871362894,0.9998004259988557,0.0
71.104,-2.4763784476121424,0.028260926495686133,9.828549467741936,0.0,0.0,0.014215961648454137,0.02020511816056663,0.999795855762624,0.0
71.12,-2.426065900406814,0.028114199414490497,9.837722545105573,0.0,0.0,0.014325856062110107,0.020434301751478867,0.9997911978567973,0.0
71.136,-2.3696384439714815,0.027641337787029655,9.80363943028862,0.0,0.0,0.014439408348405602,0.020665273611596275,0.9997864504315699,0.0
71.152,-2.321090381240972,0.027243813167575667,9.794932746795375,0.0,0.0,0.014553868416179876,0.02089806568238744,0.999781611578616,0.0
71.168,-2.278523542780021,0.026955152498814083,9.76189665002816,0.0,0.0,0.014667553569247883,0.02113271091994979,0.9997766793285258,0.0
71.184,-2.2429713307928196,0.026549395869275922,9.788460841984664,0.0,0.0,0.01478568428553963,0.02136924333842728,0.9997716516480867,0.0
71.2,-2.1963960305378785,0.02604073834836903,9.825354949319351,0.0,0.0,0.014908111063304268,0.021607698055086607,0.9997665264374279,0.0
71.21600000000001,-2.148457007750363,0.025931352305580704,9.830776221745351,0.0,0.0,0.015028991309949835,0.021848111338330756,0.9997613015269935,0.0
71.232,-2.0911692323950284,0.025655625638087844,9.738767703235357,0.0,0.0,0.015154044669880483,0.02209052065797749,0.99975597467435,0.0
71.248,-2.0519532629065327,0.02511966852506278,9.775308873829026,0.0,0.0,0.015280781090290286,0.022334964738408014,0.9997505435608097,0.0
71.264,-2.01163828605227,0.025054620814762365,9.812671781242337,0.0,0.0,0.015413539885176736,0.02258148361467342,0.9997450057878562,0.0
71.28,-1.9720202641883635,0.024796309998206454,9.84901078043153,0.0,0.0,0.015545843088470018,0.022830118691663293,0.9997393588733638,0.0
71.296,-1.9352134304379223,0.024240514931216088,9.875207563708662,0.0,0.0,0.01567926941815007,0.02308091280660833,0.9997336002475928,0.0
71.312,-1.8975282081331435,0.024140864321756123,9.853433865798225,0.0,0.0,0.015813864404087816,0.02333391029526317,0.999727727248941,0.0
71.328,-1.862425212904836,0.023761278570052835,9.861239465553744,0.0,0.0,0.015955899496651965,0.023589157061822807,0.999721737119441,0.0
71.34400000000001,-1.8178242466200036,0.023528201693991998,9.840499647032894,0.0,0.0,0.0161040152730747,0.02384670065280665,0.9997156269999862,0.0
71.36,-1.790021883697011,0.023220073043223613,9.827829035112169,0.0,0.0,0.016245804771048547,0.024106590335655403,0.9997093939252492,0.0
71.376,-1.7457909931151387,0.023080714116670613,9.734490112220717,0.0,0.0,0.016399340657049413,0.02436887718160667,0.9997030348182944,0.0
71.392,-1.709621937197605,0.022849052798567856,9.829835476165927,0.0,0.0,0.016549615548589216,0.024633614153904373,0.9996965464848405,0.0
71.408,-1.6740758191013172,0.02250756534412027,9.834708565537847,0.0,0.0,0.016706385209313793,0.024900856201246803,0.9996899256071579,0.0
71.424,-1.6484823036013443,0.022291983658823615,9.773616831185167,0.0,0.0,0.01686688878029886,0.02517066035716794,0.9996831687375676,0.0
71.44,-1.6064850467028051,0.02206082764282773,9.892724048791376,0.0,0.0,0.017030674487318504,0.025443085845379628,0.9996762722915179,0.0
71.456,-1.5864283247140347,0.021856439310010137,9.79622272666703,0.0,0.0,0.017201153634890505,0.02571819419222199,0.9996692325401894,0.0
71.47200000000001,-1.5475457497634995,0.02148153106658095,9.854402582487694,0.0,0.0,0.01737516787849197,0.025996049345987763,0.9996620456026132,0.0
71.488,-1.5202824200445006,0.02142427170776069,9.803615746883917,0.0,0.0,0.017550349620507583,0.026276717804249134,0.9996547074372412,0.0
71.504,-1.4925478920640447,0.02094643130361092,9.78717670833599,0.0,0.0,0.017726106789075446,0.02656026874952417,0.9996472138329369,0.0
71.52,-1.4611391569559653,0.020929340337862635,9.811657376898555,0.0,0.0,0.017914133647540468,0.026846774194070132,0.9996395603993334,0.0
71.536,-1.426198554980308,0.020861604299266635,9.80407202384585,0.0,0.0,0.018101772538435357,0.02713630913440492,0.9996317425565087,0.0
71.552,-1.3986211504131794,0.02057941829990486,9.820823853216186,0.0,0.0,0.018295527981981235,0.02742895171658156,0.9996237555239118,0.0
71.568,-1.3777507054285634,0.020426813104283653,9.781260791796013,0.0,0.0,0.018498444130160968,0.02772478341300859,0.999615594308483,0.0
71.584,-1.349139133028155,0.020111048135534316,9.797219921500151,0.0,0.0,0.01870386877704729,0.028023889211643817,0.9996072536918955,0.0
71.60000000000001,-1.3155763399758127,0.020041609916339954,9.840155357514313,0.0,0.0,0.018912313475719925,0.028326357818898164,0.9995987282168359,0.0
71.616,-1.2835872614905375,0.019592873691938146,9.813597573702097,0.0,0.0,0.019125902996009907,0.02863228187730771,0.9995900121722398,0.0
71.632,-1.272748347710697,0.019515883184914706,9.76788934195532,0.0,0.0,0.019351885279544186,0.02894175819919843,0.9995810995773877,0.0
71.648,-1.2430156821560499,0.01933566369632796,9.79076178039496,0.0,0.0,0.019580394026586696,0.029254888017994023,0.9995719841647497,0.0
71.664,-1.2130489588615516,0.019210226302152078,9.838568437730158,0.0,0.0,0.01981752047777495,0.029571777258618797,0.9995626593614663,0.0
71.68,-1.1906006091390462,0.019007780024344948,9.830875366178276,0.0,0.0,0.020056838162214694,0.029892536828740716,0.9995531182693306,0.0
71.696,-1.162519936293122,0.018861943855442258,9.780052661614706,0.0,0.0,0.020306916409780974,0.030217282933024583,0.9995433536431252,0.0
71.712,-1.142538673177607,0.0186995522026152,9.847897036867318,0.0,0.0,0.020565173978028425,0.030546137412390678,0.9995333578671516,0.0
71.728,-1.1140172968886717,0.01870739797498665,9.798869537687406,0.0,0.0,0.02082705821353598,0.030879228110711213,0.9995231229297733,0.0
71.744,-1.0984608294194236,0.018459142726388933,9.864034352507646,0.0,0.0,0.021099796341547267,0.031216689271874338,0.9995126403957597,0.0
71.76,-1.0861262597990942,0.018276269054543305,9.822874102716275,0.0,0.0,0.021381978489293192,0.03155866197001635,0.9995019013762116,0.0
71.776,-1.0559065406690304,0.01818454497502322,9.729235550565766,0.0,0.0,0.021676367051926236,0.03190529457649004,0.9994908964958047,0.0
71.792,-1.035701204466845,0.018078150959162924,9.780173174024437,0.0,0.0,0.02197615029472078,0.0322567432672141,0.9994796158570685,0.0
71.808,-1.0174445154288843,0.017932175189624006,9.836076229504428,0.0,0.0,0.022289071722617338,0.03261317257493015,0.9994680490013664,0.0
71.824,-0.9960583873785356,0.01777238499422452,9.803827977117727,0.0,0.0,0.022611341122510762,0.03297475599095338,0.9994561848662187,0.0
71.84,-0.9663981315285567,0.01777151344349665,9.808297429379113,0.0,0.0,0.022947602601963654,0.0333416766219284,0.9994440117385459,0.0
71.856,-0.9423690341034291,0.017578057450029955,9.848569188273125,0.0,0.0,0.023294838707462778,0.033714127907922366,0.9994315172033591,0.0
71.872,-0.9309151184434101,0.01745559368903131,9.808382427248775,0.0,0.0,0.023644682544630553,0.03409231440844561,0.999418688087368,0.0
71.888,-0.9186809008897366,0.01744731131000665,9.77802197320237,0.0,0.0,0.024017359628345548,0.034476452664713816,0.999405510396885,0.0
71.904,-0.9015638955055444,0.017268244911407934,9.80449872885151,0.0,0.0,0.024407908553056176,0.03486677214685816,0.9993919692493327,0.0
71.92,-0.8888412395821234,0.017265480685650317,9.845254277748351,0.0,0.0,0.024812732886497383,0.03526351629649043,0.9993780487975547,0.0
71.936,-0.8633046440400511,0.017227230122709963,9.852138476215442,0.0,0.0,0.025232668642394627,0.03566694367628022,0.9993637321460057,0.0
71.952,-0.8410571594617491,0.017030245478483155,9.87415185017617,0.0,0.0,0.025661300154031078,0.03607732924015207,0.9993490012577678,0.0
71.968,-0.8243912280472544,0.01722439338785214,9.724070334471836,0.0,0.0,0.02612457848905705,0.036494965739397284,0.9993338368511697,0.0
71.984,-0.8099105315027247,0.017087210924680338,9.787127952238004,0.0,0.0,0.02659017662945834,0.036920165282644295,0.9993182182845974,0.0
72.0,-0.792199347962571,0.017012841248266117,9.815468906174857,0.0,0.0,0.027089058046050878,0.03735326107041845,0.9993021234278476,0.0
72.016,-0.7799211733620411,0.016873416282107867,9.866866472340995,0.0,0.0,0.027599643533741176,0.037794609327939044,0.999285528518125,0.0
72.032,-0.7605811078830153,0.016909830277037532,9.84896385246672,0.0,0.0,0.028139582857448303,0.038244591464464094,0.9992684079984298,0.0
72.048,-0.7502921573728993,0.01687569916726555,9.823967561070432,0.0,0.0,0.028707741101017068,0.038703616491236915,0.9992507343357317,0.0
72.06400000000001,-0.7384626484451057,0.016833069661081543,9.796620066247746,0.0,0.0,0.02930323936648822,0.039172123736562064,0.9992324778158321,0.0
72.08,-0.7187904894967526,0.016847350846590062,9.802309324938559,0.0,0.0,0.02992200673836859,0.03965058590258981,0.9992136063112739,0.0
72.096,-0.7048827014268625,0.01687605466979392,9.862066634044847,0.0,0.0,0.030583443899009563,0.040139512516918656,0.9991940850179729,0.0
72.112,-0.6933847672779153,0.01679030888627026,9.807530580150402,0.0,0.0,0.03127083532468229,0.040639453841578306,0.9991738761554259,0.0
72.128,-0.6801245565287647,0.016992372050026162,9.828993578283118,0.0,0.0,0.032000744611835996,0.04115100531429552,0.9991529386243245,0.0
72.144,-0.6582267478272412,0.017057066608974235,9.778263741428823,0.0,0.0,0.03276522466378765,0.04167481261122685,0.9991312276141804,0.0
72.16,-0.652703139801257,0.016965951962063013,9.858221913570874,0.0,0.0,0.03357959704699027,0.04221157743847195,0.9991086941520206,0.0
72.176,-0.6373008647859943,0.017175351896977185,9.896531685409474,0.0,0.0,0.03442727981615996,0.04276206418196732,0.9990852845813001,0.0
72.19200000000001,-0.6258914961020592,0.017109363081815564,9.926193557073177,0.0,0.0,0.03535196979949042,0.04332710757287702,0.9990609399578028,0.0
72.208,-0.6126972195362986,0.01717848167854941,9.852796730337129,0.0,0.0,0.036316088904126194,0.04390762156037549,0.9990355953462874,0.0
72.224,-0.5990625816131528,0.01742472430772681,9.845493539977904,0.0,0.0,0.037348499072762484,0.04450460962719277,0.9990091789978365,0.0
72.24,-0.5892653601014052,0.017625509106112658,9.829994609978979,0.0,0.0,0.03844586969226333,0.045119176838805675,0.9989816113830067,0.0
72.256,-0.576415689755215,0.017706080979663162,9.748618380947125,0.0,0.0,0.039624234275878883,0.04575254398755355,0.9989528040496543,0.0
72.272,-0.5644642328431191,0.01795210568866573,9.8039572547208,0.0,0.0,0.04089163456047964,0.04640606428431232,0.9989226582662145,0.0
72.288,-0.5520958669873739,0.0179780650982766,9.845008571974933,0.0,0.0,0.04223919368628905,0.04708124316839598,0.9988910634006687,0.0
72.304,-0.5408130330226816,0.01825793628002026,9.756294598024233,0.0,0.0,0.043715562575601975,0.04777976196093472,0.9988578949715302,0.0
72.32000000000001,-0.5324480492710468,0.018506703555781358,9.838754353781905,0.0,0.0,0.04529016640560943,0.0485035062921632,0.9988230122886469,0.0
72.336,-0.5164155873631308,0.018859452749416868,9.839562993760318,0.0,0.0,0.046995400382695014,0.049254600506043605,0.9987862555767325,0.0
72.352,-0.5112690864204135,0.01910852014379408,9.781655662914691,0.0,0.0,0.04886718403575863,0.0500354496148379,0.998747442440701,0.0
72.368,-0.4944869516297524,0.019358787141973043,9.772963741982213,0.0,0.0,0.05090226940634693,0.050848790881123894,0.9987063634852479,0.0
72.384,-0.48789435336197423,0.019729798994957377,9.80680126947484,0.0,0.0,0.05312231218009266,0.05169775780221582,0.9986627768362168,0.0
72.4,-4.992826436451865,0.020386831191960955,9.862874435428367,0.0,0.0,0.005130727490387368,0.05177973301022037,0.9986585298536184,0.0
72.416,-5.009378555600337,-0.0019242325482154005,9.849608462993471,0.0,0.0,-0.04287280812498383,0.051094726192913796,0.9986938114133238,0.0
72.432,-5.00318270191281,-0.01630703170188824,9.81017921107781,0.0,0.0,-0.09086743187678273,0.0496426571919703,0.9987670432022279,0.0
72.44800000000001,-5.01157399924648,-0.023367715070014113,9.810814814729977,0.0,0.0,-0.13888971517280044,0.04742336206401228,0.9988748794171097,0.0
72.464,-3.38967415093898,-0.017419721862942484,9.79496890119542,0.0,0.0,-0.1868796158729844,0.044436605929579126,0.9990122061583929,0.0
72.48,0.0,0.0,9.803109627809272,0.0,0.0,-0.23491378405570915,0.04068210261322423,0.9991721405878806,0.0
72.496,0.0,0.0,9.796023132008656,0.0,0.0,-0.28285504368172226,0.03615954107866095,0.9993460299560813,0.0
72.512,0.0,0.0,9.788950717898514,0.0,0.0,-0.3308040479243124,0.030868618663853657,0.9995234506412471,0.0
72.528,0.0,0.0,9.809842649646715,0.0,0.0,-0.3788204491876796,0.02480908111946379,0.9996922073788551,0.0
72.544,0.0,0.0,9.811167010466104,0.0,0.0,-0.4269181319021132,0.01798076945289929,0.9998383328968149,0.0
72.56,0.0,0.0,9.742542222222921,0.0,0.0,-0.474843627486104,0.010383673576416078,0.9999460882082886,0.0
72.57600000000001,0.0,0.0,9.814395729291798,0.0,0.0,-0.5229952219375911,0.00201799275282177,0.9999979638505518,0.0
72.592,0.0,0.0,9.725275826669552,0.0,0.0,-0.5708330734648338,-0.007115797175336758,0.9999746823947891,0.0
72.608,0.0,0.0,9.843094384930659,0.0,0.0,-0.6188738179037598,-0.01701686979466858,0.9998552025880504,0.0
72.624,0.0,0.0,9.841965349412968,0.0,0.0,-0.6668856885677966,-0.027683967405176244,0.999616725524693,0.0
72.64,0.0,0.0,9.795279843363577,0.0,0.0,-0.7148107011929417,-0.03911531362694106,0.9992347032803985,0.0
72.656,0.0,0.0,9.87892673227656,0.0,0.0,-0.7627704473268242,-0.051308519397721276,0.9986828504771741,0.0
72.672,0.0,0.0,9.809325194944067,0.0,0.0,-0.8108696379267759,-0.06426048244862864,0.9979331592824591,0.0
72.688,0.0,0.0,9.792116270436129,0.0,0.0,-0.858885310556472,-0.07796728037037302,0.9969559183793673,0.0
72.70400000000001,0.0,0.0,9.874206859706362,0.0,0.0,-0.9067686445118027,-0.09242405740972381,0.9957197364780536,0.0
72.72,0.0,0.0,9.817162281332218,0.0,0.0,-0.9549975190138831,-0.10762490516836914,0.9941915709698507,0.0
72.736,0.0,0.0,9.888116455492314,0.0,0.0,-1.0028538671342788,-0.1235627374117215,0.9923367623560673,0.0
72.752,0.0,0.0,9.788618858750464,0.0,0.0,-1.0508450905946227,-0.1402291592357728,0.99011907511169,0.0
72.768,0.0,0.0,9.877571140035046,0.0,0.0,-1.0989702840509803,-0.15761433088462212,0.9875007456704998,0.0
72.784,0.0,0.0,9.826525518632014,0.0,0.0,-1.146745597775689,-0.175706826560542,0.9844425382418334,0.0
72.8,0.0,0.0,9.76491678319846,0.0,0.0,-1.1948316578383944,-0.1944934886225286,0.9809038091899931,0.0
72.816,0.0,0.0,9.82828385656458,0.0,0.0,-1.2429165430763813,-0.21395927762789715,0.9768425807247288,0.0
72.83200000000001,0.0,0.0,9.881629052995624,0.0,0.0,-1.2908365318354489,-0.2340871187352955,0.9722156246647179,0.0
72.848,0.0,0.0,9.862627840764201,0.0,0.0,-1.3389785435901462,-0.25485774505588316,0.9669785570451035,0.0
72.864,0.0,0.0,9.815208418253091,0.0,0.0,-1.3868980695597883,-0.2762495386129286,0.961085944344284,0.0
72.88,0.0,0.0,9.73983067330648,0.0,0.0,-1.4347169922545524,-0.29823836964814565,0.9544914221037379,0.0
72.896,0.0,0.0,9.850104779157421,0.0,0.0,-1.482686694779337,-0.3207974350959566,0.9471478267070328,0.0
72.912,0.0,0.0,9.88944851962481,0.0,0.0,-1.500128312314325,-0.3434333337062174,0.9391770574814069,0.0
72.928,0.0,0.0,9.796709831820973,0.0,0.0,-1.4997961799157502,-0.3658714431978968,0.9306654001585578,0.0
72.944,0.0,0.0,9.77249284931653,0.0,0.0,-1.4997338020813866,-0.38809884108076576,0.9216177567472138,0.0
72.96000000000001,0.0,0.0,9.76976300366889,0.0,0.0,-1.5000899201208981,-0.4101027262170083,0.9120393379396404,0.0
72.976,0.0,0.0,9.771082052916363,0.0,0.0,-1.5000975814856559,-0.43187042619361304,0.9019356601107129,0.0
72.992,0.0,0.0,9.780084690096034,0.0,0.0,-1.4998845795535254,-0.45338940462063254,0.8913125421409419,0.0
73.008,0.0,0.0,9.806217760002195,0.0,0.0,-1.4998674937905854,-0.4746472683511071,0.8801761020652813,0.0
73.024,0.0,0.0,9.81717870924276,0.0,0.0,-1.4997845474522535,-0.49563177461848645,0.8685327535496459,0.0
73.04,0.0,0.0,9.752811552730119,0.0,0.0,-1.499688160556429,-0.5163308380874485,0.8563892021971745,0.0
73.056,0.0,0.0,9.823799783381954,0.0,0.0,-1.4999704063838548,-0.5367325378140505,0.843752441686357,0.0
73.072,0.0,0.0,9.821065014133476,0.0,0.0,-1.5000329077392762,-0.5568251241112055,0.8306297497432539,0.0
73.08800000000001,0.0,0.0,9.798655724919655,0.0,0.0,-1.4999146369943495,-0.5765970253155268,0.8170286839501326,0.0
73.104,0.0,0.0,9.77497373199043,0.0,0.0,-1.499862939949541,-0.5960368544516433,0.802957077392927,0.0
73.12,0.0,0.0,9.807839094266853,0.0,0.0,-1.5000726530675164,-0.6151334157901592,0.7884230341500248,0.0
73.136,0.0,0.0,9.822416406506147,0.0,0.0,-1.4999663127549123,-0.6338757112954587,0.773434924624998,0.0
73.152,0.0,0.0,9.78337577816735,0.0,0.0,-1.4998538586762469,-0.65225294695967,0.7580013807259365,0.0
73.168,0.0,0.0,9.773097951765726,0.0,0.0,-1.4999182294484177,-0.6702545390191121,0.7421312908941905,0.0
73.184,0.0,0.0,9.780598009269513,0.0,0.0,-1.4999923052627224,-0.6878701200496667,0.7258337949853652,0.0
73.2,0.0,0.0,9.819933329130363,0.0,0.0,-1.5000285521043502,-0.7050895449375573,0.7091182790055186,0.0
73.21600000000001,0.0,0.0,9.841173943568855,0.0,0.0,-1.500204659200934,-0.7219028967220904,0.6919943697056031,0.0
73.232,0.0,0.0,9.802749569760541,0.0,0.0,-1.49975788200059,-0.7383004923070049,0.6744719290372537,0.0
73.248,0.0,0.0,9.797734095294844,0.0,0.0,-1.4841029506436934,-0.7541042204025871,0.6567547676043216,0.0
73.264,0.0,0.0,9.804241853700795,0.0,0.0,-1.438124070603873,-0.7690164761118531,0.6392289570009385,0.0
73.28,0.0,0.0,9.836600299404093,0.0,0.0,-1.4136297371389035,-0.7832759674685361,0.6216741580492379,0.0
73.296,0.0,0.0,9.819014720542205,0.0,0.0,-1.37648065849934,-0.7967728702780345,0.6042789034782721,0.0
73.312,0.0,0.0,9.809647935222078,0.0,0.0,-1.3484580730372766,-0.8096227486180175,0.5869505983642971,0.0
73.328,0.0,0.0,9.861791067859937,0.0,0.0,-1.3153935378180506,-0.8217943677785163,0.5697841846589887,0.0
73.34400000000001,0.0,0.0,9.754851486221186,0.0,0.0,-1.2869755394153466,-0.8333507551816239,0.5527445330694981,0.0
73.36,0.0,0.0,9.796150184570893,0.0,0.0,-1.256458472589526,-0.8442930415280588,0.5358817593716919,0.0
73.376,0.0,0.0,9.76668164782638,0.0,0.0,-1.2282434339239605,-0.8546614507464656,0.5191857130237183,0.0
73.392,0.0,0.0,9.752179545515242,0.0,0.0,-1.1998437495595289,-0.8644699435793172,0.5026845100537438,0.0
73.408,0.0,0.0,9.79573804573866,0.0,0.0,-1.1725652443706367,-0.8737484165301734,0.48637814980837135,0.0
73.424,0.0,0.0,9.831064067618186,0.0,0.0,-1.1456166303564523,-0.8825154180236849,0.4702834644663584,0.0
73.44,0.0,0.0,9.778862625024527,0.0,0.0,-1.119328569251562,-0.8907957360136273,0.4544039576191432,0.0
73.456,0.0,0.0,9.858786789277582,0.0,0.0,-1.093747391801858,-0.8986090390537866,0.43875026487835894,0.0
73.47200000000001,0.0,0.0,9.843104743527135,0.0,0.0,-1.0684561449818433,-0.9059771889391055,0.42332650888173345,0.0
73.488,0.0,0.0,9.83991815180953,0.0,0.0,-1.0436411716355074,-0.9129195271808117,0.4081396046599291,0.0
73.504,0.0,0.0,9.789511373336907,0.0,0.0,-1.0195333133224551,-0.9194559103690007,0.3931931190744724,0.0
73.52,0.0,0.0,9.731935880606885,0.0,0.0,-0.9959907332633334,-0.9256047635558774,0.3784915080720682,0.0
73.536,0.0,0.0,9.864030690879398,0.0,0.0,-0.9729111065298758,-0.9313843407643564,0.36403737415126164,0.0
73.552,0.0,0.0,9.778261327657775,0.0,0.0,-0.9503927378380348,-0.9368119280678002,0.34983340525154355,0.0
73.568,0.0,0.0,9.783758984063274,0.0,0.0,-0.9282215693246724,-0.9419043703371002,0.3358811652055988,0.0
73.584,0.0,0.0,9.854772327962033,0.0,0.0,-0.9066291864009941,-0.9466777512190399,0.3221819910343564,0.0
73.60000000000001,0.0,0.0,9.72199403890457,0.0,0.0,-0.885532061933178,-0.9511476178594283,0.3087364718337233,0.0
73.616,0.0,0.0,9.82200086026537,0.0,0.0,-0.8649776900812188,-0.9553288584448131,0.29554487344992186,0.0
73.632,0.0,0.0,9.793727112783904,0.0,0.0,-0.8448139386685086,-0.9592358032564554,0.28260692445682006,0.0
73.648,0.0,0.0,9.890824370442218,0.0,0.0,-0.8250497150041712,-0.9628821839714086,0.2699220253896495,0.0
73.664,0.0,0.0,9.800612285015108,0.0,0.0,-0.805496660269133,-0.9662811843636879,0.25748917015033645,0.0
73.68,0.0,0.0,9.844029826422773,0.0,0.0,-0.7867183398280357,-0.9694454333747361,0.24530705597041128,0.0
73.696,0.0,0.0,9.757376970781774,0.0,0.0,-0.7682367677900002,-0.9723870353904637,0.23337406326442,0.0
73.712,0.0,0.0,9.760762103469371,0.0,0.0,-0.7498904866662635,-0.9751175771597005,0.22168831884922563,0.0
73.72800000000001,0.0,0.0,9.84110805431349,0.0,0.0,-0.7323084106888266,-0.9776481497342073,0.21024769991912162,0.0
73.744,0.0,0.0,9.785705613301825,0.0,0.0,-0.7149232044031026,-0.9799893609194011,0.19904987436515534,0.0
73.76,0.0,0.0,9.799838872330625,0.0,0.0,-0.6979877889083779,-0.9821513536732275,0.1880923137128334,0.0
73.776,0.0,0.0,9.768400076909394,0.0,0.0,-0.6816288573164132,-0.984143820575765,0.17737232146684123,0.0
73.792,0.0,0.0,9.825742170257827,0.0,0.0,-0.6652988814030175,-0.9859760205315556,0.16688704843922864,0.0
73.808,0.0,0.0,9.842250618853761,0.0,0.0,-0.6494676842899682,-0.9876567937406153,0.15663351422351388,0.0
73.824,0.0,0.0,9.801634246494256,0.0,0.0,-0.6338622042470264,-0.9891945773734823,0.14660862217106407,0.0
73.84,0.0,0.0,9.813926087283235,0.0,0.0,-0.6186261010552141,-0.9905974203652579,0.13680917646743054,0.0
73.856,0.0,0.0,9.7475140279471,0.0,0.0,-0.6038695619126753,-0.9918729982785732,0.12723189570965865,0.0
73.872,0.0,0.0,9.837377518789495,0.0,0.0,-0.5893685483497765,-0.9930286276036611,0.11787342685944747,0.0
73.888,0.0,0.0,9.847246353829659,0.0,0.0,-0.5751070877448461,-0.9940712798597566,0.10873035711329856,0.0
73.904,0.0,0.0,9.777146157505818,0.0,0.0,-0.5612376355013704,-0.9950075952469317,0.09979922545249613,0.0
73.92,0.0,0.0,9.789095084606082,0.0,0.0,-0.5477487208225986,-0.9958438959853091,0.0910765328106038,0.0
73.936,0.0,0.0,9.784190860166696,0.0,0.0,-0.534386498839908,-0.9965861992431014,0.08255875167533548,0.0
73.952,0.0,0.0,9.836638122884889,0.0,0.0,-0.5213658721700299,-0.9972402297045003,0.07424233468120252,0.0
73.968,0.0,0.0,9.77234801964115,0.0,0.0,-0.5086910667493688,-0.9978114317402718,0.06612372258447845,0.0
73.984,0.0,0.0,9.853417194581501,0.0,0.0,-0.496276522705719,-0.9983049812010923,0.058199351449020845,0.0
74.0,0.0,0.0,9.77557014636426,0.0,0.0,-0.48409172077395296,-0.9987257968217806,0.05046565924170278,0.0
74.016,0.0,0.0,9.791546192666836,0.0,0.0,-0.47219855867335986,-0.9990785512463156,0.0429190917840004,0.0
74.032,0.0,0.0,9.814603330104855,0.0,0.0,-0.46049909068670547,-0.9993676816726804,0.035556108169654384,0.0
74.048,0.0,0.0,9.86460403513885,0.0,0.0,-0.4491310851298785,-0.9995974001248574,0.02837318564464992,0.0
74.06400000000001,0.0,0.0,9.780108820933153,0.0,0.0,-0.4380380002365712,-0.9997717033560305,0.021366824017193364,0.0
74.08,0.0,0.0,9.72020768767272,0.0,0.0,-0.427147662940029,-0.999894382390276,0.014533549613530813,0.0
74.096,4.999835991100107,0.030124939915179172,9.744215078110695,0.0,0.0,-0.37917185594924396,-0.9999641495436122,0.008467563257531896,0.0
74.112,4.97934019469081,-0.0038345872125314325,9.810939951086915,0.0,0.0,-0.3310926144893253,-0.999994977895341,0.003169256079406118,0.0
74.128,4.98253740163785,-0.030221007972535803,9.852527421563423,0.0,0.0,-0.28318801109921715,-0.9999990736404848,-0.0013611459041177104,0.0
74.144,4.93799105888056,-0.048933686914392614,9.853995163110291,0.0,0.0,-0.2351458189990718,-0.9999868746087834,-0.0051235349278863,0.0
74.16,5.000318509595878,-0.06010014942517582,9.819288003057931,0.0,0.0,-0.1871292210259907,-0.9999670494579131,-0.008117881400671684,0.0
74.176,5.007334256844863,-0.06391616039750621,9.816347715930778,0.0,0.0,-0.13914065444991228,-0.999946497325516,-0.010344200618314505,0.0
74.19200000000001,5.017148786313526,-0.05967324354999516,9.889356324821637,0.0,0.0,-0.09114328896593661,-0.999930347761096,-0.011802526270830501,0.0
74.208,4.957555230931916,-0.04753793116613589,9.862451759394656,0.0,0.0,-0.043148787761031995,-0.9999219607953628,-0.012492890744632796,0.0
74.224,5.033872434502559,-0.027900429280647402,9.758733086215363,0.0,0.0,0.004848708115690473,-0.9999229270411217,-0.012415312219816435,0.0
74.24,5.013929851115048,0.0018176970270953987,9.807171254772115,0.0,0.0,0.0209438005722475,-0.9999270312024183,-0.012080242990845204,0.0
74.256,5.030895695014957,0.015116794866147644,9.806580947588069,0.0,0.0,0.02063500373827705,-0.9999309651775429,-0.011750101238180155,0.0
74.272,4.994747301713168,0.016391188678614263,9.779336859391853,0.0,0.0,0.020334540822309472,-0.9999347351707161,-0.011424771291800317,0.0
74.288,4.993452391782906,0.017834075786698583,9.814061258623724,0.0,0.0,0.02004180724952359,-0.9999383471340783,-0.011104140253434073,0.0
74.304,5.001018972121789,0.019207338055799064,9.787233364151215,0.0,0.0,0.019754569028619818,-0.9999418067785979,-0.010788097902467481,0.0
74.32000000000001,5.016185702620316,0.020529802597898685,9.723680195989589,0.0,0.0,0.019473622511929495,-0.9999451195844524,-0.010476536604968088,0.0
74.336,5.038755076500426,0.02191701232251145,9.824725684826728,0.0,0.0,0.019200712113983737,-0.9999482908109043,-0.010169351225675515,0.0
74.352,5.030246545588053,0.023074579850798832,9.76303112352689,0.0,0.0,0.0189342360595765,-0.9999513255057041,-0.00986643904280591,0.0
74.368,4.987260609671922,0.024205912230530386,9.784599989378005,0.0,0.0,0.018674666839567023,-0.9999542285140407,-0.009567699665528449,0.0
74.384,4.981728994732016,0.02536268083379008,9.765720747993733,0.0,0.0,0.018416420968287436,-0.9999570044870639,-0.00927303495399297,0.0
74.4,5.019366433771474,0.026408304915449016,9.806540032697008,0.0,0.0,0.01817040338569524,-0.9999596578900015,-0.00898234894175454,0.0
74.416,4.988058576871056,0.02767412175817716,9.854491217576093,0.0,0.0,0.017928262588903125,-0.9999621930098884,-0.008695547760493907,0.0
74.432,4.973790203405468,0.02868610297260935,9.725375329548642,0.0,0.0,0.017690704996866716,-0.9999646139629321,-0.008412539566889041,0.0
74.44800000000001,5.0057786945323395,0.029854627202536958,9.787360562834804,0.0,0.0,0.017457342854629757,-0.9999669247015279,-0.008133234471545845,0.0
74.464,4.964970975509263,0.03068606275860071,9.862072896322138,0.0,0.0,0.0172312077570192,-0.9999691290209435,-0.007857544469850968,0.0
74.48,5.008250266319147,0.03169237391285809,9.768641526039936,0.0,0.0,0.01701205593270857,-0.9999712305656896,-0.007585383374650002,0.0
74.496,5.016718176100403,0.03292643540888669,9.831966318013839,0.0,0.0,0.016797194547214803,-0.9999732328355895,-0.007316666750643389,0.0
74.512,5.0037947497951984,0.03364775221605876,9.811739553615356,0.0,0.0,0.016585551833823004,-0.9999751391915644,-0.007051311850380821,0.0
74.528,5.0152929015453065,0.03445126141517223,9.812789013705038,0.0,0.0,0.016383164274041944,-0.9999769528611474,-0.006789237551778587,0.0
74.544,4.984327164422787,0.03496781601670884,9.820336859844186,0.0,0.0,0.01617880328465902,-0.9999786769437379,-0.006530364297025429,0.0
74.56,4.989577644182543,0.03618791207863991,9.867757805277243,0.0,0.0,0.015985344997565792,-0.9999803144156085,-0.006274614032811937,0.0
74.57600000000001,4.998743350573639,0.037094981123112325,9.804350171133684,0.0,0.0,0.015794814374061016,-0.9999818681346798,-0.00602191015175236,0.0
74.592,1.253602998828216,0.03895952496266474,9.800835500417042,0.0,0.0,0.01560917666792117,-0.9999833408450661,-0.005772177434933062,0.0
74.608,1.4489315961364278e-05,0.039075249605248816,9.845210710186414,0.0,0.0,0.015424977787075512,-0.9999847350385928,-0.005525367842548272,0.0
74.624,1.4141619177028292e-05,0.038791739433215386,9.790405999525962,0.0,0.0,0.015240863383713424,-0.9999860530847304,-0.005281442608112774,0.0
74.64,1.3837196563692513e-05,0.038227653929392924,9.852803501054344,0.0,0.0,0.01506953691487947,-0.9999872972872871,-0.005040363485611935,0.0
74.656,1.354559539919148e-05,0.03751001790651553,9.775676581049673,0.0,0.0,0.01489191006121292,-0.9999884698861761,-0.00480209274219145,0.0
74.672,1.3170012247357125e-05,0.03733991435134173,9.801968214855355,0.0,0.0,0.014720241732214208,-0.9999895730591363,-0.004566593150950802,0.0
74.688,1.28426487093648e-05,0.03682134411209939,9.735587960752728,0.0,0.0,0.014547467609417155,-0.9999906089234071,-0.004333827983835035,0.0
74.70400000000001,1.263999966907191e-05,0.036388036898683106,9.870059658342786,0.0,0.0,0.014382676784361784,-0.9999915795373564,-0.004103761004618679,0.0
74.72,1.2166258314679863e-05,0.03596563076741801,9.873047742418079,0.0,0.0,0.014212759944411272,-0.9999924869020667,-0.0038763564619917444,0.0
74.736,1.1994813105624539e-05,0.03564656354504455,9.76478890323082,0.0,0.0,0.014048831395699105,-0.9999933329628767,-0.0036515790827420683,0.0
74.752,1.1787214970136982e-05,0.03536136044148755,9.768883435251807,0.0,0.0,0.01388468069360355,-0.9999941196108839,-0.003429394065019034,0.0
74.768,1.1606520758557348e-05,0.03475798098636734,9.763536879463897,0.0,0.0,0.013725145375243936,-0.9999948486844047,-0.003209767071704049,0.0
74.784,1.1249852107201355e-05,0.03432557799570842,9.801210469208044,0.0,0.0,0.0135691639996658,-0.9999955219703952,-0.0029926642238636567,0.0
74.8,1.1017030961398428e-05,0.033934697471415934,9.817820222247581,0.0,0.0,0.013411146473022944,-0.9999961412058356,-0.002778052094291824,0.0
74.816,1.0826241426754217e-05,0.03360027224558954,9.87994499774565,0.0,0.0,0.013261760007001522,-0.9999967080790753,-0.00256589770114346,0.0
74.83200000000001,1.0509697210334793e-05,0.033266703274509986,9.80716846048704,0.0,0.0,0.013107704758738806,-0.9999972242311435,-0.0023561685016545873,0.0
74.848,1.0269991016255942e-05,0.03285329996933833,9.827739678342414,0.0,0.0,0.012958510142538179,-0.9999976912570234,-0.0021488323859423504,0.0
74.864,1.0032550870065226e-05,0.03226792662919033,9.800021503487372,0.0,0.0,0.012811310335098516,-0.9999981107068929,-0.0019438576708991396,0.0
74.88,9.81852053437379e-06,0.032240776109800875,9.81683706736093,0.0,0.0,0.012664673442326512,-0.9999984840873315,-0.001741213094158253,0.0
74.896,9.53294758560962e-06,0.031527129414662194,9.851337486989003,0.0,0.0,0.012521079916676739,-0.9999988128624943,-0.001540867808155129,0.0
74.912,9.358020044822633e-06,0.031142804727571267,9.821687002756937,0.0,0.0,0.012380360400165394,-0.9999990984552563,-0.001342791374254028,0.0
74.928,9.058466160241175e-06,0.030819202951292188,9.790617407278159,0.0,0.0,0.012239434037982536,-0.9999993422483235,-0.001146953756965739,0.0
74.944,8.931873160976002e-06,0.030779824394432085,9.86176148840079,0.0,0.0,0.012103306555719744,-0.9999995455853156,-0.0009533253182399456,0.0
74.96000000000001,8.69937036486319e-06,0.030336208393551996,9.791528699179292,0.0,0.0,0.01196587112438772,-0.9999997097718197,-0.0007618768118318609,0.0
74.976,8.526430074099542e-06,0.03000658849057759,9.861092473136242,0.0,0.0,0.011831602271864063,-0.9999998360764146,-0.0005725793777478391,0.0
74.992,8.291380766661484e-06,0.029481182719923154,9.852386469254277,0.0,0.0,0.011700743379521067,-0.9999999257316687,-0.00038540453676779736,0.0
75.008,8.191195520990767e-06,0.029175540506116208,9.809828289129229,0.0,0.0,0.011566790436765605,-0.9999999799351103,-0.00020032418503361288,0.0
75.024,7.917839020122293e-06,0.029113371363382917,9.800300278258295,0.0,0.0,0.011439870317389784,-0.9999999998501717,-1.73105887199722e-05,0.0
75.04,7.854570511388458e-06,0.02870451773420866,9.799186091378832,0.0,0.0,0.011312176378803978,-0.9999999866071094,0.00016366362123004845,0.0
75.056,7.63253430206175e-06,0.028171006212435654,9.81318548142206,0.0,0.0,0.011184247327217617,-0.9999999413038974,0.0003426254542957477,0.0
75.072,7.4607724354539434e-06,0.027922677524577118,9.807177486363562,0.0,0.0,0.011059549151445696,-0.9999998650070975,0.0005196015655069713,0.0
75.08800000000001,7.361341538065154e-06,0.02755251938803677,9.868570232213319,0.0,0.0,0.010939322694634103,-0.9999997587527072,0.000694618260489226,0.0
75.104,7.122144403640548e-06,0.027304002565013124,9.831327271903369,0.0,0.0,0.01081826764542772,-0.9999996235469822,0.0008677015004587821,0.0
75.12,7.028987101574966e-06,0.02702458980252854,9.76746566294639,0.0,0.0,0.010700166891698892,-0.9999994603672403,0.0010388769071421969,0.0
75.136,6.7983080155671e-06,0.026604316434702083,9.845217474968747,0.0,0.0,0.010580675995345795,-0.99999927016264,0.001208169767628881,0.0
75.152,6.647727347306158e-06,0.026441233815113447,9.819554617028654,0.0,0.0,0.010465359360556575,-0.9999990538549407,0.001375605039167339,0.0
75.168,6.5442986448246695e-06,0.026136157462278816,9.807399474522656,0.0,0.0,0.01035229044908429,-0.9999988123392409,0.0015412073538926122,0.0
75.184,6.3622798795240225e-06,0.025869155194423715,9.805348911415543,0.0,0.0,0.010237817977896014,-0.9999985464846985,0.0017050010234911175,0.0
75.2,6.240979939021215e-06,0.025540214427332328,9.844027326963074,0.0,0.0,0.010126934238982926,-0.9999982571352294,0.0018670100438086237,0.0
75.21600000000001,6.1241381413355095e-06,0.02526261580130535,9.822722106582402,0.0,0.0,0.01001445145232507,-0.9999979451101879,0.0020272580993951194,0.0
75.232,5.968283818961287e-06,0.02513843917731294,9.781138779476242,0.0,0.0,0.009908034749365422,-0.9999976112050306,0.002185768567992768,0.0
75.248,5.8334544838832956e-06,0.02453636964585666,9.777895843476724,0.0,0.0,0.009799486382570945,-0.999997256191959,0.0023425645249615895,0.0
75.264,5.695242286730548e-06,0.024619159330730916,9.804790826625192,0.0,0.0,0.00969273678294021,-0.9999968808205488,0.002497668747649737,0.0
75.28,5.572469384238759e-06,0.02437443440082044,9.725910721127747,0.0,0.0,0.009590137236392364,-0.9999964858183591,0.002651103719713886,0.0
75.296,5.502297833847128e-06,0.024057985774585337,9.790789013461813,0.0,0.0,0.00948459182468396,-0.9999960718915252,0.002802891635371511,0.0
75.312,5.3514207695933775e-06,0.023675454771018612,9.808175543216835,0.0,0.0,0.009385586319738537,-0.9999956397253387,0.002953054403611904,0.0
75.328,5.227495371319416e-06,0.023531019631820336,9.839725762277975,0.0,0.0,0.009287381573927243,-0.9999951899848079,0.0031016136523430247,0.0
75.34400000000001,5.167901508936806e-06,0.02316461886910888,9.758904496413036,0.0,0.0,0.00918697813802786,-0.9999947233152047,0.0032485907324948287,0.0
75.36,5.038922372248026e-06,0.023062815859894892,9.842456440429466,0.0,0.0,0.009088192336077158,-0.9999942403425984,0.00339400672206285,0.0
75.376,4.937526277987567e-06,0.02264100188538614,9.832197959210044,0.0,0.0,0.008992983084890578,-0.999993741674372,0.003537882430106428,0.0
75.392,4.794769737119587e-06,0.022598297802015888,9.817276049107369,0.0,0.0,0.00889731470648444,-0.9999932278997266,0.0036802384006967056,0.0
75.408,4.7434588302710196e-06,0.022145615540322534,9.820388880027833,0.0,0.0,0.008803503621117268,-0.9999926995901703,0.003821094916810585,0.0
75.424,4.6224052427279555e-06,0.021956353739958002,9.793408555773436,0.0,0.0,0.008709480536469081,-0.9999921572999982,0.003960472004186636,0.0
75.44,4.5303746782066825e-06,0.021677115442742294,9.850031233707206,0.0,0.0,0.008619366342066455,-0.9999916015667524,0.004098389435121368,0.0
75.456,4.421351920059799e-06,0.021683114124475347,9.778921948724978,0.0,0.0,0.008528285923923868,-0.9999910329116758,0.00423486673222743,0.0
75.47200000000001,4.358966252114195e-06,0.02124804169226293,9.757035356130757,0.0,0.0,0.008442725218495947,-0.9999904518401511,0.004369923172147482,0.0
75.488,4.22977598962826e-06,0.020994628020721065,9.85952091114891,0.0,0.0,0.008354167508648454,-0.9999898588421269,0.004503577789215731,0.0
75.504,4.15021581355841e-06,0.020912669736962257,9.817582955344186,0.0,0.0,0.008266930350095212,-0.9999892543925332,0.004635849379082003,0.0
75.52,4.046900574705324e-06,0.02076733968569927,9.77540241558329,0.0,0.0,0.008181047557672969,-0.9999886389516872,0.0047667565022948,0.0
75.536,3.974071833850525e-06,0.02051834801727961,9.777671823681139,0.0,0.0,0.008097486428090375,-0.9999880129656848,0.0048963174878333,0.0
75.552,3.884624727669058e-06,0.020104012072347275,9.81642811360426,0.0,0.0,0.008014360068629009,-0.9999873768667833,0.0050245504366065305,0.0
75.568,3.8022553243899254e-06,0.020078535405257617,9.859379820298694,0.0,0.0,0.007932429649680914,-0.9999867310737743,0.0051514732249110405,0.0
75.584,3.7418342591665332e-06,0.019821592383675878,9.866736733566398,0.0,0.0,0.007852337568738692,-0.9999860759923448,0.005277103507844374,0.0
75.60000000000001,3.6787542959487423e-06,0.019817511782503124,9.79277375812118,0.0,0.0,0.0077730780447647085,-0.9999854120154289,0.005401458722687909,0.0
75.616,3.5863525503928667e-06,0.0193982103932611,9.760235811309489,0.0,0.0,0.007695148287764467,-0.9999847395235508,0.005524556092239928,0.0
75.632,3.512851155707438e-06,0.019106610058160736,9.87066254070107,0.0,0.0,0.007615962139959476,-0.9999840588851568,0.005646412628128922,0.0
75.648,3.4794204071774446e-06,0.019126147616861006,9.795206613958955,0.0,0.0,0.007538924372251656,-0.99998337045694,0.0057670451340715466,0.0
75.664,3.3871806204529936e-06,0.019023456613533333,9.829024362268907,0.0,0.0,0.00746503829308795,-0.9999826745841538,0.005886470209112131,0.0
75.68,3.340795418673184e-06,0.0187975883434919,9.766099453554597,0.0,0.0,0.007390199061566254,-0.9999819716009187,0.00600470425081748,0.0
75.696,3.2626720735247665e-06,0.018493764164949904,9.799847951779347,0.0,0.0,0.007317103066622647,-0.9999812618305199,0.0061217634584416715,0.0
75.712,3.19062721951969e-06,0.018358841588645466,9.826409412880382,0.0,0.0,0.007243117724077115,-0.999980545585697,0.006237663836060788,0.0
75.72800000000001,3.1167459589901318e-06,0.018127754474137364,9.820898327481197,0.0,0.0,0.00717220473409268,-0.9999798231689242,0.006352421195667174,0.0
75.744,3.069661254836771e-06,0.01801427117568925,9.815716396777564,0.0,0.0,0.007102763569545513,-0.9999790948726845,0.006466051160247624,0.0
75.76,3.0008395527588e-06,0.017764628784424984,9.85073245327793,0.0,0.0,0.007033729169802857,-0.9999783609797352,0.00657856916681552,0.0
75.776,2.943601500927027e-06,0.017682436496861367,9.777223308932722,0.0,0.0,0.006964126779973069,-0.9999776217633668,0.006689990469424016,0.0
75.792,2.87110690227183e-06,0.017399493895424705,9.76843080284143,0.0,0.0,0.006895129610942609,-0.9999768774876536,0.006800330142150022,0.0
75.808,2.8496859004989495e-06,0.01719951150752105,9.908774108456226,0.0,0.0,0.006829671624188015,-0.9999761284076978,0.006909603082047219,0.0
75.824,2.782319059229844e-06,0.01702097801939137,9.75786084156017,0.0,0.0,0.0067629701351277875,-0.9999753747698669,0.007017824012073886,0.0
75.84,2.7259066568257733e-06,0.01686510633493624,9.844767401143711,0.0,0.0,0.0066976852391954405,-0.9999746168120234,0.0071250074839979485,0.0
75.856,2.641539074000764e-06,0.016766369297696954,9.777212191742478,0.0,0.0,0.00663543781237231,-0.9999738547637499,0.007231167881274847,0.0
75.872,2.6479768371973744e-06,0.01668612615532777,9.799626243953258,0.0,0.0,0.006571652943627841,-0.999973088846565,0.007336319421901471,0.0
75.888,2.5826810144016323e-06,0.01646591395424089,9.846943805140333,0.0,0.0,0.006509641768688016,-0.9999723192741357,0.00744047616125137,0.0
75.904,2.526532095420292e-06,0.016216530299255703,9.788845918616415,0.0,0.0,0.006448441122816155,-0.9999715462524822,0.007543651994882038,0.0
75.92,2.482258559984855e-06,0.01618183130451835,9.860369752509296,0.0,0.0,0.006388662377153728,-0.9999707699801768,0.007645860661326081,0.0
75.936,2.4200752328757913e-06,0.01592441399554506,9.784342546585453,0.0,0.0,0.006329502889530605,-0.9999699906485373,0.007747115744861373,0.0
75.952,2.3816761417438005e-06,0.015819730422740316,9.842081896820602,0.0,0.0,0.006270844328934912,-0.9999692084418149,0.007847430678265084,0.0
75.968,2.3517231291959964e-06,0.015643810219095406,9.797785768047756,0.0,0.0,0.006212037312965213,-0.9999684235373762,0.007946818745542237,0.0
75.984,2.3050507852747807e-06,0.015555019482092817,9.778546510107951,0.0,0.0,0.006155179024369307,-0.9999676361058805,0.008045293084646559,0.0
76.0,2.250977630931012e-06,0.015291170162893563,9.83578830914966,0.0,0.0,0.00609838181066797,-0.9999668463114495,0.008142866690183428,0.0
76.016,2.214090615122113e-06,0.015368698611662254,9.787944723817562,0.0,0.0,0.006043550746682835,-0.9999660543118364,0.008239552416092432,0.0
76.032,2.179644221502227e-06,0.015105804789483488,9.793263920940317,0.0,0.0,0.0059877451558270275,-0.999965260258585,0.008335362978326018,0.0
76.048,2.135196540433043e-06,0.01498747861943911,9.80966507947404,0.0,0.0,0.005933829040295552,-0.9999644642971869,0.008430310957508843,0.0
76.06400000000001,2.1250016496547234e-06,0.014762678773244463,9.860835056329579,0.0,0.0,0.005881574876347193,-0.9999636665672326,0.008524408801589656,0.0
76.08,2.0556974915240927e-06,0.014656690160638522,9.77136549377383,0.0,0.0,0.0058291901232723235,-0.999962867202559,0.00861766882848057,0.0
76.096,2.027639178447275e-06,0.014510732441042638,9.853577026939188,0.0,0.0,0.005777994463588362,-0.9999620663313912,0.008710103228693483,0.0
76.112,1.98700506476791e-06,0.014412319602727744,9.811717163999763,0.0,0.0,0.005726819147252202,-0.99996126407648,0.008801724067959675,0.0
76.128,1.954274324591045e-06,0.014316071680645,9.84864878969839,0.0,0.0,0.005676455755465442,-0.9999604605552354,0.008892543289857878,0.0
76.144,1.9156369814207917e-06,0.014162980022160637,9.889466087572274,0.0,0.0,0.005626541416674229,-0.9999596558798554,0.008982572718417318,0.0
76.16,1.8887285361427735e-06,0.014097165158848252,9.782651725042493,0.0,0.0,0.005578628537139566,-0.9999588501574509,0.009071824060742964,0.0
76.176,1.858213740039341e-06,0.014006342713116689,9.817654322627492,0.0,0.0,0.005530615271436077,-0.999958043490166,0.009160308909614195,0.0
76.19200000000001,1.8258215867236195e-06,0.01387490558313712,9.810040949610965,0.0,0.0,0.005483167791482715,-0.9999572359752944,0.00924803874610302,0.0
76.208,1.7961529645244408e-06,0.0137367754436121,9.799237554741087,0.0,0.0,0.005437694951855955,-0.9999564277053922,0.009335024942182578,0.0
76.224,1.756741735549904e-06,0.013580345479967402,9.821424079060272,0.0,0.0,0.005390673904956573,-0.999955618768385,0.009421278763339197,0.0
76.24,1.7352852185178263e-06,0.013486467763244287,9.801923355161142,0.0,0.0,0.005345639869572675,-0.9999548092476742,0.009506811371197379,0.0
76.256,1.6999589569695954e-06,0.013320710104860958,9.769787593354064,0.0,0.0,0.005301437409635828,-0.9999539992222368,0.009591633826140361,0.0
76.272,1.6839332155453134e-06,0.01327228697796326,9.858772976067952,0.0,0.0,0.005258148190390213,-0.9999531887667223,0.00967575708994779,0.0
76.288,1.6546554259346712e-06,0.013056225027819003,9.802119327209777,0.0,0.0,0.005214971390383062,-0.9999523779515463,0.0097591920284372,0.0
76.304,1.6263102101651786e-06,0.013035098603326724,9.819734109443903,0.0,0.0,0.005172655536832065,-0.9999515668429796,0.009841949414123504,0.0
76.32000000000001,1.610240402706367e-06,0.012864010820527202,9.783778037125174,0.0,0.0,0.005131478477276463,-0.9999507555032349,0.00992403992888847,0.0
76.336,1.5756543754399514e-06,0.01286884158286114,9.875956354818818,0.0,0.0,0.005090113349623895,-0.999949943990548,0.01000547416666623,0.0
76.352,1.5470725613264908e-06,0.01268624570819782,9.821125294158122,0.0,0.0,0.0050497125128497545,-0.9999491323592589,0.010086262636150768,0.0
76.368,1.5166059290079712e-06,0.01264328363612414,9.85298772945361,0.0,0.0,0.0050097186047257086,-0.9999483206598845,0.010166415763525406,0.0
76.384,1.5024596029974853e-06,0.012495838937725044,9.863391899332482,0.0,0.0,0.004971188271562955,-0.9999475089391926,0.010245943895206297,0.0
76.4,1.4813659255039442e-06,0.012379511472544593,9.762129359258221,0.0,0.0,0.004932335923923177,-0.9999466972402687,0.010324857300625882,0.0
76.416,1.45038519955757e-06,0.012302054557855416,9.877434195239852,0.0,0.0,0.004894806692339944,-0.9999458856025834,0.010403166175034586,0.0
76.432,1.429411323522322e-06,0.012278903073427657,9.760128022384725,0.0,0.0,0.0048577575967637876,-0.9999450740620512,0.010480880642338476,0.0
76.44800000000001,1.4145491368307126e-06,0.012146133370144892,9.784620999594468,0.0,0.0,0.004820700090646396,-0.9999442626510913,0.010558010757969334,0.0
76.464,1.3909246894938827e-06,0.012073589671938346,9.87323612203235,0.0,0.0,0.004785483452209328,-0.9999434513986811,0.010634566511797403,0.0
76.48,1.368799860876618e-06,0.011962393052770238,9.782519778566915,0.0,0.0,0.004749589604176634,-0.9999426403304077,0.01071055783107961,0.0
76.496,1.3442719695300735e-06,0.011787239915700598,9.866088523250903,0.0,0.0,0.00471514432572778,-0.9999418294685175,0.010785994583453376,0.0
76.512,1.3221081307346421e-06,0.01177254219834008,9.836443057548461,0.0,0.0,0.0046808515156329215,-0.9999410188319593,0.0108608865799852,0.0
76.528,1.3209113681421538e-06,0.011643509288470792,9.85525311936319,0.0,0.0,0.004647479765541801,-0.9999402084364265,0.010935243578261488,0.0
76.544,1.291542408994236e-06,0.011587247854459224,9.845443805210419,0.0,0.0,0.004614387710670263,-0.9999393982943953,0.01100907528554352,0.0
76.56,1.279770256217911e-06,0.011512468225526148,9.792641767494032,0.0,0.0,0.004583101130878965,-0.9999385884151586,0.011082391361980816,0.0
76.57600000000001,1.2585495571845998e-06,0.011521063976914535,9.837370307480223,0.0,0.0,0.004550683738977192,-0.9999377788048577,0.011155201423889122,0.0
76.592,1.2365830795361065e-06,0.011437027340170729,9.803346158466711,0.0,0.0,0.004519932571804165,-0.9999369694665097,0.011227515047099873,0.0
76.608,1.2230095389905744e-06,0.011324015583829948,9.903916625252183,0.0,0.0,0.004489819466616294,-0.9999361604000307,0.011299341770385144,0.0
76.624,1.209672433369614e-06,0.011274773010088673,9.824615342045192,0.0,0.0,0.00445922234139262,-0.9999353516022583,0.011370691098963444,0.0
76.64,1.1913471765764205e-06,0.011282397511307128,9.823972708209533,0.0,0.0,0.004429374313047282,-0.999934543066966,0.011441572508090934,0.0
76.656,1.1792220331868155e-06,0.011069690396020203,9.837299564409923,0.0,0.0,0.004401350003770673,-0.9999337347848778,0.011511995446753052,0.0
76.672,1.1574778090587991e-06,0.011003744517365835,9.807796850495748,0.0,0.0,0.004373537252631073,-0.9999329267436761,0.01158196934144444,0.0
76.688,1.1460429956012241e-06,0.010900260977586859,9.867111105614589,0.0,0.0,0.004345747943578456,-0.999932118928009,0.011651503600065054,0.0
76.70400000000001,1.1244270564612356e-06,0.01087277510461827,9.752739946296968,0.0,0.0,0.004320037138119784,-0.9999313113194893,0.011720607615929865,0.0
76.72,1.1012030366241986e-06,0.010828852927091577,9.75346014775055,0.0,0.0,0.0042930112584785565,-0.9999305038966937,0.01178929077189563,0.0
76.736,1.1038675800272432e-06,0.010705844212826117,9.810914453156759,0.0,0.0,0.0042676138224377845,-0.9999296966351543,0.011857562444627245,0.0
76.752,1.0920489748473377e-06,0.010629473854598823,9.79601209749667,0.0,0.0,0.004242816466863455,-0.9999288895073485,0.011925432008995138,0.0
76.768,1.0791191681789504e-06,0.010595899101127449,9.739036945085523,0.0,0.0,0.004218112469951035,-0.9999280824826815,0.011992908842632223,0.0
76.784,1.06977254441379e-06,0.010569654494258176,9.782523807998002,0.0,0.0,0.004193157638657903,-0.999927275527468,0.012060002330646784,0.0
76.8,1.0578713799605162e-06,0.010519962623869023,9.860223631058616,0.0,0.0,0.004170564676644501,-0.9999264686049048,0.012126721870506221,0.0
76.816,1.0428392806230446e-06,0.010439959031877475,9.773897908196577,0.0,0.0,0.004147639515281372,-0.9999256616750412,0.012193076877110864,0.0
76.83200000000001,1.0218810813462107e-06,0.010297020346619518,9.807316619473179,0.0,0.0,0.004125352569720879,-0.9999248546947439,0.012259076788055871,0.0
76.848,1.013646531638924e-06,0.010262296968758846,9.811345977871794,0.0,0.0,0.0041041956569172425,-0.999924047617655,0.012324731069116811,0.0
76.864,1.0096596692359507e-06,0.010275147203251433,9.819458160158547,0.0,0.0,0.0040829550017797275,-0.9999232403941452,0.012390049219948027,0.0
76.88,9.912985001080261e-07,0.010189220333017258,9.89846595707533,0.0,0.0,0.004062419075683166,-0.9999224329712618,0.012455040780035564,0.0
76.896,9.905645607123508e-07,0.010191909400999686,9.836950182477803,0.0,0.0,0.004042495992094522,-0.9999216252926693,0.012519715334899461,0.0
76.912,9.782103867347477e-07,0.010135242058683634,9.778736140283149,0.0,0.0,0.0040239538242027965,-0.9999208172985824,0.012584082522580147,0.0
76.928,9.637682745483936e-07,0.010099621826366775,9.831141228565965,0.0,0.0,0.004004160262745709,-0.9999200089256951,0.012648152040426845,0.0
76.944,9.63381604087664e-07,0.00998450207975295,9.830181722012421,0.0,0.0,0.00398644411536818,-0.9999192001070998,0.01271193365219581,0.0
76.96000000000001,9.468648088036272e-07,0.009974371965080529,9.7995523543042,0.0,0.0,0.003969474761290948,-0.9999183907721989,0.012775437195502715,0.0
76.976,9.442624546126029e-07,0.009982160300645542,9.825602677595931,0.0,0.0,0.003952593851373599,-0.9999175808466096,0.01283867258963889,0.0
76.992,9.411665870407751e-07,0.00992535788355274,9.835597674571844,0.0,0.0,0.003936765192864177,-0.9999167702520588,0.012901649843788715,0.0
77.008,9.30826465334681e-07,0.009861597899181196,9.877392720758623,0.0,0.0,0.003920849452757031,-0.9999159589062683,0.01296437906566859,0.0
77.024,9.169694295590034e-07,0.009771370068309708,9.884895753361638,0.0,0.0,0.0039059491778567304,-0.9999151467228315,0.013026870470632806,0.0
77.04,9.176240787605711e-07,0.009744539940546481,9.788915561190475,0.0,0.0,0.0038924202532027536,-0.9999143336110786,0.013089134391266242,0.0
77.056,9.034368712014582e-07,0.009652451272078167,9.75615405105784,0.0,0.0,0.003878474310527871,-0.9999135194759309,0.013151181287518333,0.0
77.072,9.069715969305029e-07,0.009716519445264476,9.864781558283,0.0,0.0,0.003864775313772164,-0.9999127042177424,0.013213021757403331,0.0
77.08800000000001,8.982424934499634e-07,0.00959808303846046,9.832339682575006,0.0,0.0,0.0038528149910399268,-0.9999118877321295,0.013274666548327985,0.0
77.104,8.84977910121464e-07,0.009634413431668112,9.8058479985956,0.0,0.0,0.003841451252715602,-0.9999110699097862,0.013336126569089434,0.0
77.12,8.824599632742326e-07,0.009650679346044294,9.811008890512507,0.0,0.0,0.003831068412605344,-0.9999102506362848,0.013397412902588396,0.0
77.136,8.880271402002295e-07,0.009544434619484257,9.858881918981634,0.0,0.0,0.0038205085792604645,-0.9999094297918599,0.013458536819337338,0.0
77.152,8.775360269597954e-07,0.009513542435915867,9.836220241457621,0.0,0.0,0.0038112707231861363,-0.9999086072511774,0.013519509791809419,0.0
77.168,8.740955165248977e-07,0.009506760502837573,9.8446889721665,0.0,0.0,0.0038020387402926395,-0.999907782883081,0.013580343509710014,0.0
77.184,8.632933166259013e-07,0.009487756363523128,9.846230280631465,0.0,0.0,0.0037953478025227797,-0.9999069565503224,0.01364104989624218,0.0
77.2,8.626386285690115e-07,0.009476839625108388,9.758352712412881,0.0,0.0,0.0037873098238030093,-0.9999061281092688,0.013701641125459534,0.0
77.21600000000001,8.568641674317265e-07,0.009462904784174768,9.850656417630757,0.0,0.0,0.003780532693323987,-0.9999052974095847,0.013762129640795425,0.0
77.232,8.613501754246141e-07,0.009463938363077668,9.81770857208033,0.0,0.0,0.0037749596441276124,-0.9999044642938919,0.01382252817486919,0.0
77.248,8.548609331541459e-07,0.009438243052871331,9.808499849444882,0.0,0.0,0.0037714773293870602,-0.9999036285973986,0.013882849770691371,0.0
77.264,8.465565837627475e-07,0.009432436786689131,9.763969656523091,0.0,0.0,0.0037665311158061395,-0.9999027901474998,0.013943107804391938,0.0
77.28,8.51660928470306e-07,0.009350443261304386,9.822089643980268,0.0,0.0,0.0037630556091185516,-0.999901948763345,0.014003316009608633,0.0
77.296,8.500379063576428e-07,0.009450156366247143,9.874325300025067,0.0,0.0,0.003761890694247675,-0.9999011042553692,0.014063488503689733,0.0
77.312,8.436929188009397e-07,0.009427898897898402,9.760597341210588,0.0,0.0,0.0037597581651588564,-0.9999002564247851,0.014123639815894415,0.0
77.328,8.485472149257627e-07,0.00940990475831294,9.822879073640992,0.0,0.0,0.003759690133558267,-0.9998994050630327,0.014183784917764081,0.0
77.34400000000001,8.493453367740469e-07,0.009410921029280438,9.800480258804086,0.0,0.0,0.0037599511494803115,-0.9998985499511812,0.014243939255892209,0.0
77.36,8.465151289754724e-07,0.009362370790563238,9.834725987200613,0.0,0.0,0.0037618928858473887,-0.9998976908592789,0.014304118787326018,0.0
77.376,8.456897715062148e-07,0.00941786813365328,9.788216280382937,0.0,0.0,0.003764183498902266,-0.999896827545648,0.014364340017855573,0.0
77.392,8.533708954108194e-07,0.009342384012485692,9.894262240002272,0.0,0.0,0.0037676094668764562,-0.999895959756114,0.014424620043511409,0.0
77.408,8.491317455766822e-07,0.009404851299969331,9.783300307086826,0.0,0.0,0.0037722747847902223,-0.9998950872231676,0.014484976595568307,0.0
77.424,8.527997722344789e-07,0.009480257866158307,9.79810515625277,0.0,0.0,0.003778699962738341,-0.9998942096650498,0.014545428089462067,0.0
77.44,8.567491885717881e-07,0.009474547212575265,9.844991892882149,0.0,0.0,0.0037854746134940317,-0.9998933267847514,0.014605993678021113,0.0
77.456,8.586168125743784e-07,0.00951022916773588,9.792421867420126,0.0,0.0,0.0037945408258953004,-0.9998924382689197,0.014666693309488506,0.0
77.47200000000001,8.672318065739105e-07,0.009494542654712477,9.845371035369453,0.0,0.0,0.0038042059708527595,-0.9998915437866586,0.014727547790879288,0.0
77.488,8.631697748088513e-07,0.009515773841973742,9.77242514367633,0.0,0.0,0.003814490985470946,-0.9998906429882132,0.014788578857268888,0.0
77.504,8.782258432002727e-07,0.009539678887525748,9.847320087987265,0.0,0.0,0.003826880053739496,-0.9998897355035239,0.014849809247711822,0.0
77.52,8.798803005971194e-07,0.009515723298212386,9.799628567539793,0.0,0.0,0.003841741602662335,-0.9998888209406336,0.014911262788562835,0.0
77.536,8.874424985477428e-07,0.009577354271596703,9.83694064481151,0.0,0.0,0.003855963748205137,-0.9998878988839338,0.014972964485108499,0.0
77.552,8.936982560333401e-07,0.00971649635960301,9.814159717530789,0.0,0.0,0.003874101344109134,-0.9998869688922231,0.015034940622514844,0.0
77.568,9.077790696446033e-07,0.009713193868309716,9.788881099677536,0.0,0.0,0.0038920983546205054,-0.9998860304965618,0.01509721887728596,0.0
77.584,9.164450891920359e-07,0.00975603432355076,9.810717323627552,0.0,0.0,0.003913702029121408,-0.9998850831978908,0.015159828440551689,0.0
77.60000000000001,9.184325369092804e-07,0.009743001183638024,9.777052487330339,0.0,0.0,0.003936628905516423,-0.9998841264643862,0.015222800154759587,0.0
77.616,9.278781052976085e-07,0.009955758752236133,9.74618353341368,0.0,0.0,0.003961028339212314,-0.9998831597285119,0.015286166665559089,0.0
77.632,9.447770395322424e-07,0.009893814501032282,9.831983507640178,0.0,0.0,0.003987772142756558,-0.9998821823837327,0.015349962590959882,0.0
77.648,9.544815672995463e-07,0.00995719549162658,9.803907981834014,0.0,0.0,0.0040163760506887886,-0.9998811937808333,0.015414224710185533,0.0
77.664,9.638559079342183e-07,0.01001646052616879,9.797407451406741,0.0,0.0,0.004049131282518655,-0.9998801932237906,0.01547899217505711,0.0
77.68,-2.6575978980528623,0.010277349440678155,9.79191923088626,0.0,0.0,0.004082764944226023,-0.9998791799651342,0.015544306747203819,0.0
77.696,-3.4278655364491906,0.010236050281008905,9.83287162235778,0.0,0.0,0.004118260551258877,-0.9998781536459047,0.015610184549089415,0.0
77.712,-3.047156327507008,0.01013870938394717,9.783697635676294,0.0,0.0,0.0041540575849729165,-0.9998771140327002,0.015676633364310077,0.0
77.72800000000001,-3.108268061640352,0.009934930607649148,9.806020884109826,0.0,0.0,0.0041901022263694555,-0.9998760608298222,0.015743664739754054,0.0
77.744,-2.9974672620503893,0.009883154271605103,9.722464778810743,0.0,0.0,0.004226748321749172,-0.9998749937533767,0.01581128921640459,0.0
77.76,-2.93562728678821,0.009711086209157541,9.855712420655308,0.0,0.0,0.004264726656745613,-0.9998739125012235,0.015879518238781483,0.0
77.776,-2.887852451393513,0.009606717227443828,9.849078529307503,0.0,0.0,0.004303350299057587,-0.9998728167642955,0.015948363421791616,0.0
77.792,-2.8430349685717933,0.009504691929806944,9.790171953078614,0.0,0.0,0.004342215658086154,-0.9998717062214345,0.0160178368651246,0.0
77.808,-2.7517938292349453,0.009342032299139508,9.735710824884299,0.0,0.0,0.004383016833088131,-0.9998705805407408,0.016087951054197084,0.0
77.824,-2.708528563766404,0.009311848109130667,9.838295928923005,0.0,0.0,0.004423031871007798,-0.9998694393782922,0.01615871892631611,0.0
77.84,-2.650536879311072,0.009215136600278766,9.811569412761104,0.0,0.0,0.00446609416527761,-0.9998682823778641,0.016230153872956447,0.0
77.856,-2.5952647321671147,0.009059710157833722,9.835897485823667,0.0,0.0,0.004508391604414015,-0.9998671091702027,0.016302269769023468,0.0
77.872,-2.5525032161109027,0.008986471822057248,9.83822104354828,0.0,0.0,0.0045523704273853745,-0.9998659193724254,0.016375080993224603,0.0
77.888,-2.4759338578922656,0.008837809914588005,9.809211672134168,0.0,0.0,0.004595909966035202,-0.9998647125873152,0.01644860245388203,0.0
77.904,-2.4271233211623398,0.008771594059429736,9.85711960413085,0.0,0.0,0.004641941993768708,-0.9998634884025976,0.01652284961465749,0.0
77.92,-2.3746865717326706,0.00870757080566446,9.782108141650337,0.0,0.0,0.00468825373246651,-0.9998622463901614,0.016597838522533253,0.0
77.936,-2.3444640745432155,0.008595825639956076,9.765178093154317,0.0,0.0,0.004734909147995815,-0.9998609861052321,0.016673585837275417,0.0
77.952,-2.283907038821521,0.008432454044816313,9.816997271400824,0.0,0.0,0.004783593073399877,-0.9998597070854899,0.01675010886288422,0.0
77.968,-2.2301742409633802,0.008397890779797364,9.823552343597315,0.0,0.0,0.004834453912756804,-0.999858408850131,0.016827425581007974,0.0
77.984,-2.1845838346525603,0.008304991857640132,9.775560182299015,0.0,0.0,0.004884170325051113,-0.9998570908988643,0.016905554686566123,0.0
78.0,-2.1558972124920683,0.008273541206167627,9.845150196173595,0.0,0.0,0.004935318724554375,-0.9998557527108399,0.016984515625701233,0.0
78.016,-2.1051440507023584,0.008097848634470767,9.806307112694881,0.0,0.0,0.004990061029360582,-0.9998543937435058,0.017064328636274443,0.0
78.032,-2.0479934844435856,0.007990215459798201,9.824698838868043,0.0,0.0,0.005043850790850846,-0.9998530134313807,0.017145014791109473,0.0
78.048,-2.01582415227953,0.007906675123011799,9.758111167331556,0.0,0.0,0.005100111437670732,-0.999851611184745,0.017226596044190967,0.0
78.06400000000001,-1.9720539483726731,0.00790396852790592,9.869820407189218,0.0,0.0,0.005156604354650692,-0.9998501863882332,0.017309095280095235,0.0
78.08,-1.913318724990721,0.007787831885497437,9.823828928256003,0.0,0.0,0.005216000981435912,-0.9998487383993272,0.017392536366897568,0.0
78.096,-1.8746791239704244,0.007742452332770772,9.813738427404433,0.0,0.0,0.00527580899524425,-0.9998472665467364,0.017476944212873706,0.0
78.112,-1.8273558228822837,0.0076517411583524025,9.744672532405577,0.0,0.0,0.005338192312197955,-0.9998457701286566,0.017562344827315723,0.0
78.128,-1.8004574437643455,0.0075877353002475785,9.811537636309621,0.0,0.0,0.0054022145213732525,-0.9998442484108991,0.017648765385836204,0.0
78.144,-1.7663134005493557,0.007482664152440824,9.821305422429587,0.0,0.0,0.005467782963923549,-0.9998427006248715,0.017736234300549745,0.0
78.16,-1.7372448910159142,0.0074682166464171565,9.717722844538997,0.0,0.0,0.0055348819216406095,-0.9998411259654029,0.017824781295584444,0.0
78.176,-1.6963002772211175,0.0073983774554194,9.811931642207433,0.0,0.0,0.005604256065834127,-0.9998395235883976,0.01791443748842224,0.0
78.19200000000001,-1.6715250102673531,0.007347497181422245,9.819291550360862,0.0,0.0,0.0056757845319256196,-0.9998378926082949,0.018005235477596082,0.0
78.208,-1.6342522317890078,0.007272005528624278,9.762874614711912,0.0,0.0,0.005749439353234012,-0.9998362320953267,0.018097209437377033,0.0
78.224,-1.596857436765434,0.007183417139230576,9.852717478355425,0.0,0.0,0.005825152515700534,-0.99983454107254,0.018190395220099652,0.0
78.24,-1.5662532968377365,0.007204816846353389,9.78172881902096,0.0,0.0,0.005903413983650866,-0.9998328185125734,0.01828483046690511,0.0
78.256,-1.5289651450886272,0.007099868648211338,9.787575415496956,0.0,0.0,0.005983493592415268,-0.9998310633341521,0.018380554727730803,0.0
78.272,-1.5092884642770987,0.006976984095662271,9.832130810093842,0.0,0.0,0.006067459111777365,-0.9998292743982768,0.01847760959148541,0.0
78.288,-1.4778001597268644,0.006936560584595726,9.858170212882133,0.0,0.0,0.006152642650096257,-0.9998274505040757,0.01857603882747756,0.0
78.304,-1.4361564418481412,0.006904806407701713,9.850723470957547,0.0,0.0,0.006241456492951128,-0.9998255903842772,0.018675888539279532,0.0
78.32000000000001,-1.4032401537770525,0.006878340232788564,9.826754752328865,0.0,0.0,0.006333817581106247,-0.9998236927002672,0.018777207332350235,0.0
78.336,-1.3681307624760988,0.006790763524282729,9.80723876032997,0.0,0.0,0.006429443987843994,-0.9998217560366816,0.018880046496945205,0.0
78.352,-1.35488037803442,0.006793832902988383,9.782176016403831,0.0,0.0,0.0065266637265941835,-0.9998197788954825,0.01898446020798385,0.0
78.368,-1.3226555668689906,0.00673183145244984,9.891629424434772,0.0,0.0,0.006629409303769707,-0.9998177596894572,0.019090505743831317,0.0
78.384,-1.2854660462065084,0.0067371483696789265,9.826342037505137,0.0,0.0,0.0067351097098036295,-0.9998156967350691,0.019198243726152756,0.0
78.4,-1.2578428046381545,0.006719575239797876,9.809174552278463,0.0,0.0,0.006844083228165274,-0.9998135882445891,0.019307738383342554,0.0
78.416,-1.2387412727551512,0.006681602330917283,9.800805789269829,0.0,0.0,0.006959292940879735,-0.9998114323174112,0.01941905784034671,0.0
78.432,-1.2118816163123445,0.006601281793923301,9.746283731881384,0.0,0.0,0.007077719744459633,-0.9998092269304545,0.019532274438145248,0.0
78.44800000000001,-1.1845395504346607,0.006630963956189972,9.791292850455871,0.0,0.0,0.007200835162981784,-0.9998069699275317,0.019647465086562912,0.0
78.464,-1.1639293699828983,0.006595302443246037,9.739725663278783,0.0,0.0,0.007329216331450607,-0.9998046590075514,0.01976471165471736,0.0
78.48,-1.1472071950252105,0.006578991747250277,9.768814291841545,0.0,0.0,0.007463080393413316,-0.999802291711394,0.019884101404000275,0.0
78.496,-1.1205784994734331,0.006499132953614235,9.799065152023715,0.0,0.0,0.007604144548334509,-0.999799865407285,0.020005727469268108,0.0
78.512,-1.082628736743141,0.006505252276593373,9.847832276734191,0.0,0.0,0.007749958950026374,-0.9997973772744491,0.02012968939484555,0.0
78.528,-1.0704141047366376,0.006500398005946787,9.833849559366461,0.0,0.0,0.007903053689851725,-0.9997948242848032,0.020256093732987528,0.0
78.544,-1.0443807804610017,0.0064673937142101,9.837827084422523,0.0,0.0,0.008061992200074234,-0.9997922031823998,0.020385054713758777,0.0
78.56,-1.0273187281109895,0.006522181161515156,9.774991997057592,0.0,0.0,0.008228232950664419,-0.9997895104602815,0.020516694996774595,0.0
78.57600000000001,-1.0088583808004579,0.006520112779004779,9.829099826858023,0.0,0.0,0.008403360289944942,-0.999786742334348,0.02065114651712989,0.0
78.592,-0.9779725641831628,0.006469015284490703,9.848908107954449,0.0,0.0,0.008589524771989574,-0.9997838947137655,0.02078855144001777,0.0
78.608,-0.9624289305260154,0.006463281188102133,9.726076475524579,0.0,0.0,0.008784279558375564,-0.9997809631673553,0.02092906324123634,0.0
78.624,-0.9460837507410577,0.006472607611543496,9.730896154097112,0.0,0.0,0.008989554038649749,-0.9997779428852935,0.021072847934031167,0.0
78.64,-0.92887363554124,0.006538738079151327,9.788966523979436,0.0,0.0,0.009205187704558249,-0.9997748286353212,0.021220085466702246,0.0
78.656,-0.9019638296881205,0.006559713567331805,9.80824090908064,0.0,0.0,0.009432837244008025,-0.9997716147124934,0.021370971320312224,0.0
78.672,-0.8804050113416908,0.006613417408899297,9.792958108476462,0.0,0.0,0.009675237931460717,-0.9997682948813027,0.021525718341852903,0.0
78.688,-0.8673001040531214,0.00661597529550905,9.795750486508686,0.0,0.0,0.009930429295226596,-0.9997648623087486,0.02168455885575777,0.0
78.70400000000001,-0.8528552929528778,0.0066138249863461375,9.83605957141108,0.0,0.0,0.010201524009572718,-0.9997613094866146,0.021847747106045968,0.0
78.72,-0.8330827684053564,0.006636747713965162,9.774285048439841,0.0,0.0,0.010490203584564678,-0.9997576281408018,0.022015562093178304,0.0
78.736,-0.8179454049832388,0.00674518962633982,9.846404575353631,0.0,0.0,0.010797082330083325,-0.9997538091250684,0.022188310884703667,0.0
78.752,-0.7951256548979851,0.006782217225656783,9.79667133339521,0.0,0.0,0.01112917687272937,-0.9997498422958587,0.022366332497878963,0.0
78.768,-0.7775255959242975,0.006832322898835358,9.854688082283326,0.0,0.0,0.011482017300742648,-0.9997457163640602,0.02255000247698973,0.0
78.784,-0.7614399851074787,0.006879015954454536,9.809041454237603,0.0,0.0,0.011861057897009156,-0.9997414187184289,0.022739738320019205,0.0
78.8,-0.7487840418930454,0.006955713139346406,9.710097527865068,0.0,0.0,0.01226969017787932,-0.9997369352139693,0.022936005950903546,0.0
78.816,-0.7293045921279522,0.007063915692696838,9.815092677130826,0.0,0.0,0.0127108887072863,-0.9997322499166319,0.02313932748869492,0.0
78.83200000000001,-0.7206955921024571,0.00714305258829097,9.900603356892326,0.0,0.0,0.013188088491741029,-0.9997273447931232,0.02335029063828093,0.0
78.848,-0.7019446641728442,0.007275499074265463,9.83372421317875,0.0,0.0,0.013709810998890196,-0.9997221993311229,0.023569560126200602,0.0
78.864,-0.6870996470856701,0.007416004732978253,9.828941128765297,0.0,0.0,0.014274310093365971,-0.9997167900704336,0.023797891739999903,0.0
78.88,-0.6749829667687488,0.007557009731121015,9.75381780101757,0.0,0.0,0.014896890581332497,-0.9997110900189307,0.024036149715826058,0.0
78.896,-0.6565245967979474,0.007709708764586662,9.768799404226659,0.0,0.0,0.0155797103070557,-0.9997050679178481,0.02428532847978097,0.0
78.912,-0.6403396128550005,0.007913130472343877,9.762688430010543,0.0,0.0,0.016334097337257138,-0.9996986873075561,0.024546580119226943,0.0
78.928,-0.6291742043154568,0.008176932054659764,9.802624533171803,0.0,0.0,0.01717189685145957,-0.9996919053255732,0.024821249495647225,0.0
78.944,-0.6165415134744496,0.00833431516362823,9.865872029458012,0.0,0.0,0.018109084420735704,-0.9996846711398143,0.025110919698037897,0.0
78.96000000000001,-0.6076868376759186,0.008608330917254445,9.808540222173116,0.0,0.0,0.019166730928722005,-0.9996769238766711,0.02541747171684919,0.0
78.976,-5.035578966826911,0.008703230412858897,4.814522106934399,0.0,0.0,0.0,-0.9996769238766711,0.02541747171684919,0.0
78.992,-5.0235322167056555,0.0,5.01943742586582,0.0,0.0,0.0,-0.9996769238766711,0.02541747171684919,0.0
79.008,-5.000854016896863,0.0,9.769736492692061,0.0,0.0,0.0,-0.9996769238766711,0.02541747171684919,0.0
79.024,-5.020729262539584,0.0,9.75696094044994,0.0,0.0,0.0,-0.9996769238766711,0.02541747171684919,0.0
79.04,-4.991357454107203,0.0,9.744532733189658,0.0,0.0,0.0,-0.9996769238766711,0.02541747171684919,0.0
