timestamp,acc_x,acc_y,acc_z,w_x,w_y,w_z,comp_x,comp_y,comp_z
0.016,0.0,0.0,12.102383656295869,0.0,0.0,0.0,0.0,1.0,0.0
0.032,0.0,0.0,9.34858183896949,0.0,0.0,0.0,0.0,1.0,0.0
0.048,0.0,0.0,9.467257546489888,0.0,0.0,0.0,0.0,1.0,0.0
0.064,0.0,0.0,13.511777892165032,0.0,0.0,0.0,0.0,1.0,0.0
0.08,0.0,0.0,14.770058775481266,0.0,0.0,0.0,0.0,1.0,0.0
0.096,0.0,0.0,14.91028864220753,0.0,0.0,0.0,0.0,1.0,0.0
0.112,0.0,0.0,14.947513877496021,0.0,0.0,0.0,0.0,1.0,0.0
0.128,0.0,0.0,14.660655214833868,0.0,0.0,0.0,0.0,1.0,0.0
0.14400000000000002,0.0,0.0,14.894698811261595,0.0,0.0,0.0,0.0,1.0,0.0
0.16,0.0,0.0,14.881515987317808,0.0,0.0,0.0,0.0,1.0,0.0
0.176,0.0,0.0,14.767883222320691,0.0,0.0,0.0,0.0,1.0,0.0
0.192,0.0,0.0,14.776580699340116,0.0,0.0,0.0,0.0,1.0,0.0
0.20800000000000002,0.0,0.0,14.934777183831944,0.0,0.0,0.0,0.0,1.0,0.0
0.224,0.0,0.0,14.826345652634393,0.0,0.0,0.0,0.0,1.0,0.0
0.24,0.0,0.0,14.796706820776262,0.0,0.0,0.0,0.0,1.0,0.0
0.256,0.0,0.0,14.819808018726397,0.0,0.0,0.0,0.0,1.0,0.0
0.272,0.0,0.0,14.719838215163417,0.0,0.0,0.0,0.0,1.0,0.0
0.28800000000000003,0.0,0.0,14.857152197633653,0.0,0.0,0.0,0.0,1.0,0.0
0.304,0.0,0.0,14.873801287046824,0.0,0.0,0.0,0.0,1.0,0.0
0.32,0.0,0.0,14.794103637239328,0.0,0.0,0.0,0.0,1.0,0.0
0.336,0.0,0.0,14.808821010882687,0.0,0.0,0.0,0.0,1.0,0.0
0.352,0.0,0.0,14.702328513577774,0.0,0.0,0.0,0.0,1.0,0.0
0.368,0.0,0.0,14.875675232443008,0.0,0.0,0.0,0.0,1.0,0.0
0.384,0.0,0.0,14.810421051337817,0.0,0.0,0.0,0.0,1.0,0.0
0.4,0.0,0.0,14.823422592213367,0.0,0.0,0.0,0.0,1.0,0.0
0.41600000000000004,0.0,0.0,14.746719022810007,0.0,0.0,0.0,0.0,1.0,0.0
0.432,0.0,0.0,14.804055691671124,0.0,0.0,0.0,0.0,1.0,0.0
0.448,0.0,0.0,14.859277760431914,0.0,0.0,0.0,0.0,1.0,0.0
0.464,0.0,0.0,14.824621550138001,0.0,0.0,0.0,0.0,1.0,0.0
0.48,0.0,0.0,14.745272319192827,0.0,0.0,0.0,0.0,1.0,0.0
0.496,0.0,0.0,14.804004149225905,0.0,0.0,0.0,0.0,1.0,0.0
0.512,0.0,0.0,14.817235369681027,0.0,0.0,0.0,0.0,1.0,0.0
0.528,0.0,0.0,11.05029506489516,0.0,0.0,0.0,0.0,1.0,0.0
0.544,0.0,0.0,9.743388054895798,0.0,0.0,0.0,0.0,1.0,0.0
0.56,0.0,0.0,9.811070670481461,0.0,0.0,0.0,0.0,1.0,0.0
0.5760000000000001,0.0,0.0,9.786046359749918,0.0,0.0,0.0,0.0,1.0,0.0
0.592,0.0,0.0,9.772966657557065,0.0,0.0,0.0,0.0,1.0,0.0
0.608,0.0,0.0,9.82197928077153,0.0,0.0,0.0,0.0,1.0,0.0
0.624,0.0,0.0,9.87171946007906,0.0,0.0,0.0,0.0,1.0,0.0
0.64,0.0,0.0,9.799347813595281,0.0,0.0,0.0,0.0,1.0,0.0
0.656,0.0,0.0,9.820926982435273,0.0,0.0,0.0,0.0,1.0,0.0
0.672,0.0,0.0,9.8228283778971,0.0,0.0,0.0,0.0,1.0,0.0
0.6880000000000001,0.0,0.0,9.788767034643469,0.0,0.0,0.0,0.0,1.0,0.0
0.704,0.0,0.0,9.849642069658142,0.0,0.0,0.0,0.0,1.0,0.0
0.72,0.0,0.0,9.802191230250049,0.0,0.0,0.0,0.0,1.0,0.0
0.736,0.0,0.0,9.804218666870643,0.0,0.0,0.0,0.0,1.0,0.0
0.752,0.0,0.0,9.846045198104578,0.0,0.0,0.0,0.0,1.0,0.0
0.768,0.0,0.0,9.785257226113709,0.0,0.0,0.0,0.0,1.0,0.0
0.784,0.0,0.0,9.723269390289715,0.0,0.0,0.0,0.0,1.0,0.0
0.8,0.0,0.0,9.782270830421423,0.0,0.0,0.0,0.0,1.0,0.0
0.8160000000000001,0.0,0.0,8.552023896192694,0.0,0.0,0.0,0.0,1.0,0.0
0.8320000000000001,0.0,0.0,6.271222502635262,0.0,0.0,0.0,0.0,1.0,0.0
0.848,0.0,0.0,7.1906395398137635,0.0,0.0,0.0,0.0,1.0,0.0
0.864,0.0,0.0,6.8740192793073644,0.0,0.0,0.0,0.0,1.0,0.0
0.88,0.0,0.0,7.139216705004929,0.0,0.0,0.0,0.0,1.0,0.0
0.896,0.0,0.0,7.111315110366838,0.0,0.0,0.0,0.0,1.0,0.0
0.912,0.0,0.0,7.216784457894721,0.0,0.0,0.0,0.0,1.0,0.0
0.928,0.0,0.0,7.220026432341541,0.0,0.0,0.0,0.0,1.0,0.0
0.9440000000000001,0.0,0.0,7.3195196020160305,0.0,0.0,0.0,0.0,1.0,0.0
0.96,0.0,0.0,7.324923612490055,0.0,0.0,0.0,0.0,1.0,0.0
0.976,0.0,0.0,7.396836394320969,0.0,0.0,0.0,0.0,1.0,0.0
0.992,0.0,0.0,7.42104522490169,0.0,0.0,0.0,0.0,1.0,0.0
1.008,0.0,0.0,7.455382958857267,0.0,0.0,0.0,0.0,1.0,0.0
1.024,0.0,0.0,7.5335361947576445,0.0,0.0,0.0,0.0,1.0,0.0
1.04,0.0,0.0,7.55612107105919,0.0,0.0,0.0,0.0,1.0,0.0
1.056,0.0,0.0,7.627702091316865,0.0,0.0,0.0,0.0,1.0,0.0
1.072,0.0,0.0,7.6745439702970355,0.0,0.0,0.0,0.0,1.0,0.0
1.088,0.0,0.0,7.759054896345769,0.0,0.0,0.0,0.0,1.0,0.0
1.104,0.0,0.0,7.75142567375968,0.0,0.0,0.0,0.0,1.0,0.0
1.12,0.0,0.0,7.822238173669639,0.0,0.0,0.0,0.0,1.0,0.0
1.1360000000000001,0.0,0.0,7.910746303204506,0.0,0.0,0.0,0.0,1.0,0.0
1.1520000000000001,0.0,0.0,7.861258100219324,0.0,0.0,0.0,0.0,1.0,0.0
1.168,0.0,0.0,7.884629371920537,0.0,0.0,0.0,0.0,1.0,0.0
1.184,0.0,0.0,8.001176414699037,0.0,0.0,0.0,0.0,1.0,0.0
1.2,0.0,0.0,8.027572040183957,0.0,0.0,0.0,0.0,1.0,0.0
1.216,0.0,0.0,8.014980156795763,0.0,0.0,0.0,0.0,1.0,0.0
1.232,0.0,0.0,8.057165094614179,0.0,0.0,0.0,0.0,1.0,0.0
1.248,0.0,0.0,8.175864326168155,0.0,0.0,0.0,0.0,1.0,0.0
1.264,0.0,0.0,8.162474572893686,0.0,0.0,0.0,0.0,1.0,0.0
1.28,0.0,0.0,8.137515210664146,0.0,0.0,0.0,0.0,1.0,0.0
1.296,0.0,0.0,8.191238197129879,0.0,0.0,0.0,0.0,1.0,0.0
1.312,0.0,0.0,8.263825709541404,0.0,0.0,0.0,0.0,1.0,0.0
1.328,0.0,0.0,8.32020064391405,0.0,0.0,0.0,0.0,1.0,0.0
1.344,0.0,0.0,8.269463010298772,0.0,0.0,0.0,0.0,1.0,0.0
1.36,0.0,0.0,8.322872677849139,0.0,0.0,0.0,0.0,1.0,0.0
1.3760000000000001,0.0,0.0,8.346021303963681,0.0,0.0,0.0,0.0,1.0,0.0
1.3920000000000001,0.0,0.0,8.402349877466456,0.0,0.0,0.0,0.0,1.0,0.0
1.408,0.0,0.0,8.435587820661418,0.0,0.0,0.0,0.0,1.0,0.0
1.424,0.0,0.0,8.482488300199456,0.0,0.0,0.0,0.0,1.0,0.0
1.44,0.0,0.0,8.452962594169158,0.0,0.0,0.0,0.0,1.0,0.0
1.456,0.0,0.0,8.500383462573454,0.0,0.0,0.0,0.0,1.0,0.0
1.472,0.0,0.0,8.496374020011434,0.0,0.0,0.0,0.0,1.0,0.0
1.488,0.0,0.0,8.494022972966151,0.0,0.0,0.0,0.0,1.0,0.0
1.504,0.0,0.0,8.49775730794119,0.0,0.0,0.0,0.0,1.0,0.0
1.52,0.0,0.0,8.586187239935448,0.0,0.0,0.0,0.0,1.0,0.0
1.536,0.0,0.0,8.602371880750566,0.0,0.0,0.0,0.0,1.0,0.0
1.552,0.0,0.0,8.687176045470059,0.0,0.0,0.0,0.0,1.0,0.0
1.568,0.0,0.0,8.679753663997559,0.0,0.0,0.0,0.0,1.0,0.0
1.584,0.0,0.0,8.660810966101264,0.0,0.0,0.0,0.0,1.0,0.0
1.6,0.0,0.0,8.75363498162944,0.0,0.0,0.0,0.0,1.0,0.0
1.616,0.0,0.0,8.704052929811853,0.0,0.0,0.0,0.0,1.0,0.0
1.6320000000000001,0.0,0.0,8.773927571999012,0.0,0.0,0.0,0.0,1.0,0.0
1.6480000000000001,0.0,0.0,8.77101021309125,0.0,0.0,0.0,0.0,1.0,0.0
1.6640000000000001,0.0,0.0,8.780822130090453,0.0,0.0,0.0,0.0,1.0,0.0
1.68,0.0,0.0,8.786751187929681,0.0,0.0,0.0,0.0,1.0,0.0
1.696,0.0,0.0,8.872896077658725,0.0,0.0,0.0,0.0,1.0,0.0
1.712,0.0,0.0,8.805612139426984,0.0,0.0,0.0,0.0,1.0,0.0
1.728,0.0,0.0,8.840636475569069,0.0,0.0,0.0,0.0,1.0,0.0
1.744,0.0,0.0,8.909485225782005,0.0,0.0,0.0,0.0,1.0,0.0
1.76,0.0,0.0,8.896612899299695,0.0,0.0,0.0,0.0,1.0,0.0
1.776,0.0,0.0,8.946118366347042,0.0,0.0,0.0,0.0,1.0,0.0
1.792,0.0,0.0,8.888772944106595,0.0,0.0,0.0,0.0,1.0,0.0
1.808,0.0,0.0,8.928891766335386,0.0,0.0,0.0,0.0,1.0,0.0
1.824,0.0,0.0,8.934645484595585,0.0,0.0,0.0,0.0,1.0,0.0
1.84,0.0,0.0,8.95559765513085,0.0,0.0,0.0,0.0,1.0,0.0
1.856,0.0,0.0,9.002089724800994,0.0,0.0,0.0,0.0,1.0,0.0
1.872,0.0,0.0,9.046751400236793,0.0,0.0,0.0,0.0,1.0,0.0
1.8880000000000001,0.0,0.0,9.028381710592656,0.0,0.0,0.0,0.0,1.0,0.0
1.9040000000000001,0.0,0.0,9.091885885387612,0.0,0.0,0.0,0.0,1.0,0.0
1.92,0.0,0.0,9.07303289336317,0.0,0.0,0.0,0.0,1.0,0.0
1.936,0.0,0.0,9.138081289404731,0.0,0.0,0.0,0.0,1.0,0.0
1.952,0.0,0.0,9.13207100866803,0.0,0.0,0.0,0.0,1.0,0.0
1.968,0.0,0.0,9.122638026582703,0.0,0.0,0.0,0.0,1.0,0.0
1.984,0.0,0.0,9.141802380125423,0.0,0.0,0.0,0.0,1.0,0.0
2.0,0.0,0.0,9.171891325389028,0.0,0.0,0.0,0.0,1.0,0.0
2.016,0.0,0.0,9.172858490828027,0.0,0.0,0.0,0.0,1.0,0.0
2.032,0.0,0.0,9.206796998917838,0.0,0.0,0.0,0.0,1.0,0.0
2.048,0.0,0.0,9.140397968832646,0.0,0.0,0.0,0.0,1.0,0.0
2.064,0.0,0.0,9.14661247292511,0.0,0.0,0.0,0.0,1.0,0.0
2.08,0.0,0.0,9.226672311985514,0.0,0.0,0.0,0.0,1.0,0.0
2.096,0.0,0.0,9.19790253729015,0.0,0.0,0.0,0.0,1.0,0.0
2.112,0.0,0.0,9.200818411142269,0.0,0.0,0.0,0.0,1.0,0.0
2.128,0.0,0.0,9.298862761192979,0.0,0.0,0.0,0.0,1.0,0.0
2.144,0.0,0.0,9.269550480547084,0.0,0.0,0.0,0.0,1.0,0.0
2.16,0.0,0.0,9.265934408015525,0.0,0.0,0.0,0.0,1.0,0.0
2.176,0.0,0.0,9.31647003679414,0.0,0.0,0.0,0.0,1.0,0.0
2.192,0.0,0.0,9.290421870130437,0.0,0.0,0.0,0.0,1.0,0.0
2.208,0.0,0.0,9.257460654672379,0.0,0.0,0.0,0.0,1.0,0.0
2.224,0.0,0.0,9.258321406238398,0.0,0.0,0.0,0.0,1.0,0.0
2.24,0.0,0.0,9.291879848744166,0.0,0.0,0.0,0.0,1.0,0.0
2.2560000000000002,0.0,0.0,9.35366964832318,0.0,0.0,0.0,0.0,1.0,0.0
2.2720000000000002,0.0,0.0,9.300061954624725,0.0,0.0,0.0,0.0,1.0,0.0
2.2880000000000003,0.0,0.0,9.352199933916463,0.0,0.0,0.0,0.0,1.0,0.0
2.3040000000000003,0.0,0.0,9.35371298145488,0.0,0.0,0.0,0.0,1.0,0.0
2.32,0.0,0.0,9.370868430661822,0.0,0.0,0.0,0.0,1.0,0.0
2.336,0.0,0.0,9.284439194172068,0.0,0.0,0.0,0.0,1.0,0.0
2.352,0.0,0.0,9.317085846856621,0.0,0.0,0.0,0.0,1.0,0.0
2.368,0.0,0.0,9.409792334296153,0.0,0.0,0.0,0.0,1.0,0.0
2.384,0.0,0.0,9.394655121304583,0.0,0.0,0.0,0.0,1.0,0.0
2.4,0.0,0.0,9.419867183987366,0.0,0.0,0.0,0.0,1.0,0.0
2.416,0.0,0.0,9.380272576877735,0.0,0.0,0.0,0.0,1.0,0.0
2.432,0.0,0.0,9.497793819404258,0.0,0.0,0.0,0.0,1.0,0.0
2.448,0.0,0.0,9.434214148052392,0.0,0.0,0.0,0.0,1.0,0.0
2.464,0.0,0.0,9.396955293531844,0.0,0.0,0.0,0.0,1.0,0.0
2.48,0.0,0.0,9.42355519285266,0.0,0.0,0.0,0.0,1.0,0.0
2.496,0.0,0.0,9.384278315600543,0.0,0.0,0.0,0.0,1.0,0.0
2.512,0.0,0.0,9.440182922103478,0.0,0.0,0.0,0.0,1.0,0.0
2.528,0.0,0.0,9.489418295980306,0.0,0.0,0.0,0.0,1.0,0.0
2.544,0.0,0.0,9.544379331953047,0.0,0.0,0.0,0.0,1.0,0.0
2.56,0.0,0.0,9.428739083177216,0.0,0.0,0.0,0.0,1.0,0.0
2.576,0.0,0.0,9.464037742302528,0.0,0.0,0.0,0.0,1.0,0.0
2.592,0.0,0.0,9.438908658642113,0.0,0.0,0.0,0.0,1.0,0.0
2.608,0.0,0.0,9.535516243184407,0.0,0.0,0.0,0.0,1.0,0.0
2.624,0.0,0.0,9.44652727665678,0.0,0.0,0.0,0.0,1.0,0.0
2.64,0.0,0.0,9.504380443749602,0.0,0.0,0.0,0.0,1.0,0.0
2.656,0.0,0.0,9.537605627565307,0.0,0.0,-0.04799503073306852,-0.0007679998866316209,0.9999997050880436,0.0
2.672,0.0,0.0,9.588197094255001,0.0,0.0,-0.09601949193330721,-0.0023039976217754847,0.999997345793957,0.0
2.688,0.0,0.0,9.5352028778475,0.0,0.0,-0.143970354682189,-0.004607982333628095,0.9999893831930482,0.0
2.704,0.0,0.0,9.524836137008908,0.0,0.0,-0.1920091276177848,-0.007679920727983525,0.9999705089739457,0.0
2.72,0.0,0.0,9.56594523290972,0.0,0.0,-0.2399920881741934,-0.011519736704841809,0.9999336456316746,0.0
2.736,0.0,0.0,9.555944461055846,0.0,0.0,-0.288004580964679,-0.016127284182018028,0.9998699468955512,0.0
2.7520000000000002,0.0,0.0,9.509303690874296,0.0,0.0,-0.3359586720555219,-0.021502313129754414,0.9997687985379772,0.0
2.7680000000000002,0.0,0.0,9.582060507440453,0.0,0.0,-0.3839736520715915,-0.02764442882111624,0.9996178197467042,0.0
2.7840000000000003,0.0,0.0,9.595890254369204,0.0,0.0,-0.43198257842779253,-0.034553044308570445,0.999402865279568,0.0
2.8000000000000003,0.0,0.0,9.55686624090187,0.0,0.0,-0.48002421534484,-0.042227326141285854,0.9991080286570404,0.0
2.816,0.0,0.0,9.634254914079449,0.0,0.0,-0.5280031078350528,-0.05066613334592217,0.9987156466841667,0.0
2.832,0.0,0.0,9.608195898623414,0.0,0.0,-0.5760095805436989,-0.0598679497021852,0.9982063056294811,0.0
2.848,0.0,0.0,9.510738900478067,0.0,0.0,-0.6239880862686341,-0.06983080935621241,0.9975588494242614,0.0
2.864,0.0,0.0,9.628752130223075,0.0,0.0,-0.6720193663601839,-0.08055221582886712,0.9967503902808666,0.0
2.88,0.0,0.0,9.56956442000844,0.0,0.0,-0.7200539896050988,-0.09202905449254502,0.9957563221638156,0.0
2.896,0.0,0.0,9.58387487545742,0.0,0.0,-0.767883034005012,-0.10425749861002392,0.9945503375815531,0.0
2.912,0.0,0.0,9.596655398157479,0.0,0.0,-0.8159217017872905,-0.11723290905160678,0.9931044482003379,0.0
2.928,0.0,0.0,9.604777013016895,0.0,0.0,-0.8639772401140808,-0.13094972783340428,0.9913890098141886,0.0
2.944,0.0,0.0,9.568446360911302,0.0,0.0,-0.9117798050235669,-0.14540136564932377,0.9893727522361386,0.0
2.96,0.0,0.0,9.584763380909472,0.0,0.0,-0.9601399432649539,-0.16058008360343884,0.9870228147058773,0.0
2.976,0.0,0.0,9.633312985429464,0.0,0.0,-1.0080481350110848,-0.1764768693871189,0.9843047874369616,0.0
2.992,0.0,0.0,9.567772316564175,0.0,0.0,-1.056165619977819,-0.19308130818746663,0.9811827599528115,0.0
3.008,0.0,0.0,9.650260741968118,0.0,0.0,-1.1040628539732575,-0.21038144866001315,0.9776193768843344,0.0
3.024,0.0,0.0,9.555719244019397,0.0,0.0,-1.1519396463129596,-0.22836366434949956,0.9735759019228388,0.0
3.04,0.0,0.0,9.717383547765571,0.0,0.0,-1.1999899019987188,-0.24701251099809834,0.969012290639502,0.0
3.056,0.0,0.0,9.642547752254181,0.0,0.0,-1.2479565364150702,-0.2663105802404423,0.9638872728965765,0.0
3.072,0.0,0.0,9.666230383237394,0.0,0.0,-1.2958799325784696,-0.286238350249662,0.9581584455852549,0.0
3.088,0.0,0.0,9.63787743798175,0.0,0.0,-1.3441551020554112,-0.3067740339679721,0.9517823764301467,0.0
3.104,0.0,0.0,9.63078495326168,0.0,0.0,-1.3919646445538607,-0.32789342562936385,0.944714719600071,0.0
3.12,0.0,0.0,9.62422972578689,0.0,0.0,-1.4398424832332875,-0.3495697463604099,0.9369103438587487,0.0
3.136,0.0,0.0,9.708857542732027,0.0,0.0,-1.4878772798611244,-0.3717734897279195,0.9283234739763532,0.0
3.152,0.0,0.0,9.6961153280969,0.0,0.0,-1.4999626119730451,-0.3939429899302806,0.9191348762204551,0.0
3.168,0.0,0.0,9.61231952371969,0.0,0.0,-1.5000538444180709,-0.4158856116409451,0.9094169330016002,0.0
3.184,0.0,0.0,9.658271626053336,0.0,0.0,-1.500154920219396,-0.4375887177295544,0.8991752410491541,0.0
3.2,0.0,0.0,9.624059199574946,0.0,0.0,-1.4999865438174553,-0.4590398090068841,0.8884156987283168,0.0
3.216,0.0,0.0,9.708541069691881,0.0,0.0,-1.5000128416156175,-0.4802265314233415,0.8771445026431542,0.0
3.232,0.0,0.0,9.74929076585124,0.0,0.0,-1.499773162186489,-0.5011366831838742,0.8653681440678674,0.0
3.248,0.0,0.0,9.652642842243633,0.0,0.0,-1.5002737669617545,-0.521758221775189,0.8530934052083587,0.0
3.2640000000000002,0.0,0.0,9.72276752805967,0.0,0.0,-1.499755195855216,-0.5420792709012439,0.8403273552962416,0.0
3.2800000000000002,0.0,0.0,9.6056151889586,0.0,0.0,-1.499965019670784,-0.562088127323009,0.827077346517551,0.0
3.2960000000000003,0.0,0.0,9.604578489251121,0.0,0.0,-1.4996829585979177,-0.5817732675985618,0.8133510097784917,0.0
3.3120000000000003,0.0,0.0,9.703316536511302,0.0,0.0,-1.5000737693436226,-0.6011233547196319,0.7991562503106734,0.0
3.3280000000000003,0.0,0.0,9.66874642404107,0.0,0.0,-1.4997371659011698,-0.6201272446407798,0.7845012431183487,0.0
3.344,0.0,0.0,9.63088715823799,0.0,0.0,-1.4999814054058043,-0.6387739926974432,0.7693944282702905,0.0
3.36,0.0,0.0,9.774907966541505,0.0,0.0,-1.500243008900916,-0.6570528599091554,0.7538445060390105,0.0
3.376,0.0,0.0,9.682955989916872,0.0,0.0,-1.4999315424735309,-0.6749533191643052,0.737860431890129,0.0
3.392,0.0,0.0,9.688044371070003,0.0,0.0,-1.4997613848711886,-0.6924650612828839,0.7214514113247626,0.0
3.408,0.0,0.0,9.688058256273534,0.0,0.0,-1.499611162235592,-0.709578000953716,0.7046268945779236,0.0
3.424,0.0,0.0,9.675003963538305,0.0,0.0,-1.5001962153858892,-0.7262822825427626,0.6873965711759659,0.0
3.44,0.0,0.0,9.786481355647982,0.0,0.0,-1.500185628468284,-0.7425682857691489,0.6697703643562228,0.0
3.456,0.0,0.0,9.708677683979369,0.0,0.0,-1.452178295065826,-0.7579259270050238,0.652340623580638,0.0
3.472,0.0,0.0,9.77682619752743,0.0,0.0,-1.4226827019698791,-0.7725765354861698,0.6349216462022593,0.0
3.488,0.0,0.0,9.639109005529255,0.0,0.0,-1.3880535481188214,-0.7864851303689776,0.6176092127781874,0.0
3.504,0.0,0.0,9.753654793927632,0.0,0.0,-1.358156618659827,-0.799718512570758,0.6003751332722022,0.0
3.52,0.0,0.0,9.708951396062869,0.0,0.0,-1.3263020384596829,-0.8122768089446213,0.5832721368715835,0.0
3.536,0.0,0.0,9.764545796594733,0.0,0.0,-1.2969454011632295,-0.8242026091435385,0.5662950283032546,0.0
3.552,0.0,0.0,9.712141269032522,0.0,0.0,-1.2670858443261193,-0.8355101673227022,0.5494749860552257,0.0
3.568,0.0,0.0,9.680480045546123,0.0,0.0,-1.2382364553575502,-0.846231186804404,0.532815895483243,0.0
3.584,0.0,0.0,9.746151078642052,0.0,0.0,-1.2098563867330683,-0.8563851346138496,0.5163375845436963,0.0
3.6,0.0,0.0,9.734322928161262,0.0,0.0,-1.1822207699987015,-0.8659983988797216,0.500046770950237,0.0
3.616,0.0,0.0,9.72323990244096,0.0,0.0,-1.1551090875413843,-0.8750918713138028,0.48395683357145264,0.0
3.632,0.0,0.0,9.754327055658267,0.0,0.0,-1.1286090449182549,-0.8836889428518696,0.4680746225564308,0.0
3.648,0.0,0.0,9.732308894109964,0.0,0.0,-1.1028213331503829,-0.8918103230897741,0.45240949109243134,0.0
3.664,0.0,0.0,9.691867117325666,0.0,0.0,-1.0777465148492484,-0.8994773703873314,0.4369673445019564,0.0
3.68,0.0,0.0,9.68792895814674,0.0,0.0,-1.052722184976781,-0.9067099383445818,0.4217547720028367,0.0
3.696,0.0,0.0,9.67463183636357,0.0,0.0,-1.028564687223254,-0.913527761968057,0.4067763858849644,0.0
3.712,0.0,0.0,9.66539390525616,0.0,0.0,-1.004956339422934,-0.9199495682650501,0.39203672257704103,0.0
3.728,0.0,0.0,9.760253174373913,0.0,0.0,-0.981657655362977,-0.925993655529789,0.37753907071795706,0.0
3.744,0.0,0.0,9.729162654423993,0.0,0.0,-0.9591011378315739,-0.9316775313311524,0.3632863575923124,0.0
3.7600000000000002,0.0,0.0,9.81121316207848,0.0,0.0,-0.9367416420894681,-0.9370181584931787,0.3492806474084303,0.0
3.7760000000000002,0.0,0.0,9.739426845594279,0.0,0.0,-0.9150641941132389,-0.9420318131160629,0.3355235656064468,0.0
3.7920000000000003,0.0,0.0,9.826049377109666,0.0,0.0,-0.8939820875293926,-0.9467341937486574,0.32201609647202367,0.0
3.8080000000000003,0.0,0.0,9.738553399106873,0.0,0.0,-0.8731418035542126,-0.9511403713357454,0.3087587958509045,0.0
3.8240000000000003,0.0,0.0,9.722492373416069,0.0,0.0,-0.852761570415644,-0.955264842706846,0.29575172068521466,0.0
3.84,0.0,0.0,9.77641351519531,0.0,0.0,-0.8329725025256985,-0.9591215190312291,0.282994543642148,0.0
3.856,0.0,0.0,9.743184570350921,0.0,0.0,-0.8134941079266303,-0.9627237568695951,0.27048653933032013,0.0
3.872,0.0,0.0,9.819965711231202,0.0,0.0,-0.7945223170472943,-0.9660843627924951,0.25822665231888653,0.0
3.888,0.0,0.0,9.681271994926036,0.0,0.0,-0.7758712443187826,-0.9692156154592521,0.24621350643281842,0.0
3.904,0.0,0.0,9.741143616021894,0.0,0.0,-0.7578010946139493,-0.9721292769781973,0.23444544960789404,0.0
3.92,0.0,0.0,9.775181959111386,0.0,0.0,-0.7399293258503762,-0.9748366113539669,0.22292057142380384,0.0
3.936,0.0,0.0,9.71420099479671,0.0,0.0,-0.7224801698820034,-0.9773483985511361,0.2116367355860736,0.0
3.952,0.0,0.0,9.808586626738013,0.0,0.0,-0.7055179407783503,-0.9796749513480035,0.20059159927894993,0.0
3.968,0.0,0.0,9.7368451929399,0.0,0.0,-0.688888438409311,-0.9818261303208913,0.18978263835004663,0.0
3.984,0.0,0.0,9.74545286839298,0.0,0.0,-0.6725788746724435,-0.9838113598225104,0.17920716582822036,0.0
4.0,0.0,0.0,9.775310321992317,0.0,0.0,-0.6566710573989538,-0.9856396430625919,0.1688623522975044,0.0
4.016,0.0,0.0,9.830576238963236,0.0,0.0,-0.6408244067027579,-0.9873195774187217,0.1587452425923903,0.0
4.032,0.0,0.0,9.7620189978386,0.0,0.0,-0.6256577090073518,-0.9888593692077396,0.14885277266504526,0.0
4.048,0.0,0.0,9.82695757640647,0.0,0.0,-0.6108076850915701,-0.9902668483533766,0.13918178419703814,0.0
4.064,0.0,0.0,9.69404086286632,0.0,0.0,-0.5962183979019393,-0.9915494826352952,0.12972903871407662,0.0
4.08,0.0,0.0,9.689505895062096,0.0,0.0,-0.5819439484775818,-0.9927143916830802,0.12049123015926289,0.0
4.096,0.0,0.0,9.709975853502076,0.0,0.0,-0.5679737731959361,-0.9937683605854238,0.11146499674498302,0.0
4.112,0.0,0.0,9.770500546640065,0.0,0.0,-0.5541960072148367,-0.9947178531736888,0.10264693165179194,0.0
4.128,0.0,0.0,9.706659307925833,0.0,0.0,-0.5409419966421904,-0.9955690249263639,0.09403359297170928,0.0
4.144,0.0,0.0,9.74695944406232,0.0,0.0,-0.5278895710361436,-0.996327735515377,0.08562151273366597,0.0
4.16,0.0,0.0,9.74819475024022,0.0,0.0,-0.5150649341556429,-0.9969995609731198,0.07740720521635412,0.0
4.176,0.0,0.0,9.793963396468472,0.0,0.0,-0.5026121330788988,-0.997589805488472,0.06938717450273217,0.0
4.192,0.0,0.0,9.804323589381308,0.0,0.0,-0.49045567454300115,-0.9981035128251186,0.06155792139244613,0.0
4.208,0.0,0.0,9.823714130378198,0.0,0.0,-0.4784307815114307,-0.99854547736727,0.053915949675129186,0.0
4.224,0.0,0.0,9.745401109311691,0.0,0.0,-0.466674729184238,-0.9989202547930603,0.04645777183817275,0.0
4.24,0.0,0.0,9.807257829275027,0.0,0.0,-0.4553992558630001,-0.9992321723808091,0.03917991423075606,0.0
4.256,0.0,0.0,9.74426431290236,0.0,0.0,-0.44404177459573535,-0.99948533895213,0.03207892173602308,0.0
4.272,0.0,0.0,9.75935219218966,0.0,0.0,-0.4332129874532742,-0.9996836544580495,0.02515136197901092,0.0
4.288,0.0,0.0,9.741867459494271,0.0,0.0,-0.42246402241208875,-0.9998308192142642,0.018393829110148086,0.0
4.304,0.0,0.0,9.809020826741593,0.0,0.0,-0.41202121041979206,-0.9999303427927256,0.011802947192223707,0.0
4.32,0.0,0.0,9.821313201710671,0.0,0.0,-0.40170719570667984,-0.999985552576992,0.005375373223149774,0.0
4.336,5.016393683719592,0.028367641436635158,9.73772709041343,0.0,0.0,-0.35375216271190535,-0.9999999595497719,-0.00028443005210388524,0.0
4.352,4.98867234814201,-0.0038347045863871315,9.751370999294812,0.0,0.0,-0.305755089245252,-0.9999866031724345,-0.005176241460375498,0.0
4.368,5.014930808253671,-0.02823984765596725,9.761239920173825,0.0,0.0,-0.25773369563368087,-0.9999567543537384,-0.009299968942811935,0.0
4.384,4.96858204143587,-0.04525600429755074,9.81184105121763,0.0,0.0,-0.20975408685552346,-0.9999199146080364,-0.012655606277739583,0.0
4.4,4.997764463788721,-0.05420847894115116,9.798166268204069,0.0,0.0,-0.1617135089594128,-0.9998838157293924,-0.015243196594884987,0.0
4.416,4.985919598677514,-0.055115157753179926,9.791039530218654,0.0,0.0,-0.11375933811226029,-0.9998544197854773,-0.017062802684392274,0.0
4.432,5.0068543150236255,-0.0494899484376454,9.818244667905924,0.0,0.0,-0.06573411937290806,-0.9998359192716227,-0.018114484101654376,0.0
4.448,4.984484314035924,-0.03567281332132306,9.82812277292927,0.0,0.0,-0.017739550020789266,-0.9998307373019476,-0.018398281067649933,0.0
4.464,4.956156860715008,-0.012859688511662611,9.75950343461944,0.0,0.0,0.018455542353339533,-0.9998361267933922,-0.018103026232875245,0.0
4.48,4.995670957729991,0.01186056989861375,9.745917905678994,0.0,0.0,0.018179986317585266,-0.9998413507467373,-0.01781216822681185,0.0
4.496,5.0334393415077345,0.013169271583080122,9.803380457231675,0.0,0.0,0.017911340903298056,-0.9998464147811699,-0.017525605531360122,0.0
4.5120000000000005,5.004023973615809,0.014270398549280663,9.79263726284199,0.0,0.0,0.017650866783131807,-0.9998513243009882,-0.017243239068112724,0.0
4.5280000000000005,4.995179648664316,0.01563840216941659,9.791722153786358,0.0,0.0,0.017394525047091623,-0.9998560845046874,-0.01696497211773003,0.0
4.5440000000000005,4.997158526933309,0.01670771096578411,9.861160411497663,0.0,0.0,0.017144535278805946,-0.9998607003936185,-0.016690710242008206,0.0
4.5600000000000005,5.026103095111729,0.0177207411586416,9.844282435147312,0.0,0.0,0.016899238115429722,-0.9998651767802408,-0.016420361208507123,0.0
4.5760000000000005,5.010569014301039,0.01899397693318095,9.779872017636809,0.0,0.0,0.016660704423416592,-0.9998695182959896,-0.016153834917622865,0.0
4.5920000000000005,4.992622376136359,0.02010002454984537,9.763349068097302,0.0,0.0,0.01642446342793833,-0.9998737293987783,-0.01589104333198305,0.0
4.6080000000000005,4.955804755103033,0.020818672975960798,9.738877432744784,0.0,0.0,0.016201695111376483,-0.9998778143801534,-0.01563190040805876,0.0
4.624,4.983991490891238,0.022092656312107103,9.786234250741256,0.0,0.0,0.015971695856512057,-0.9998817773721218,-0.015376322029880254,0.0
4.64,5.0142449589315605,0.022947026939401403,9.799890800905047,0.0,0.0,0.015759040441041004,-0.9998856223536632,-0.015124225944756183,0.0
4.656,4.986391331538625,0.023960320732108208,9.788903488668865,0.0,0.0,0.015544948451331137,-0.9998893531569458,-0.014875531700900706,0.0
4.672,4.998159104151879,0.025094544918058143,9.743434877063896,0.0,0.0,0.015339829860669889,-0.9998929734732626,-0.014630160586863448,0.0
4.688,4.994390994665468,0.025670977723298707,9.767004884204052,0.0,0.0,0.01513282125930643,-0.9998964868586946,-0.014388035572681153,0.0
4.704,4.982231533543079,0.026767938892159497,9.81101427458053,0.0,0.0,0.014936186671567661,-0.9998998967395216,-0.014149081252649421,0.0
4.72,5.029387385362963,0.027511364179371035,9.81630912325729,0.0,0.0,0.014743174865182888,-0.9999032064173908,-0.01391322378964002,0.0
4.736,4.955638684522499,0.028374003743715032,9.75840722830436,0.0,0.0,0.014552091332354277,-0.9999064190742522,-0.013680390860868086,0.0
4.752,5.029914482496766,0.029381481379495002,9.806655052562975,0.0,0.0,0.014369178740101443,-0.9999095377770747,-0.013450511605036984,0.0
4.768,5.01628411769874,0.02991445020952712,9.688671395497588,0.0,0.0,0.014188043983489834,-0.999912565482354,-0.013223516570771773,0.0
4.784,5.013906428741137,0.030706446036648245,9.813581353899904,0.0,0.0,0.014012922666845876,-0.99991550504042,-0.012999337666270237,0.0
4.8,5.041880099930173,0.03138857511166093,9.767406457342245,0.0,0.0,0.013841661509720526,-0.9999183591995551,-0.012777908110092395,0.0
4.816,5.0055684858567915,0.032236024469455296,9.736356801371555,0.0,0.0,0.013673498332184784,-0.9999211306099283,-0.01255916238300845,0.0
4.832,1.2580714659389254,0.03348486405428371,9.700632654139152,0.0,0.0,0.01350719511854272,-0.9999238218273624,-0.012343036180836632,0.0
4.848,1.0835896750554402e-05,0.03377028001113196,9.826374426856745,0.0,0.0,0.013348711723668869,-0.999926435059709,-0.012129487572918487,0.0
4.864,1.047884456911118e-05,0.03338780666256401,9.815510887690785,0.0,0.0,0.013188803293030741,-0.999928972367607,-0.011918482280116872,0.0
4.88,1.0360608555225461e-05,0.03301215828852664,9.74394811054578,0.0,0.0,0.013032814464325037,-0.9999314357577079,-0.011709986487148327,0.0
4.896,1.0113776185759608e-05,0.03270243050950963,9.784382763694804,0.0,0.0,0.012875652698714258,-0.9999338271840965,-0.01150396683607159,0.0
4.912,9.914312996163525e-06,0.03208885936090288,9.809058943402103,0.0,0.0,0.012724450299734432,-0.9999361485496756,-0.01130039041986775,0.0
4.928,9.651501914630923e-06,0.03187109683062031,9.774117009459195,0.0,0.0,0.012573332862301992,-0.9999384017075099,-0.011099224776110573,0.0
4.944,9.290633703479922e-06,0.03141946024786596,9.741395210102004,0.0,0.0,0.012423612654901505,-0.9999405884621391,-0.010900437880718225,0.0
4.96,9.14557526851388e-06,0.030944773343773404,9.735310462401289,0.0,0.0,0.012279072288711387,-0.9999427105708508,-0.010703998141801303,0.0
4.976,9.009350847787244e-06,0.030696044874653987,9.734016695747181,0.0,0.0,0.01213350034967972,-0.999944769744925,-0.01050987439358997,0.0
4.992,8.762043839349975e-06,0.030391849251875408,9.746741269075564,0.0,0.0,0.011991156222044195,-0.9999467676508402,-0.010318035890445996,0.0
5.008,8.518911539208857e-06,0.03004170251126664,9.85180238097764,0.0,0.0,0.011850403888661796,-0.9999487059114518,-0.010128452300958464,0.0
5.024,8.330636679615525e-06,0.029623650000314528,9.770902219927498,0.0,0.0,0.011708739782854192,-0.9999505861071365,-0.009941093702122086,0.0
5.04,8.180457424643788e-06,0.02934704180148766,9.81169181655625,0.0,0.0,0.011573976783863293,-0.9999524097769069,-0.009755930573595516,0.0
5.056,7.996987337863505e-06,0.02885946531699791,9.773428132216145,0.0,0.0,0.011439471013810851,-0.9999541784194982,-0.00957293379203754,0.0
5.072,7.801557210820489e-06,0.028612970608093927,9.821358044684821,0.0,0.0,0.011304227796337912,-0.9999558934944224,-0.009392074625524004,0.0
5.088,7.615809134998377e-06,0.02843090513233827,9.807319708851686,0.0,0.0,0.011170711155324288,-0.9999575564229993,-0.009213324728040966,0.0
5.104,7.474288600930594e-06,0.02796431120030013,9.765841618299572,0.0,0.0,0.011044201023130168,-0.9999591685893554,-0.0090366561340536,0.0
5.12,7.287139527689666e-06,0.02751570615064625,9.777168686464435,0.0,0.0,0.010915317769377831,-0.9999607313414001,-0.008862041253151416,0.0
5.136,7.103498110326718e-06,0.02720684129058234,9.805374134806474,0.0,0.0,0.010786273087942878,-0.999962245991773,-0.008689452864763768,0.0
5.152,6.916050686828963e-06,0.0268043919515892,9.802660246983516,0.0,0.0,0.010663713879337941,-0.999963713818769,-0.008518864112954447,0.0
5.168,6.7329438795976885e-06,0.026607212547390128,9.768374550829783,0.0,0.0,0.010536601143741886,-0.9999651360672367,-0.008350248501282001,0.0
5.184,6.5964339672320025e-06,0.02650593666196242,9.831130609442786,0.0,0.0,0.010418193880435566,-0.9999665139494528,-0.008183579887732963,0.0
5.2,6.47692865129231e-06,0.026124720522327775,9.805287696057222,0.0,0.0,0.010296419311970428,-0.9999678486459764,-0.00801883247972696,0.0
5.216,6.330530448464929e-06,0.0257915332812386,9.855490527268122,0.0,0.0,0.010179797643021798,-0.9999691413064763,-0.007855980829188073,0.0
5.232,6.1860314662519255e-06,0.02521989939290468,9.752779601978892,0.0,0.0,0.010062405931190913,-0.9999703930505403,-0.00769499982768197,0.0
5.248,6.030597098477542e-06,0.025213515153407164,9.790050251311865,0.0,0.0,0.009945929567692477,-0.9999716049684605,-0.0075358647016262785,0.0
5.264,5.910765930743323e-06,0.024611149230298234,9.78867716815949,0.0,0.0,0.009833575646504547,-0.9999727781219991,-0.007378551007559847,0.0
5.28,5.76287243140529e-06,0.02457034152957477,9.768490122982545,0.0,0.0,0.009720438691923497,-0.9999739135451335,-0.007223034627480042,0.0
5.296,5.656014559284653e-06,0.024356023399666107,9.777139183057544,0.0,0.0,0.00960913035500722,-0.9999750122447822,-0.007069291764244091,0.0
5.312,5.46627077872683e-06,0.023967596822600905,9.7643888652194,0.0,0.0,0.009500544003618149,-0.9999760752015099,-0.006917298937031406,0.0
5.328,5.357571093432369e-06,0.023824943795419662,9.768034284908715,0.0,0.0,0.009391061983219203,-0.9999771033702172,-0.006767032976869814,0.0
5.344,5.2406359631715085e-06,0.023331944102387734,9.824717746553798,0.0,0.0,0.009285588884227758,-0.9999780976808083,-0.006618471022221692,0.0
5.36,5.182548332369035e-06,0.02308204972322738,9.816342301588584,0.0,0.0,0.00918050398960708,-0.9999790590388435,-0.006471590514630075,0.0
5.376,4.985100110002066e-06,0.023169357138178887,9.850998715762218,0.0,0.0,0.0090768217327263,-0.9999799883261744,-0.006326369194424732,0.0
5.392,4.886439564820451e-06,0.022618600642060376,9.782686023548715,0.0,0.0,0.008975139607904265,-0.9999808864015607,-0.0061827850964860384,0.0
5.408,4.745897511381788e-06,0.02249389040120718,9.84498343046621,0.0,0.0,0.0088730897284957,-0.999981754101272,-0.006040816546066196,0.0
5.424,4.638772723029963e-06,0.022164270400440236,9.80966037956291,0.0,0.0,0.00877525642107265,-0.9999825922396747,-0.005900442154667866,0.0
5.44,4.5879900464152245e-06,0.021956596934693866,9.817716018752941,0.0,0.0,0.00867573947147341,-0.9999834016098006,-0.005761640815975739,0.0
5.456,4.4984801230449345e-06,0.021773642672884137,9.823593292107725,0.0,0.0,0.008579744604626717,-0.9999841829839032,-0.005624391701847342,0.0
5.472,4.418892022826617e-06,0.021272660453545873,9.756234994256577,0.0,0.0,0.008481837709029922,-0.9999849371139976,-0.005488674258355281,0.0
5.488,4.276578194103386e-06,0.0212442581355279,9.809723491921206,0.0,0.0,0.008386597676639336,-0.9999856647323876,-0.005354468201880312,0.0
5.5040000000000004,4.172581245565065e-06,0.02106620989599548,9.778097792678055,0.0,0.0,0.008295056218437246,-0.9999863665521777,-0.005221753515263886,0.0
5.5200000000000005,4.092438051761038e-06,0.02081311381813715,9.794547299365837,0.0,0.0,0.008202973556285284,-0.9999870432677713,-0.0050905104440033275,0.0
5.5360000000000005,3.995255984492158e-06,0.02054315440286065,9.789455677170043,0.0,0.0,0.008111014812133572,-0.9999876955553587,-0.004960719492505221,0.0
5.5520000000000005,3.903457954833307e-06,0.02024688939565569,9.804230855566308,0.0,0.0,0.008021209911902062,-0.9999883240733878,-0.004832361420384551,0.0
5.5680000000000005,3.824480342696883e-06,0.02021763512076575,9.776995340397525,0.0,0.0,0.00793493337695186,-0.999988929463026,-0.004705417238814309,0.0
5.5840000000000005,3.7484451894185214e-06,0.019861063585590144,9.816880239130787,0.0,0.0,0.007846317106989634,-0.9999895123486082,-0.004579868206923124,0.0
5.6000000000000005,3.663629964824821e-06,0.019550855553711024,9.845644713331055,0.0,0.0,0.007760994234311931,-0.9999900733380739,-0.004455695828242268,0.0
5.6160000000000005,3.5897566678743887e-06,0.01944030659851118,9.759048512619527,0.0,0.0,0.0076757684671303885,-0.9999906130233917,-0.004332881847196048,0.0
5.632,3.513005253529103e-06,0.019276454975331873,9.822751136818145,0.0,0.0,0.007592167702001385,-0.9999911319809736,-0.0042114082456425,0.0
5.648,3.4319581648952408e-06,0.01911245124975831,9.829469812128997,0.0,0.0,0.007510150652172678,-0.9999916307720783,-0.004091257239456162,0.0
5.664,3.3522855502677314e-06,0.018740169115800745,9.789094366421395,0.0,0.0,0.00742808892996798,-0.9999921099432042,-0.0039724112751569505,0.0
5.68,3.2804388826161675e-06,0.01858051073932745,9.834214580468243,0.0,0.0,0.0073466065141037625,-0.9999925700264696,-0.003854853026583355,0.0
5.696,3.236959618281277e-06,0.018412582691042914,9.786453642627134,0.0,0.0,0.007267358268445757,-0.9999930115399871,-0.003738565391606671,0.0
5.712,3.136631840384751e-06,0.018147858609561023,9.837739128572496,0.0,0.0,0.007190278220001751,-0.9999934349882248,-0.0036235314888917913,0.0
5.728,3.1020952325431272e-06,0.01799546749284585,9.841106159841855,0.0,0.0,0.007112993698137382,-0.9999938408623593,-0.003509734654694819,0.0
5.744,3.0042524495073765e-06,0.017808623357256404,9.840431666364898,0.0,0.0,0.007034995287136283,-0.9999942296406192,-0.0033971584397061694,0.0
5.76,2.9438154890287575e-06,0.017484932840576516,9.77730670773508,0.0,0.0,0.006960823646713052,-0.9999946017886199,-0.0032857866059305112,0.0
5.776,2.8930398845954844e-06,0.017432119184287012,9.779121500041423,0.0,0.0,0.006887337845598685,-0.9999949577596886,-0.0031756031236099876,0.0
5.792,2.8259968978011032e-06,0.017252974629724305,9.852710381764725,0.0,0.0,0.006813283923787398,-0.9999952979951826,-0.0030665921681820862,0.0
5.808,2.7799560196817623e-06,0.016984552089389017,9.81363631819482,0.0,0.0,0.006741454324185913,-0.9999956229247973,-0.0029587381172803537,0.0
5.824,2.6957415315589904e-06,0.016865926950481485,9.820755885380912,0.0,0.0,0.006670445153862864,-0.9999959329668672,-0.0028520255477686666,0.0
5.84,2.652566553743232e-06,0.01658536588566258,9.814459434576097,0.0,0.0,0.006598426317369135,-0.9999962285286584,-0.002746439232817261,0.0
5.856,2.5985095004251656e-06,0.016547507531306394,9.734438942514494,0.0,0.0,0.006530304181549991,-0.9999965100066542,-0.0026419641390089954,0.0
5.872,2.546289997953803e-06,0.016229966929198106,9.832844966260128,0.0,0.0,0.006461743045651249,-0.9999967777868325,-0.00253858542348673,0.0
5.888,2.4877096024680516e-06,0.016071621402762047,9.796513406956208,0.0,0.0,0.006393525215921548,-0.9999970322449364,-0.0024362884311325,0.0
5.904,2.4340060833009314e-06,0.016024970635150165,9.79233266791258,0.0,0.0,0.006327579616553481,-0.9999972737467369,-0.0023350586917827154,0.0
5.92,2.3945620802856835e-06,0.0158895901753807,9.787622831078755,0.0,0.0,0.006262076624300583,-0.9999975026482892,-0.0022348819174762805,0.0
5.936,2.3299537259080145e-06,0.015666097992853536,9.843722771745238,0.0,0.0,0.006196029302952327,-0.999997719296183,-0.0021357439997354223,0.0
5.952,2.2940115727259924e-06,0.015503067873581458,9.76786346685635,0.0,0.0,0.00613174763695246,-0.9999979240277852,-0.002037631006879452,0.0
5.968,2.2226930675742005e-06,0.01549436085498768,9.755604970530097,0.0,0.0,0.006068647976874742,-0.9999981171714756,-0.0019405291813714607,0.0
5.984,2.194477809604935e-06,0.015095650424553565,9.828588596119793,0.0,0.0,0.006005307144973995,-0.9999982990468791,-0.0018444249371919784,0.0
6.0,2.1571186195789897e-06,0.014985020342834254,9.890188488335356,0.0,0.0,0.005944681767710842,-0.9999984699650877,-0.001749304857248234,0.0
6.016,2.1106376210059014e-06,0.014925139671184005,9.879209156058833,0.0,0.0,0.0058847799045183375,-0.9999986302288815,-0.0016551556908115,0.0
6.032,2.0614445209184446e-06,0.014770333988073134,9.771416807337765,0.0,0.0,0.005823760286294096,-0.9999987801329393,-0.0015619643509813947,0.0
6.048,2.0390876661918026e-06,0.014621507984174158,9.818123417138242,0.0,0.0,0.005766145158997284,-0.9999989199640461,-0.001469717912180933,0.0
6.064,1.9792694165146795e-06,0.014420291450174316,9.807625199002391,0.0,0.0,0.005706252189733397,-0.9999990500012961,-0.0013784036076794463,0.0
6.08,1.9383653335941947e-06,0.014261374083851435,9.867299218751956,0.0,0.0,0.005650266563205413,-0.9999991705162866,-0.0012880088271426946,0.0
6.096,1.9094774073958126e-06,0.014153751423014426,9.82171656428881,0.0,0.0,0.0055927992849081065,-0.9999992817733117,-0.0011985211142084202,0.0
6.112,1.877730150477882e-06,0.013954496635781044,9.77743409626009,0.0,0.0,0.005536914519043647,-0.9999993840295456,-0.0011099281640899912,0.0
6.128,1.8206600029414269e-06,0.013820279447916209,9.799160220374594,0.0,0.0,0.005480749315701562,-0.9999994775352266,-0.001022217821202383,0.0
6.144,1.7939649161267971e-06,0.013732329473725779,9.87097711524342,0.0,0.0,0.005427782463403361,-0.999999562533831,-0.0009353780768167033,0.0
6.16,1.7530997642512278e-06,0.013582307459854752,9.775449557777108,0.0,0.0,0.005373720179495537,-0.9999996392622464,-0.0008493970667357286,0.0
6.176,1.7194291326958255e-06,0.013478222720047056,9.802319290361613,0.0,0.0,0.005321429018678049,-0.9999997079509381,-0.0007642630689948862,0.0
6.192,1.6877477249186484e-06,0.013355584234161675,9.858680766465955,0.0,0.0,0.00526893779097455,-0.9999997688241116,-0.0006799645015838064,0.0
6.208,1.6451127450791646e-06,0.013168227177224665,9.882554637421887,0.0,0.0,0.005217086213895124,-0.9999998220998718,-0.0005964899201926639,0.0
6.224,1.619494447698579e-06,0.01307410734208997,9.831238576322166,0.0,0.0,0.005166253073850064,-0.9999998679903763,-0.0005138280159788714,0.0
6.24,1.5783721606409196e-06,0.01294217752466062,9.863079997620686,0.0,0.0,0.005116497457329208,-0.9999999067019864,-0.00043196761335213217,0.0
6.256,1.5628545405775074e-06,0.012855449110129438,9.760336055817847,0.0,0.0,0.005067434659463769,-0.9999999384354115,-0.0003508976677842883,0.0
6.272,1.525487951060457e-06,0.012649721397438352,9.878849837010064,0.0,0.0,0.005018062955682536,-0.999999963385854,-0.00027060726363620333,0.0
6.288,1.5078192455611833e-06,0.01246825783736414,9.874348546732527,0.0,0.0,0.004970204151920217,-0.9999999817431443,-0.00019108561200123045,0.0
6.304,1.4670563975486438e-06,0.012431747776851536,9.840887734020784,0.0,0.0,0.0049225393384394875,-0.9999999936918789,-0.00011232204857104801,0.0
6.32,1.4503754602875732e-06,0.012228089230583812,9.812551883415358,0.0,0.0,0.004875376167765646,-0.9999999994115483,-3.430603151697717e-05,0.0
6.336,1.4113308102831285e-06,0.012129058650883007,9.789111406679663,0.0,0.0,0.004829313793824021,-0.9999999990766667,4.297286061432332e-05,0.0
6.352,1.3996421796889543e-06,0.012036331924604564,9.748118902283649,0.0,0.0,0.004783779946984081,-0.9999999928568954,0.00011952493098567778,0.0
6.368,1.36184375970369e-06,0.01194597415525171,9.814775844199051,0.0,0.0,0.004738930079924826,-0.9999999809171636,0.00019536036653850126,0.0
6.384,1.340180393431163e-06,0.011820377880506178,9.81163534305319,0.0,0.0,0.004696254789613114,-0.9999999634177849,0.0002704892400537416,0.0
6.4,1.3208356274894034e-06,0.011820152923697383,9.839791920571697,0.0,0.0,0.004652045188374948,-0.9999999405145734,0.0003449215121904439,0.0
6.416,1.2884918612591136e-06,0.01162380548817594,9.74223421208638,0.0,0.0,0.004609509665636954,-0.9999999123589537,0.00041866703351880964,0.0
6.432,1.2692535440276955e-06,0.011527426540031638,9.81783421781108,0.0,0.0,0.004566856505647442,-0.999999879098069,0.0004917355465353149,0.0
6.448,1.2516083287045291e-06,0.011353463639869771,9.757348225369935,0.0,0.0,0.004525177697829581,-0.9999998408748861,0.0005641366876714314,0.0
6.464,1.2246256522882322e-06,0.011345629281532052,9.820810424439582,0.0,0.0,0.004483417663169605,-0.9999997978282992,0.0006358799892875131,0.0
6.48,1.1938272592562167e-06,0.011188443928600657,9.763688052818782,0.0,0.0,0.004443926795804157,-0.9999997500932272,0.000706974881661391,0.0
6.496,1.1735859900724504e-06,0.01113786642615911,9.764768085728573,0.0,0.0,0.00440353482913274,-0.9999996978007116,0.0007774306949627955,0.0
6.5120000000000005,1.1531190734991716e-06,0.0110657843739411,9.770020743717865,0.0,0.0,0.004364440602220228,-0.9999996410780106,0.0008472566612260392,0.0
6.5280000000000005,1.1360478821702255e-06,0.010918362350670372,9.837199517403969,0.0,0.0,0.004325678187779089,-0.9999995800486898,0.0009164619163087439,0.0
6.5440000000000005,1.1155032252968746e-06,0.010916297933728114,9.795313701910468,0.0,0.0,0.004287235260357001,-0.9999995148327114,0.0009850555018534903,0.0
6.5600000000000005,1.1038545251964528e-06,0.010677959551891261,9.92889353259538,0.0,0.0,0.00424906284352593,-0.9999994455465205,0.001053046367233064,0.0
6.5760000000000005,1.0775175557280563e-06,0.010596672221660467,9.819568712124763,0.0,0.0,0.004212756853181294,-0.9999993723031286,0.0011204433715035081,0.0
6.5920000000000005,1.060501073820035e-06,0.010485520458415158,9.809474472971832,0.0,0.0,0.004176549349443969,-0.9999992952121953,0.001187255285343878,0.0
6.6080000000000005,1.0390848631073589e-06,0.010427467281279737,9.803902966415754,0.0,0.0,0.004139985354189712,-0.9999992143801075,0.0012534907930002472,0.0
6.6240000000000006,1.0208541514734246e-06,0.010326289386511813,9.786044117680834,0.0,0.0,0.004104050663145929,-0.999999129910055,0.001319158494226627,0.0
6.640000000000001,1.0083117545129056e-06,0.010294851185002818,9.788635491845543,0.0,0.0,0.004069084887557409,-0.9999990419021073,0.0013842669062276943,0.0
6.656000000000001,9.85962852644593e-07,0.010232182617458521,9.79679145618926,0.0,0.0,0.004034530406349702,-0.9999989504532834,0.0014488244655982052,0.0
6.672,9.740849692485279e-07,0.010078345983406517,9.840900642175654,0.0,0.0,0.004001335020870596,-0.9999988556576231,0.0015128395302728757,0.0
6.688,9.565735240777277e-07,0.009952157409756137,9.824733392398478,0.0,0.0,0.003967695825104225,-0.9999987576062559,0.0015763203814720618,0.0
6.704,9.3876621494457e-07,0.009912987783028012,9.830745888091435,0.0,0.0,0.003934020563590066,-0.9999986563874648,0.001639275225657233,0.0
6.72,9.297190950917903e-07,0.009879691605405997,9.823647032806864,0.0,0.0,0.0039018300936713387,-0.9999985520867519,0.001701712196492016,0.0
6.736,9.011508927781528e-07,0.00979090143166821,9.76339931496985,0.0,0.0,0.0038705851663399615,-0.9999984447869003,0.001763639356813919,0.0
6.752,8.947617299549027e-07,0.00965674642664697,9.868046131887532,0.0,0.0,0.0038389258288310047,-0.9999983345680324,0.001825064700607181,0.0
6.768,8.802989264159512e-07,0.009594245303470356,9.847142243793439,0.0,0.0,0.0038092603512033677,-0.9999982215076701,0.0018859961549976248,0.0
6.784,8.653235677760115e-07,0.009546139903469288,9.775976210166396,0.0,0.0,0.003777569719233258,-0.9999981056807894,0.0019464415822521897,0.0
6.8,8.533669098792883e-07,0.009462949627584311,9.817708424084666,0.0,0.0,0.0037471405797587123,-0.9999979871598744,0.002006408781795353,0.0
6.816,8.320460752615435e-07,0.00938549421187604,9.799998400340595,0.0,0.0,0.0037187566367071836,-0.9999978660149716,0.002065905492242449,0.0
6.832,8.265345819106385e-07,0.00926439076777163,9.809558366618585,0.0,0.0,0.003689103058796434,-0.9999977423137386,0.0021249393934500917,0.0
6.848,8.137379929265138e-07,0.009244615916489972,9.80957204058446,0.0,0.0,0.003660919461879149,-0.9999976161214933,0.002183518108588156,0.0
6.864,8.005041241757429e-07,0.009106706297001228,9.862298722861077,0.0,0.0,0.0036332810906103603,-0.9999974875012618,0.0022416492062288696,0.0
6.88,7.886613529346053e-07,0.009106605088295914,9.786882597824452,0.0,0.0,0.003605303981209882,-0.9999973565138228,0.0022993402024683346,0.0
6.896,7.742187341181252e-07,0.009035848624110727,9.808145921715942,0.0,0.0,0.00357890051982904,-0.9999972232177511,0.002356598563064267,0.0
6.912,7.659821866613279e-07,0.008936960114679164,9.78483286299751,0.0,0.0,0.003551904522013488,-0.9999970876694604,0.0024134317056128366,0.0
6.928,7.557601001765645e-07,0.00888018957341986,9.743246130541912,0.0,0.0,0.003525425761549065,-0.9999969499232425,0.0024698470017479367,0.0
6.944,7.425197676875347e-07,0.008829957724509755,9.82372111991962,0.0,0.0,0.0035004955900917677,-0.9999968100313065,0.0025258517793819886,0.0
6.96,7.27776072163523e-07,0.008757462549103253,9.833738837081688,0.0,0.0,0.0034744065274322283,-0.9999966680438147,0.002581453324977396,0.0
6.976,7.181938730224774e-07,0.00864695979546886,9.826122354787579,0.0,0.0,0.0034499635786098873,-0.9999965240089186,0.0026366588858604263,0.0
6.992,7.075649714103562e-07,0.008616265378916915,9.865407678450861,0.0,0.0,0.0034255993944604995,-0.9999963779727925,0.0026914756725795012,0.0
7.008,7.044609860750715e-07,0.008541128505621819,9.797189796758886,0.0,0.0,0.0034023311957381715,-0.9999962299796644,0.002745910861306795,0.0
7.024,6.946078233814528e-07,0.008497274618831218,9.782308301415943,0.0,0.0,0.0033786502010779273,-0.9999960800718473,0.0027999715962909177,0.0
7.04,6.803019569645057e-07,0.00843338412542226,9.774886391137324,0.0,0.0,0.003356068828871968,-0.9999959282897662,0.0028536649923619982,0.0
7.056,6.695153235700316e-07,0.00840205614506968,9.807678265623407,0.0,0.0,0.0033332957858507426,-0.9999957746719876,0.00290699813749629,0.0
7.072,6.614415143204887e-07,0.008281999430729615,9.872756701612973,0.0,0.0,0.003311065384015866,-0.9999956192552418,0.002959978095440285,0.0
7.088,6.537201350678279e-07,0.008265275288968716,9.773914901635168,0.0,0.0,0.003289129294428366,-0.9999954620744483,0.003012611908400559,0.0
7.104,6.4724001262573e-07,0.008306947589006445,9.78605086729647,0.0,0.0,0.0032680781428851536,-0.9999953031627371,0.0030649065998071233,0.0
7.12,6.379253176126288e-07,0.008083915259644331,9.862941099100935,0.0,0.0,0.003248156977966258,-0.999995142551469,0.0031168691771478302,0.0
7.136,6.296285072658225e-07,0.008112123489539842,9.840033225575896,0.0,0.0,0.0032270261417106,-0.9999949802702535,0.0031685066348909312,0.0
7.152,6.222050526758542e-07,0.008054488160413716,9.8420174894507,0.0,0.0,0.0032080316308857287,-0.9999948163469666,0.0032198259574849246,0.0
7.168,6.153188721784081e-07,0.008040703657628174,9.756141461460935,0.0,0.0,0.0031883765440612975,-0.9999946508077648,0.0032708341224600827,0.0
7.184,6.057833060060687e-07,0.007965085352430512,9.821989983946333,0.0,0.0,0.003168991515402449,-0.9999944836770983,0.0033215381036272498,0.0
7.2,6.016946824376517e-07,0.007952037613834331,9.802752921516914,0.0,0.0,0.0031505964746389465,-0.9999943149777225,0.0033719448743778917,0.0
7.216,5.930909546775234e-07,0.007851554777162463,9.826841714627895,0.0,0.0,0.003132167671634329,-0.9999941447307074,0.00342206141110383,0.0
7.232,5.85902483134982e-07,0.007791433759339584,9.810873667762586,0.0,0.0,0.0031150221906808715,-0.9999939729554448,0.0034718946967402043,0.0
7.248,5.78812301844977e-07,0.007779834391249831,9.835470473522573,0.0,0.0,0.003097374561380178,-0.9999937996696542,0.003521451724429018,0.0
7.264,5.733974089123581e-07,0.007709514968637941,9.759837749421225,0.0,0.0,0.0030805597017196555,-0.9999936248893858,0.0035707395013365472,0.0
7.28,5.684368312268956e-07,0.007719118558197452,9.796578235926969,0.0,0.0,0.0030640989297073457,-0.9999934486290217,0.0036197650526070936,0.0
7.296,5.619936707567948e-07,0.007620004088998164,9.786922710040661,0.0,0.0,0.003048242205453986,-0.9999932709012758,0.003668535425485263,0.0
7.312,5.565702349822327e-07,0.007655158313334484,9.872283766331948,0.0,0.0,0.0030331901478038038,-0.9999930917171892,0.0037170576936063305,0.0
7.328,5.479838673983939e-07,0.007586477495533599,9.752947129413869,0.0,0.0,0.0030179202060319483,-0.9999929110861263,0.0037653389614697923,0.0
7.344,5.426128345321799e-07,0.007553376405033006,9.827660596600156,0.0,0.0,0.0030024851421578467,-0.9999927290157663,0.003813386369112975,0.0
7.36,5.421464483036637e-07,0.0074848851558384465,9.789415222416176,0.0,0.0,0.002989071198094588,-0.9999925455120924,0.003861207096990694,0.0
7.376,5.296106709922749e-07,0.007485069052891283,9.815349332648326,0.0,0.0,0.0029755720534246745,-0.9999923605793787,0.003908808371086725,0.0
7.392,5.293723249121685e-07,0.0074535532133339945,9.817847857025885,0.0,0.0,0.0029619535888865223,-0.9999921742201748,0.003956197468263532,0.0
7.408,5.246461941735989e-07,0.007363683788403937,9.818962937720892,0.0,0.0,0.002948705030332972,-0.9999919864352859,0.004003381721877308,0.0
7.424,5.22278739314661e-07,0.007319501539589899,9.868148621955216,0.0,0.0,0.002936795160408152,-0.9999917972237523,0.004050368527668381,0.0
7.44,5.149273374430486e-07,0.007342792543008349,9.816333763211711,0.0,0.0,0.0029247319366280298,-0.9999916065828228,0.004097165349957326,0.0
7.456,5.117900461617725e-07,0.007272447496700159,9.755269983387073,0.0,0.0,0.002913239305586697,-0.999991414507927,0.0041437797281639556,0.0
7.472,5.119310804481209e-07,0.0072420293693104855,9.79388619352997,0.0,0.0,0.002902322025754562,-0.9999912209926419,0.004190219283671332,0.0
7.488,5.013535950428872e-07,0.007230678297570416,9.837908100614012,0.0,0.0,0.00289213507749273,-0.9999910260286572,0.004236491727071259,0.0
7.5040000000000004,5.022915525370949e-07,0.007286731119974207,9.865527161106385,0.0,0.0,0.002881842402879549,-0.9999908296057336,0.004282604865809873,0.0
7.5200000000000005,4.977148914475786e-07,0.007170301445568507,9.788156629771082,0.0,0.0,0.0028725717470173637,-0.9999906317116591,0.004328566612272875,0.0
7.5360000000000005,4.945215092013309e-07,0.007194902549328007,9.7574975289436,0.0,0.0,0.002863699112885504,-0.9999904323321993,0.004374384992338369,0.0
7.5520000000000005,4.923051200894923e-07,0.007165254031247098,9.883230701759945,0.0,0.0,0.0028553826245547764,-0.9999902314510429,0.004420068154443945,0.0
7.5680000000000005,4.896784152610074e-07,0.007147002171469936,9.861985438581472,0.0,0.0,0.002847562958591771,-0.9999900290497422,0.004465624379195523,0.0
7.5840000000000005,4.862018160964438e-07,0.007127184416011991,9.780686911080457,0.0,0.0,0.0028401310989002587,-0.9999898251076479,0.0045110620895841445,0.0
7.6000000000000005,4.848213325519441e-07,0.007080766211188248,9.820229046660712,0.0,0.0,0.002833119165041203,-0.9999896196018372,0.004556389861833119,0.0
7.6160000000000005,4.818305495876185e-07,0.007082188661481759,9.769642358928827,0.0,0.0,0.002826737982094754,-0.9999894125070361,0.004601616436954807,0.0
7.632000000000001,4.768422631137699e-07,0.007108649559948895,9.747437179858393,0.0,0.0,0.0028211868991095666,-0.9999892037955336,0.00464675073306276,0.0
7.648000000000001,4.7498666703805716e-07,0.007040265237572589,9.829083418636355,0.0,0.0,0.0028155724038592222,-0.9999889934370882,0.0046918018585042996,0.0
7.664000000000001,4.7389449791996516e-07,0.007037757862675123,9.764871642868457,0.0,0.0,0.00281119203898392,-0.9999887813988277,0.004736779125895445,0.0
7.68,4.7471160056024477e-07,0.006990994427444388,9.864732032926382,0.0,0.0,0.0028071683073515505,-0.9999885676451382,0.004781692067123924,0.0
7.696,4.754986454383226e-07,0.007010687111872311,9.822156943128515,0.0,0.0,0.0028037955724386373,-0.9999883521375434,0.004826550449419729,0.0
7.712,4.7025428239855774e-07,0.0070386511271487325,9.86393799372895,0.0,0.0,0.0028008110322481263,-0.9999881348345734,0.004871364292582928,0.0
7.728,4.689408926557626e-07,0.006991498138710271,9.849924564806857,0.0,0.0,0.002798833868378645,-0.9999879156916236,0.004916143887478427,0.0
7.744,4.6857693956961594e-07,0.006999451682797959,9.849367236721045,0.0,0.0,0.002797649067625694,-0.9999876946607977,0.004960899815915108,0.0
7.76,4.7387361097027054e-07,0.006967956862230508,9.804261358375228,0.0,0.0,0.0027961977295038786,-0.999987471690739,0.005005642972040154,0.0
7.776,4.694233127198193e-07,0.0070113376018769045,9.786427244052701,0.0,0.0,0.002796686310103548,-0.9999872467264469,0.005050384585401092,0.0
7.792,4.702936970083176e-07,0.007007742839709947,9.839696113420416,0.0,0.0,0.0027963388052212146,-0.9999870197090742,0.00509513624582585,0.0
7.808,4.68318770439755e-07,0.00700666312397471,9.818276132716482,0.0,0.0,0.0027988620876682347,-0.9999867905757098,0.005139909930320927,0.0
7.824,4.6824228064274377e-07,0.006939427297503208,9.805937874932155,0.0,0.0,0.002800633174754312,-0.9999865592591367,0.005184718032169683,0.0
7.84,4.7464951396130406e-07,0.006979011242891897,9.777823183386822,0.0,0.0,0.002803228125639653,-0.999986325687573,0.005229573392480389,0.0
7.856,4.722869983579739e-07,0.006981505988294428,9.737781112150664,0.0,0.0,0.0028072992959282937,-0.9999860897843835,0.005274489334417996,0.0
7.872,4.7163216506433084e-07,0.007009743158944781,9.837838262562661,0.0,0.0,0.0028119279116825065,-0.9999858514677681,0.005319479700423858,0.0
7.888,4.772755741489817e-07,0.007018108457957737,9.83960737102231,0.0,0.0,0.002817632595085794,-0.9999856106504165,0.005364558892737782,0.0
7.904,4.775462714232194e-07,0.007040271377781015,9.769798157578839,0.0,0.0,0.002823858635249299,-0.9999853672391337,0.005409741917585467,0.0
7.92,4.793840751061009e-07,0.007054217582969055,9.778249410846405,0.0,0.0,0.0028311937962134546,-0.9999851211344242,0.00545504443345026,0.0
7.936,4.819097373562353e-07,0.007118631444641521,9.839733719894495,0.0,0.0,0.0028396272949606643,-0.9999848722300374,0.005500482803891566,0.0
7.952,4.84378237754538e-07,0.007102412483697804,9.907505333229778,0.0,0.0,0.0028492407012019032,-0.9999846204124655,0.005546074155437647,0.0
7.968,4.896758845640996e-07,0.007109086486771551,9.816674943907504,0.0,0.0,0.0028604409584192378,-0.9999843655603899,0.005591836441166758,0.0
7.984,4.942931693005254e-07,0.007142619539828454,9.790120475647633,0.0,0.0,0.0028718817740985268,-0.9999841075440695,0.0056377885106520444,0.0
8.0,4.988393631097715e-07,0.007206646105980059,9.707882057500633,0.0,0.0,0.0028845888416520913,-0.9999838462246632,0.00568395018707331,0.0
8.016,4.99165313447745e-07,0.007239971418857903,9.858427420761627,0.0,0.0,0.0028991668676743537,-0.9999835814534779,0.005730342352386666,0.0
8.032,5.04574076065596e-07,0.007201025098738708,9.77883326282665,0.0,0.0,0.002915335621832712,-0.9999833130711338,0.0057769870416058645,0.0
8.048,5.105851689408205e-07,0.007304539726813333,9.751412429203869,0.0,0.0,0.002932554427540601,-0.9999830409066344,0.005823907547384736,0.0
8.064,5.208323448627206e-07,0.007343833461226134,9.82055718145669,0.0,0.0,0.002951002356456501,-0.9999827647763289,0.005871128536298018,0.0
8.08,5.239269741994087e-07,0.007381629377781032,9.821994005821065,0.0,0.0,0.0029710684172905254,-0.999982484482751,0.005918676178429414,0.0
8.096,5.366997360950211e-07,0.0074043434231765605,9.765612307988198,0.0,0.0,0.002993570097513758,-0.9999821998133185,0.005966578292147558,0.0
8.112,5.417355782825418e-07,0.007556371452145874,9.758834772861052,0.0,0.0,0.0030175057250573603,-0.9999819105388715,0.00601486450626023,0.0
8.128,-3.884799453772104,0.007682919770454025,9.799488683166244,0.0,0.0,0.003043948671776204,-0.9999816164120228,0.006063566442128188,0.0
8.144,-2.9404232332722797,0.007541336100159742,9.758614780273913,0.0,0.0,0.0030702076851655794,-0.9999813173556669,0.006112686776287169,0.0
8.16,-3.1859061645821245,0.007509369086314636,9.784266674029064,0.0,0.0,0.0030966743699260674,-0.999981013249166,0.0061622350791931835,0.0
8.176,-3.0398622171383405,0.0073888528394249935,9.774923582022636,0.0,0.0,0.0031240755634568077,-0.9999807039842283,0.0062122185414798,0.0
8.192,-3.010881109095163,0.007250239117794847,9.802705458586232,0.0,0.0,0.003151695426876704,-0.9999803894423821,0.0062626456599295536,0.0
8.208,-2.9168309775062347,0.007222917750796866,9.77966425570483,0.0,0.0,0.003179613124049037,-0.9999800695037212,0.006313524794671132,0.0
8.224,-2.8696170315072873,0.007169437623619203,9.816411415853645,0.0,0.0,0.003208527229670822,-0.9999797440431566,0.006364864757638784,0.0
8.24,-2.795921716068266,0.007052697917550244,9.834691716018579,0.0,0.0,0.00323874734367718,-0.9999794129316397,0.006416674597738785,0.0
8.256,-2.7402942296919153,0.006984090115238852,9.790373416719646,0.0,0.0,0.0032677073436396895,-0.9999790760353845,0.006468963705166976,0.0
8.272,-2.713346057301368,0.0068648941358997895,9.798630747366154,0.0,0.0,0.003299244825153391,-0.9999787332158715,0.0065217417904231585,0.0
8.288,-2.641219023714064,0.006773511920200292,9.784097986154462,0.0,0.0,0.0033302997587868676,-0.9999783843295207,0.00657501891415306,0.0
8.304,-2.56783924647948,0.006721113520062386,9.844381521004511,0.0,0.0,0.0033612569886159885,-0.9999780292274766,0.006628805498120592,0.0
8.32,-2.5327574615746777,0.006687560306505398,9.712973815748134,0.0,0.0,0.003394353901208331,-0.9999776677553274,0.006683112345017413,0.0
8.336,-2.4827411256306675,0.006557471883487343,9.797634747499979,0.0,0.0,0.003427501125133782,-0.9999772997528265,0.00673795065623274,0.0
8.352,-2.434131888444266,0.006487079709944994,9.831784536170336,0.0,0.0,0.0034609843159561235,-0.9999769250535891,0.006793332051994662,0.0
8.368,-2.37080144216668,0.00642729213377747,9.799153791558803,0.0,0.0,0.0034960698699303956,-0.9999765434847715,0.00684926859225782,0.0
8.384,-2.3210218447804256,0.006349201079098603,9.74846019243548,0.0,0.0,0.0035308962234477078,-0.9999761548667285,0.006905772799100852,0.0
8.4,-2.263215420594606,0.006285603978249179,9.755919000826399,0.0,0.0,0.0035677026556541497,-0.999975759012648,0.006962857680475224,0.0
8.416,-2.227971605162521,0.006185443740028371,9.847320686942851,0.0,0.0,0.0036050452471098984,-0.9999753557281622,0.007020536755513792,0.0
8.432,-2.2014026813841014,0.006201006427957637,9.822543461975691,0.0,0.0,0.003642660100506721,-0.9999749448109305,0.007078824081481127,0.0
8.448,-2.140199866218209,0.0060604030944398065,9.751946680145291,0.0,0.0,0.0036818218855893072,-0.9999745260501951,0.007137734282514455,0.0
8.464,-2.0931203351715273,0.0059684296432443665,9.776939672622706,0.0,0.0,0.0037213377995093926,-0.9999740992263048,0.007197282580286153,0.0
8.48,-2.0612442014359065,0.005956428089358937,9.80203829086661,0.0,0.0,0.0037631262396465455,-0.9999736641102052,0.007257484826755416,0.0
8.496,-1.992950121173699,0.0058782623670954525,9.838807053885118,0.0,0.0,0.0038051768364943273,-0.9999732204628926,0.007318357539174974,0.0
8.512,-1.9340002310484548,0.005850064696554769,9.784395470497477,0.0,0.0,0.003847712690267033,-0.9999727680348276,0.007379917937543982,0.0
8.528,-1.9157218236004694,0.005831281649582437,9.766201273996026,0.0,0.0,0.003892231622429841,-0.9999723065653057,0.00744218398471424,0.0
8.544,-1.8817513564039503,0.0057123900541876,9.760743658827256,0.0,0.0,0.003936943370987191,-0.9999718357817807,0.007505174429380194,0.0
8.56,-1.827130563174474,0.005702728176547157,9.780775266221239,0.0,0.0,0.003983426636418143,-0.999971355399137,0.0075689088522015915,0.0
8.576,-1.7979335371988705,0.00565464454826446,9.820211982658282,0.0,0.0,0.004031418439271515,-0.9999708651189052,0.007633407715340979,0.0
8.592,-1.7530508692467344,0.005572029239423812,9.870560288947772,0.0,0.0,0.004080610544181287,-0.9999703646284165,0.007698692415719736,0.0
8.608,-1.7204073586342794,0.005474711807837979,9.832418599927978,0.0,0.0,0.004130580778788191,-0.999969853599891,0.007764785342337039,0.0
8.624,-1.6942582799302865,0.005464461980245813,9.848833264909931,0.0,0.0,0.004182995236598429,-0.9999693316894507,0.007831709938022008,0.0
8.64,-1.6582711460942927,0.005397920519579145,9.811889768013133,0.0,0.0,0.004236415050954432,-0.9999687985360529,0.007899490766046475,0.0
8.656,-1.6131663019799312,0.005379629902668228,9.75185557919591,0.0,0.0,0.004292102362186502,-0.9999682537603345,0.007968153582057451,0.0
8.672,-1.5856542363607433,0.005342465592774465,9.777371247420067,0.0,0.0,0.004348150092482562,-0.999967696963359,0.00803772541184507,0.0
8.688,-1.5547622651475141,0.005280094960402956,9.811521890034232,0.0,0.0,0.004406622392061891,-0.9999671277252544,0.008108234635537408,0.0
8.704,-1.5176843448135322,0.005269827511248981,9.839907239184203,0.0,0.0,0.00446748444486461,-0.999966545603735,0.00817971107884831,0.0
8.72,-1.4790845774472605,0.005215546832166501,9.81545013173285,0.0,0.0,0.004530451767394186,-0.9999659501324888,0.00825218611212037,0.0
8.736,-1.4601498834895126,0.005170604205287436,9.772165953563889,0.0,0.0,0.004594394766808818,-0.9999653408194207,0.008325692757957203,0.0
8.752,-1.4349131086553055,0.005118297529545483,9.81941130365381,0.0,0.0,0.00466102268062776,-0.9999647171447344,0.008400265808372628,0.0
8.768,-1.4008734244548133,0.005126134046818764,9.78092089806182,0.0,0.0,0.0047308101003954274,-0.9999640785588343,0.008475941952465964,0.0
8.784,-1.3749283820663616,0.00506840420368584,9.775031844365527,0.0,0.0,0.004801382905350685,-0.9999634244800272,0.008552759915793054,0.0
8.8,-1.3436283410436798,0.005061549355948675,9.795710476365901,0.0,0.0,0.0048753430015752415,-0.9999627542920014,0.008630760612733743,0.0
8.816,-1.3165789176730887,0.005003214651540952,9.771094477100787,0.0,0.0,0.004952194504741688,-0.9999620673410574,0.008709987313343773,0.0
8.832,-1.289310649047049,0.004957259838892315,9.757530002397036,0.0,0.0,0.00503015385358956,-0.9999613629330568,0.008790485826365912,0.0
8.848,-1.2625688207522476,0.004958062232666436,9.883338645198723,0.0,0.0,0.005114422168392729,-0.9999606403300605,0.008872304700322724,0.0
8.864,-1.2316243659834885,0.004959005270525156,9.801859391661916,0.0,0.0,0.0051994022373906545,-0.9999598987466132,0.00895549544487606,0.0
8.88,-1.2127201077564154,0.004919731105556616,9.781443443685642,0.0,0.0,0.0052896708578861725,-0.9999591373456299,0.00904011277494834,0.0
8.896,-1.1836041300557096,0.0049010847836151354,9.82067092551537,0.0,0.0,0.005381411740162256,-0.9999583552338345,0.009126214880476342,0.0
8.912,-1.1643316496970397,0.004879494940630448,9.752769614097447,0.0,0.0,0.005478713143195637,-0.9999575514566883,0.009213863725093393,0.0
8.928,-1.1285109537050413,0.004833045967561288,9.809285226080018,0.0,0.0,0.005579650220132497,-0.9999567249927418,0.009303125377548554,0.0
8.944,-1.1015950644105261,0.004896982051287858,9.786661043386257,0.0,0.0,0.005683821990245898,-0.9999558747473265,0.009394070380251926,0.0
8.96,-1.086285676539987,0.004833575983272145,9.75847499611083,0.0,0.0,0.0057940973321925805,-0.9999549995454976,0.009486774160055672,0.0
8.976,-1.0626234530948624,0.00485642984061957,9.820325060219046,0.0,0.0,0.005908092771588338,-0.9999540981241135,0.009581317487216278,0.0
8.992,-1.0417988760166303,0.004828839734536052,9.794784476703054,0.0,0.0,0.006029376743886233,-0.9999531691229279,0.009677786989470635,0.0
9.008000000000001,-1.0154566024305771,0.004835369733411956,9.819501181173136,0.0,0.0,0.0061568451514032166,-0.9999522110745411,0.009776275729364858,0.0
9.024000000000001,-0.9955178066210986,0.004825397395983208,9.75259402974952,0.0,0.0,0.006287977511824682,-0.9999512223930358,0.009876883854406956,0.0
9.040000000000001,-0.9763865268930123,0.004827437339817553,9.832085974982121,0.0,0.0,0.00642762042998151,-0.9999502013610818,0.009979719331339478,0.0
9.056000000000001,-0.9572661958071234,0.004835831792122122,9.858721358116565,0.0,0.0,0.006575012565354787,-0.9999491461152605,0.010084898777943396,0.0
9.072000000000001,-0.9348233711955372,0.004855262020238579,9.785561930032546,0.0,0.0,0.006726947164352703,-0.9999480546293112,0.010192548408324944,0.0
9.088000000000001,-0.9217517296878718,0.004837537612715309,9.770144572933448,0.0,0.0,0.006892168624475226,-0.9999469246949306,0.01030280511078257,0.0
9.104000000000001,-0.8965688394910979,0.0048467606204822865,9.797877991664015,0.0,0.0,0.007063653954427484,-0.9999457538996965,0.010415817681196442,0.0
9.120000000000001,-0.8772337808618393,0.0048652278000260495,9.805521645472108,0.0,0.0,0.007246174283728903,-0.9999445396015804,0.010531748239652805,0.0
9.136000000000001,-0.8582281656642657,0.004911075830276097,9.814409957108898,0.0,0.0,0.007440048490233717,-0.9999432788994078,0.010650773863959741,0.0
9.152000000000001,-0.8442686335215476,0.004931112561659854,9.830072080220024,0.0,0.0,0.007645691705047273,-0.9999419685984672,0.010773088481121244,0.0
9.168000000000001,-0.8233108026495383,0.004943086434755547,9.75559235629765,0.0,0.0,0.007864268114576042,-0.9999406051702949,0.010898905067239343,0.0
9.184000000000001,-0.8077081111253575,0.005010476409191777,9.883741762138754,0.0,0.0,0.008096524290920587,-0.9999391847054151,0.011028458218179075,0.0
9.200000000000001,-0.7950023920981184,0.005027358073999844,9.822173197087984,0.0,0.0,0.008346026004446921,-0.9999377028575176,0.011162007168556734,0.0
9.216000000000001,-0.7723721043937105,0.0050584906888236246,9.811418749659143,0.0,0.0,0.008615773183480129,-0.9999361547771558,0.011299839356214944,0.0
9.232,-0.7591986196732736,0.005131208668639463,9.871404174677494,0.0,0.0,0.00890247874883688,-0.999934535032531,0.01144227465480807,0.0
9.248,-0.7464708524691035,0.0052050983399561344,9.730275120592,0.0,0.0,0.009211647289880342,-0.999932837514256,0.01158967043053957,0.0
9.264,-0.7258336832342189,0.005268009384745568,9.80851815514106,0.0,0.0,0.009549025796638412,-0.9999310553200714,0.011742427623294426,0.0
9.28,-0.7151867939871756,0.0053423510099367185,9.835204065660855,0.0,0.0,0.009910197718158301,-0.9999291806142817,0.011900998111553469,0.0
9.296,-0.6995041196323678,0.005423723948409989,9.768468072965515,0.0,0.0,0.010307211002788499,-0.9999272044550094,0.012065893700420827,0.0
9.312,-0.6813502558654104,0.005552791641950164,9.838018483422818,0.0,0.0,0.010738429718000613,-0.9999251165800835,0.012237697181524544,0.0
9.328,-0.6698993498761194,0.005603742831746123,9.762141558466084,0.0,0.0,0.011211883503590094,-0.9999229051391867,0.012417076065201848,0.0
9.344,-0.6586018500934931,0.005786907319335117,9.812931374735822,0.0,0.0,0.011732070434300662,-0.9999205563553725,0.012604799798589002,0.0
9.36,-0.6449594622103857,0.00591283320625565,9.873030166021927,0.0,0.0,0.012311143670716758,-0.9999180540925628,0.012801761587477303,0.0
9.376,-0.625526159177519,0.0060783177143971575,9.84064953167076,0.0,0.0,0.01295389123637474,-0.9999153792961517,0.013009006381482575,0.0
9.392,-0.6144022973995665,0.006279534474348585,9.76850254801267,0.0,0.0,0.013673130330312552,-0.9999125092596756,0.01322776723484621,0.0
9.408,-0.6018846974178153,0.006494146558119131,9.933407157816836,0.0,0.0,0.01448756024919728,-0.9999094166489978,0.013459513240115756,0.0
9.424,-0.589744472741539,0.006704340723405876,9.827518244685013,0.0,0.0,0.015405165114276411,-0.9999060681819265,0.013706013751669023,0.0
9.44,-0.5750506972824591,0.006962181172483016,9.784755057220588,0.0,0.0,0.016464151891682443,-0.9999024228076671,0.01396942602105695,0.0
9.456,-5.001009479606144,0.012307879876983702,9.83542400928776,0.0,0.0,0.06445906553656976,-0.9998874823421144,0.015000755165918155,0.0
9.472,-5.047251054939877,0.03160092078388717,9.787411011522847,0.0,0.0,0.1124799992857785,-0.999858870638497,0.01679996444965395,0.0
9.488,-4.978805161728733,0.04352111895645136,9.76574886088105,0.0,0.0,0.1604645804798221,-0.9998124424538687,0.01936698000282327,0.0
9.504,-4.9785518403138695,0.04786419799877702,9.842562492586902,0.0,0.0,0.2084596512012222,-0.9997422837694009,0.022701674906112267,0.0
9.52,-4.995817344620064,0.04416531243549744,9.783917112724218,0.0,0.0,0.2564785313355183,-0.9996407123630703,0.026803846482424613,0.0
9.536,-2.171941583522316,0.019409584478359474,9.801855580192047,0.0,0.0,0.30446363096205753,-0.9994982787568104,0.03167318680166853,0.0
9.552,0.0,0.0,9.721473335540148,0.0,0.0,0.35245826011750836,-0.9993037676966613,0.03730924640430897,0.0
9.568,0.0,0.0,9.839573033716063,0.0,0.0,0.400497839180316,-0.9990442003608746,0.043711391253318334,0.0
9.584,0.0,0.0,9.835987854488392,0.0,0.0,0.4484939232479883,-0.9987048375272762,0.050878752929064235,0.0
9.6,0.0,0.0,9.763241689915883,0.0,0.0,0.4965054139252712,-0.9982691839674078,0.058810172088220224,0.0
9.616,0.0,0.0,9.778276806639287,0.0,0.0,0.5443487417591883,-0.9977189943710227,0.06750413521611247,0.0
9.632,0.0,0.0,9.835886158808115,0.0,0.0,0.5925306700147357,-0.9970342811403172,0.07695870471240589,0.0
9.648,0.0,0.0,9.78848226908311,0.0,0.0,0.640485241836778,-0.9961933244287412,0.0871714423628102,0.0
9.664,0.0,0.0,9.790494860504648,0.0,0.0,0.6884306797780213,-0.9951726848342833,0.098139326264878,0.0
9.68,0.0,0.0,9.829492875328246,0.0,0.0,0.7365356299585117,-0.9939472191915691,0.1098586612941686,0.0
9.696,0.0,0.0,9.828337079132908,0.0,0.0,0.7844518326851384,-0.9924900999408727,0.12232498321829777,0.0
9.712,0.0,0.0,9.803958163486373,0.0,0.0,0.8323323861812225,-0.9907728385849702,0.13553295659093756,0.0
9.728,0.0,0.0,9.857277956681445,0.0,0.0,0.8805464616359207,-0.9887653137765102,0.1494762665858351,0.0
9.744,0.0,0.0,9.757314954153491,0.0,0.0,0.9285096291906392,-0.9864358046089624,0.1641475049626674,0.0
9.76,0.0,0.0,9.772920435170873,0.0,0.0,0.9765189171888534,-0.9837510297130013,0.17953805039213722,0.0
9.776,0.0,0.0,9.780584692776328,0.0,0.0,1.0245138711610389,-0.9806761927870603,0.19563794340739982,0.0
9.792,0.0,0.0,9.837902930509207,0.0,0.0,1.0722470521189615,-0.9771750352154386,0.21243575629282935,0.0
9.808,0.0,0.0,9.783251242566179,0.0,0.0,1.1204721206602968,-0.9732098964493953,0.22991845826935628,0.0
9.824,0.0,0.0,9.769200381059374,0.0,0.0,1.1684805620842955,-0.968741782845691,0.24807127638836463,0.0
9.84,0.0,0.0,9.812630472806028,0.0,0.0,1.2165257544948156,-0.9637304456726622,0.2668775526033839,0.0
9.856,0.0,0.0,9.794007629602964,0.0,0.0,1.2644906066914223,-0.9581344690055831,0.2863185975506827,0.0
9.872,0.0,0.0,9.818762650844144,0.0,0.0,1.3125763561643946,-0.9519113682403499,0.30637354163632546,0.0
9.888,0.0,0.0,9.848966494467053,0.0,0.0,1.3603528154661784,-0.9450176999568327,0.3270191840982698,0.0
9.904,0.0,0.0,9.770871369319805,0.0,0.0,1.4085597274880357,-0.9374091838599917,0.34822984078758185,0.0
9.92,0.0,0.0,9.871263267278543,0.0,0.0,1.4567339461166005,-0.9290408375174879,0.36997719149267116,0.0
9.936,0.0,0.0,9.776004512130074,0.0,0.0,1.5002116408222963,-0.919895138141169,0.39216442320057504,0.0
9.952,0.0,0.0,9.811420301737712,0.0,0.0,1.4997881741333585,-0.9102196554540773,0.41412580072371824,0.0
9.968,0.0,0.0,9.855233111751863,0.0,0.0,1.4998152959491893,-0.9000199617318333,0.43584867612994915,0.0
9.984,0.0,0.0,9.868200547490463,0.0,0.0,1.499953149216755,-0.8893019311521393,0.45732053884455665,0.0
10.0,0.0,0.0,9.761548735444025,0.0,0.0,1.4997620820920257,-0.8780717364117409,0.478529022855323,0.0
10.016,0.0,0.0,9.765856877241347,0.0,0.0,1.5002295346452192,-0.866335845171465,0.4994619138343217,0.0
10.032,0.0,0.0,9.768400273442158,0.0,0.0,1.5001003744138148,-0.854101016331385,0.5201071561723557,0.0
10.048,0.0,0.0,9.783660142435725,0.0,0.0,1.4998690560358439,-0.841374296138253,0.5404528599219914,0.0
10.064,0.0,0.0,9.829303441147033,0.0,0.0,1.5001340858065508,-0.8281630141274468,0.5604873076451798,0.0
10.08,0.0,0.0,9.823943970739428,0.0,0.0,1.5000107180345776,-0.8144747789017659,0.5801989611615311,0.0
10.096,0.0,0.0,9.84101474172702,0.0,0.0,1.499900671464054,-0.8003174737495078,0.5995764681933459,0.0
10.112,0.0,0.0,9.873455467635889,0.0,0.0,1.500145036414826,-0.7856992521043444,0.618608668903592,0.0
10.128,0.0,0.0,9.867092911801603,0.0,0.0,1.499942653584198,-0.7706285328496248,0.6372846023230399,0.0
10.144,0.0,0.0,9.855753922391562,0.0,0.0,1.500106685772208,-0.755113995469794,0.6555935126628728,0.0
10.16,0.0,0.0,9.789138535544327,0.0,0.0,1.499921968515609,-0.7391645750517297,0.673524855509131,0.0
10.176,0.0,0.0,9.816686203646734,0.0,0.0,1.5003060709805744,-0.7227894571388753,0.6910683038954181,0.0
10.192,0.0,0.0,9.772758730723785,0.0,0.0,1.499981909158068,-0.7059980724411254,0.7082137542503785,0.0
10.208,0.0,0.0,9.770613349980945,0.0,0.0,1.5000445330423957,-0.6888000914035225,0.7249513322165145,0.0
10.224,0.0,0.0,9.767261124957571,0.0,0.0,1.5000470584129513,-0.6712054186368812,0.7412713983369986,0.0
10.24,0.0,0.0,9.814691993241963,0.0,0.0,1.500059052568449,-0.6532241872135504,0.757164553607204,0.0
10.256,0.0,0.0,9.792595595933673,0.0,0.0,1.499915291930523,-0.6348667528316111,0.7726216448877459,0.0
10.272,0.0,0.0,9.88907132910658,0.0,0.0,1.5001670659720305,-0.6161436878508467,0.7876337701759357,0.0
10.288,0.0,0.0,9.797423973176652,0.0,0.0,1.4996995915531373,-0.5970657752039447,0.8021922837325928,0.0
10.304,0.0,0.0,9.868290145833559,0.0,0.0,1.5000938805818516,-0.5776440021864182,0.8162888010612771,0.0
10.32,0.0,0.0,9.794562724731753,0.0,0.0,1.499821762665361,-0.5578895541288382,0.8299152037370604,0.0
10.336,0.0,0.0,9.873800618353037,0.0,0.0,1.5001898084396545,-0.5378138079550085,0.8430636440820665,0.0
10.352,0.0,0.0,9.76714507350783,0.0,0.0,1.4998490335986872,-0.5174283256298023,0.8557265496850844,0.0
10.368,0.0,0.0,9.77583286836318,0.0,0.0,1.4998268048678405,-0.49674484750042996,0.8678966277626472,0.0
10.384,0.0,0.0,9.825126421378942,0.0,0.0,1.4997971453300256,-0.4757752855349691,0.8795668693590721,0.0
10.4,0.0,0.0,9.82600268520923,0.0,0.0,1.4998943182562057,-0.4545317164620633,0.8907305533830365,0.0
10.416,0.0,0.0,9.818579996240894,0.0,0.0,1.5001437488007392,-0.4330263748157269,0.9013812504783698,0.0
10.432,0.0,0.0,9.805416286354347,0.0,0.0,1.5000408105023064,-0.4112716458892644,0.9115128267268298,0.0
10.448,0.0,0.0,9.80829234099324,0.0,0.0,1.5003056740089855,-0.3892800586023734,0.9211194471807295,0.0
10.464,0.0,0.0,9.799756354660394,0.0,0.0,1.5000719350207885,-0.3670642782855243,0.9301955792233841,0.0
10.48,0.0,0.0,9.827851739261348,0.0,0.0,1.4999860953066886,-0.34463709938577847,0.93873599575544,0.0
10.496,0.0,0.0,9.800508089502117,0.0,0.0,1.4998167359307235,-0.32201143809825045,0.946735778205248,0.0
10.512,0.0,0.0,9.90613534852923,0.0,0.0,1.4998309226250166,-0.2992003249274493,0.9541903193615563,0.0
10.528,0.0,0.0,9.842303031950609,0.0,0.0,1.499727888840702,-0.2762168971827874,0.9610953260268793,0.0
10.544,0.0,0.0,9.767999450033507,0.0,0.0,1.4999605713018822,-0.25307439141258475,0.9674468214900239,0.0
10.56,0.0,0.0,9.839237568368501,0.0,0.0,1.4998406585576536,-0.229786135780909,0.9732411478163455,0.0
10.576,0.0,0.0,9.811927169407365,0.0,0.0,1.4998230665426775,-0.2063655423916596,0.9784749679544164,0.0
10.592,0.0,0.0,9.795038335680786,0.0,0.0,1.5002768087129625,-0.1828260995643112,0.9831452676578883,0.0
10.608,0.0,0.0,9.815344151687086,0.0,0.0,1.4999365134112408,-0.15918136406575945,0.987249357221449,0.0
10.624,0.0,0.0,9.799163737107143,0.0,0.0,1.5000964504400687,-0.1354449533027429,0.9907848730298711,0.0
10.64,0.0,0.0,9.828554807309827,0.0,0.0,1.4998853975136308,-0.11163053747935445,0.9937497789192563,0.0
10.656,0.0,0.0,9.834735906890787,0.0,0.0,1.5002005749338343,-0.0877518317241261,0.9961423673496982,0.0
10.672,0.0,0.0,9.79094519825053,0.0,0.0,1.5000644458309034,-0.06382258819126622,0.9979612603886828,0.0
10.688,0.0,0.0,9.797111533039098,0.0,0.0,1.5000545046275933,-0.03985658814054982,0.9992054105046643,0.0
10.704,0.0,0.0,9.867662080372453,0.0,0.0,1.499977485624758,-0.01586763400045302,0.9998741011703564,0.0
10.72,0.0,0.0,9.749113146843724,0.0,0.0,1.499992504604643,0.008130458580912606,0.9999669472753909,0.0
10.736,0.0,0.0,9.819381378841847,0.0,0.0,1.4996552971663593,0.03212386869238214,0.9994838953481114,0.0
10.752,0.0,0.0,9.819740374351905,0.0,0.0,1.5001236640026854,0.05609877811960282,0.9984252235863673,0.0
10.768,0.0,0.0,9.802898080819173,0.0,0.0,1.4997661531827635,0.08004137930300001,0.9967915416972966,0.0
10.784,0.0,0.0,9.757724361421946,0.0,0.0,1.4999219929113328,0.1039378832899267,0.994583790546181,0.0
10.8,0.0,0.0,9.824078700761792,0.0,0.0,1.5000128371416543,0.12777452767585282,0.991803241614592,0.0
10.816,0.0,0.0,9.837236850461341,0.0,0.0,1.499740403762743,0.15153758453044455,0.9884514962681166,0.0
10.832,0.0,0.0,9.823086324153678,0.0,0.0,1.4999506384780243,0.17521336830367418,0.9845304848341067,0.0
10.848,0.0,0.0,9.857422151192871,0.0,0.0,1.5003509281918572,0.19878824370756112,0.9800424654899722,0.0
10.864,0.0,0.0,9.860981814310076,0.0,0.0,1.4999636308465516,0.22224863356899394,0.9749900229626532,0.0
10.88,0.0,0.0,9.805455389711058,0.0,0.0,1.499691631238924,0.24558102664902628,0.969376067040037,0.0
10.896,0.0,0.0,9.864485170953559,0.0,0.0,1.5000564241634808,0.26877198542424774,0.9632038308951579,0.0
10.912,0.0,0.0,9.775577850656576,0.0,0.0,1.4999064749393354,0.29180815382568004,0.9564768692241586,0.0
10.928,0.0,0.0,9.797014801920596,0.0,0.0,1.5002859012443244,0.3146762649307585,0.9491990561990815,0.0
10.944,0.0,0.0,9.815842903382629,0.0,0.0,1.4997829998261154,0.33736314860398753,0.9413745832366646,0.0
10.96,0.0,0.0,9.822049573648126,0.0,0.0,1.5000820733626345,0.35985573908184126,0.9330079565844344,0.0
10.976,0.0,0.0,9.804094498237314,0.0,0.0,1.5001571205291029,0.3821410824975604,0.9241039947254815,0.0
10.992,0.0,0.0,9.818788123759791,0.0,0.0,1.4999283928653577,0.40420634434150676,0.9146678256034131,0.0
11.008000000000001,0.0,0.0,9.77654553320006,0.0,0.0,1.4997806281695905,0.4260388168527772,0.9047048836690814,0.0
11.024000000000001,0.0,0.0,9.812917385298562,0.0,0.0,1.4998471029576899,0.4476259263378155,0.8942209067507942,0.0
11.040000000000001,0.0,0.0,9.770467803570039,0.0,0.0,1.499990002724968,0.4689552404118224,0.8832219327497987,0.0
11.056000000000001,0.0,0.0,9.841578555162338,0.0,0.0,1.500113087369749,0.4900144751587753,0.8717142961629516,0.0
11.072000000000001,0.0,0.0,9.818722633325669,0.0,0.0,1.4998795128937155,0.5107915022059459,0.859704624434575,0.0
11.088000000000001,0.0,0.0,9.79549525056191,0.0,0.0,1.500142312799881,0.5312743557088359,0.8471998341395977,0.0
11.104000000000001,0.0,0.0,9.777391145129448,0.0,0.0,1.5001362728270426,0.551451239242513,0.8342071270001813,0.0
11.120000000000001,0.0,0.0,9.786081245385683,0.0,0.0,1.4999453865339065,0.5713105325953721,0.8207339857381272,0.0
11.136000000000001,0.0,0.0,9.808988328611784,0.0,0.0,1.4998096791710704,0.5908407984614149,0.806788169765446,0.0
11.152000000000001,0.0,0.0,9.820687783776016,0.0,0.0,1.4998377444220243,0.6100307890271877,0.7923777107155823,0.0
11.168000000000001,0.0,0.0,9.865398045225085,0.0,0.0,1.5002624179604207,0.6288694524495893,0.7775109078178606,0.0
11.184000000000001,0.0,0.0,9.824780950816713,0.0,0.0,1.4998994445276483,0.6473459392208176,0.7621963231178155,0.0
11.200000000000001,0.0,0.0,9.797063117069868,0.0,0.0,1.5001234166411077,0.6654496084167852,0.7464427765461644,0.0
11.216000000000001,0.0,0.0,9.767490456350814,0.0,0.0,1.5000598260111784,0.6831700338254102,0.7302593408392583,0.0
11.232000000000001,0.0,0.0,9.860690079719939,0.0,0.0,1.4999324273987142,0.7004970099512489,0.713655336313938,0.0
11.248000000000001,0.0,0.0,9.858530663151313,0.0,0.0,1.50001056667788,0.7174205578930136,0.696640325499807,0.0
11.264,0.0,0.0,9.816156578419664,0.0,0.0,1.5000281768267092,0.7339309310905953,0.6792241076320039,0.0
11.28,0.0,0.0,9.82170602074811,0.0,0.0,1.4999114022055926,0.7500186209382712,0.6614167130076576,0.0
11.296,0.0,0.0,9.921466070820193,0.0,0.0,1.5000412089849344,0.7656743622608743,0.6432283972092677,0.0
11.312,0.0,0.0,9.829393075190348,0.0,0.0,1.4998584565987354,0.7808891386497655,0.6246696351983401,0.0
11.328,0.0,0.0,9.758300070059224,0.0,0.0,1.500114781587586,0.7956541876555379,0.6057511152826762,0.0
11.344,0.0,0.0,9.774094094423727,0.0,0.0,1.4665104324874658,0.8096451313038275,0.5869197230933784,0.0
11.36,0.0,0.0,9.844655841163414,0.0,0.0,1.4273109941451048,0.8228349368475886,0.568280447229205,0.0
11.376,0.0,0.0,9.838719303693942,0.0,0.0,1.3930195307391675,0.8352973033389072,0.5497985222195034,0.0
11.392,0.0,0.0,9.850495162985403,0.0,0.0,1.3574196733730335,0.8470394951932726,0.5315299554895527,0.0
11.408,0.0,0.0,9.83522524590349,0.0,0.0,1.3242121855201714,0.8581101514255141,0.5134656444402891,0.0
11.424,0.0,0.0,9.86525218794231,0.0,0.0,1.2906525859113556,0.868529698463257,0.4956371282373062,0.0
11.44,0.0,0.0,9.83066221239136,0.0,0.0,1.2589478382786514,0.8783351491751062,0.4780453594833275,0.0
11.456,0.0,0.0,9.766374025255791,0.0,0.0,1.2273459841432293,0.8875512245360309,0.4607090446524706,0.0
11.472,0.0,0.0,9.785826177794352,0.0,0.0,1.1967075062849786,0.8962089163935893,0.44363225556380453,0.0
11.488,0.0,0.0,9.786896485157992,0.0,0.0,1.1667640982195082,0.904333544811475,0.4268264749622638,0.0
11.504,0.0,0.0,9.745629588574666,0.0,0.0,1.1375141796332404,0.911952431352891,0.4102959455680141,0.0
11.52,0.0,0.0,9.78833548298153,0.0,0.0,1.1089318601974285,0.9190899827445572,0.3940477174386492,0.0
11.536,0.0,0.0,9.808766966871293,0.0,0.0,1.0816144928758606,0.9257708598005974,0.3780850633707482,0.0
11.552,0.0,0.0,9.869945628120075,0.0,0.0,1.0545047783459494,0.9320179684754419,0.3624120671816965,0.0
11.568,0.0,0.0,9.726014571378908,0.0,0.0,1.0281662736595767,0.9378537725425343,0.3470306921984515,0.0
11.584,0.0,0.0,9.826921099608962,0.0,0.0,1.0025531751321115,0.9432994846274971,0.3319428901204218,0.0
11.6,0.0,0.0,9.82242051956688,0.0,0.0,0.9775107233168324,0.9483756171104469,0.3171493163643575,0.0
11.616,0.0,0.0,9.7550417959769,0.0,0.0,0.9533002881009055,0.9531016671967275,0.3026503130459616,0.0
11.632,0.0,0.0,9.82974030717034,0.0,0.0,0.9292988879942925,0.9574963566133506,0.2884453623689576,0.0
11.648,0.0,0.0,9.818430429968922,0.0,0.0,0.9062546413849529,0.961577519499601,0.27453355713463246,0.0
11.664,0.0,0.0,9.820455119861307,0.0,0.0,0.8834584298779823,0.965362215508729,0.2609133819260298,0.0
11.68,0.0,0.0,9.822754666731994,0.0,0.0,0.8615607926135403,0.9688667005795463,0.2475829487426464,0.0
11.696,0.0,0.0,9.874248102246908,0.0,0.0,0.8401146081162327,0.9721064886188738,0.23453992151675024,0.0
11.712,0.0,0.0,9.87609570309094,0.0,0.0,0.8190918610628926,0.975096355777231,0.22178164249992416,0.0
11.728,0.0,0.0,9.767854578442796,0.0,0.0,0.798504653644445,0.9778503810630598,0.2093051176030555,0.0
11.744,0.0,0.0,9.831672124485713,0.0,0.0,0.778613135099028,0.9803819637595526,0.19710709052432254,0.0
11.76,0.0,0.0,9.741268480524397,0.0,0.0,0.7592476489619144,0.982703855070635,0.18518405230827123,0.0
11.776,0.0,0.0,9.796702441973238,0.0,0.0,0.7402406766396463,0.9848281802377487,0.17353228924210154,0.0
11.792,0.0,0.0,9.739763988987807,0.0,0.0,0.7218212240284659,0.9867664659491572,0.16214790062844134,0.0
11.808,0.0,0.0,9.788555035572193,0.0,0.0,0.703791345084138,0.9885296636228964,0.1510268325086746,0.0
11.824,0.0,0.0,9.811876707846933,0.0,0.0,0.6862544150479315,0.9901281743754201,0.14016489684652725,0.0
11.84,0.0,0.0,9.83379015381214,0.0,0.0,0.6690516967412747,0.9915718719702734,0.1295577968219891,0.0
11.856,0.0,0.0,9.884325213415428,0.0,0.0,0.6523161699222999,0.9928701259989136,0.11920114470466094,0.0
11.872,0.0,0.0,9.812310969511136,0.0,0.0,0.6361198913953053,0.9940318238500537,0.10909048158907274,0.0
11.888,0.0,0.0,9.803085070489207,0.0,0.0,0.6202527593957663,0.995065392328881,0.09922129302407882,0.0
11.904,0.0,0.0,9.811379960188146,0.0,0.0,0.604802007637539,0.9959788183725873,0.08958902473598462,0.0
11.92,0.0,0.0,9.857480995745405,0.0,0.0,0.5895543323132182,0.9967796691886586,0.08018909584319113,0.0
11.936,0.0,0.0,9.855455365049934,0.0,0.0,0.574953333602658,0.9974751116107449,0.0710169114868581,0.0
11.952,0.0,0.0,9.798234687340427,0.0,0.0,0.560691232917693,0.9980719307975184,0.06206787376826808,0.0
11.968,0.0,0.0,9.81361027240502,0.0,0.0,0.5465306224782279,0.9985765482053564,0.053337391896076496,0.0
11.984,0.0,0.0,9.753672229894619,0.0,0.0,0.5329898700573235,0.9989950388874163,0.044820891092543946,0.0
12.0,0.0,0.0,9.812985699638325,0.0,0.0,0.5195912505866214,0.9993331481031966,0.03651382070058584,0.0
12.016,0.0,0.0,9.792281292732774,0.0,0.0,0.5066834710563144,0.9995963072663808,0.0284116613279761,0.0
12.032,0.0,0.0,9.866623548321895,0.0,0.0,0.4940626607477906,0.9997896492361428,0.0205099312595287,0.0
12.048,0.0,0.0,9.854662782641743,0.0,0.0,0.48174145847094524,0.9999180229722651,0.012804192096218263,0.0
12.064,0.0,0.0,9.792613411801234,0.0,0.0,0.46963479374188843,0.9999860075677498,0.005290053753251546,0.0
12.08,5.007210271287136,-0.03387078996832997,9.881972927695777,0.0,0.0,0.4215947677454682,0.9999989394571229,-0.0014563943934767563,0.0
12.096,4.99147420569078,0.0038527375979384437,9.806130285935605,0.0,0.0,0.37368457465985416,0.9999723614365593,-0.0074348075288572,0.0
12.112,5.009333910056019,0.03377734688837704,9.752245211671658,0.0,0.0,0.3256675020294881,0.9999200484606584,-0.012645026153968241,0.0
12.128,5.010973361574012,0.05598241327263533,9.798231635828367,0.0,0.0,0.2776423886159069,0.9998540061620307,-0.017087023197088595,0.0
12.144,5.00498081759509,0.07051519894740348,9.836425694938077,0.0,0.0,0.2296586156767574,0.9997844701628219,-0.020760857912079465,0.0
12.16,4.986205365588867,0.07755277264525792,9.789699116113846,0.0,0.0,0.18164940507779972,0.9997199059303625,-0.02366663657107231,0.0
12.176,4.9980379917868465,0.07694237960266088,9.786067918624108,0.0,0.0,0.13365498086912647,0.9996670089656291,-0.02580447995432301,0.0
12.192,4.984181385327817,0.06847318824209878,9.846484652386517,0.0,0.0,0.08565608346510042,0.9996307051497326,-0.027174497637466436,0.0
12.208,4.9812418453729705,0.05157591988546441,9.855792561937955,0.0,0.0,0.03765665095418931,0.9996141511101945,-0.02777676907498977,0.0
12.224,4.993620489357756,0.027964084949713645,9.898197231446927,0.0,0.0,-0.010343820360258585,0.9996187345053094,-0.0276113314782862,0.0
12.24,4.99395180958635,-0.006041108418404017,9.849898505117187,0.0,0.0,-0.027973848170880458,0.9996309915615116,-0.02716395975827307,0.0
12.256,5.017378355925552,-0.02246715022631334,9.838476446207796,0.0,0.0,-0.027560570482703876,0.9996428733279252,-0.026723132389186863,0.0
12.272,5.011245578188616,-0.02431736969678304,9.744891822699461,0.0,0.0,-0.027162405449572175,0.9996543924476392,-0.026288698334865076,0.0
12.288,4.98495754361507,-0.026072596539639503,9.770012466134409,0.0,0.0,-0.026771573969711363,0.9996655610835319,-0.02586051011769466,0.0
12.304,4.997070562355489,-0.027822369712427887,9.780882606429646,0.0,0.0,-0.026391704877219906,0.9996763909383942,-0.02543842370090564,0.0
12.32,5.006814901547569,-0.029429749535222996,9.79648323197622,0.0,0.0,-0.026013897049123567,0.9996868932741136,-0.02502229837466876,0.0
12.336,5.000601638269906,-0.031105031861258098,9.768584580005474,0.0,0.0,-0.0256531260309593,0.9996970789299661,-0.02461199664580717,0.0
12.352,4.970629566693097,-0.03269095947780963,9.833857400510611,0.0,0.0,-0.02529448860063387,0.9997069583400611,-0.024207384130953743,0.0
12.368,5.018096134053725,-0.03456539646816409,9.798715555636035,0.0,0.0,-0.02495070857541004,0.9997165415499827,-0.023808329452982818,0.0
12.384,5.028362203419536,-0.03608201219298146,9.782109553127048,0.0,0.0,-0.024609777093700838,0.9997258382326677,-0.023414704140559,0.0
12.4,4.988062162747682,-0.03733866267985366,9.799246856551306,0.0,0.0,-0.024273899891472377,0.9997348577035574,-0.023026382530650893,0.0
12.416,5.004975914228639,-0.038845414470115275,9.775026420450892,0.0,0.0,-0.023953960080535464,0.9997436089350609,-0.022643241673844888,0.0
12.432,4.979715283247154,-0.04015202210127099,9.837189492220348,0.0,0.0,-0.023635287194717948,0.9997521005703627,-0.022265161242340258,0.0
12.448,4.9997826609776395,-0.041569070080737854,9.794081592829407,0.0,0.0,-0.023327096565166506,0.9997603409366078,-0.02189202344046129,0.0
12.464,4.999093058212677,-0.04315806380843906,9.856932321900283,0.0,0.0,-0.023025681668474542,0.9997683380574933,-0.021523712917562898,0.0
12.48,4.998598397835603,-0.043932909936441354,9.831860376271088,0.0,0.0,-0.022732635768548285,0.9997760996652969,-0.021160116683198164,0.0
12.496,4.9933937555317,-0.045606578002651554,9.739688910596199,0.0,0.0,-0.022441029497940558,0.9997836332123672,-0.020801124024412858,0.0
12.512,4.98254084436505,-0.04682808396971028,9.811293869991125,0.0,0.0,-0.022159757162255263,0.9997909458821052,-0.020446626425048714,0.0
12.528,4.979275858642823,-0.04792183361625663,9.789651565193104,0.0,0.0,-0.021891078970468377,0.999798044599457,-0.020096517486925185,0.0
12.544,5.02974584055357,-0.048816067445144426,9.76503279047535,0.0,0.0,-0.021621100528617446,0.9998049360409436,-0.019750692852786675,0.0
12.56,5.0123836501282035,-0.049902738413084256,9.803391930231173,0.0,0.0,-0.021357579515928253,0.9998116266442478,-0.01940905013089106,0.0
12.576,1.2506978347002196,-0.05226801660153385,9.735323272938556,0.0,0.0,-0.021101012623979013,0.9998181226173817,-0.019071488821123708,0.0
12.592,2.642991452842314e-05,-0.0524562412993699,9.798946782074765,0.0,0.0,-0.020849646605059995,0.9998244293228722,-0.018737943568949728,0.0
12.608,2.5834842139593364e-05,-0.052103519443506725,9.779653778350252,0.0,0.0,-0.020599950093830005,0.999830551765667,-0.01840836103411053,0.0
12.624,2.525035698283181e-05,-0.051307802637590064,9.772312329383263,0.0,0.0,-0.020356672249609072,0.9998364948196051,-0.018082688595610567,0.0
12.64,2.4795030466103848e-05,-0.05072466066817297,9.858796483880228,0.0,0.0,-0.02011463933055764,0.9998422632308651,-0.017760874341692788,0.0
12.656,2.4053256319137825e-05,-0.05038887174617674,9.835354615019833,0.0,0.0,-0.01987674941606069,0.9998478616213214,-0.017442867059953546,0.0
12.672,2.3421239937535323e-05,-0.04950870109732282,9.81402609232609,0.0,0.0,-0.01964098966811641,0.9998532944918109,-0.01712861622758818,0.0
12.688,2.276180001082767e-05,-0.049159150500731795,9.841315473399684,0.0,0.0,-0.019410643377266255,0.9998585662253153,-0.016818072001773182,0.0
12.704,2.2598688395344352e-05,-0.04843913424594455,9.74678248781919,0.0,0.0,-0.019188009492534023,0.9998636810900552,-0.016511185210175507,0.0
12.72,2.1864101305225543e-05,-0.04804081623974443,9.862473559802138,0.0,0.0,-0.018956616498309507,0.9998686432425044,-0.016207907341593025,0.0
12.736,2.1265601411403453e-05,-0.047346632172261885,9.775255689094191,0.0,0.0,-0.018735681570551367,0.9998734567303241,-0.01590819053672189,0.0
12.752,2.0919573809660507e-05,-0.04671566157375099,9.839983133003562,0.0,0.0,-0.018516243269536603,0.9998781254952184,-0.015611987579048957,0.0
12.768,2.0513022210257222e-05,-0.046276893432128124,9.807375398155012,0.0,0.0,-0.01829866728641129,0.9998826533757136,-0.01531925188586703,0.0
12.784,1.9910937891519464e-05,-0.0457656270644796,9.833712773537956,0.0,0.0,-0.018085163314243636,0.9998870441098653,-0.01502993749941565,0.0
12.8,1.952233074152713e-05,-0.04518721403031719,9.801292533824714,0.0,0.0,-0.01787382318504304,0.9998913013378924,-0.014743999078138644,0.0
12.816,1.8950085883247145e-05,-0.04484515322717308,9.777407065120805,0.0,0.0,-0.017663415632367483,0.9998954286047418,-0.014461391888061729,0.0
12.832,1.8566408920363914e-05,-0.04425725065228045,9.855220168414043,0.0,0.0,-0.017459587462391193,0.9998994293625842,-0.014182071794287465,0.0
12.848,1.817301748189981e-05,-0.04348714277136179,9.825393129238277,0.0,0.0,-0.017255187213763467,0.9999033069732465,-0.013905995252608933,0.0
12.864,1.7765459633244805e-05,-0.043216272216916325,9.734644571027099,0.0,0.0,-0.01705895227807722,0.9999070647105752,-0.013633119301229341,0.0
12.88,1.721628183992424e-05,-0.042781725332711504,9.806346419470291,0.0,0.0,-0.016856965673143924,0.9999107057627415,-0.01336340155260227,0.0
12.896,1.6811791686473386e-05,-0.04191125795210243,9.790164978174806,0.0,0.0,-0.016661162789496635,0.9999142332344831,-0.013096800185378914,0.0
12.912,1.6488254786200407e-05,-0.04154167550333569,9.788723832367532,0.0,0.0,-0.01647212452312354,0.9999176501492869,-0.012833273936464275,0.0
12.928,1.6206827991748055e-05,-0.041244321162439986,9.815000893926774,0.0,0.0,-0.016281085065764977,0.9999209594515146,-0.01257278209318314,0.0
12.944,1.56943560705907e-05,-0.0405152696129988,9.827079906850825,0.0,0.0,-0.01609462943986701,0.9999241640084712,-0.012315284485549074,0.0
12.96,1.5425784995585813e-05,-0.040156952716984204,9.82244756806156,0.0,0.0,-0.015911593921378735,0.99992726661242,-0.012060741478642452,0.0
12.976,1.5034322511628932e-05,-0.03981133633052158,9.808496686073383,0.0,0.0,-0.015727942424011376,0.9999302699825422,-0.011809113965087735,0.0
12.992,1.4724535682391847e-05,-0.038914751708647215,9.796254191575944,0.0,0.0,-0.015549089314057928,0.9999331767668475,-0.011560363357635422,0.0
13.008000000000001,1.433014793490362e-05,-0.03897444374964201,9.75378548886461,0.0,0.0,-0.015369743358560504,0.9999359895440318,-0.011314451581840893,0.0
13.024000000000001,1.4110370540211648e-05,-0.0385008363586085,9.831480497889382,0.0,0.0,-0.015196649052095997,0.9999387108252872,-0.011071341068847877,0.0
13.040000000000001,1.376528762033511e-05,-0.03779758307328504,9.803026169288772,0.0,0.0,-0.015022565997634506,0.9999413430560632,-0.010830994748262018,0.0
13.056000000000001,1.3440443066511895e-05,-0.0373658444554026,9.806096699502028,0.0,0.0,-0.01484887862880438,0.999943888617782,-0.010593376041126845,0.0
13.072000000000001,1.310927011578551e-05,-0.036981444450473196,9.80824010841514,0.0,0.0,-0.014685667559420149,0.9999463498295096,-0.01035844885299029,0.0
13.088000000000001,1.2827868288966027e-05,-0.0367122311736091,9.823758221545772,0.0,0.0,-0.014519286399449457,0.99994872894958,-0.010126177567067383,0.0
13.104000000000001,1.2449250561297036e-05,-0.03625396390473985,9.806036866728737,0.0,0.0,-0.014355021276709455,0.9999510281771784,-0.00989652703749257,0.0
13.120000000000001,1.2218757177707388e-05,-0.03591330344321591,9.820510613638309,0.0,0.0,-0.01419186871459693,0.999953249653884,-0.009669462582664047,0.0
13.136000000000001,1.195016446566731e-05,-0.035527655772633726,9.852443948537688,0.0,0.0,-0.014034979605776217,0.9999553954651679,-0.009444949978676715,0.0
13.152000000000001,1.1646689289220718e-05,-0.03520250953656106,9.77104300561511,0.0,0.0,-0.013875993784781344,0.9999574676418567,-0.009222955452843375,0.0
13.168000000000001,1.148567408012382e-05,-0.03456967766888915,9.829163123702186,0.0,0.0,-0.013718004311681162,0.999959468161553,-0.00900344567730231,0.0
13.184000000000001,1.1225071966406308e-05,-0.03435235875930373,9.83910109425769,0.0,0.0,-0.013564197333453017,0.9999613989500211,-0.008786387762710323,0.0
13.200000000000001,1.096515211999083e-05,-0.033899818617232964,9.789062798479458,0.0,0.0,-0.013411554401863745,0.9999632618825356,-0.008571749252020843,0.0
13.216000000000001,1.0663785058904594e-05,-0.03355159117880351,9.789774426992071,0.0,0.0,-0.0132675197481685,0.999965058785194,-0.008359498114341616,0.0
13.232000000000001,1.0466214929017459e-05,-0.03314195500077811,9.81685724610957,0.0,0.0,-0.013119478897428344,0.9999667914361949,-0.008149602738878046,0.0
13.248000000000001,1.0205973980492718e-05,-0.03275450605129604,9.815031038704303,0.0,0.0,-0.012973122773559966,0.9999684615670835,-0.007942031928955427,0.0
13.264000000000001,9.963293676858952e-06,-0.03239511306086187,9.800179899542524,0.0,0.0,-0.012832054383247818,0.9999700708639623,-0.007736754896117592,0.0
13.280000000000001,9.861736575348047e-06,-0.03224627198271828,9.730251615592897,0.0,0.0,-0.012689394978720401,0.9999716209686719,-0.007533741254308148,0.0
13.296000000000001,9.601300423093749e-06,-0.03188936810125394,9.787358422941134,0.0,0.0,-0.01254879535018574,0.9999731134799403,-0.007332961014123426,0.0
13.312000000000001,9.440961644442399e-06,-0.03149407845417255,9.875899992867012,0.0,0.0,-0.012413177499885764,0.9999745499545004,-0.007134384577146281,0.0
13.328,9.09685410092737e-06,-0.031066574539644877,9.791612740866196,0.0,0.0,-0.012276510916455865,0.9999759319081801,-0.006937982730348894,0.0
13.344,8.97487308679932e-06,-0.030706951278191126,9.811870722764022,0.0,0.0,-0.01214259968009218,0.9999772608169634,-0.006743726640573443,0.0
13.36,8.831145603094276e-06,-0.03048219268291564,9.835701109673836,0.0,0.0,-0.012011308947779463,0.9999785381180217,-0.006551587849078946,0.0
13.376,8.660198431866313e-06,-0.029991399410206013,9.870357305088417,0.0,0.0,-0.01187953088458684,0.9999797652107207,-0.006361538266167454,0.0
13.392,8.414341565379018e-06,-0.029714256510333624,9.757317792331582,0.0,0.0,-0.011749872810630488,0.9999809434575988,-0.006173550165870736,0.0
13.408,8.208646909136844e-06,-0.029415681144710333,9.793656769821661,0.0,0.0,-0.011623400276401775,0.9999820741853209,-0.005987596180712406,0.0
13.424,8.044438274500958e-06,-0.02896012884452468,9.794054029516685,0.0,0.0,-0.011497596480518181,0.9999831586856065,-0.005803649296533312,0.0
13.44,7.918655227904263e-06,-0.028848585362017662,9.76551996131733,0.0,0.0,-0.011374565969591691,0.9999841982161335,-0.005621682847386007,0.0
13.456,7.667155547429139e-06,-0.028438421310196752,9.781349789693802,0.0,0.0,-0.011250923893623633,0.9999851940014189,-0.005441670510492799,0.0
13.472,7.578295230506978e-06,-0.028345659076652707,9.82158548028029,0.0,0.0,-0.011128423094372213,0.999986147233675,-0.005263586301269191,0.0
13.488,7.359461373179998e-06,-0.027949964043245533,9.7922262467122,0.0,0.0,-0.011011768269477118,0.999987059073645,-0.005087404568410092,0.0
13.504,7.243653773407431e-06,-0.02758606797849962,9.806870081022147,0.0,0.0,-0.01089256655586131,0.9999879306514143,-0.004913099989035491,0.0
13.52,7.0993305356771514e-06,-0.027300819756777978,9.76829689846463,0.0,0.0,-0.010777599165170756,0.9999887630672031,-0.00474064756390188,0.0
13.536,6.915243677535471e-06,-0.026966487991431688,9.837700300228532,0.0,0.0,-0.010664890474079657,0.9999895573921358,-0.004570022612670531,0.0
13.552,6.750408284737712e-06,-0.026873672818009064,9.83673301227539,0.0,0.0,-0.010552306418645626,0.9999903146689918,-0.004401200769234932,0.0
13.568,6.6365558432603e-06,-0.02644262570359941,9.812316170179832,0.0,0.0,-0.010440222684123604,0.999991035912935,-0.004234157977106039,0.0
13.584,6.4654034204205435e-06,-0.026241307846858963,9.865363958709679,0.0,0.0,-0.010330721245431078,0.9999917221122272,-0.004068870484854304,0.0
13.6,6.343123948016976e-06,-0.025711879940574573,9.847233925093033,0.0,0.0,-0.010222480679322448,0.9999923742289178,-0.003905314841609349,0.0
13.616,6.19144472708002e-06,-0.02551368649989253,9.763212592865402,0.0,0.0,-0.010113531015910933,0.9999929931995208,-0.0037434678926107096,0.0
13.632,6.091911172628826e-06,-0.02521308597972395,9.927451545541645,0.0,0.0,-0.010010958944279027,0.9999935799356702,-0.003583306774814512,0.0
13.648,5.9421271157739014e-06,-0.024969413417890413,9.822978928138678,0.0,0.0,-0.009905198845378372,0.9999941353247592,-0.0034248089125548035,0.0
13.664,5.840100117140758e-06,-0.024804589884267238,9.785164071210474,0.0,0.0,-0.009803033815002707,0.9999946602305629,-0.003267952013251559,0.0
13.68,5.726915320932448e-06,-0.024679288576488177,9.855599714938581,0.0,0.0,-0.009702711037417346,0.9999951554938459,-0.003112714063173173,0.0
13.696,5.588324201558351e-06,-0.024361233709911483,9.83800914391741,0.0,0.0,-0.009603046997688765,0.9999956219329501,-0.00295907332324788,0.0
13.712,5.470236800359816e-06,-0.023985205587776715,9.839932925646538,0.0,0.0,-0.009504482722193508,0.9999960603443715,-0.002807008324923053,0.0
13.728,5.404878897266779e-06,-0.023823053601647357,9.863404382044875,0.0,0.0,-0.009406975561798848,0.9999964715033188,-0.0026564978660721474,0.0
13.744,5.2369515272119844e-06,-0.023298536710553097,9.811278363408174,0.0,0.0,-0.009310448208292521,0.999996856164258,-0.0025075210069495516,0.0
13.76,5.130926307376734e-06,-0.023251405010524213,9.84624340300318,0.0,0.0,-0.00921712116351737,0.9999972150614442,-0.0023600570661893665,0.0
13.776,5.071788166647364e-06,-0.023173354287978554,9.8611532831519,0.0,0.0,-0.009123785556975444,0.9999975489094367,-0.0022140856168505604,0.0
13.792,4.96907431414534e-06,-0.0227496329507725,9.808382041618039,0.0,0.0,-0.009031209509964583,0.9999978584036027,-0.002069586482503656,0.0
13.808,4.882107674253025e-06,-0.02250310466787789,9.891300870850612,0.0,0.0,-0.008941250773439827,0.9999981442206061,-0.0019265397333620535,0.0
13.824,4.767592987054341e-06,-0.022289046493271084,9.889823091314778,0.0,0.0,-0.008850404850837303,0.9999984070188853,-0.00178492568245447,0.0
13.84,4.636561703349123e-06,-0.0222125302247056,9.804013399509428,0.0,0.0,-0.008762144883579057,0.9999986474391168,-0.001644724881835397,0.0
13.856,4.556021557596751e-06,-0.021798789674370603,9.809853377193118,0.0,0.0,-0.008675479695892113,0.9999988661046668,-0.0015059181188411361,0.0
13.872,4.478974170232642e-06,-0.02163328221608504,9.760402468037718,0.0,0.0,-0.008590654415340016,0.9999990636220312,-0.001368486412376783,0.0
13.888,4.403425383484695e-06,-0.021606053025696494,9.876187233935498,0.0,0.0,-0.008505633693630879,0.9999992405812638,-0.0012324110092481572,0.0
13.904,4.335565319966348e-06,-0.021277522742024307,9.790002433824869,0.0,0.0,-0.008420778474517693,0.9999993975563936,-0.0010976733805235916,0.0
13.92,4.2094375930990116e-06,-0.02085883949708592,9.767187348653298,0.0,0.0,-0.0083378616774532,0.9999995351058293,-0.0009642552179378101,0.0
13.936,4.150155424642853e-06,-0.020762757718376896,9.813222473331452,0.0,0.0,-0.00825842480457031,0.9999996537727566,-0.0008321384303243646,0.0
13.952,4.0960601444674986e-06,-0.020583566814759893,9.860979601610394,0.0,0.0,-0.008177517209152167,0.99999975408552,-0.0007013051400848477,0.0
13.968,4.00582158787862e-06,-0.02070449308769942,9.787990305243447,0.0,0.0,-0.008098821278733733,0.9999998365579995,-0.0005717376796906908,0.0
13.984,3.906309226807691e-06,-0.02013251384389945,9.772297807556651,0.0,0.0,-0.008020461055508698,0.999999901689973,-0.000443418588214878,0.0
14.0,3.830096542734732e-06,-0.020121859612375705,9.770698686304032,0.0,0.0,-0.007942995191054401,0.999999949967472,-0.0003163306078920466,0.0
14.016,3.7673109309261153e-06,-0.01987388125882674,9.722764665771564,0.0,0.0,-0.007867130656198469,0.9999999818631263,-0.00019045668071407875,0.0
14.032,3.6639585636656787e-06,-0.019682703547838968,9.799297148820605,0.0,0.0,-0.007791473500571336,0.9999999978364995,-6.57799450456589e-05,0.0
14.048,3.6273675710791836e-06,-0.019518971280960414,9.791688999827057,0.0,0.0,-0.0077180508792708425,0.9999999983344162,5.771626772598537e-05,0.0
14.064,3.550770682278921e-06,-0.019440977629829426,9.740940059792901,0.0,0.0,-0.0076451917593923545,0.9999999837912803,0.00018004843652025086,0.0
14.08,3.476850490542108e-06,-0.01918369913890861,9.745891900191676,0.0,0.0,-0.00757444676216692,0.9999999546293828,0.0003012328538667832,0.0
14.096,3.4078796941908694e-06,-0.01889850957207016,9.832104876451153,0.0,0.0,-0.0075036173483185,0.9999999112592054,0.00042128562918310663,0.0
14.112,3.3291060161347594e-06,-0.018548476843391937,9.856470146207457,0.0,0.0,-0.0074338426832676685,0.999999854079711,0.0005402226920357982,0.0
14.128,3.300043673145771e-06,-0.018600070997307733,9.75761220469113,0.0,0.0,-0.0073650476917588,0.9999997834786296,0.0006580597953723191,0.0
14.144,3.2159647194935676e-06,-0.018449718459950446,9.821337124411626,0.0,0.0,-0.007298043564288905,0.9999996998327354,0.0007748125187394857,0.0
14.16,3.1631702252944074e-06,-0.018346262984138426,9.76417313397598,0.0,0.0,-0.007230646659409564,0.9999996035081167,0.0008904962714830168,0.0
14.176,3.116763315276906e-06,-0.01803174877820108,9.860037100672637,0.0,0.0,-0.007163834378741514,0.999999494860437,0.0010051262959250458,0.0
14.192,3.0488734543926555e-06,-0.0178669488071497,9.864620632386673,0.0,0.0,-0.007099923726584199,0.999999374235191,0.0011187176705311354,0.0
14.208,2.9844903655258208e-06,-0.0176958136056009,9.82191481148798,0.0,0.0,-0.007035500928182229,0.9999992419679516,0.0012312853130601266,0.0
14.224,2.9628878581876507e-06,-0.017615469256019686,9.8205826116593,0.0,0.0,-0.006973636175725535,0.9999990983846113,0.001342843983699481,0.0
14.24,2.9078521193587525e-06,-0.01749682759145156,9.810216341609474,0.0,0.0,-0.006909946400044447,0.9999989438016161,0.0014534082881938826,0.0
14.256,2.867797125743651e-06,-0.017211176023787595,9.749204786964707,0.0,0.0,-0.006848739526100389,0.9999987785261938,0.0015629926809570982,0.0
14.272,2.7756887522657e-06,-0.017129371831507242,9.795863762936769,0.0,0.0,-0.006788296191535544,0.9999986028565737,0.0016716114681801938,0.0
14.288,2.7439357210987797e-06,-0.017080493126848582,9.808942367506532,0.0,0.0,-0.00672962738700592,0.9999984170822037,0.0017792788109267797,0.0
14.304,2.721343036882468e-06,-0.016822594390450307,9.83228037826427,0.0,0.0,-0.006670969740389783,0.9999982214839571,0.0018860087282328098,0.0
14.32,2.6585396387813884e-06,-0.016702599490693346,9.811670720316437,0.0,0.0,-0.006612633781045407,0.9999980163343358,0.0019918151001905105,0.0
14.336,2.599826906991399e-06,-0.01654079483069319,9.841331008491121,0.0,0.0,-0.006557020059621035,0.9999978018976684,0.0020967116710379767,0.0
14.352,2.574091510948201e-06,-0.016414611907894124,9.784016856412816,0.0,0.0,-0.0064992971073688875,0.9999975784302996,0.0022007120522457542,0.0
14.368,2.526903429183192e-06,-0.016215661065671613,9.832386351283915,0.0,0.0,-0.006444606379260111,0.9999973461807763,0.002303829725603531,0.0
14.384,2.4896993706077687e-06,-0.01609055593539651,9.915957688202141,0.0,0.0,-0.006390162838780567,0.9999971053900282,0.0024060780463129178,0.0
14.4,2.432256406862544e-06,-0.016024548439369696,9.810444995392917,0.0,0.0,-0.0063368661104964506,0.9999968562915412,0.002507470246084095,0.0
14.416,2.387915873098883e-06,-0.01585820636946648,9.768227035933261,0.0,0.0,-0.006284262940364629,0.999996599111527,0.002608019436239208,0.0
14.432,2.341810683049091e-06,-0.015574880331269705,9.829627055357998,0.0,0.0,-0.0062316570818554615,0.9999963340690884,0.0027077386108247366,0.0
14.448,2.3280106327301047e-06,-0.015593695060362915,9.828412417340889,0.0,0.0,-0.006180616437942813,0.9999960613763754,0.002806640649739254,0.0
14.464,2.2807102398818752e-06,-0.015449607051153412,9.697872763456559,0.0,0.0,-0.006130639802074628,0.9999957812387418,0.002904738321869045,0.0
14.48,2.235683608038754e-06,-0.015228997041687899,9.852775289660578,0.0,0.0,-0.00608192056119424,0.9999954938548931,0.0030020442882462204,0.0
14.496,2.210215602427208e-06,-0.015196802502127415,9.802739374905277,0.0,0.0,-0.006032287974078978,0.9999951994170302,0.003098571105222223,0.0
14.512,2.178909673071019e-06,-0.015167949558528732,9.750293825702379,0.0,0.0,-0.005984781073445969,0.9999948981109894,0.0031943312276618272,0.0
14.528,2.14422550678466e-06,-0.01482380686317868,9.820883653404248,0.0,0.0,-0.005937475984082944,0.9999945901163769,0.003289337012166297,0.0
14.544,2.1085872779545463e-06,-0.014753910504139324,9.778869540964427,0.0,0.0,-0.005890604360054538,0.9999942756066984,0.0033836007203194643,0.0
14.56,2.081659124364394e-06,-0.014734967661333068,9.786610472593177,0.0,0.0,-0.005845837247345868,0.9999939547494856,0.0034771345219656337,0.0
14.576,2.044462457831954e-06,-0.014682820957024365,9.7746177686716,0.0,0.0,-0.0058004796314090066,0.9999936277064162,0.003569950498520168,0.0
14.592,1.9984758491693096e-06,-0.014397714756718503,9.817001289304278,0.0,0.0,-0.0057566355392691376,0.9999932946334306,0.003662060646317657,0.0
14.608,1.9734597628107445e-06,-0.014439346787361005,9.849818015272643,0.0,0.0,-0.00571419838750609,0.9999929556808445,0.0037534768800014406,0.0
14.624,1.950043680158375e-06,-0.014272724541618828,9.799428072800977,0.0,0.0,-0.005670907368543828,0.9999926109934568,0.003844211035953814,0.0
14.64,1.9080085751299193e-06,-0.014178699004357712,9.810762047506257,0.0,0.0,-0.00562917620994888,0.9999922607106526,0.003934274875779333,0.0
14.656,1.8903038072072508e-06,-0.014027751869204451,9.767889426918732,0.0,0.0,-0.005587881105899922,0.9999919049665026,0.004023680089833034,0.0
14.672,1.8692834717659466e-06,-0.01396821299852979,9.776675351025359,0.0,0.0,-0.005547250270790684,0.9999915438898581,0.004112438300812849,0.0
14.688,1.83663716282769e-06,-0.013953004166192261,9.801312101128463,0.0,0.0,-0.0055080167891713655,0.9999911776044423,0.004200561067406914,0.0
14.704,1.8174931874144013e-06,-0.013798029792836055,9.731495008517069,0.0,0.0,-0.005469335114238583,0.9999908062289359,0.004288059888009959,0.0
14.72,1.7859384525454834e-06,-0.013727585112311081,9.801983614643035,0.0,0.0,-0.005430778669678865,0.9999904298770602,0.004374946204510353,0.0
14.736,1.7604698883586146e-06,-0.013656582800250954,9.766894964684582,0.0,0.0,-0.005392414381518296,0.999990048657656,0.004461231406151338,0.0
14.752,1.7257411740618062e-06,-0.013555679161513868,9.809757985695557,0.0,0.0,-0.005356590957214508,0.9999896626747555,0.004546926833477098,0.0
14.768,1.7141455400238343e-06,-0.013427684117253069,9.863235109974534,0.0,0.0,-0.005320200889373022,0.9999892720276544,0.004632043782364593,0.0
14.784,1.6933903380003999e-06,-0.013188478097985195,9.820708948472072,0.0,0.0,-0.005284139656536754,0.9999888768109768,0.004716593508153098,0.0
14.8,1.6593633630762615e-06,-0.013151853059952423,9.765911672320687,0.0,0.0,-0.005250771560384455,0.9999884771147359,0.0048005872298727955,0.0
14.816,1.6496219811979417e-06,-0.013121675800161523,9.808932105726527,0.0,0.0,-0.005215632669283218,0.9999880730243919,0.004884036134582196,0.0
14.832,1.6215799883820723e-06,-0.012998262094046246,9.761912045059884,0.0,0.0,-0.005182530440747756,0.9999876646209046,0.004966951381824151,0.0
14.848,1.5960127785636215e-06,-0.01304950542935132,9.847672295536304,0.0,0.0,-0.005149659312597709,0.9999872519807826,0.005049344108205562,0.0
14.864,1.5920168482702625e-06,-0.012884783142350408,9.813297554855671,0.0,0.0,-0.005116822125208962,0.9999868351761262,0.005131225432110538,0.0
14.88,1.57635741998789e-06,-0.012852161482756108,9.840698989224522,0.0,0.0,-0.005086060487009435,0.9999864142746682,0.005212606458557475,0.0
14.896,1.5509738838016727e-06,-0.012679932324740259,9.811118958289457,0.0,0.0,-0.00505590923485789,0.9999859893398083,0.005293498284209555,0.0
14.912,1.5307621619920415e-06,-0.012560824575365732,9.79617485169053,0.0,0.0,-0.0050265602567097795,0.9999855604306439,0.005373912002546912,0.0
14.928,1.5042272862367936e-06,-0.012536462547392683,9.846174900223476,0.0,0.0,-0.004996272887545704,0.9999851276019959,0.0054538587092197825,0.0
14.944,1.490861588813764e-06,-0.01245956062718704,9.851565207388198,0.0,0.0,-0.004968397024148088,0.9999846909044294,0.005533349507583045,0.0
14.96,1.4753053771343238e-06,-0.01249030290426588,9.78775667152568,0.0,0.0,-0.004940086576067778,0.9999842503842697,0.005612395514434839,0.0
14.976,1.4614806321308716e-06,-0.012428632657861845,9.84511239220668,0.0,0.0,-0.004913525852772784,0.9999838060836134,0.005691007865971008,0.0
14.992,1.4433395320500722e-06,-0.012306921702504128,9.807367615348031,0.0,0.0,-0.004886936245492145,0.9999833580403337,0.005769197723968465,0.0
15.008000000000001,1.4272521210695557e-06,-0.012230678135107594,9.780731929490267,0.0,0.0,-0.004861401303792882,0.9999829062880803,0.005846976282214134,0.0
15.024000000000001,1.4135882550302018e-06,-0.01216113484969622,9.78997478805531,0.0,0.0,-0.004835261182768528,0.9999824508562746,0.0059243547732014505,0.0
15.040000000000001,1.4048692334417082e-06,-0.012096161769419422,9.850563991538346,0.0,0.0,-0.004812069904848778,0.9999819917700974,0.006001344475103292,0.0
15.056000000000001,1.3875843324280015e-06,-0.012104723772430043,9.838119457072152,0.0,0.0,-0.004788985343401427,0.9999815290504727,0.00607795671905644,0.0
15.072000000000001,1.3667664266920725e-06,-0.012003823522872577,9.808376063434169,0.0,0.0,-0.004766023662864665,0.9999810627140425,0.006154202896763971,0.0
15.088000000000001,1.3597636853686285e-06,-0.011952452885117256,9.840440259637623,0.0,0.0,-0.0047433318656772,0.9999805927731369,0.006230094468446919,0.0
15.104000000000001,1.3488728090108044e-06,-0.011830560286880041,9.823917961827831,0.0,0.0,-0.004721138473834403,0.9999801192357376,0.006305642971174069,0.0
15.120000000000001,1.3328187397750126e-06,-0.011769657255130543,9.87195974135418,0.0,0.0,-0.004701906112007393,0.9999796421054322,0.006380860027588271,0.0
15.136000000000001,1.3324033926157548e-06,-0.011722980020234001,9.825331306977516,0.0,0.0,-0.004680636746534803,0.9999791613813622,0.006455757355066404,0.0
15.152000000000001,1.3237150760684451e-06,-0.011660819562868383,9.807715403147117,0.0,0.0,-0.004662013447474415,0.999978677058163,0.006530346775339369,0.0
15.168000000000001,1.2958805376348175e-06,-0.011753850593359318,9.785021126138714,0.0,0.0,-0.004643278306826927,0.9999781891258948,0.00660464022461521,0.0
15.184000000000001,1.288392939874165e-06,-0.011536656731757307,9.77234584248593,0.0,0.0,-0.004624558235783551,0.9999776975699644,0.0066786497642322045,0.0
15.200000000000001,1.275603537872236e-06,-0.011485547149570926,9.813129119248988,0.0,0.0,-0.004608551571488968,0.9999772023710385,0.006752387591892347,0.0
15.216000000000001,1.2726722442877697e-06,-0.011493112040258236,9.834955913894076,0.0,0.0,-0.004591416405972866,0.9999767035049466,0.006825866053514729,0.0
15.232000000000001,1.2739490887806336e-06,-0.011519073472943772,9.808677891088289,0.0,0.0,-0.004576472297735349,0.9999762009425706,0.006899097655760088,0.0
15.248000000000001,1.2562271180164797e-06,-0.011515725200331858,9.77523839555182,0.0,0.0,-0.004562318421300542,0.9999756946497278,0.006972095079274977,0.0
15.264000000000001,1.2416087700240233e-06,-0.011545356833563397,9.810270448504697,0.0,0.0,-0.004548754470351802,0.9999751845870367,0.007044871192720544,0.0
15.280000000000001,1.2445627541493216e-06,-0.01129800447286443,9.752867887930897,0.0,0.0,-0.004535886603517147,0.9999746707097728,0.007117439067642348,0.0
15.296000000000001,1.2407519249619704e-06,-0.011289802956574982,9.802380344341698,0.0,0.0,-0.0045237572812775444,0.9999741529677093,0.007189811994251842,0.0
15.312000000000001,1.224998639801985e-06,-0.011273468580004874,9.872609979957584,0.0,0.0,-0.004512286414435997,0.9999736313049421,0.007262003498196702,0.0
15.328000000000001,1.2284510596516487e-06,-0.011342886844650549,9.872323914617793,0.0,0.0,-0.004501114280690277,0.9999731056597003,0.007334027358401593,0.0
15.344000000000001,1.2153936167139886e-06,-0.011293057492221899,9.802472128872324,0.0,0.0,-0.004491943819512051,0.9999725759641372,0.007405897626065859,0.0
15.36,1.21075040738951e-06,-0.011227059163685714,9.766378755359433,0.0,0.0,-0.004482342610124208,0.9999720421441034,0.007477628644927889,0.0
15.376,1.1968428293663163e-06,-0.011144485931887733,9.89757546586204,0.0,0.0,-0.004475409000291106,0.9999715041188997,0.007549235072891154,0.0
15.392,1.2003021542738273e-06,-0.01118148097258198,9.83311877557725,0.0,0.0,-0.004468691061299831,0.9999709618010064,0.007620731905145776,0.0
15.408,1.200696310766586e-06,-0.01123911579725384,9.850195108093208,0.0,0.0,-0.0044628129902693475,0.9999704150957921,0.007692134498909581,0.0
15.424,1.1947225731862422e-06,-0.011177899905801165,9.817204932892759,0.0,0.0,-0.00445766452503947,0.9999698639011915,0.007763458599939519,0.0
15.44,1.1855378518548236e-06,-0.011026732683349633,9.860085671227838,0.0,0.0,-0.004454122630411123,0.9999693081073582,0.007834720370974494,0.0
15.456,1.1886742209386504e-06,-0.01103401229253812,9.796550104787784,0.0,0.0,-0.004450938702176884,0.9999687475962872,0.007905936422287428,0.0
15.472,1.1916074176860652e-06,-0.01116262029125366,9.871503404456847,0.0,0.0,-0.0044491329450738176,0.9999681822413995,0.007977123844551874,0.0
15.488,1.1817233329106097e-06,-0.01112521984257403,9.8262928331272,0.0,0.0,-0.004448753567186844,0.999967611907095,0.008048300244235976,0.0
15.504,1.1897157645480875e-06,-0.011189182015062943,9.8044208692366,0.0,0.0,-0.004450015186653178,0.9999670364482609,0.008119483781776985,0.0
15.52,1.1949254220480288e-06,-0.011115458093641343,9.826669780867492,0.0,0.0,-0.004450396436889258,0.9999664557097372,0.008190693212806641,0.0
15.536,1.1785031743929211e-06,-0.011173401836312973,9.846327666514428,0.0,0.0,-0.004453905068765412,0.9999658695257337,0.008261947932740163,0.0
15.552,1.192501514189685e-06,-0.011137924569590407,9.783217723893781,0.0,0.0,-0.004457695331043797,0.9999652777191929,0.008333268025062616,0.0
15.568,1.1938205470807684e-06,-0.011131352496836127,9.80433985346986,0.0,0.0,-0.004463099096384106,0.9999646801010929,0.008404674313705571,0.0
15.584,1.1911413358983841e-06,-0.01120207558699959,9.755259333427924,0.0,0.0,-0.004470399738831283,0.9999640764696849,0.00847618841994238,0.0
15.6,1.198917230377348e-06,-0.011253649297139396,9.788256738112537,0.0,0.0,-0.004477515434421456,0.9999634666096597,0.008547832824284727,0.0
15.616,1.2014356948506226e-06,-0.011212785330412704,9.805539187284428,0.0,0.0,-0.004486872747702222,0.9999628502912311,0.00861963093393596,0.0
15.632,1.2113869995662524e-06,-0.011267919209061896,9.777069378157297,0.0,0.0,-0.004498123413863729,0.9999622272691298,0.00869160715640928,0.0
15.648,1.2190283185680117e-06,-0.011231995158236993,9.737032840366485,0.0,0.0,-0.004511420281071813,0.9999615972815,0.008763786980018682,0.0
15.664,1.2170583519028166e-06,-0.011193155535978641,9.812128590212042,0.0,0.0,-0.004525239663847237,0.9999609600486817,0.0088361970620307,0.0
15.68,1.2296189260819959e-06,-0.01131301694740366,9.816954482650246,0.0,0.0,-0.004541810014030945,0.9999603152718682,0.008908865325389571,0.0
15.696,1.2441060501922047e-06,-0.011343812377522638,9.830714447690463,0.0,0.0,-0.004560452930355631,0.9999596626316263,0.008981821065028633,0.0
15.712,1.2457036355443304e-06,-0.011384429067993142,9.832822683218756,0.0,0.0,-0.004579897807066537,0.9999590017862554,0.009055095064967057,0.0
15.728,1.2546858181930213e-06,-0.011427966539155461,9.818718735389245,0.0,0.0,-0.004601499839151351,0.9999583323699726,0.009128719727515463,0.0
15.744,1.2717074851287905e-06,-0.011454896770947156,9.803613184082492,0.0,0.0,-0.004626376652879084,0.9999576539908948,0.009202729216159137,0.0
15.76,1.2861299397350778e-06,-0.011578226942336706,9.747582804406356,0.0,0.0,-0.0046518797489346125,0.9999569662287966,0.009277159613891955,0.0
15.776,1.292342410777985e-06,-0.011636935713139228,9.765460273763674,0.0,0.0,-0.004680695873765679,0.9999562686326081,0.009352049099065993,0.0
15.792,1.3194016516506034e-06,-0.011685543853455108,9.809572311735103,0.0,0.0,-0.004711249179412421,0.9999555607176227,0.0094274381411456,0.0
15.808,1.341062465709728e-06,-0.011833031098352067,9.82155946328586,0.0,0.0,-0.00474546052723424,0.9999548419623666,0.009503369719145529,0.0
15.824,1.35657296016375e-06,-0.01185536594557716,9.794577298655724,0.0,0.0,-0.004782351847413123,0.9999541118050885,0.009579889565990056,0.0
15.84,-1.7360661974922111,-0.01216022152972201,9.785839166652458,0.0,0.0,-0.0048225292497907175,0.9999533696398075,0.009657046442596257,0.0
15.856,-3.80231991525377,-0.012175088917575912,9.758619851057446,0.0,0.0,-0.004863905103820986,0.9999526150242887,0.00973487062508302,0.0
15.872,-2.8984506322514676,-0.011945791589228972,9.87047740881283,0.0,0.0,-0.004906656059704607,0.9999518477568518,0.009813366785053406,0.0
15.888,-3.155023334635031,-0.011900037133641024,9.803211005156937,0.0,0.0,-0.004949393736132857,0.9999510675273863,0.00989255026980678,0.0
15.904,-2.9963707486528937,-0.011697316895249325,9.861058775326185,0.0,0.0,-0.004992769187128299,0.9999502740560051,0.009972432768403925,0.0
15.92,-2.95887601732853,-0.01158605674271556,9.786629587373222,0.0,0.0,-0.005037167890648199,0.9999494670371177,0.010053028010710922,0.0
15.936,-2.8628660823550005,-0.01143111068170706,9.80515596164176,0.0,0.0,-0.005082781432472143,0.9999486461611133,0.010134349537907919,0.0
15.952,-2.844542423772691,-0.011269886171064227,9.815942911292014,0.0,0.0,-0.005128568594192268,0.9999478111050318,0.010216411613457361,0.0
15.968,-2.758545885093727,-0.011136242831456469,9.79947742414612,0.0,0.0,-0.005176405540042394,0.9999469615355745,0.010299228892126233,0.0
15.984,-2.7096658755222305,-0.01101695712422651,9.846668820286425,0.0,0.0,-0.00522433606755429,0.9999460971071453,0.010382816582580357,0.0
16.0,-2.6342680120794992,-0.010864949768233143,9.881702937973227,0.0,0.0,-0.005273853529537439,0.9999452174618313,0.010467190416293426,0.0
16.016000000000002,-2.592209592423268,-0.010853608626033868,9.791630358977205,0.0,0.0,-0.0053236513684020775,0.9999443222285584,0.010552366695149773,0.0
16.032,-2.543196658091999,-0.010516761012545043,9.757779588012802,0.0,0.0,-0.0053751041344084535,0.9999434110225248,0.01063836230995757,0.0
16.048000000000002,-2.481297753170811,-0.010524865837939632,9.817498085231511,0.0,0.0,-0.0054269890932917,0.9999424834444663,0.010725194772735222,0.0
16.064,-2.4436503598025445,-0.010379739519342818,9.796905094560785,0.0,0.0,-0.005480938523858931,0.9999415390799281,0.010812882245945938,0.0
16.080000000000002,-2.3933732779392853,-0.010276875618600523,9.789976663141116,0.0,0.0,-0.0055347487824534015,0.9999405774984679,0.010901443575534808,0.0
16.096,-2.341677296791304,-0.01018164210290587,9.771596602961077,0.0,0.0,-0.005592173571464456,0.9999395982528166,0.0109908983252332,0.0
16.112000000000002,-2.2876158910333895,-0.010046707091350866,9.827413993902724,0.0,0.0,-0.005648166295001819,0.9999386008779796,0.011081266813350055,0.0
16.128,-2.2325919559955527,-0.009930355475282043,9.81365175504372,0.0,0.0,-0.005706838974011316,0.9999375848902786,0.011172570151801332,0.0
16.144000000000002,-2.1959984074257113,-0.009850992290476432,9.75215214059959,0.0,0.0,-0.0057677184728769275,0.9999365497863297,0.01126483028771687,0.0
16.16,-2.1418613072747186,-0.009748134410948824,9.814416888435478,0.0,0.0,-0.005827229606666068,0.9999354950419503,0.011358070047766872,0.0
16.176000000000002,-2.1053724132855285,-0.009631103449949335,9.839181593200133,0.0,0.0,-0.005890178178883279,0.9999344201109902,0.011452313185450933,0.0
16.192,-2.062735415496946,-0.009540836165282647,9.855092792297244,0.0,0.0,-0.005955795526571463,0.9999333244240816,0.011547584431577934,0.0
16.208000000000002,-2.0290306023921976,-0.0094013673592998,9.739199156042712,0.0,0.0,-0.006022231157900988,0.9999322073872975,0.011643909548201006,0.0
16.224,-1.981613635755648,-0.00941518859668069,9.757337198143226,0.0,0.0,-0.0060881220195833615,0.9999310683807157,0.011741315386298773,0.0
16.240000000000002,-1.934832413801886,-0.009241408822193261,9.8208413299031,0.0,0.0,-0.0061579779632337595,0.9999299067568757,0.011839829947512738,0.0
16.256,-1.894674113808723,-0.009157961766335486,9.842474946448839,0.0,0.0,-0.006228223724795358,0.9999287218391216,0.011939482450295087,0.0
16.272000000000002,-1.851423019757335,-0.009058485297248765,9.823571386034306,0.0,0.0,-0.006302139216313991,0.9999275129198194,0.012040303400845567,0.0
16.288,-1.8179222671618513,-0.008955010060033103,9.844809915719804,0.0,0.0,-0.0063759683873273075,0.9999262792584395,0.01214232466925858,0.0
16.304000000000002,-1.7792442125951664,-0.00891960734466906,9.78942028615722,0.0,0.0,-0.006453591918797396,0.9999250200794868,0.012245579571349599,0.0
16.32,-1.7449446748364632,-0.008894188379628338,9.782293363445266,0.0,0.0,-0.006533722481420344,0.9999237345702718,0.012350102956676495,0.0
16.336000000000002,-1.7043923216859702,-0.008729325363053788,9.851748406207566,0.0,0.0,-0.006614876854693484,0.999922421878501,0.01245593130332298,0.0
16.352,-1.6798471938347725,-0.008662291332123715,9.858093484297658,0.0,0.0,-0.006698740507554314,0.9999210811096704,0.012563102820081261,0.0
16.368000000000002,-1.6414248038831214,-0.0085970111189884,9.852884136052785,0.0,0.0,-0.006785337342522263,0.9999197113242467,0.012671657556735563,0.0
16.384,-1.6015930481196783,-0.008587742021648444,9.830458433248385,0.0,0.0,-0.0068747238779748344,0.9999183115346097,0.012781637523230936,0.0
16.4,-1.5750922714942628,-0.008475715028175346,9.827544044027482,0.0,0.0,-0.0069661792686873635,0.9999168807017352,0.01289308681859518,0.0
16.416,-1.5239859401438094,-0.008385871606538774,9.843934593026017,0.0,0.0,-0.007061156807156291,0.9999154177315902,0.013006051770597316,0.0
16.432,-1.4973080667818721,-0.008298921280457328,9.79791823060749,0.0,0.0,-0.007158809079973701,0.9999139214712103,0.013120581087222319,0.0
16.448,-1.4788854425501783,-0.008325465409304362,9.775113760781023,0.0,0.0,-0.007259064396134757,0.9999123907044257,0.013236726021186779,0.0
16.464,-1.4549881741468087,-0.008191189631879052,9.765934566090893,0.0,0.0,-0.007362877542690028,0.999910824147198,0.013354540548867878,0.0
16.48,-1.4104286803166728,-0.008165668416065225,9.8315561487433,0.0,0.0,-0.007471628662700588,0.9999092204425234,0.013474081565184088,0.0
16.496,-1.382424224862816,-0.008101712963541839,9.869518302498463,0.0,0.0,-0.007582701167428927,0.9999075781548552,0.013595409096164903,0.0
16.512,-1.3554402532782162,-0.008057274363955924,9.83824335084744,0.0,0.0,-0.007698670892523403,0.9999058957639897,0.01371858653117464,0.0
16.528,-1.3141583195108657,-0.00798201489520971,9.797678463375568,0.0,0.0,-0.007819754795418472,0.9999041716583523,0.013843680877004362,0.0
16.544,-1.2912563097227603,-0.007986585392923925,9.761300370104058,0.0,0.0,-0.007944538544556772,0.999902404127614,0.013970763036356958,0.0
16.56,-1.2630355692799415,-0.007961846596688063,9.817172896083234,0.0,0.0,-0.008073532198323815,0.9999005913545549,0.01409990811358465,0.0
16.576,-1.237195424678505,-0.007895210511805943,9.857943860319136,0.0,0.0,-0.008205847023062741,0.9998987314060852,0.014231195750942924,0.0
16.592,-1.2185350608667065,-0.007816175570563697,9.787989666856577,0.0,0.0,-0.008346061829357333,0.9998968222233119,0.014364710499087632,0.0
16.608,-1.20076781656867,-0.007850263343051177,9.856693681258953,0.0,0.0,-0.008490162845191258,0.9998948616105342,0.014500542226091281,0.0
16.624,-1.170970808968655,-0.007756827972700935,9.836832481971513,0.0,0.0,-0.008642054100934849,0.9998928472230221,0.01463878656987449,0.0
16.64,-1.1438150603909374,-0.0077952842688906706,9.780983462631903,0.0,0.0,-0.008798692617147831,0.9998907765534172,0.014779545439705074,0.0
16.656,-1.1192998201889928,-0.007765031322855123,9.818202992871193,0.0,0.0,-0.008963618224346288,0.9998886469165665,0.014922927573294468,0.0
16.672,-1.10430122111864,-0.007683524280944947,9.803968429412,0.0,0.0,-0.00913317039969038,0.9998864554325669,0.015069049157040834,0.0
16.688,-1.0765902583916225,-0.007716637771346914,9.78466662364824,0.0,0.0,-0.009313051714194491,0.9998841990077664,0.015218034518211852,0.0
16.704,-1.0554982389830423,-0.0077129028684861664,9.876125850143499,0.0,0.0,-0.009499372830089305,0.9998818743134187,0.01537001689931213,0.0
16.72,-1.0328631486771298,-0.007715670371583137,9.834463490151336,0.0,0.0,-0.009696024734936168,0.9998794777616398,0.015525139326617587,0.0
16.736,-1.010951846689316,-0.007620080934910391,9.830876719535128,0.0,0.0,-0.009901421877268278,0.9998770054782491,0.015683555586965305,0.0
16.752,-0.9833927103730349,-0.007684426218119708,9.788217461855922,0.0,0.0,-0.010118715965651903,0.9998744532720026,0.01584543132938167,0.0
16.768,-0.9668885012079127,-0.007655815728511165,9.861097474439534,0.0,0.0,-0.010346398725116827,0.9998718165996288,0.016010945311203235,0.0
16.784,-0.9503352726090597,-0.007643608915726546,9.821805355671328,0.0,0.0,-0.010585268966007779,0.9998690905259743,0.016180290812017536,0.0
16.8,-0.9297174816973841,-0.0077016186155326885,9.828874499636084,0.0,0.0,-0.0108365894722755,0.9998662696784116,0.016353677243293417,0.0
16.816,-0.9084782296516867,-0.0077525951681364415,9.82923587691723,0.0,0.0,-0.011104656895996268,0.9998633481945083,0.01653133198710445,0.0
16.832,-0.8851748151845545,-0.007787795588433793,9.777187409961927,0.0,0.0,-0.011386401963335315,0.9998603196617227,0.01671350250419072,0.0
16.848,-0.8734671352513025,-0.00779081265359878,9.791903964787256,0.0,0.0,-0.011685073819134861,0.9998571770476511,0.01690045876011809,0.0
16.864,-0.8574201854376543,-0.007840857446188837,9.748835247779574,0.0,0.0,-0.012003840534800615,0.9998539126189899,0.01709249602887929,0.0
16.88,-0.8362937880380718,-0.007868222284063604,9.858437300776103,0.0,0.0,-0.012342381506180302,0.999850517846986,0.017289938146629966,0.0
16.896,-0.8178947066955194,-0.007953813399026491,9.848252594745835,0.0,0.0,-0.012702740094397374,0.999846983296584,0.017493141305109705,0.0
16.912,-0.7941040873700865,-0.008012731715018796,9.815077950113164,0.0,0.0,-0.013086199463199145,0.9998432984958229,0.0177024984957828,0.0
16.928,-0.7797622703742078,-0.00802906897363468,9.862728896394888,0.0,0.0,-0.013499974427796439,0.9998394517811251,0.01791844474332608,0.0
16.944,-0.7691733692387193,-0.008173462674721405,9.741524787820982,0.0,0.0,-0.013941243472187476,0.9998354301129929,0.018141463302794213,0.0
16.96,-0.7550335795010539,-0.00827164994442664,9.799369510580497,0.0,0.0,-0.014416905840483904,0.9998312188551016,0.018372093041400674,0.0
16.976,-0.7357007276773165,-0.008258855365887946,9.763734614529305,0.0,0.0,-0.01492965173726418,0.9998268015077858,0.01861093728727084,0.0
16.992,-0.7155430886378945,-0.008379137556816624,9.819183854624626,0.0,0.0,-0.015485961191917641,0.999822159384235,0.01885867450924834,0.0
17.008,-0.7063156001508404,-0.008595450067835856,9.796169018952089,0.0,0.0,-0.01609174782517461,0.9998172712140887,0.019116071301745367,0.0
17.024,-0.6873663564595005,-0.008739440114400416,9.783701196552599,0.0,0.0,-0.0167495042485333,0.9998121126541614,0.019383998298147687,0.0
17.04,-0.6674806200159884,-0.008890257525339599,9.820853780829522,0.0,0.0,-0.01746672875444857,0.9998066556791378,0.019663449842238428,0.0
17.056,-0.6595091640869515,-0.009111880368905503,9.78566748385138,0.0,0.0,-0.018259683730533677,0.9998008678154168,0.019955568534612358,0.0
17.072,-0.6512325036402492,-0.00928853584123575,9.845997022924896,0.0,0.0,-0.01913360306736116,0.99979471116747,0.02026167617832553,0.0
17.088,-0.6323772403801888,-0.009560128825746838,9.807440915602662,0.0,0.0,-0.02010422965377513,0.9997881411660675,0.020583313234256714,0.0
17.104,-0.6250308393832688,-0.009828827814071293,9.792360894496701,0.0,0.0,-0.021189029291523623,0.9997811049381711,0.020922289755427422,0.0
17.12,-0.6109649284447355,-0.010148767137784972,9.824255482051141,0.0,0.0,-0.02240577946770207,0.9997735391537922,0.021280752052050073,0.0
17.136,-0.5945131420030892,-0.010487326184377182,9.790072404409376,0.0,0.0,-0.023793355182395223,0.9997653671366301,0.021661271296004907,0.0
17.152,-5.012731634408754,-0.01634833916577954,9.798445661911357,0.0,0.0,-0.0717882613985208,0.9997398273631589,0.022809594119175994,0.0
17.168,-5.030919474835804,-0.03614831530215268,9.807377058327233,0.0,0.0,-0.11978628828772028,0.9996942741641022,0.024725658808391494,0.0
17.184,-4.996789304632236,-0.048403538418710514,9.875661874043642,0.0,0.0,-0.16777814833737562,0.9996242931580317,0.027409351110625167,0.0
17.2,-4.970260963004961,-0.0520798286430138,9.861411314468777,0.0,0.0,-0.21575226166847977,0.9995237017323103,0.03086048728292576,0.0
17.216,-5.011699480845579,-0.04838978816104459,9.811737947442836,0.0,0.0,-0.26382551121351855,0.9993845498441992,0.03507879035411053,0.0
17.232,-3.005167121515662,-0.027669715103628745,9.789351007269651,0.0,0.0,-0.31174631887206977,0.9991971212697234,0.04006385960311121,0.0
17.248,0.0,0.0,9.871677583233298,0.0,0.0,-0.3597561922696031,0.9989499354643404,0.045815133261731374,0.0
17.264,0.0,0.0,9.823424296742118,0.0,0.0,-0.4078035308220256,0.9986297502358324,0.05233184445362973,0.0
17.28,0.0,0.0,9.897217025546325,0.0,0.0,-0.4558351303399091,0.9982215654661377,0.05961297038676645,0.0
17.296,0.0,0.0,9.80442267516211,0.0,0.0,-0.5038144824735856,0.9977086281549791,0.06765717482358981,0.0
17.312,0.0,0.0,9.844253298803036,0.0,0.0,-0.5518696582093807,0.9970724390941027,0.07646274386220261,0.0
17.328,0.0,0.0,9.806232953977505,0.0,0.0,-0.5997278719089849,0.9962927615166134,0.08602751507279832,0.0
17.344,0.0,0.0,9.77955458343111,0.0,0.0,-0.6476840094258601,0.9953476321012072,0.09634880004711943,0.0
17.36,0.0,0.0,9.775881870031014,0.0,0.0,-0.6958817111311985,0.9942133747459384,0.10742330043473962,0.0
17.376,0.0,0.0,9.759749630138687,0.0,0.0,-0.743760814616275,0.9928646175603757,0.11924701755888593,0.0
17.392,0.0,0.0,9.88606975310673,0.0,0.0,-0.7917603375176382,0.9912743135584581,0.13181515572652386,0.0
17.408,0.0,0.0,9.742023937926913,0.0,0.0,-0.8397818949699413,0.9894137655668583,0.14512201937269978,0.0
17.424,0.0,0.0,9.792106704191308,0.0,0.0,-0.8878079662806937,0.9872526558949838,0.15916090420797702,0.0
17.44,0.0,0.0,9.788541981547322,0.0,0.0,-0.9355868814242665,0.9847590813426806,0.17392398257031658,0.0
17.456,0.0,0.0,9.822103432128975,0.0,0.0,-0.9839600445868442,0.9818995941499338,0.18940218321918936,0.0
17.472,0.0,0.0,9.769396233667582,0.0,0.0,-1.031880000314795,0.978639249519124,0.20558506585023617,0.0
17.488,0.0,0.0,9.834758390022927,0.0,0.0,-1.0798160650856825,0.9749416603643339,0.2224606906535079,0.0
17.504,0.0,0.0,9.814351567251602,0.0,0.0,-1.1277013885890326,0.9707690599634394,0.2400154832874337,0.0
17.52,0.0,0.0,9.832684468050529,0.0,0.0,-1.1757501085739737,0.9660823732068586,0.25823409569420513,0.0
17.536,0.0,0.0,9.8042458322597,0.0,0.0,-1.223623554632101,0.9608412971514365,0.27709926324035006,0.0
17.552,0.0,0.0,9.81841988015182,0.0,0.0,-1.2718240846325615,0.9550043915985075,0.29659165872890736,0.0
17.568,0.0,0.0,9.86907640154872,0.0,0.0,-1.319789532049364,0.9485291804212246,0.3166897438968309,0.0
17.584,0.0,0.0,9.8206157641835,0.0,0.0,-1.3678732840225736,0.9413722643671973,0.337369619082951,0.0
17.6,0.0,0.0,9.859343284445284,0.0,0.0,-1.415649361728457,0.9334894460577707,0.35860487182797224,0.0
17.616,0.0,0.0,9.775957843887813,0.0,0.0,-1.4639234716713867,0.9248358678942848,0.3803664252483715,0.0
17.632,0.0,0.0,9.845029342608498,0.0,0.0,-1.5001020566704346,0.9154420736647395,0.4024497605470796,0.0
17.648,0.0,0.0,9.802191844973496,0.0,0.0,-1.5000032800163097,0.9055210607202583,0.4243013181596997,0.0
17.664,0.0,0.0,9.832808064633042,0.0,0.0,-1.4999803606402629,0.8950785427415268,0.4459085134012412,0.0
17.68,0.0,0.0,9.817368664729425,0.0,0.0,-1.4999583097264375,0.8841205337528819,0.4672589023191742,0.0
17.696,0.0,0.0,9.831714102920929,0.0,0.0,-1.5000736649583553,0.8726533446587305,0.4883401888601136,0.0
17.712,0.0,0.0,9.780948563557935,0.0,0.0,-1.4999937190054102,0.8606835796089931,0.509140231951326,0.0
17.728,0.0,0.0,9.75475459431171,0.0,0.0,-1.5000603629540326,0.8482181321956612,0.5296470524929823,0.0
17.744,0.0,0.0,9.797950663994833,0.0,0.0,-1.500156206500081,0.8352641814826599,0.5498488402571221,0.0
17.76,0.0,0.0,9.869687960605903,0.0,0.0,-1.4998028291618097,0.8218291878713021,0.5697339606893695,0.0
17.776,0.0,0.0,9.822909099171452,0.0,0.0,-1.5000894954413373,0.807920888803716,0.5892909616094697,0.0
17.792,0.0,0.0,9.738919823368581,0.0,0.0,-1.4997818702044474,0.7935472943067207,0.6085085798067952,0.0
17.808,0.0,0.0,9.825402776322054,0.0,0.0,-1.500097644484604,0.778716682378715,0.6273757475270205,0.0
17.824,0.0,0.0,9.808433782529649,0.0,0.0,-1.500065965415572,0.7634375942222359,0.6458815988462321,0.0
17.84,0.0,0.0,9.816934286606813,0.0,0.0,-1.5001093860801544,0.7477188293249357,0.6640154759287977,0.0
17.856,0.0,0.0,9.758079564269918,0.0,0.0,-1.5000349021549995,0.7315694403918052,0.6817669351653989,0.0
17.872,0.0,0.0,9.764200177936184,0.0,0.0,-1.499919069688155,0.7149987281315684,0.6991257531876792,0.0
17.888,0.0,0.0,9.78530769900794,0.0,0.0,-1.4998625234033778,0.6980162359002433,0.716081932756061,0.0
17.904,0.0,0.0,9.801814975610466,0.0,0.0,-1.489273527950741,0.6807576375272257,0.7325087296055592,0.0
17.92,0.0,0.0,9.814330436936428,0.0,0.0,-1.4412746722437026,0.6636871623778846,0.7480102609555509,0.0
17.936,0.0,0.0,9.837957922229288,0.0,0.0,-1.4171634997201443,0.6465577415616226,0.7628650515174582,0.0
17.952,0.0,0.0,9.797383418273006,0.0,0.0,-1.379628577871536,0.6295652977273395,0.776947576029095,0.0
17.968,0.0,0.0,9.78850941066156,0.0,0.0,-1.351937773556664,0.612613663152201,0.7903825021590761,0.0
17.984,0.0,0.0,9.843347943211487,0.0,0.0,-1.3187712368214721,0.5958018661451173,0.8031314564241621,0.0
18.0,0.0,0.0,9.839466959055681,0.0,0.0,-1.2906204837393729,0.5790934914378543,0.8152611410918076,0.0
18.016000000000002,0.0,0.0,9.811652939206285,0.0,0.0,-1.260172881723336,0.562541076516975,0.8267693373796123,0.0
18.032,0.0,0.0,9.830523460591463,0.0,0.0,-1.2322473883531029,0.5461342896562514,0.8376976409550535,0.0
18.048000000000002,0.0,0.0,9.849530086496433,0.0,0.0,-1.2034035432441754,0.5299028317851243,0.848058364068244,0.0
18.064,0.0,0.0,9.821976690771022,0.0,0.0,-1.1765238693506195,0.5138470332616942,0.8578818254329413,0.0
18.080000000000002,0.0,0.0,9.791639544363298,0.0,0.0,-1.1492718445089147,0.497984883280036,0.8671857102285352,0.0
18.096,0.0,0.0,9.871938484053102,0.0,0.0,-1.1233232497011798,0.48232043706915434,0.8759948607071961,0.0
18.112000000000002,0.0,0.0,9.831568545440051,0.0,0.0,-1.097361482318084,0.46686525807818685,0.884328463185251,0.0
18.128,0.0,0.0,9.856366768660997,0.0,0.0,-1.0725261162971835,0.45162409997951036,0.892208312176981,0.0
18.144000000000002,0.0,0.0,9.767460673938405,0.0,0.0,-1.047827762911903,0.4366046719993057,0.8996534668350802,0.0
18.16,0.0,0.0,9.831470129317392,0.0,0.0,-1.023714716934136,0.4218111841231853,0.9066836961965273,0.0
18.176000000000002,0.0,0.0,9.774898753024448,0.0,0.0,-1.0001079865133677,0.4072487986808918,0.9133172592111519,0.0
18.192,0.0,0.0,9.858744904222124,0.0,0.0,-0.9770349859013056,0.3929207420467996,0.9195723410745847,0.0
18.208000000000002,0.0,0.0,9.820158062883516,0.0,0.0,-0.9545818671077148,0.3788303430161916,0.9254661372574551,0.0
18.224,0.0,0.0,9.818473937881446,0.0,0.0,-0.9326122074836684,0.3649797561125532,0.93101545509622,0.0
18.240000000000002,0.0,0.0,9.81652781238129,0.0,0.0,-0.9111011727488315,0.351370905008722,0.9362363414829354,0.0
18.256,0.0,0.0,9.812684583768954,0.0,0.0,-0.8899757751438776,0.33800493077466803,0.9411443389682649,0.0
18.272000000000002,0.0,0.0,9.798189434465142,0.0,0.0,-0.8693227764228357,0.32488263802062206,0.9457543399386341,0.0
18.288,0.0,0.0,9.850115325487502,0.0,0.0,-0.8493428584022947,0.3120042671152928,0.9500807004154168,0.0
18.304000000000002,0.0,0.0,9.795893829839875,0.0,0.0,-0.8292113470169741,0.29936971354805086,0.9541371885688965,0.0
18.32,0.0,0.0,9.82638006129023,0.0,0.0,-0.8099818853032434,0.28697844335241707,0.9579370402333462,0.0
18.336000000000002,0.0,0.0,9.847236350283769,0.0,0.0,-0.7911791069941501,0.2748296080045702,0.9614929467053069,0.0
18.352,0.0,0.0,9.792460356835408,0.0,0.0,-0.7725751073709702,0.2629220218659205,0.9648170865080782,0.0
18.368000000000002,0.0,0.0,9.857674374289758,0.0,0.0,-0.7545010968639615,0.2512542279666452,0.9679211294981038,0.0
18.384,0.0,0.0,9.76442791099625,0.0,0.0,-0.7369578653529507,0.2398245012021186,0.9708162589404624,0.0
18.400000000000002,0.0,0.0,9.83252343318427,0.0,0.0,-0.7197070637792704,0.2286308901331708,0.9735131822820451,0.0
18.416,0.0,0.0,9.780271575880152,0.0,0.0,-0.7027695510100328,0.2176712298845607,0.9760221491751828,0.0
18.432000000000002,0.0,0.0,9.817423798049498,0.0,0.0,-0.6863035124144692,0.2069431714716706,0.9783529648246827,0.0
18.448,0.0,0.0,9.796431942978082,0.0,0.0,-0.6699777171838642,0.19644419741759592,0.9805150061579663,0.0
18.464,0.0,0.0,9.894167206117578,0.0,0.0,-0.6541310665555768,0.18617164397329405,0.9825172359710955,0.0
18.48,0.0,0.0,9.838264236246344,0.0,0.0,-0.6385808367085768,0.17612271652090963,0.9843682180593273,0.0
18.496,0.0,0.0,9.838043611828905,0.0,0.0,-0.6234271140139018,0.16629450727741352,0.9860761313658101,0.0
18.512,0.0,0.0,9.807665428271632,0.0,0.0,-0.608717254034001,0.15668400934856472,0.9876487843431282,0.0
18.528,0.0,0.0,9.786128695700864,0.0,0.0,-0.5942420949945583,0.14728813124212176,0.9890936287304674,0.0
18.544,0.0,0.0,9.829669631078735,0.0,0.0,-0.5800327318059032,0.13810370922293427,0.9904177732143478,0.0
18.56,0.0,0.0,9.809939947624454,0.0,0.0,-0.5661046049788853,0.12912751937800057,0.9916279966495924,0.0
18.576,0.0,0.0,9.826041056235885,0.0,0.0,-0.5525251449815102,0.12035628825766388,0.9927307610207503,0.0
18.592,0.0,0.0,9.8019359364274,0.0,0.0,-0.5391710684807908,0.11178670295702539,0.993732224013088,0.0
18.608,0.0,0.0,9.868588284682298,0.0,0.0,-0.5263243080427262,0.10341542016181363,0.994638251261611,0.0
18.624,0.0,0.0,9.81671626642535,0.0,0.0,-0.5136224422853304,0.09523907457144724,0.9954544282260109,0.0
18.64,0.0,0.0,9.800792788405163,0.0,0.0,-0.501081474140045,0.08725428651337779,0.996186071718051,0.0
18.656,0.0,0.0,9.769143306000071,0.0,0.0,-0.4889383514824046,0.07945766895701666,0.9968382410621681,0.0
18.672,0.0,0.0,9.813066823403824,0.0,0.0,-0.47721792895889054,0.07184583386749518,0.997415748901071,0.0
18.688,0.0,0.0,9.755421369817853,0.0,0.0,-0.4654798219154538,0.06441539801335307,0.9979231716413752,0.0
18.704,0.0,0.0,9.853729789507938,0.0,0.0,-0.45409629057156364,0.05716298822190678,0.9983648595466199,0.0
18.72,0.0,0.0,9.837731210547611,0.0,0.0,-0.44305460709422895,0.05008524615181293,0.9987449464792862,0.0
18.736,0.0,0.0,9.78560270286811,0.0,0.0,-0.4321033372328384,0.04317883259782457,0.9990673592984054,0.0
18.752,0.0,0.0,9.820563901029614,0.0,0.0,-0.42143841476616795,0.03644043137510712,0.9993358269176564,0.0
18.768,0.0,0.0,9.78138939907652,0.0,0.0,-0.41111302288269447,0.029866752805254682,0.9995538890309366,0.0
18.784,0.0,0.0,9.835989646286407,0.0,0.0,-0.40094082505483736,0.02345453683956338,0.9997249045120571,0.0
18.8,0.0,0.0,9.809991440255718,0.0,0.0,-0.39090111514982534,0.017200555842777885,0.9998520594961534,0.0
18.816,5.014872988423029,0.027543573683722372,9.80342964430321,0.0,0.0,-0.3429063646947203,0.011713845874315369,0.9999313905537883,0.0
18.832,4.98958381495673,-0.003848633183681701,9.817389320689303,0.0,0.0,-0.2949842292385771,0.006994761388180506,0.9999755363573263,0.0
18.848,4.991870250000153,-0.027504009807012838,9.741729776976616,0.0,0.0,-0.2469824889536682,0.0030435147638759844,0.9999953684982158,0.0
18.864,4.998304786958848,-0.043622646550159815,9.761183492343966,0.0,0.0,-0.198947735652215,-0.00013978195588592066,0.9999999902305023,0.0
18.88,4.97008417026303,-0.0518283102404566,9.831894970406184,0.0,0.0,-0.15097672596358522,-0.0025550821073507817,0.9999967357723848,0.0
18.896,4.973717135257735,-0.052119533717584265,9.800471356941884,0.0,0.0,-0.10295535840990884,-0.004202376251973091,0.9999911699779338,0.0
18.912,5.007205087977049,-0.04535103305986044,9.764760086566108,0.0,0.0,-0.0549582407167865,-0.005081670799453886,0.9999870882275861,0.0
18.928,4.974217639003476,-0.03028265643758,9.784820823270458,0.0,0.0,-0.006955920071362135,-0.005192973436634264,0.9999865164225398,0.0
18.944,5.015492152974526,-0.005625705429332653,9.803297534180658,0.0,0.0,0.014652783981296214,-0.004958505133338342,0.9999877065378567,0.0
18.96,4.979981223335794,0.00944109324708884,9.809912219700978,0.0,0.0,0.014445091605411967,-0.004727425335497554,0.9999888256624158,0.0
18.976,5.002142006842442,0.010386788771248661,9.876403073622953,0.0,0.0,0.014236167967492294,-0.004499644684658105,0.999989876547614,0.0
18.992,5.036307668565985,0.011440574981230325,9.854844777630436,0.0,0.0,0.014032114805512197,-0.004275076054327709,0.9999908618206117,0.0
19.008,4.988902905654762,0.012441165908047775,9.822073264742016,0.0,0.0,0.013840076196081382,-0.004053634459412014,0.9999917839900834,0.0
19.024,5.0232559166082575,0.013333836844338984,9.80334570509389,0.0,0.0,0.013649877381402345,-0.0038352369690475975,0.9999926454516511,0.0
19.04,4.997923016212678,0.01416852818118835,9.82661195871354,0.0,0.0,0.013465091370797298,-0.003619802621753797,0.9999934484930288,0.0
19.056,5.011556165429583,0.015107577444462391,9.828128198998066,0.0,0.0,0.013283443412379416,-0.0034072523436450663,0.9999941952988861,0.0
19.072,5.022071779159193,0.016083721726666177,9.718655018476797,0.0,0.0,0.013109492260204657,-0.0031975088697762857,0.9999948879554473,0.0
19.088,5.005804591644935,0.01674318179849542,9.79807270213628,0.0,0.0,0.012939837834681122,-0.002990496666258438,0.9999955284548474,0.0
19.104,4.989324482060485,0.01764699075753501,9.792078055119733,0.0,0.0,0.012772823339088184,-0.002786141856792705,0.9999961186992447,0.0
19.12,4.991969459108602,0.018414939140960516,9.800076971077337,0.0,0.0,0.012614044489210578,-0.0025843721495619333,0.9999966605047204,0.0
19.136,5.019694127400812,0.019224997350041084,9.831452711102772,0.0,0.0,0.012452385490666344,-0.00238511676614748,0.9999971556049608,0.0
19.152,4.987513338196467,0.019812022974729216,9.868447521231941,0.0,0.0,0.012299261622423856,-0.0021883063737296975,0.9999976056547409,0.0
19.168,4.997665824545026,0.020577261734080983,9.800516688599515,0.0,0.0,0.012154216734921603,-0.00199387301676574,0.9999980122332209,0.0
19.184,5.030758199756831,0.021431877098972152,9.785320048916395,0.0,0.0,0.012008814581541634,-0.0018017500516226265,0.9999983768470584,0.0
19.2,5.021766714165892,0.02214875069113545,9.795205254128518,0.0,0.0,0.011866340692597208,-0.0016118720819215447,0.999998700933352,0.0
19.216,4.976157954231517,0.022740680275873462,9.816736369848245,0.0,0.0,0.011732435472523627,-0.001424174894310409,0.999998985862421,0.0
19.232,4.992640881109444,0.02339817856826567,9.781253607028239,0.0,0.0,0.011599413326713274,-0.001238595398429737,0.9999992329404255,0.0
19.248,4.968149676743903,0.024132783139486132,9.857774221299785,0.0,0.0,0.01146905723877394,-0.0010550715616842105,0.999999443411845,0.0
19.264,4.998330654253796,0.024917240862128407,9.755033804568107,0.0,0.0,0.011347269875676896,-0.0008735423513727068,0.9999996184618074,0.0
19.28,5.025311692497551,0.025373916065571264,9.805759428525043,0.0,0.0,0.011224786656440647,-0.000693947672847687,0.9999997592182849,0.0
19.296,5.020193126393797,0.02595897060672318,9.831930029928296,0.0,0.0,0.011106401188504257,-0.0005162283098160012,0.9999998667541572,0.0
19.312,1.2511263800175314,0.027102074997796356,9.797359372058828,0.0,0.0,0.010993828378261133,-0.0003403258654675853,0.999999942089151,0.0
19.328,7.206926037749548e-06,0.027526607220041566,9.840882178653802,0.0,0.0,0.01088063096606402,-0.0001662075779577112,0.9999999861875204,0.0
19.344,7.082576934740134e-06,0.027199699337608924,9.837524216231586,0.0,0.0,0.01077257069967655,6.150696839241866e-06,0.9999999999810845,0.0
19.36,6.928380428449697e-06,0.026943393091607294,9.787157242730972,0.0,0.0,0.010665426656895216,0.00017677263955709935,0.999999984375717,0.0
19.376,6.776836136024333e-06,0.026578536564418824,9.844629530063871,0.0,0.0,0.010557061038105171,0.00034568188553892206,0.9999999402520152,0.0
19.392,6.633405794364422e-06,0.026278160801993303,9.744363212237259,0.0,0.0,0.010451071271362236,0.0005129016227008732,0.9999998684659542,0.0
19.408,6.505049189339733e-06,0.026052288959801176,9.798604345103385,0.0,0.0,0.01034618327608868,0.0006784547963412347,0.9999997698495182,0.0
19.424,6.3775326914218025e-06,0.025770400974180877,9.814650016771111,0.0,0.0,0.010242172094285698,0.0008423640772304134,0.9999996452113178,0.0
19.44,6.2712634775360354e-06,0.02531171814863174,9.796258366756646,0.0,0.0,0.010142383645512202,0.0010046518604371667,0.9999994953371923,0.0
19.456,6.09660915446467e-06,0.025397940250599372,9.812409971828219,0.0,0.0,0.010042763790142097,0.0011653402739974334,0.9999993209907924,0.0
19.472,5.993316174840942e-06,0.024990314851025507,9.824600113159354,0.0,0.0,0.009945206352148472,0.0013244511819061635,0.9999991229141487,0.0
19.488,5.891342962735626e-06,0.024958194082626756,9.849584065156069,0.0,0.0,0.009846614353864342,0.001482006187191373,0.9999989018282276,0.0
19.504,5.76019628014501e-06,0.024647019598533545,9.850681616578761,0.0,0.0,0.009750789643696536,0.0016380266384531663,0.9999986584334661,0.0
19.52,5.6610925342576235e-06,0.024453414577994798,9.808593643179902,0.0,0.0,0.009657389897812025,0.0017925336317498957,0.999998393410299,0.0
19.536,5.524960026770953e-06,0.024005479381997354,9.815891154476672,0.0,0.0,0.009564040761247717,0.001945548015849018,0.9999981074196681,0.0
19.552,5.439990224714826e-06,0.023967830787176788,9.755405886509111,0.0,0.0,0.009470301213501267,0.0020970903967172487,0.9999978011035164,0.0
19.568,5.336674884768476e-06,0.023548215130036427,9.832617397292237,0.0,0.0,0.009379862692520544,0.002247181140771145,0.9999974750852727,0.0
19.584,5.193431348076578e-06,0.023444519837683565,9.845129221707944,0.0,0.0,0.009291309364797601,0.002395840379040463,0.9999971299703205,0.0
19.6,5.14633959260484e-06,0.023407559126432928,9.871881315135624,0.0,0.0,0.009201165610850716,0.0025430880112820428,0.9999967663464552,0.0
19.616,5.046145096091308e-06,0.02296270066236784,9.814258728558137,0.0,0.0,0.009117348536413406,0.002688943710171281,0.9999963847843271,0.0
19.632,4.9475379919357765e-06,0.02275482231620378,9.82339279962904,0.0,0.0,0.009031087837812424,0.00283342692501647,0.9999959858378737,0.0
19.648,4.830083590098157e-06,0.022747633205279325,9.828580263052247,0.0,0.0,0.008945153797953909,0.002976556885399534,0.9999955700447417,0.0
19.664,4.8126290419740245e-06,0.02221945434104656,9.853038508317212,0.0,0.0,0.008863067967821322,0.0031183526055617275,0.9999951379266938,0.0
19.68,4.711341113534373e-06,0.022253057278673414,9.842343996835389,0.0,0.0,0.008780879742363117,0.0032588328880239514,0.9999946899900058,0.0
19.696,4.608355241201275e-06,0.02193380036222155,9.823206216042628,0.0,0.0,0.008697839071462368,0.0033980163273928956,0.999994226725854,0.0
19.712,4.512578630191782e-06,0.0217684198859137,9.811512825421627,0.0,0.0,0.0086193882886763,0.0035359213139931904,0.9999937486106907,0.0
19.728,4.414911284555308e-06,0.0216151226133899,9.815790286970214,0.0,0.0,0.008540268996047958,0.003672566037919619,0.9999932561066087,0.0
19.744,4.360182125368323e-06,0.021360505756950185,9.82275442604548,0.0,0.0,0.00846268339309304,0.0038079684928818544,0.9999927496616949,0.0
19.76,4.244645979686958e-06,0.02113326418150967,9.810595200354808,0.0,0.0,0.008386015181988867,0.003942146479725385,0.9999922297103775,0.0
19.776,4.200222365981417e-06,0.020938899255153225,9.80225531561088,0.0,0.0,0.008311557670022835,0.004075117609757499,0.9999916966737608,0.0
19.792,4.112496422149691e-06,0.020649921457064676,9.795549942065314,0.0,0.0,0.008237907055281773,0.0042068993097657045,0.9999911509599462,0.0
19.808,4.01156528919161e-06,0.020690551891285384,9.787704644560934,0.0,0.0,0.008164082151231721,0.004337508823913345,0.9999905929643551,0.0
19.824,3.95267407417226e-06,0.020316117612641727,9.804384246138987,0.0,0.0,0.008091260998783436,0.004466963219263471,0.9999900230700295,0.0
19.84,3.910454286500978e-06,0.02017860710189535,9.785853567184706,0.0,0.0,0.00801978926778031,0.004595279387684417,0.9999894416479351,0.0
19.856,3.840760665011943e-06,0.02010883266076821,9.832412258851392,0.0,0.0,0.007951081727611789,0.004722474051358508,0.9999888490572454,0.0
19.872,3.742698163792192e-06,0.01983266736566099,9.861334197406455,0.0,0.0,0.007880012734373972,0.004848563764674174,0.9999882456456277,0.0
19.888,3.6917387036965428e-06,0.01982675075276916,9.872793998576832,0.0,0.0,0.007811936206159031,0.0049735649189875195,0.9999876317495116,0.0
19.904,3.6442265953629826e-06,0.019427751574010232,9.759473296127089,0.0,0.0,0.0077460299963284344,0.005097493746220859,0.9999870076943537,0.0
19.92,3.560295480891721e-06,0.019399750411276704,9.854619583625105,0.0,0.0,0.007679825483222395,0.005220366321953864,0.9999863737948957,0.0
19.936,3.5456310603345352e-06,0.019254742716910855,9.805993339756883,0.0,0.0,0.007615133564031514,0.00534219856969985,0.9999857303554096,0.0
19.952,3.450452665429325e-06,0.01909980759878047,9.782596315377884,0.0,0.0,0.007551091664689501,0.005463006264017547,0.9999850776699417,0.0
19.968,3.413292215481405e-06,0.018861811121566,9.770381001897967,0.0,0.0,0.0074868878390106815,0.005582805034733313,0.999984416022542,0.0
19.984,3.3352945306748133e-06,0.018752309751508357,9.796528762733939,0.0,0.0,0.007425241651794798,0.005701610370190759,0.9999837456874919,0.0
20.0,3.288987356826703e-06,0.018603439859388986,9.814876119356871,0.0,0.0,0.007364502340310212,0.005819437621373396,0.9999830669295212,0.0
20.016000000000002,3.2340353687629195e-06,0.01838087615829572,9.78253777717492,0.0,0.0,0.007303034421239046,0.005936302004784475,0.9999823800040221,0.0
20.032,3.177759326233412e-06,0.01819724851884855,9.847208817794623,0.0,0.0,0.007245078563605838,0.006052218607358529,0.9999816851572478,0.0
20.048000000000002,3.1552230115304442e-06,0.018052427140365097,9.800077431031465,0.0,0.0,0.007187569374171741,0.006167202389200122,0.9999809826265152,0.0
20.064,3.0716836145464026e-06,0.018003755121904365,9.861140778048792,0.0,0.0,0.007128704766512289,0.00628126818791662,0.9999802726403916,0.0
20.080000000000002,3.044515890748015e-06,0.01786012729652755,9.841284163802632,0.0,0.0,0.007073031855597417,0.00639443072214397,0.9999795554188794,0.0
20.096,2.9745911399990906e-06,0.017697124600760703,9.837830306512483,0.0,0.0,0.007017463104755171,0.006506704595613987,0.9999788311735931,0.0
20.112000000000002,2.934716931185878e-06,0.017543809325668767,9.830803221053392,0.0,0.0,0.006962799778021208,0.0066181043007121545,0.99997810010793,0.0
20.128,2.891654344336724e-06,0.017417575779831843,9.776435996425274,0.0,0.0,0.006908685819684417,0.006728644222660475,0.9999773624172323,0.0
20.144000000000002,2.8369901228108147e-06,0.017170429561138532,9.847114997955707,0.0,0.0,0.0068553597950082295,0.006838338643363815,0.9999766182889471,0.0
20.16,2.8091660192812757e-06,0.01720409782637359,9.859335102325026,0.0,0.0,0.006804477451145154,0.006947201745166949,0.9999758679027769,0.0
20.176000000000002,2.7677512476773658e-06,0.01702697815597618,9.872367729646069,0.0,0.0,0.006753906107479917,0.007055247615367158,0.9999751114308225,0.0
20.192,2.7296347531555642e-06,0.01695397130913551,9.89582233621494,0.0,0.0,0.006701602059096834,0.007162490249931143,0.9999743490377239,0.0
20.208000000000002,2.6879459740329007e-06,0.016591238146214698,9.8333058487425,0.0,0.0,0.0066544971827596795,0.007268943557553478,0.9999735808807936,0.0
20.224,2.645714903475901e-06,0.016626874862636285,9.816636421905997,0.0,0.0,0.006604813094626102,0.007374621364337914,0.9999728071101397,0.0
20.240000000000002,2.597859736381835e-06,0.01664108968346924,9.841109541006418,0.0,0.0,0.0065588949650438695,0.0074795374176301116,0.9999720278687892,0.0
20.256,2.571200662999842e-06,0.016490299825336587,9.871943251157383,0.0,0.0,0.00651053995333404,0.0075837053906210984,0.9999712432928001,0.0
20.272000000000002,2.5410831228903816e-06,0.01629178627188522,9.82540947724614,0.0,0.0,0.006465081725213168,0.007687138886564137,0.9999704535113718,0.0
20.288,2.4789603966034506e-06,0.01629553605331604,9.833779762210865,0.0,0.0,0.00641928717641347,0.007789851443623571,0.9999696586469443,0.0
20.304000000000002,2.447206736454891e-06,0.01617422772304615,9.814942310789856,0.0,0.0,0.006375576710039416,0.007891856539072963,0.9999688588152968,0.0
20.32,2.437336452392416e-06,0.015861294721616074,9.826807494956633,0.0,0.0,0.006332599627124441,0.007993167594413242,0.9999680541256344,0.0
20.336000000000002,2.396527229775247e-06,0.015864396937459165,9.871569501867741,0.0,0.0,0.006289591334464681,0.00809379797991554,0.9999672446806747,0.0
20.352,2.3551059576692513e-06,0.015660083914095523,9.741408126110212,0.0,0.0,0.0062497390219060055,0.008193761019733946,0.9999664305767229,0.0
20.368000000000002,2.3430628857844474e-06,0.01560234475705679,9.788806836802886,0.0,0.0,0.0062059890604700746,0.008293069996694387,0.9999656119037446,0.0
20.384,2.2965688742857653e-06,0.015411952628920459,9.824593722267016,0.0,0.0,0.006166694627675033,0.008391738157908564,0.9999647887454284,0.0
20.400000000000002,2.2603638393618027e-06,0.015409813997756535,9.81410129880279,0.0,0.0,0.006126727971414221,0.008489778719743955,0.9999639611792466,0.0
20.416,2.238189922068586e-06,0.015334978685784931,9.824343164773424,0.0,0.0,0.0060881312303407405,0.008587204873452768,0.9999631292765055,0.0
20.432000000000002,2.2169228149034156e-06,0.015255360507443699,9.827402796706751,0.0,0.0,0.006051051595759229,0.008684029790855098,0.9999622931023907,0.0
20.448,2.178834504374646e-06,0.015093619514598021,9.813812081087411,0.0,0.0,0.006014373681382294,0.008780266630081576,0.9999614527160058,0.0
20.464000000000002,2.1687406789695627e-06,0.015010251715753084,9.766262275601383,0.0,0.0,0.005978414239580671,0.008875928541580277,0.9999606081704044,0.0
20.48,2.125698166055774e-06,0.014955778477905616,9.803742437109634,0.0,0.0,0.005943881072277733,0.008971028674574732,0.9999597595126117,0.0
20.496,2.120499737684383e-06,0.014769520413187768,9.785098392481462,0.0,0.0,0.005909769885960835,0.0090655801829688,0.9999589067836469,0.0
20.512,2.090244567685663e-06,0.01473595854568079,9.792949051382566,0.0,0.0,0.00587646119660157,0.00915959623244332,0.9999580500185289,0.0
20.528,2.0644292688857876e-06,0.014608763383165215,9.833118711255128,0.0,0.0,0.005843979611098378,0.009253090007227498,0.9999571892462787,0.0
20.544,2.040473399991552e-06,0.014542863754779454,9.78938450515187,0.0,0.0,0.005811515516847315,0.009346074717288329,0.9999563244899143,0.0
20.56,2.0337361268724487e-06,0.01458114390021137,9.78986972503908,0.0,0.0,0.005780835620611732,0.009438563605539853,0.9999554557664377,0.0
20.576,1.987302337689814e-06,0.014337128816619405,9.845643738779552,0.0,0.0,0.005751751917756228,0.00953056995596294,0.9999545830868093,0.0
20.592,1.9763613744739904e-06,0.014373174535917568,9.801473023212331,0.0,0.0,0.005721287501968224,0.009622107101335058,0.9999537064559191,0.0
20.608,1.951326377760239e-06,0.01437812388349683,9.823548251396664,0.0,0.0,0.005693260776598022,0.00971318843169922,0.999952825872546,0.0
20.624,1.9358405475377244e-06,0.01424329108913776,9.791495851211488,0.0,0.0,0.005664592480063618,0.009803827403393809,0.9999519413293043,0.0
20.64,1.921502952899292e-06,0.014218086238865085,9.787492055807727,0.0,0.0,0.005638546264981522,0.009894037547760068,0.9999510528125882,0.0
20.656,1.893102918391378e-06,0.014183102135302564,9.81823632442802,0.0,0.0,0.005611326934786868,0.009983832481109515,0.9999501603024968,0.0
20.672,1.89412388674108e-06,0.01401358133819531,9.805666452548147,0.0,0.0,0.005587514855516843,0.010073225914642792,0.999949263772754,0.0
20.688,1.8619184955691273e-06,0.013958545764192741,9.839667509152013,0.0,0.0,0.005563464063989085,0.010162231664895499,0.9999483631906144,0.0
20.704,1.8468080582652228e-06,0.013972854460648823,9.791596234037444,0.0,0.0,0.005539612233920097,0.010250863665029237,0.9999474585167568,0.0
20.72,1.8388681535576256e-06,0.013782720630315408,9.841107265720616,0.0,0.0,0.005517423257720578,0.010339135976104549,0.9999465497051668,0.0
20.736,1.8266360463795664e-06,0.013826649168837735,9.799358052917809,0.0,0.0,0.005496420614520727,0.010427062799574725,0.9999456367030028,0.0
20.752,1.810046884959221e-06,0.013779112631357508,9.796881616835071,0.0,0.0,0.005475216799486231,0.010514658490171103,0.9999447194504479,0.0
20.768,1.8066600974318085e-06,0.013735291982793826,9.779474527724561,0.0,0.0,0.005455669507324812,0.010601937569284816,0.9999437978805495,0.0
20.784,1.7752264873000735e-06,0.013559173229218794,9.800578544396936,0.0,0.0,0.005436712895422647,0.010688914739482405,0.9999428719190374,0.0
20.8,1.7759944843868712e-06,0.013596486874024497,9.810834164824728,0.0,0.0,0.00541873689844653,0.010775604899638405,0.9999419414841278,0.0
20.816,1.754137295908995e-06,0.013526993042085843,9.815400827468087,0.0,0.0,0.0054020090419753305,0.010862023160813809,0.9999410064863097,0.0
20.832,1.744370563605736e-06,0.013462962623296762,9.736222626506029,0.0,0.0,0.005386023766066794,0.010948184863487063,0.9999400668281051,0.0
20.848,1.733766300517259e-06,0.013463131842625299,9.793762233213807,0.0,0.0,0.005369903994382873,0.011034105595458078,0.9999391224038133,0.0
20.864,1.7272112960355081e-06,0.01347475606550847,9.789374147392353,0.0,0.0,0.005356445580720541,0.011119801210905202,0.9999381730992322,0.0
20.88,1.7226511698099757e-06,0.013444549071490803,9.780233520015377,0.0,0.0,0.005344598915111789,0.011205287850846376,0.9999372187913498,0.0
20.896,1.7235595528253156e-06,0.01340765192767399,9.750975562586571,0.0,0.0,0.005330808169591598,0.011290581964767636,0.9999362593480131,0.0
20.912,1.7054015717009715e-06,0.013367886651252998,9.768754022738769,0.0,0.0,0.0053210124642457035,0.011375700333546342,0.999935294627568,0.0
20.928,1.6935126034924656e-06,0.013321982953592337,9.91276890984738,0.0,0.0,0.005310197127023306,0.011460660094330012,0.9999343244784641,0.0
20.944,1.6904857391785437e-06,0.013277228905407078,9.804629295109669,0.0,0.0,0.005301369200674983,0.01154547876649116,0.999933348738831,0.0
20.96,1.6835574670860251e-06,0.013152730457284616,9.81652608910408,0.0,0.0,0.005294391102813033,0.01163017428000442,0.999932367236013,0.0
20.976,1.6804212013757146e-06,0.013259691770920717,9.78849723400344,0.0,0.0,0.005287601683714569,0.011714765005351607,0.9999313797860678,0.0
20.992,1.6768681173245062e-06,0.013270427485731446,9.827366314996903,0.0,0.0,0.005282285819305409,0.011799269785915917,0.9999303861932187,0.0
21.008,1.6774901539043396e-06,0.013213652004368076,9.806274414654514,0.0,0.0,0.005277215264745092,0.011883707972461138,0.9999293862492618,0.0
21.024,1.6772589656943878e-06,0.013168690543024959,9.864785942555054,0.0,0.0,0.0052751322931253895,0.011968099460461918,0.9999283797329209,0.0
21.04,1.675171810062842e-06,0.013163112745232772,9.837716034790983,0.0,0.0,0.005272430842540952,0.012052464730083376,0.9999273664091458,0.0
21.056,1.670746093661047e-06,0.013215964285171893,9.80013117072119,0.0,0.0,0.005273857555263727,0.012136824889311112,0.9999263460283495,0.0
21.072,1.6771431108456037e-06,0.013129827961844438,9.816754977650007,0.0,0.0,0.005273273121896207,0.012221201720591175,0.9999253183255761,0.0
21.088,1.6663128710312852e-06,0.01327575183828278,9.77763337177221,0.0,0.0,0.0052770522866343,0.012305617731098329,0.9999242830195975,0.0
21.104,1.6578360797509228e-06,0.013158551978348832,9.822431060749041,0.0,0.0,0.005280534947753752,0.01239009620706087,0.9999232398119267,0.0
21.12,1.6810705494855312e-06,0.013276946030963147,9.830148471288291,0.0,0.0,0.005285922809380715,0.012474661272967638,0.9999221883857389,0.0
21.136,1.6838741449952594e-06,0.013261922121177695,9.815547861427534,0.0,0.0,0.005293310524414935,0.012559337955440236,0.9999211284046963,0.0
21.152,1.6759879774225244e-06,0.013288579260332464,9.82773318933611,0.0,0.0,0.0053018033366482335,0.01264415225282055,0.999920059511663,0.0
21.168,1.6963406346108244e-06,0.013216358602831343,9.845148697754398,0.0,0.0,0.005310582852396497,0.012729131210933692,0.9999189813272947,0.0
21.184,1.6936316925021763e-06,0.013189597941994013,9.839368116381683,0.0,0.0,0.005323633093677077,0.012814303005727425,0.9999178934484958,0.0
21.2,1.6990739486578895e-06,0.013330972988712438,9.88991857534394,0.0,0.0,0.005337339715813109,0.012899697033437803,0.999916795446724,0.0
21.216,1.7080910183557348e-06,0.013447293366912331,9.815074371152628,0.0,0.0,0.005353217824287735,0.012985344009222386,0.999915686866129,0.0
21.232,1.7139401746507244e-06,0.013440163293185288,9.850567377692478,0.0,0.0,0.005372604867544773,0.01307127607537182,0.9999145672215011,0.0
21.248,1.7226127572184844e-06,0.013469689238470207,9.77806136577468,0.0,0.0,0.00539121925625881,0.013157526920029274,0.999913435996011,0.0
21.264,1.7399588480328726e-06,0.013517371879459672,9.788988050228285,0.0,0.0,0.0054137046314255205,0.013244131907943397,0.9999122926387121,0.0
21.28,1.7624688087607885e-06,0.0135356430792378,9.81002548626164,0.0,0.0,0.005437095240634993,0.013331128223971549,0.9999111365617829,0.0
21.296,1.7760283773140395e-06,0.0136350050067147,9.784643824714836,0.0,0.0,0.005464471250124236,0.013418555032724162,0.9999099671374587,0.0
21.312,1.8007526398109193e-06,0.013641582934186679,9.818042665686638,0.0,0.0,0.005493987543671687,0.013506453653907308,0.9999087836946404,0.0
21.328,1.8251614710599852e-06,0.013798741483118087,9.86243310761978,0.0,0.0,0.005526114561407113,0.013594867757891314,0.9999075855151044,0.0
21.344,1.838524636618671e-06,0.01380212912100136,9.744481334584405,0.0,0.0,0.005561353301800679,0.013683843582269522,0.9999063718292908,0.0
21.36,1.8717944446110997e-06,0.013856756358351506,9.873487444073048,0.0,0.0,0.005599337432437409,0.01377343017370498,0.9999051418115871,0.0
21.376,1.8958642637561444e-06,0.013946372079103654,9.787935299365794,0.0,0.0,0.005641118439805378,0.013863679657905977,0.9999038945750451,0.0
21.392,1.9300325879696154e-06,0.014205121643217857,9.830972746528314,0.0,0.0,0.0056866218704041726,0.01395464754159849,0.9999026291654554,0.0
21.408,-3.42601780177825,0.014491682720773398,9.763942737839837,0.0,0.0,0.005734884927077321,0.014046393052258509,0.9999013445546623,0.0
21.424,-3.1075429202727882,0.014293828198251054,9.845605874369816,0.0,0.0,0.005784124174559782,0.014138927785505146,0.9999000403645738,0.0
21.44,-3.1315026391952654,0.01408522610424491,9.879287033338514,0.0,0.0,0.005834389753774084,0.014232267125424213,0.9998987161570269,0.0
21.456,-3.0372893303034423,0.01392479660264224,9.8775014616748,0.0,0.0,0.005885155223906943,0.014326425611174113,0.9998973714982993,0.0
21.472,-2.982880588547705,0.013703913182616757,9.835116577212304,0.0,0.0,0.005939054232349059,0.014421418799739318,0.9998960059325183,0.0
21.488,-2.9366904742749784,0.013636002983670811,9.82891834399412,0.0,0.0,0.005990097522288365,0.014517262559116974,0.9998946189913164,0.0
21.504,-2.8615656703211463,0.013482944417175083,9.768300053995443,0.0,0.0,0.006045824561521241,0.014613973380500111,0.9998932101889854,0.0
21.52,-2.804563871879439,0.013366260903114048,9.810018050328685,0.0,0.0,0.006099900926958166,0.014711568288657356,0.9998917790233542,0.0
21.536,-2.72296374298696,0.013133901879084614,9.73891072511162,0.0,0.0,0.0061563476568956485,0.014810064913603102,0.9998903249743218,0.0
21.552,-2.7013465687740665,0.013006870970739036,9.902553129672178,0.0,0.0,0.006214482941593616,0.014909481500202416,0.9998888475032588,0.0
21.568,-2.6222225682414178,0.012850190539549935,9.859770161220826,0.0,0.0,0.006273235956342517,0.015009836944792108,0.9998873460519894,0.0
21.584,-2.585535835556563,0.012659842815518733,9.80687857194698,0.0,0.0,0.006332667692159266,0.01511115082333757,0.9998858200418658,0.0
21.6,-2.5214440703987755,0.012554143744129805,9.76976681666364,0.0,0.0,0.0063937594453950565,0.015213443425603077,0.9998842688727211,0.0
21.616,-2.471630081711802,0.01250528484465511,9.806062266650072,0.0,0.0,0.006456861424761125,0.015316735789562748,0.9998826919217838,0.0
21.632,-2.3994247332676206,0.012279829300099698,9.783291845093714,0.0,0.0,0.006520830075766529,0.015421049738726064,0.9998810885425107,0.0
21.648,-2.367612531179348,0.012158625342056575,9.878345500713914,0.0,0.0,0.006586179069517524,0.015526407921413346,0.9998794580633499,0.0
21.664,-2.332503149456806,0.012033693796901574,9.773389821511163,0.0,0.0,0.006652892745981464,0.015632833852735502,0.9998777997864203,0.0
21.68,-2.277731592852288,0.011853041545655245,9.816377921849638,0.0,0.0,0.006719970621128493,0.015740351958910676,0.9998761129861087,0.0
21.696,-2.2205471748836887,0.011807530468466313,9.811174963628043,0.0,0.0,0.0067899692868871025,0.015848987624821263,0.9998743969075657,0.0
21.712,-2.1726014172304424,0.011562120525108166,9.819877267333698,0.0,0.0,0.0068623581903861424,0.015958767244458546,0.9998726507651048,0.0
21.728,-2.146056969080423,0.011465501667118148,9.803134657221733,0.0,0.0,0.00693590150454787,0.01606971827476573,0.9998708737404896,0.0
21.744,-2.08136650829313,0.011354083072528113,9.834777038596084,0.0,0.0,0.007010711772710272,0.016181869292965192,0.9998690649811033,0.0
21.76,-2.042816765247279,0.011199612647721442,9.886137443900873,0.0,0.0,0.007087677613548711,0.016295250057954583,0.9998672235979881,0.0
21.776,-1.9991062705087475,0.01108908442091992,9.798212729588835,0.0,0.0,0.007166000738612852,0.01640989157584816,0.9998653486637433,0.0
21.792,-1.953753078873492,0.011018995959169069,9.839382862646895,0.0,0.0,0.007247530834738436,0.01652582617006739,0.9998634392102738,0.0
21.808,-1.9192904166342188,0.010916032626107597,9.827344115835652,0.0,0.0,0.00732962017407257,0.016643087556369816,0.999861494226371,0.0
21.824,-1.879172700109635,0.010779866349214936,9.737894465267699,0.0,0.0,0.007414468088766682,0.01676171092340072,0.9998595126551132,0.0
21.84,-1.8452775666979877,0.01071695037791167,9.794432837516794,0.0,0.0,0.007502714008428204,0.01688173301895375,0.9998574933910716,0.0
21.856,-1.8054829427968437,0.010668631785902523,9.80848765546676,0.0,0.0,0.00759108473083517,0.017003192242664368,0.9998554352773001,0.0
21.872,-1.7702481242973125,0.010552457406324461,9.821928655905285,0.0,0.0,0.007685534029469822,0.017126128745686604,0.9998533371020902,0.0
21.888,-1.731298462764184,0.010426031414219137,9.867671521454021,0.0,0.0,0.007778104910703111,0.017250584537917005,0.9998511975954725,0.0
21.904,-1.6925445927957625,0.010330011380432162,9.734556620128107,0.0,0.0,0.007876729600508463,0.017376603603440243,0.9998490154254336,0.0
21.92,-1.644515846545966,0.010208021615787216,9.77342127679136,0.0,0.0,0.007977387788626193,0.01750423202522335,0.9998467891938282,0.0
21.936,-1.6175835806978658,0.01020631084674793,9.821786888747702,0.0,0.0,0.008081148254997188,0.01763351811960345,0.9998445174319484,0.0
21.952,-1.592067022470365,0.010059668100310443,9.835765041387031,0.0,0.0,0.008188621409491921,0.017764512581706634,0.9998421985957257,0.0
21.968,-1.5464350241989264,0.01003626670163676,9.787525066898814,0.0,0.0,0.008298059290250693,0.017897268642812814,0.9998398310605189,0.0
21.984,-1.5198808126508518,0.00984607403207537,9.812829197068986,0.0,0.0,0.008412634338618042,0.01803184224100156,0.9998374131154505,0.0
22.0,-1.484268483807361,0.009788112955232667,9.801908921151714,0.0,0.0,0.008529091432649231,0.01816829220631213,0.9998349429572395,0.0
22.016000000000002,-1.4679548573642887,0.00976761926927643,9.799311501847185,0.0,0.0,0.008650515231042766,0.01830668046176369,0.9998324186834866,0.0
22.032,-1.4348308257764222,0.00967520470793318,9.809486051142896,0.0,0.0,0.008777124344496718,0.0184470722423964,0.9998298382853373,0.0
22.048000000000002,-1.399305008278683,0.009650222220745257,9.758150987316428,0.0,0.0,0.008905014309114726,0.01858953633371134,0.9998271996394665,0.0
22.064,-1.3656525422972652,0.009583199777184916,9.80564786037657,0.0,0.0,0.00904065404163683,0.01873414533215473,0.9998245004992995,0.0
22.080000000000002,-1.336410001018573,0.009575987353645567,9.844676337277281,0.0,0.0,0.009177755582490005,0.01888097592945573,0.9998217384853919,0.0
22.096,-1.3206968484726909,0.009523354301038,9.812681689446277,0.0,0.0,0.009322613778459775,0.019030109224485555,0.9998189110748527,0.0
22.112000000000002,-1.2880834417668707,0.00933861837806277,9.733485758154888,0.0,0.0,0.009470569485477094,0.019181631064746144,0.9998160155897163,0.0
22.128,-1.260100504126976,0.009418596653964047,9.831612760079075,0.0,0.0,0.009626197995319571,0.01933563242185759,0.9998130491841196,0.0
22.144000000000002,-1.232622442850251,0.009279350547503628,9.80911099783461,0.0,0.0,0.009788526596525458,0.01949220980458927,0.9998100088301446,0.0
22.16,-1.207507361127298,0.009256958554915042,9.888136292726498,0.0,0.0,0.009955545506269505,0.01965146571452022,0.999806891302151,0.0
22.176000000000002,-1.1783135380576466,0.009284431951904907,9.832532273954943,0.0,0.0,0.010128520112542113,0.019813509149205707,0.9998036931594095,0.0
22.192,-1.1560363527006783,0.00917956106698738,9.804311154816736,0.0,0.0,0.010312370656053772,0.019978456159208936,0.9998004107268085,0.0
22.208000000000002,-1.1411952510773402,0.0091067244027616,9.770595594490626,0.0,0.0,0.010501288925129335,0.020146430466310303,0.9997970400733673,0.0
22.224,-1.1147405912894803,0.009140494791958158,9.828652457185349,0.0,0.0,0.010697543273190955,0.020317564150352085,0.9997935769882683,0.0
22.240000000000002,-1.085204231403934,0.00908057589823555,9.848737392779006,0.0,0.0,0.010905192607626003,0.02049199841509616,0.9997900169540382,0.0
22.256,-1.0655503377155098,0.009124704852296099,9.734073999425632,0.0,0.0,0.011119629233704636,0.020669884443242737,0.9997863551164834,0.0
22.272000000000002,-1.0449028158021176,0.009058943851475355,9.817083742294395,0.0,0.0,0.011347779309962449,0.02085138435428014,0.9997825862508859,0.0
22.288,-1.017022447558968,0.009093987136577508,9.817879384539966,0.0,0.0,0.011584302568143828,0.02103667227951271,0.9997787047239026,0.0
22.304000000000002,-1.0019190278168422,0.009155174277324788,9.78033755094564,0.0,0.0,0.011832028080901587,0.021225935572587944,0.9997747044504919,0.0
22.32,-0.9828229401241453,0.009038182504766996,9.876471677504437,0.0,0.0,0.012093479766686606,0.021419376176094858,0.9997705788450804,0.0
22.336000000000002,-0.9637842751594202,0.009053387976653508,9.782526852389452,0.0,0.0,0.012367025633280283,0.021617212169279688,0.999766320766022,0.0
22.352,-0.9386493680751472,0.009093081656774606,9.855663399438825,0.0,0.0,0.012655247475288569,0.021819679526189757,0.9997619224522278,0.0
22.368000000000002,-0.9154020220334458,0.00918168833351663,9.774185360214574,0.0,0.0,0.012964002243847843,0.02202703411970393,0.9997573754506087,0.0
22.384,-0.8936169363521218,0.009161531679492338,9.837351145582229,0.0,0.0,0.013285431340014309,0.022239554013999262,0.9997526705326967,0.0
22.400000000000002,-0.8853511688998554,0.009142533425280852,9.723870061328167,0.0,0.0,0.013630982717218314,0.022457542096276546,0.9997477975984713,0.0
22.416,-0.8655667612251511,0.009231171345013993,9.804082886686025,0.0,0.0,0.013990462707080717,0.022681329110263417,0.9997427455649738,0.0
22.432000000000002,-0.8423139325684436,0.009289300465538407,9.785932217121708,0.0,0.0,0.014375110157409129,0.022911277167149673,0.9997375022367472,0.0
22.448,-0.8270180303861863,0.009357038897262606,9.818900962140166,0.0,0.0,0.014784028808372637,0.023147783827035973,0.9997320541544603,0.0
22.464000000000002,-0.813095758950204,0.009440817071155695,9.878980678421314,0.0,0.0,0.015222707533997275,0.023391286865737968,0.999726386417186,0.0
22.48,-0.7926721464162031,0.009461419652032984,9.865835493448614,0.0,0.0,0.015691577823647947,0.02364226986998022,0.9997204824726736,0.0
22.496000000000002,-0.7735825217401107,0.00954528436823854,9.925479882176763,0.0,0.0,0.016191620843370277,0.023901268839604355,0.9997143238685025,0.0
22.512,-0.757927471024375,0.009716508005714986,9.773521465268562,0.0,0.0,0.01673280681581968,0.024168880022250507,0.9997078899550959,0.0
22.528,-0.7433729705689326,0.009859091067571829,9.73703880773533,0.0,0.0,0.017309129685408906,0.024445769267463308,0.9997011575290498,0.0
22.544,-0.7324296802388055,0.00987234766519291,9.786576186910782,0.0,0.0,0.017935571909196788,0.024732683267480838,0.9996941004019132,0.0
22.56,-0.7166986508094919,0.010095557793480023,9.791850662071397,0.0,0.0,0.018617598085815878,0.025030463160219736,0.999686688875062,0.0
22.576,-0.7004176710873364,0.01027220048841404,9.798665530176969,0.0,0.0,0.019353591616276165,0.025340061116321304,0.999678889095204,0.0
22.592,-0.6861437493886119,0.010269499191548194,9.800120477078819,0.0,0.0,0.02015942404029681,0.025662560730633673,0.9996706622566986,0.0
22.608,-0.6699239308913056,0.010654902730927862,9.829027106638238,0.0,0.0,0.021049690448464616,0.02599920231514169,0.9996619636051861,0.0
22.624,-0.6548729854485551,0.010885869755699747,9.82027505028913,0.0,0.0,0.022018460813052275,0.02635141457754987,0.9996527411805374,0.0
22.64,-0.6399929579085758,0.011025100729947541,9.816229356441484,0.0,0.0,0.023097381621972723,0.02672085472101606,0.9996429342135013,0.0
22.656,-0.6270238403629591,0.011422138442995377,9.811414876731563,0.0,0.0,0.024300128116656057,0.027109459800386433,0.9996324710559032,0.0
22.672,-0.6168150143598965,0.011820220964855313,9.862585603482803,0.0,0.0,0.025633169815508,0.027519513348777665,0.999621266472981,0.0
22.688,-0.5997168048386944,0.012080362761599498,9.826182811018988,0.0,0.0,0.027145747542507894,0.027953733062856447,0.9996092180486585,0.0
22.704,-4.975936710556291,0.010649452956540316,9.784278930188044,0.0,0.0,-0.020852499775210503,0.027620248734337216,0.9996184881542824,0.0
22.72,-5.011663834077996,-0.01338044897512822,9.754631207117914,0.0,0.0,-0.06884638100479135,0.026519039435375272,0.9996483084302326,0.0
22.736,-4.995066786318167,-0.029671398212826595,9.763247212986085,0.0,0.0,-0.1168477783662477,0.02465003909556087,0.9996961416213367,0.0
22.752,-4.9968957632027875,-0.03827668129474507,9.765867538929541,0.0,0.0,-0.16484401455519135,0.022013146245234122,0.9997576813370258,0.0
22.768,-5.03148985690069,-0.039291472879446385,9.809162450234945,0.0,0.0,-0.21285552024567087,0.01860824055288178,0.9998268517015965,0.0
22.784,-3.3959487214591695,-0.025788192679364233,9.840906280916638,0.0,0.0,-0.260833882029205,0.01443520615834839,0.9998958069834907,0.0
22.8,0.0,0.0,9.758046283464411,0.0,0.0,-0.3088747053486033,0.009493961802876554,0.9999549313290502,0.0
22.816,0.0,0.0,9.858589959214285,0.0,0.0,-0.35681165149626254,0.0037844977569509706,0.9999928387627222,0.0
22.832,0.0,0.0,9.83967570154458,0.0,0.0,-0.40487525163721216,-0.0026930804564434347,0.9999963736522524,0.0
22.848,0.0,0.0,9.841587505486054,0.0,0.0,-0.4528585486845395,-0.009938501547363122,0.9999506118739032,0.0
22.864,0.0,0.0,9.798463934720592,0.0,0.0,-0.5008248991270301,-0.017951271165903653,0.9998388629491896,0.0
22.88,0.0,0.0,9.86771840005564,0.0,0.0,-0.5488006122769042,-0.026730607844787993,0.9996426734609966,0.0
22.896,0.0,0.0,9.832041827116925,0.0,0.0,-0.596907301573163,-0.03627537220744508,0.999341832093109,0.0
22.912,0.0,0.0,9.77056177836562,0.0,0.0,-0.6449054844761352,-0.046583989477973806,0.9989143766731543,0.0
22.928,0.0,0.0,9.82161263324354,0.0,0.0,-0.6928023805242977,-0.05765436534575751,0.9983366036345547,0.0
22.944,0.0,0.0,9.807126549868379,0.0,0.0,-0.7408645121863211,-0.06948379525417231,0.9975830803482366,0.0
22.96,0.0,0.0,9.832580563191183,0.0,0.0,-0.7888195748456569,-0.0820688672028051,0.9966266608093767,0.0
22.976,0.0,0.0,9.829729964697293,0.0,0.0,-0.836893489540227,-0.09540535817622631,0.9954385051982196,0.0
22.992,0.0,0.0,9.76808636398176,0.0,0.0,-0.8848232835935742,-0.10948812433915535,0.9939881038667886,0.0
23.008,0.0,0.0,9.799538539836938,0.0,0.0,-0.9329154230959151,-0.12431098516887461,0.9922433063348646,0.0
23.024,0.0,0.0,9.796536013788723,0.0,0.0,-0.9807182482713461,-0.13986660173033416,0.9901703559087235,0.0
23.04,0.0,0.0,9.863407567677877,0.0,0.0,-1.028887633640499,-0.15614634933834518,0.9877339305644549,0.0
23.056,0.0,0.0,9.760944150785228,0.0,0.0,-1.0767878106842252,-0.17314018489459834,0.9848971907639215,0.0
23.072,0.0,0.0,9.793893694239177,0.0,0.0,-1.124945638787163,-0.1908365092347401,0.9816218348952406,0.0
23.088,0.0,0.0,9.833736664419394,0.0,0.0,-1.1727148211144816,-0.20922202487328054,0.9778681630505844,0.0
23.104,0.0,0.0,9.856675942399608,0.0,0.0,-1.220969921650078,-0.2282815895909611,0.9735951498717648,0.0
23.12,0.0,0.0,9.807207976668701,0.0,0.0,-1.269110737912603,-0.24799806637100028,0.9687605272079604,0.0
23.136,0.0,0.0,9.899223470999996,0.0,0.0,-1.3170971077162783,-0.26835217025720015,0.9633208773395554,0.0
23.152,0.0,0.0,9.777483066578657,0.0,0.0,-1.3647809664232984,-0.2893223127781633,0.9572317375268617,0.0
23.168,0.0,0.0,9.76196770860121,0.0,0.0,-1.4127693346016348,-0.3108844446578452,0.9504477166418904,0.0
23.184,0.0,0.0,9.856125513893078,0.0,0.0,-1.460832812448589,-0.3330118976132818,0.9429226246347052,0.0
23.2,0.0,0.0,9.825636712005545,0.0,0.0,-1.499929315268243,-0.35554288871528306,0.9346599671987625,0.0
23.216,0.0,0.0,9.804959909091789,0.0,0.0,-1.5001448616639634,-0.37786911659928835,0.9258590231349876,0.0
23.232,0.0,0.0,9.862392484591542,0.0,0.0,-1.4999567499020146,-0.3999777232095952,0.9165248610572811,0.0
23.248,0.0,0.0,9.832884567875832,0.0,0.0,-1.499951651776457,-0.4218559758223087,0.9066628566688986,0.0
23.264,0.0,0.0,9.729744600161462,0.0,0.0,-1.5001763805096142,-0.4434912743783348,0.8962786896664904,0.0
23.28,0.0,0.0,9.821111906147674,0.0,0.0,-1.4999756112184495,-0.4648711587399613,0.8853783404690707,0.0
23.296,0.0,0.0,9.831500824007867,0.0,0.0,-1.500114953260651,-0.48598331586687565,0.8739680867737887,0.0
23.312,0.0,0.0,9.716643402018809,0.0,0.0,-1.5000300633344383,-0.5068155869074468,0.862054499940497,0.0
23.328,0.0,0.0,9.698399762252862,0.0,0.0,-1.5000210703499828,-0.5273559742012189,0.8496444412071931,0.0
23.344,0.0,0.0,9.820843982080763,0.0,0.0,-1.4996744716345554,-0.5475926481885673,0.8367450577385157,0.0
23.36,0.0,0.0,9.786148024798367,0.0,0.0,-1.500024454742518,-0.5675139542235442,0.8233637785095704,0.0
23.376,0.0,0.0,9.804700899438252,0.0,0.0,-1.4997370439512125,-0.5871084192859886,0.809508310027456,0.0
23.392,0.0,0.0,9.809971044549664,0.0,0.0,-1.4997092308306361,-0.6063647585890342,0.7951866318929552,0.0
23.408,0.0,0.0,9.770175666392014,0.0,0.0,-1.5000376564954676,-0.6252718820782089,0.7804069922049485,0.0
23.424,0.0,0.0,9.787598235687636,0.0,0.0,-1.5001641360933604,-0.6438189008183897,0.7651779028101899,0.0
23.44,0.0,0.0,9.825906493681684,0.0,0.0,-1.4999401511383446,-0.661995133264927,0.7495081344011896,0.0
23.456,0.0,0.0,9.822041876233383,0.0,0.0,-1.4999472725078558,-0.6797901114153218,0.7334067114650265,0.0
23.472,0.0,0.0,9.787202223661371,0.0,0.0,-1.499899313522738,-0.6971935868379336,0.7168829070859876,0.0
23.488,0.0,0.0,9.78551521534528,0.0,0.0,-1.4999663661149358,-0.714195536574226,0.6999462376050416,0.0
23.504,0.0,0.0,9.824404365463591,0.0,0.0,-1.5000858938073063,-0.7307861689111572,0.682606457139217,0.0
23.52,0.0,0.0,9.79743157792166,0.0,0.0,-1.485287241079865,-0.7467985962565407,0.6650502662425303,0.0
23.536,0.0,0.0,9.82281888167916,0.0,0.0,-1.438822840020854,-0.7619085747052552,0.6476845866551145,0.0
23.552,0.0,0.0,9.79829037178411,0.0,0.0,-1.4146879379136712,-0.7763717167978365,0.6302753028291527,0.0
23.568,0.0,0.0,9.874235791114232,0.0,0.0,-1.376852502230233,-0.7900666726988447,0.6130209235340803,0.0
23.584,0.0,0.0,9.709990481002501,0.0,0.0,-1.3495465116114613,-0.8031161036755134,0.595822560849337,0.0
23.6,0.0,0.0,9.760451125472747,0.0,0.0,-1.316327347815494,-0.815483744626996,0.5787799774086283,0.0
23.616,0.0,0.0,9.831104508348618,0.0,0.0,-1.2878081691504877,-0.8272355483411725,0.5618552727888915,0.0
23.632,0.0,0.0,9.808080224900985,0.0,0.0,-1.2574160099982725,-0.8383704121977292,0.5451009557425208,0.0
23.648,0.0,0.0,9.78661826371101,0.0,0.0,-1.2294304248372345,-0.8489297246977042,0.5285057450252364,0.0
23.664,0.0,0.0,9.748717082575421,0.0,0.0,-1.2010189059863137,-0.8589264252176473,0.5120990100193842,0.0
23.68,0.0,0.0,9.758864074900178,0.0,0.0,-1.1735505033297287,-0.8683908421357595,0.49588037397617035,0.0
23.696,0.0,0.0,9.855851196831637,0.0,0.0,-1.1466555889929873,-0.8773410350563692,0.47986738606225243,0.0
23.712,0.0,0.0,9.85389576603002,0.0,0.0,-1.120421747847173,-0.8858019274547463,0.4640635143139961,0.0
23.728,0.0,0.0,9.876537455259804,0.0,0.0,-1.0944933216692385,-0.8937929397559566,0.44847985555920444,0.0
23.744,0.0,0.0,9.84754571725618,0.0,0.0,-1.069512129455707,-0.9013359566805115,0.4331206450803599,0.0
23.76,0.0,0.0,9.827514976977815,0.0,0.0,-1.0447519224847188,-0.9084501860996733,0.4179931331678416,0.0
23.776,0.0,0.0,9.844870841520944,0.0,0.0,-1.0206910126291957,-0.9151554711906875,0.4031010587306254,0.0
23.792,0.0,0.0,9.813265399040306,0.0,0.0,-0.997412335882567,-0.9214701624478534,0.3884491468884011,0.0
23.808,0.0,0.0,9.746792951280348,0.0,0.0,-0.9742103519010986,-0.9274124948397562,0.3740401909088108,0.0
23.824,0.0,0.0,9.81904299831137,0.0,0.0,-0.9516808739460266,-0.9329997138720841,0.3598771094618399,0.0
23.84,0.0,0.0,9.859614384243073,0.0,0.0,-0.9296166715994509,-0.9382486512425191,0.3459616574731855,0.0
23.856,0.0,0.0,9.844905101903745,0.0,0.0,-0.9078770238240415,-0.94317537198772,0.3322953771508508,0.0
23.872,0.0,0.0,9.827146898672826,0.0,0.0,-0.8868081145082357,-0.9477954195223274,0.31887904091127645,0.0
23.888,0.0,0.0,9.811624544337366,0.0,0.0,-0.866132263011895,-0.9521236790541027,0.30571310044628464,0.0
23.904,0.0,0.0,9.777102790628609,0.0,0.0,-0.8459741035991829,-0.9561744869226186,0.29279745654337075,0.0
23.92,0.0,0.0,9.792087731927307,0.0,0.0,-0.8262714759822573,-0.9599615837007871,0.2801316794271523,0.0
23.936,0.0,0.0,9.817603522644397,0.0,0.0,-0.8068658239333614,-0.9634981681434249,0.26771492297640953,0.0
23.952,0.0,0.0,9.789450516057096,0.0,0.0,-0.7879472585587832,-0.9667968874305574,0.2555460397943717,0.0
23.968,0.0,0.0,9.906078855138247,0.0,0.0,-0.7694683821048385,-0.9698698686021807,0.243623557928187,0.0
23.984,0.0,0.0,9.832958129673655,0.0,0.0,-0.7513397239936612,-0.9727287240978362,0.23194574649041466,0.0
24.0,0.0,0.0,9.818225307269028,0.0,0.0,-0.7337479507029228,-0.9753845740035112,0.22051061832934346,0.0
24.016000000000002,0.0,0.0,9.821507787342469,0.0,0.0,-0.7164260599352977,-0.9778480577582355,0.209315971532147,0.0
24.032,0.0,0.0,9.785394004157837,0.0,0.0,-0.6995464819645575,-0.9801293525273046,0.1983594018805435,0.0
24.048000000000002,0.0,0.0,9.81336516987318,0.0,0.0,-0.6828693349291336,-0.9822381872173752,0.18763833182994596,0.0
24.064,0.0,0.0,9.849772888841196,0.0,0.0,-0.6667964831263957,-0.9841838590355975,0.1771500257233949,0.0
24.080000000000002,0.0,0.0,9.821202510814366,0.0,0.0,-0.650857611381497,-0.9859752481480657,0.16689161165067745,0.0
24.096,0.0,0.0,9.80401587039509,0.0,0.0,-0.6354305550703252,-0.9876208331817673,0.15686009647246743,0.0
24.112000000000002,0.0,0.0,9.779830384160759,0.0,0.0,-0.6201746951099308,-0.989128705783597,0.1470523831662266,0.0
24.128,0.0,0.0,9.79782033617438,0.0,0.0,-0.6055150177808943,-0.9905065853147185,0.13746528452004314,0.0
24.144000000000002,0.0,0.0,9.745552524485365,0.0,0.0,-0.5908264608511926,-0.9917618329639286,0.1280955372994259,0.0
24.16,0.0,0.0,9.798842078343617,0.0,0.0,-0.5766318386565562,-0.9929014656972325,0.1189398142603553,0.0
24.176000000000002,0.0,0.0,9.813539756621438,0.0,0.0,-0.5628002909227721,-0.9939321697570598,0.1099947358832383,0.0
24.192,0.0,0.0,9.840486371660242,0.0,0.0,-0.549236987712466,-0.994860313869673,0.10125688069033054,0.0
24.208000000000002,0.0,0.0,9.81812522949555,0.0,0.0,-0.5358920892411078,-0.9956919620469472,0.0927227950134209,0.0
24.224,0.0,0.0,9.781242225592026,0.0,0.0,-0.5228820041994323,-0.9964328860421267,0.08438900173457614,0.0
24.240000000000002,0.0,0.0,9.77675422937991,0.0,0.0,-0.5101775969378604,-0.9970885774157,0.0762520084137836,0.0
24.256,0.0,0.0,9.745273992052354,0.0,0.0,-0.49774186836003864,-0.9976642592346304,0.06830831461700815,0.0
24.272000000000002,0.0,0.0,9.80570528499644,0.0,0.0,-0.48565161865808876,-0.9981648973899809,0.06055441865338328,0.0
24.288,0.0,0.0,9.793917072123072,0.0,0.0,-0.47374772344558763,-0.9985952115438343,0.05298682366140416,0.0
24.304000000000002,0.0,0.0,9.772711453667075,0.0,0.0,-0.4621191268885209,-0.9989596857029676,0.04560204315848485,0.0
24.32,0.0,0.0,9.80864069215498,0.0,0.0,-0.45072839865591197,-0.9992625784267397,0.03839660604720279,0.0
24.336000000000002,0.0,0.0,9.870237200761895,0.0,0.0,-0.43960846834239947,-0.9995079326723441,0.031367061147913586,0.0
24.352,0.0,0.0,9.835028845296025,0.0,0.0,-0.42874746383532714,-0.9996995852845146,0.024509981272327244,0.0
24.368000000000002,0.0,0.0,9.80643265604588,0.0,0.0,-0.41812463976802916,-0.9998411761356569,0.017821966885457393,0.0
24.384,0.0,0.0,9.78347888485558,0.0,0.0,-0.4077324989890352,-0.9999361569240004,0.011299649377784776,0.0
24.400000000000002,5.010916661122652,0.028833062403453378,9.804147656973235,0.0,0.0,-0.35961376380592613,-0.999984627292113,0.0055448335821667695,0.0
24.416,4.97780499019084,-0.0038273127369616838,9.75643177802534,0.0,0.0,-0.31167270665076596,-0.9999998444136359,0.000557828561540042,0.0
24.432000000000002,5.00786409662345,-0.028666060263607247,9.83367399459421,0.0,0.0,-0.26367699424982677,-0.9999932977822114,-0.003661200712541036,0.0
24.448,4.9999739143770645,-0.04593270154534838,9.859508331703717,0.0,0.0,-0.2156765591116048,-0.9999747080622187,-0.0071121892466941014,0.0
24.464000000000002,5.005920804530205,-0.05599034190068106,9.826911156822892,0.0,0.0,-0.16769101416468662,-0.999952026517374,-0.009795134700299255,0.0
24.48,4.980208933459313,-0.057621306422161456,9.818142507845334,0.0,0.0,-0.11969792945827204,-0.9999314348165601,-0.011710066852746141,0.0
24.496000000000002,5.034799996934584,-0.05177212126321151,9.734184542027679,0.0,0.0,-0.07168851034268012,-0.9999173450527414,-0.01285702386546244,0.0
24.512,4.966316949682233,-0.038249219443499904,9.823352191422833,0.0,0.0,-0.023691555074313045,-0.9999123998473568,-0.013236035339166459,0.0
24.528000000000002,4.986915770515621,-0.016867945839845185,9.799352711146758,0.0,0.0,0.022417637006897077,-0.9999170834193447,-0.012877355557385572,0.0
24.544,4.9929405652769985,0.014396038872042273,9.758160095833528,0.0,0.0,0.022090233431659983,-0.9999215728221964,-0.012523905332800756,0.0
24.560000000000002,5.007661513036398,0.015937152351520937,9.820669560504705,0.0,0.0,0.021773735725192225,-0.9999258752192716,-0.012175552019261406,0.0
24.576,5.018257552821739,0.01749585054244256,9.773180287036745,0.0,0.0,0.02146223006017962,-0.9999299974706487,-0.011832166257642641,0.0
24.592,4.96984128005729,0.018839936251566967,9.854254704198429,0.0,0.0,0.02115972965225807,-0.9999339461468257,-0.011493621850274029,0.0
24.608,5.0186170029132215,0.020348830668779492,9.788704736360177,0.0,0.0,0.020866070745384352,-0.9999377275417107,-0.011159795639687095,0.0
24.624,5.034223972534011,0.021568305603420865,9.827424820812267,0.0,0.0,0.020578692963997516,-0.9999413476849427,-0.010830567391438733,0.0
24.64,5.009770765925615,0.022931224132380287,9.858564663502198,0.0,0.0,0.020297579036274622,-0.9999448123535795,-0.010505819680769897,0.0
24.656,4.993988195686228,0.024325520914515193,9.840135624525365,0.0,0.0,0.020024694278779218,-0.9999481270831859,-0.010185437782868149,0.0
24.672,5.007669339730937,0.025617725495967473,9.815477083202623,0.0,0.0,0.019755058150621754,-0.9999512971783577,-0.009869309566520082,0.0
24.688,4.975275156356985,0.026901481203251285,9.842513648271272,0.0,0.0,0.019500549349309025,-0.9999543277227074,-0.009557325390940567,0.0
24.704,5.027507191797843,0.028042169888390523,9.890565014626006,0.0,0.0,0.019247499135320232,-0.9999572235883444,-0.009249378005565313,0.0
24.72,4.980872737453282,0.029281533518050264,9.754586567465214,0.0,0.0,0.019003429709533573,-0.9999599894448733,-0.008945362452624799,0.0
24.736,4.997314039212536,0.030504754912450104,9.738068176389767,0.0,0.0,0.018764642893844434,-0.9999626297679372,-0.008645175972288496,0.0
24.752,4.975619354925266,0.03148118218543428,9.75008584549536,0.0,0.0,0.018530462364768945,-0.9999651488473266,-0.00834871791020197,0.0
24.768,5.029872435111655,0.03270104468154456,9.775053075826753,0.0,0.0,0.018303693342735336,-0.9999675507946815,-0.008055889627230941,0.0
24.784,5.005176307049412,0.033447169540267024,9.819811012768945,0.0,0.0,0.01808036438447924,-0.9999698395507994,-0.007766594411225149,0.0
24.8,4.997187042964484,0.03463544667882057,9.786923566727625,0.0,0.0,0.017864837211604565,-0.999972018892575,-0.007480737390629306,0.0
24.816,5.013549536835081,0.035801889267649774,9.746811634816014,0.0,0.0,0.01765363978364612,-0.9999740924395863,-0.007198225449762328,0.0
24.832,5.011738750659773,0.03673845822028309,9.79809358343161,0.0,0.0,0.01745226077449004,-0.999976063660345,-0.006918967145586187,0.0
24.848,4.9678285283545645,0.03779206453297771,9.83696461161953,0.0,0.0,0.017256990953600376,-0.999977935878226,-0.006642872625793708,0.0
24.864,4.9769822599857365,0.03862635308455027,9.819220793053743,0.0,0.0,0.017061637987844804,-0.9999797122770926,-0.006369853548030555,0.0
24.88,5.012730413385753,0.039687490290873303,9.858840515309838,0.0,0.0,0.01687711710095681,-0.9999813959066277,-0.006099823000079958,0.0
24.896,1.241804742608196,0.041509278537974405,9.81303874169061,0.0,0.0,0.016698283720852004,-0.9999829896873885,-0.005832695420828923,0.0
24.912,1.6668437826241103e-05,0.041551079031794856,9.831989948251291,0.0,0.0,0.016518863063796366,-0.9999844962246932,-0.0055684208036638075,0.0
24.928,1.625937588310907e-05,0.0413826019948332,9.771321984970056,0.0,0.0,0.016342499690364182,-0.9999859179823365,-0.005306961185452612,0.0
24.944,1.594819613549214e-05,0.04097349462702409,9.7614316760395,0.0,0.0,0.016167507785884716,-0.9999872573579396,-0.005048279087594808,0.0
24.96,1.556639890111018e-05,0.04047212457318226,9.812401432176395,0.0,0.0,0.015996277168713303,-0.9999885166846668,-0.0047923375089630365,0.0
24.976,1.527220003018869e-05,0.0398752714753649,9.824400392350368,0.0,0.0,0.015828691937713805,-0.9999896982328998,-0.0045390999189241065,0.0
24.992,1.5102822664798422e-05,0.039660328289509515,9.828081482611026,0.0,0.0,0.015659739641894054,-0.9999908042118643,-0.004288530250453341,0.0
25.008,1.4563535637880629e-05,0.039043440791656635,9.840876524320684,0.0,0.0,0.015496005824562023,-0.9999918367712161,-0.004040592893327295,0.0
25.024,1.423372987392244e-05,0.038662784267466756,9.883141623805855,0.0,0.0,0.015332531519254896,-0.999992798002585,-0.003795252687400278,0.0
25.04,1.400918456924232e-05,0.038415107410456534,9.820021321199615,0.0,0.0,0.015172874677816181,-0.9999936899410775,-0.00355247491596054,0.0
25.056,1.370286887687888e-05,0.03801675603529189,9.82210231906413,0.0,0.0,0.015016772960468685,-0.9999945145667388,-0.0033122252991715467,0.0
25.072,1.3384223488697364e-05,0.03781214143572926,9.82503816292622,0.0,0.0,0.014859749459834008,-0.9999952738059793,-0.003074469987580238,0.0
25.088,1.315184442377583e-05,0.037105072782082256,9.82744003968441,0.0,0.0,0.014705497898783233,-0.9999959695329598,-0.0028391755557127495,0.0
25.104,1.2859806393843066e-05,0.036710830146340266,9.857851957820637,0.0,0.0,0.014552958888043827,-0.9999966035709416,-0.002606308995738834,0.0
25.12,1.2666318228810935e-05,0.03635594736346889,9.856965167698274,0.0,0.0,0.01440156129846203,-0.9999971776936023,-0.0023758377112101546,0.0
25.136,1.2384412717801406e-05,0.03604795001610302,9.77256108438029,0.0,0.0,0.014256937654687631,-0.9999976936263144,-0.0021477295108740697,0.0
25.152,1.2127616818200956e-05,0.03565822440511832,9.86261074830562,0.0,0.0,0.014112260140692478,-0.9999981530473913,-0.001921952602553226,0.0
25.168,1.1818188734249948e-05,0.03543050941286579,9.819886367410078,0.0,0.0,0.013966156371918495,-0.9999985575892998,-0.0016984755870963456,0.0
25.184,1.1586148365121477e-05,0.034922772097673395,9.735087574224837,0.0,0.0,0.013823918963281775,-0.9999989088398418,-0.0014772674523993922,0.0
25.2,1.1431823724868715e-05,0.034428628041989,9.83573522054775,0.0,0.0,0.013685900905561942,-0.9999992083433026,-0.0012582975674858472,0.0
25.216,1.1146837142984897e-05,0.03439987825782771,9.808834558590762,0.0,0.0,0.013549492679397425,-0.99999945760157,-0.0010415356766594827,0.0
25.232,1.0915753265908636e-05,0.0336804334989029,9.804774719730457,0.0,0.0,0.013413150689737632,-0.9999996580752243,-0.0008269518937148188,0.0
25.248,1.0694058742667656e-05,0.03364547033952381,9.866809629867788,0.0,0.0,0.01327705884218806,-0.9999998111845974,-0.0006145166962119672,0.0
25.264,1.0557532901803986e-05,0.03299636734315749,9.849326896863904,0.0,0.0,0.013144040712218896,-0.999999918310805,-0.0004042009198083802,0.0
25.28,1.033808803076516e-05,0.03294557279771773,9.91769615464245,0.0,0.0,0.013010871645478672,-0.999999980796752,-0.00019597575265554215,0.0
25.296,1.006289901413585e-05,0.032380958312828834,9.836212850188836,0.0,0.0,0.012883220128051365,-0.99999999994811,1.0187270154223205e-05,0.0
25.312,9.840532075793542e-06,0.03211025036754942,9.782614644702502,0.0,0.0,0.012756773660993316,-0.9999999770342675,0.0002143162720803448,0.0
25.328,9.755019924676701e-06,0.031782291231353996,9.794581388933757,0.0,0.0,0.012633707374589635,-0.999999913289259,0.0004164390405759422,0.0
25.344,9.481259257138655e-06,0.03154455101885275,9.852181830724252,0.0,0.0,0.012508593194290237,-0.999999809912664,0.0006165830324721827,0.0
25.36,9.344010301112213e-06,0.031352129906241546,9.784818379562001,0.0,0.0,0.012387859974371956,-0.9999996680704856,0.0008147753793181164,0.0
25.376,9.118318343326214e-06,0.031065897783273472,9.751917669862118,0.0,0.0,0.012267964153127572,-0.999999488896004,0.0010110428926661786,0.0
25.392,8.920154349343125e-06,0.030594638626664367,9.683775390726284,0.0,0.0,0.01214657715250755,-0.9999992734906077,0.0012054120693086481,0.0
25.408,8.83852392518259e-06,0.030361360101773822,9.79733638052567,0.0,0.0,0.012029096135453861,-0.9999990229246017,0.0013979090964739102,0.0
25.424,8.633776045709362e-06,0.03022809247177415,9.802677475752006,0.0,0.0,0.011913356447611503,-0.9999987382379946,0.001588559856970937,0.0
25.44,8.450340398782111e-06,0.029777526540009282,9.797853802781592,0.0,0.0,0.011802736734825537,-0.9999984204412634,0.001777389934296386,0.0
25.456,8.320629531608902e-06,0.02962799987867374,9.877155326666827,0.0,0.0,0.011690523003812358,-0.9999980705160993,0.0019644246176929625,0.0
25.472,8.15929457382061e-06,0.02923116873661677,9.800076178467366,0.0,0.0,0.01157891680085796,-0.9999976894161318,0.0021496889071787686,0.0
25.488,7.960677742322767e-06,0.029019963058716746,9.805057934465273,0.0,0.0,0.011468984651307019,-0.9999972780676333,0.002333207518525413,0.0
25.504,7.879968286418474e-06,0.028727051655705632,9.840744723309461,0.0,0.0,0.011361680809958996,-0.9999968373702051,0.0025150048882105996,0.0
25.52,7.700582774958873e-06,0.028517118431405496,9.813901242967656,0.0,0.0,0.011255332975118382,-0.999996368197444,0.002695105178329632,0.0
25.536,7.546406713976109e-06,0.02812754960100802,9.856885804205048,0.0,0.0,0.011152190947625335,-0.999995871397591,0.0028735322814773495,0.0
25.552,7.445917803165146e-06,0.027990192744820678,9.84568905502654,0.0,0.0,0.011050110309530634,-0.9999953477941624,0.0030503098255944723,0.0
25.568,7.316596356790038e-06,0.027589041820171602,9.824139847346094,0.0,0.0,0.010946879597989992,-0.9999947981865627,0.003225461178791878,0.0
25.584,7.15592761852647e-06,0.027306688024299065,9.838282873189065,0.0,0.0,0.010847192155791979,-0.9999942233506807,0.0033990094541399055,0.0
25.6,7.044799739441349e-06,0.02714058207606691,9.792951117256544,0.0,0.0,0.010750673205592764,-0.9999936240394692,0.003570977514436203,0.0
25.616,6.88061572457573e-06,0.02691300339588107,9.773191628982893,0.0,0.0,0.010651032646325971,-0.99999300098351,0.0037413879769521183,0.0
25.632,6.71572312428324e-06,0.026578006828629618,9.877764195626812,0.0,0.0,0.010554428420213828,-0.9999923548915586,0.003910263218150241,0.0
25.648,6.627303907860392e-06,0.02645411467254529,9.849663038595796,0.0,0.0,0.010459899818287963,-0.9999916864510794,0.0040776253783911184,0.0
25.664,6.521375732423762e-06,0.025968357640071764,9.790418223705558,0.0,0.0,0.01036744528576563,-0.9999909963287602,0.0042434963666166305,0.0
25.68,6.404678673967577e-06,0.02591275071564454,9.850423920205774,0.0,0.0,0.010273655026152526,-0.9999902851710168,0.00440789786502183,0.0
25.696,6.3345984724215165e-06,0.02558135996174509,9.828072555060219,0.0,0.0,0.010184488780175846,-0.9999895536044792,0.0045708513337127405,0.0
25.712,6.207001193229379e-06,0.025436346667583,9.796662315430474,0.0,0.0,0.010096626785265727,-0.9999888022364651,0.004732378015352338,0.0
25.728,6.109290094226592e-06,0.02515712916811164,9.809078851272666,0.0,0.0,0.010008388345789572,-0.9999880316554414,0.004892498939801813,0.0
25.744,5.969630306058936e-06,0.025193984841341426,9.85551274945928,0.0,0.0,0.009920339601976198,-0.9999872424314695,0.005051234928752633,0.0
25.76,5.870495773560441e-06,0.02475538537721431,9.820455082755766,0.0,0.0,0.009835950148732038,-0.9999864351166383,0.005208606600358058,0.0
25.776,5.780977682045139e-06,0.024720291529665317,9.752976186193651,0.0,0.0,0.00975416480463799,-0.999985610245485,0.00536463437386433,0.0
25.792,5.695547126481701e-06,0.02446420569346022,9.775109652666202,0.0,0.0,0.009668126852536452,-0.9999847683354016,0.005519338474241946,0.0
25.808,5.574216555491448e-06,0.024167821206286237,9.77852457054582,0.0,0.0,0.009587210513702048,-0.9999839098870315,0.005672738936825452,0.0
25.824,5.553422367651876e-06,0.02382957706753188,9.805345074040861,0.0,0.0,0.00950826880661483,-0.9999830353846509,0.0058248556119581815,0.0
25.84,5.375563633434842e-06,0.023657340641066123,9.803839929719803,0.0,0.0,0.009428363575108723,-0.9999821452965404,0.005975708169653252,0.0
25.856,5.305632680516191e-06,0.023545984733581764,9.808856099195319,0.0,0.0,0.009351071369154048,-0.9999812400753441,0.006125316104261946,0.0
25.872,5.220884589271063e-06,0.023416719593479542,9.77565962597014,0.0,0.0,0.009275023828323955,-0.9999803201584171,0.0062736987391667455,0.0
25.888,5.102418970228517e-06,0.02316623717020517,9.740038411833133,0.0,0.0,0.009199134063407059,-0.9999793859681618,0.00642087523149237,0.0
25.904,5.062149031404807e-06,0.02303972774717334,9.746652618430247,0.0,0.0,0.009125092722692822,-0.9999784379123529,0.006566864576843034,0.0
25.92,4.978600801807845e-06,0.02285669269646191,9.832389788662883,0.0,0.0,0.009051838446749998,-0.9999774763844523,0.0067116856140658895,0.0
25.936,4.85986568609855e-06,0.022574132653167402,9.799525375207333,0.0,0.0,0.0089778413138928,-0.9999765017639117,0.006855357030052192,0.0
25.952,4.813465325359842e-06,0.022527252878137474,9.902130813359157,0.0,0.0,0.008908319941344327,-0.9999755144164656,0.0069978973645708695,0.0
25.968,4.7507064020719455e-06,0.022274274142263434,9.792628571021135,0.0,0.0,0.008839859249290113,-0.9999745146944137,0.00713932501514601,0.0
25.984,4.68498175946555e-06,0.022095142751661287,9.738879554019423,0.0,0.0,0.008772285536843071,-0.9999735029368929,0.007279658241980051,0.0
26.0,4.5847491900004475e-06,0.021921438453018874,9.824837373556843,0.0,0.0,0.008704666123360126,-0.9999724794701387,0.0074189151729248635,0.0
26.016000000000002,4.504600707708529e-06,0.02151942274530403,9.738671215338755,0.0,0.0,0.008637211978834256,-0.9999714446077376,0.00755711380851252,0.0
26.032,4.4550824459791545e-06,0.02165571921832789,9.784757634943427,0.0,0.0,0.008572762379250877,-0.999970398650867,0.007694272027046349,0.0
26.048000000000002,4.409331880011635e-06,0.02127342928799043,9.810925664206245,0.0,0.0,0.008510192688700664,-0.9999693418885293,0.007830407589754573,0.0
26.064,4.324268078468483e-06,0.02127848016786118,9.803091101415632,0.0,0.0,0.008444127121458785,-0.9999682745977717,0.007965538146022412,0.0
26.080000000000002,4.262987100525784e-06,0.02119629778094621,9.821257342982957,0.0,0.0,0.008383132901394494,-0.9999671970438988,0.0080996812386985,0.0
26.096,4.205922511990373e-06,0.020963243825973008,9.770597623760573,0.0,0.0,0.008324908743897151,-0.9999661094806758,0.008232854309488894,0.0
26.112000000000002,4.136896710073977e-06,0.02078381642246792,9.783196859156075,0.0,0.0,0.008265555199763418,-0.9999650121505198,0.008365074704440903,0.0
26.128,4.0480814238261005e-06,0.02055601806154412,9.768057528298518,0.0,0.0,0.008206546954866742,-0.9999639052846838,0.008496359679530477,0.0
26.144000000000002,4.023468092526983e-06,0.02050970453460407,9.82192556162391,0.0,0.0,0.008150377800202016,-0.9999627891034297,0.008626726406351174,0.0
26.16,3.983247697154226e-06,0.020550100921788876,9.838870461225765,0.0,0.0,0.008091669109373591,-0.9999616638161916,0.008756191977923768,0.0
26.176000000000002,3.912925247878184e-06,0.02030069621683146,9.801576961041084,0.0,0.0,0.008037038541960312,-0.99996052962173,0.00888477341462564,0.0
26.192,3.843226960716939e-06,0.019948245725172977,9.827227116613969,0.0,0.0,0.007981798024493399,-0.999959386708277,0.00901248767025811,0.0
26.208000000000002,3.820589384404898e-06,0.01993377233185045,9.824277393242891,0.0,0.0,0.00792892933354763,-0.9999582352536693,0.009139351638250836,0.0
26.224,3.760761912972353e-06,0.019761748193456802,9.792639830653524,0.0,0.0,0.00787839077655847,-0.9999570754254733,0.00926538215802503,0.0
26.240000000000002,3.6873674206453316e-06,0.019623307484098237,9.759515912180104,0.0,0.0,0.007826221732795024,-0.9999559073811009,0.009390596021517053,0.0
26.256,3.692767419116744e-06,0.019693917350428955,9.833009416776896,0.0,0.0,0.0077757733191137855,-0.9999547312679123,0.009515009979881674,0.0
26.272000000000002,3.624831156507225e-06,0.01940313766007126,9.867481766591457,0.0,0.0,0.0077271664322424325,-0.9999535472233123,0.009638640750381428,0.0
26.288,3.579651142677857e-06,0.01940685672139955,9.809909278768053,0.0,0.0,0.007679627149850889,-0.9999523553748332,0.009761505023478311,0.0
26.304000000000002,3.5304136314434134e-06,0.01924450142786059,9.804289083283498,0.0,0.0,0.007632405636265983,-0.9999511558402088,0.00988361947014152,0.0
26.32,3.454838376467827e-06,0.019020741539828297,9.824436763753377,0.0,0.0,0.007585764115114425,-0.9999499487274376,0.010005000749389474,0.0
26.336000000000002,3.4433880031637587e-06,0.018967866753594388,9.827666023273256,0.0,0.0,0.007541592270055767,-0.9999487341348339,0.010125665516073419,0.0
26.352,3.3997427858330267e-06,0.018698260769396895,9.865084820303919,0.0,0.0,0.007498595395430582,-0.9999475121510699,0.010245630428931948,0.0
26.368000000000002,3.3710866922099284e-06,0.018608343311103098,9.78560012741972,0.0,0.0,0.007454447531637217,-0.9999462828552033,0.01036491215892591,0.0
26.384,3.321457871157486e-06,0.018652539973652755,9.733069321304015,0.0,0.0,0.007414086209090073,-0.9999450463166953,0.010483527397876875,0.0
26.400000000000002,3.2803750008400334e-06,0.018476334418712787,9.82984134147664,0.0,0.0,0.007372810101228396,-0.9999438025954168,0.010601492867430645,0.0
26.416,3.2556780516523595e-06,0.01843820287797384,9.84368477926752,0.0,0.0,0.007333792096653781,-0.9999425517416389,0.01071882532836864,0.0
26.432000000000002,3.197024183517039e-06,0.018319086279884295,9.781574353984638,0.0,0.0,0.007295942054185846,-0.9999412937960135,0.010835541590289642,0.0
26.448,3.1690414486141794e-06,0.018214133345765965,9.787656689318561,0.0,0.0,0.0072573048609340185,-0.9999400287895392,0.010951658521692942,0.0
26.464000000000002,3.1599116063545413e-06,0.01813587031775398,9.830614948081948,0.0,0.0,0.00722300626426044,-0.9999387567435127,0.01106719306048551,0.0
26.48,3.0882897446818833e-06,0.017984493875313444,9.821249575914395,0.0,0.0,0.007184573269960218,-0.9999374776694666,0.011182162224947199,0.0
26.496000000000002,3.080949943482968e-06,0.01791194511505457,9.830634132455828,0.0,0.0,0.007151131304706081,-0.9999361915690901,0.011296583125188546,0.0
26.512,3.0430853708724768e-06,0.017861329295100026,9.829157992206278,0.0,0.0,0.007118751230960825,-0.999934898434135,0.011410472975130983,0.0
26.528000000000002,3.031561621343261e-06,0.017702313582536003,9.776005690869509,0.0,0.0,0.007085585679554897,-0.9999335982463056,0.011523849105054476,0.0
26.544,3.0074075729658354e-06,0.01765943353480772,9.843170735939614,0.0,0.0,0.007056016866167002,-0.9999322909771282,0.011636728974749447,0.0
26.560000000000002,2.9839690576333227e-06,0.017646250662338683,9.785155752245085,0.0,0.0,0.007026113332730038,-0.9999309765878052,0.011749130187316485,0.0
26.576,2.944758725271263e-06,0.01763539937511947,9.787659807086202,0.0,0.0,0.006995370230694337,-0.9999296550290462,0.011861070503673356,0.0
26.592000000000002,2.9471050447532247e-06,0.01762063007638369,9.72386700837824,0.0,0.0,0.006968325452788676,-0.9999283262408815,0.011972567857802145,0.0
26.608,2.914109552545247e-06,0.017248409389702814,9.833874631105571,0.0,0.0,0.006941841590447946,-0.9999269901524515,0.012083640372818442,0.0
26.624000000000002,2.878546015833487e-06,0.01730791192209459,9.852960221243679,0.0,0.0,0.00691718318769118,-0.9999256466817731,0.012194306377898548,0.0
26.64,2.861241088735645e-06,0.01734027081909256,9.80364967284877,0.0,0.0,0.006891985081376121,-0.999924295735482,0.012304584426154569,0.0
26.656,2.8442217301539644e-06,0.017170111979198915,9.7983955731004,0.0,0.0,0.006869301839081725,-0.9999229372085474,0.01241449331351673,0.0
26.672,2.823418947153072e-06,0.017373691334763124,9.82615913122997,0.0,0.0,0.006848561660283502,-0.9999215709839592,0.012524052098708735,0.0
26.688,2.7988149280936888e-06,0.017215152330111578,9.826424089829727,0.0,0.0,0.006826713190074756,-0.9999201969323845,0.012633280124400598,0.0
26.704,2.8033594496335454e-06,0.017117442751263458,9.849018328789947,0.0,0.0,0.006807757532066464,-0.9999188149117925,0.012742197039635013,0.0
26.72,2.7665585178907645e-06,0.017031531065825476,9.764262579716096,0.0,0.0,0.00679102766295455,-0.9999174247670434,0.01285082282363697,0.0
26.736,2.76481941888668e-06,0.016885293235069786,9.85278516898886,0.0,0.0,0.006772046472847592,-0.9999160263294414,0.012959177811106452,0.0
26.752,2.7316295579985318e-06,0.016880695361158823,9.783133475092528,0.0,0.0,0.006756959181020675,-0.9999146194162473,0.013067282719134349,0.0
26.768,2.7558320990786475e-06,0.01689863273283689,9.79297832392662,0.0,0.0,0.006742453896468907,-0.9999132038301454,0.013175158675871365,0.0
26.784,2.7172738923028464e-06,0.016820053889915698,9.835704585443292,0.0,0.0,0.006730067609037269,-0.9999117793586682,0.013282827251097204,0.0
26.8,2.7229623398108726e-06,0.016812517643986575,9.828211419413785,0.0,0.0,0.006716749423109587,-0.9999103457735659,0.013390310488862418,0.0
26.816,2.6940258210587717e-06,0.01686801687217368,9.772458647502173,0.0,0.0,0.0067070623933813515,-0.9999089028301245,0.013497630942380545,0.0
26.832,2.7025973293938632e-06,0.01670665334105045,9.770807946584686,0.0,0.0,0.006698286653871869,-0.9999074502664226,0.013604811711371895,0.0
26.848,2.7050010529470023e-06,0.01681317221345194,9.773936428219326,0.0,0.0,0.006691033206811272,-0.9999059878025234,0.013711876482084443,0.0
26.864,2.6733615139540366e-06,0.016757656776122273,9.804126385882721,0.0,0.0,0.0066870109814760655,-0.9999045151395984,0.013818849570228824,0.0
26.88,2.674256767648693e-06,0.016770297792548305,9.756703734631449,0.0,0.0,0.006681926674050019,-0.9999030319589719,0.013925755967113618,0.0
26.896,2.6825460452010943e-06,0.016738400870046095,9.790060289191837,0.0,0.0,0.00667974872171435,-0.9999015379210823,0.014032621389265414,0.0
26.912,2.6833813726935487e-06,0.0166850662343951,9.777165019743927,0.0,0.0,0.0066793420143945025,-0.999900032664354,0.01413947233188214,0.0
26.928,2.6758808975128375e-06,0.016772982501059377,9.812857534429638,0.0,0.0,0.006679823147540353,-0.9998985158039645,0.0142463361264894,0.0
26.944,2.6723218005336673e-06,0.016646748467577566,9.90689615261854,0.0,0.0,0.006682439091392091,-0.9998969869305057,0.014353241003206871,0.0
26.96,2.665435500473794e-06,0.01686148432449452,9.851149829845697,0.0,0.0,0.006685664593525262,-0.99989544560852,0.014460216158108717,0.0
26.976,2.6854929796895267e-06,0.016791502038966878,9.819997301543394,0.0,0.0,0.006693295162633948,-0.9998938913749056,0.014567291826170769,0.0
26.992,2.680786732678973e-06,0.016672284098203424,9.757839175438866,0.0,0.0,0.006701793942049539,-0.9998923237371719,0.014674499360419008,0.0
27.008,2.715924413919702e-06,0.016748885777742466,9.78531761741607,0.0,0.0,0.006711959545598591,-0.9998907421715341,0.014781871317899015,0.0
27.024,2.7108629458995764e-06,0.01687688494611473,9.773344956542845,0.0,0.0,0.006724880470086143,-0.9998891461208252,0.01488944155323079,0.0
27.04,2.7138863109274342e-06,0.01675891500328481,9.797757006845032,0.0,0.0,0.006738700749553199,-0.9998875349922084,0.014997245320563929,0.0
27.056,2.7100354706111584e-06,0.016972161571348034,9.80247602023931,0.0,0.0,0.006755305640977837,-0.9998859081546659,0.015105319384872718,0.0
27.072,2.754332311247405e-06,0.016862882253475424,9.85268474322031,0.0,0.0,0.006774210139530672,-0.9998842649362396,0.015213702143652742,0.0
27.088,2.732722040631832e-06,0.017065022618995358,9.72309077027905,0.0,0.0,0.006795919504449419,-0.9998826046209943,0.015322433760224762,0.0
27.104,2.7771641982314045e-06,0.016986023585549712,9.82230207615045,0.0,0.0,0.006820713226243499,-0.9998809264456697,0.01543155631001615,0.0
27.12,2.8060601342870846e-06,0.016938498752656125,9.857645910823921,0.0,0.0,0.00684700089556695,-0.9998792295959855,0.015541113941376469,0.0
27.136,2.823617433749925e-06,0.017059448315745365,9.838148460151226,0.0,0.0,0.006879068700507876,-0.9998775132025525,0.01565115305271733,0.0
27.152,2.8385073451259117e-06,0.017168764542721277,9.84534155173498,0.0,0.0,0.006911627356663172,-0.9998757763363462,0.01576172248802209,0.0
27.168,2.8801184868889904e-06,0.017246683232273276,9.834413829563932,0.0,0.0,0.006947750669556737,-0.9998740180036778,0.015872873753071864,0.0
27.184,2.922650762877711e-06,0.017186524072802908,9.795325573357088,0.0,0.0,0.006987410271699518,-0.9998722371406057,0.01598466125510431,0.0
27.2,2.9595245533670713e-06,0.01760914834175327,9.80905824166893,0.0,0.0,0.007030913111152035,-0.9998704326067015,0.01609714256902551,0.0
27.216,2.971926911542885e-06,0.017459313426368372,9.817005372665651,0.0,0.0,0.0070778025456531704,-0.9998686031780909,0.016210378733816252,0.0
27.232,3.0293931962194167e-06,0.01765979517936139,9.750048335851611,0.0,0.0,0.007130272406987536,-0.9998667475396581,0.01632443458334756,0.0
27.248,3.049917505406774e-06,0.017916550978398532,9.774723899942051,0.0,0.0,0.00718509816494767,-0.9998648642762996,0.016439379116529467,0.0
27.264,-2.101414859959645,0.01832287605480125,9.861975956411227,0.0,0.0,0.007246937512069648,-0.9998629518630807,0.016555285912565748,0.0
27.28,-3.6613400749924367,0.018358386327816813,9.801607244776159,0.0,0.0,0.007307703044516285,-0.9998610093164132,0.01667219387974693,0.0
27.296,-2.9679346536027453,0.017775336993338223,9.799428821631647,0.0,0.0,0.0073705270235703375,-0.999859036122736,0.01679011267721849,0.0
27.312,-3.134299241887773,0.01795645649521203,9.851399588321442,0.0,0.0,0.007436721813470197,-0.9998570315512963,0.016909064357033533,0.0
27.328,-2.996645981648678,0.017579200146102897,9.855357994151474,0.0,0.0,0.0075019030274793745,-0.9998549949266747,0.017029066920391536,0.0
27.344,-2.944642627758127,0.017458865220893,9.833983080007602,0.0,0.0,0.007567019381084675,-0.9998529255187107,0.01715014086459364,0.0
27.36,-2.8837940733716043,0.01693896490814492,9.861724194405872,0.0,0.0,0.007635107349053088,-0.9998508225848647,0.0172723066314208,0.0
27.376,-2.831749277264013,0.016923331600292236,9.86774412505379,0.0,0.0,0.007706437300902987,-0.9998486853517126,0.0173955856599436,0.0
27.392,-2.7765323162887476,0.016723702056760218,9.773979360075492,0.0,0.0,0.007776282159591486,-0.99984651302062,0.017520000014485025,0.0
27.408,-2.6995807061580046,0.01642228412014042,9.801517761750878,0.0,0.0,0.007849702922549348,-0.9998443047636683,0.01764557257945928,0.0
27.424,-2.6653939703937106,0.016287181818014775,9.816649773414282,0.0,0.0,0.007923044639269614,-0.999842059723361,0.01777232703242011,0.0
27.44,-2.5911319335186733,0.016121153918342755,9.8453889242994,0.0,0.0,0.007998675792081657,-0.9998397770107035,0.01790028790792968,0.0
27.456,-2.5577327232665166,0.01590786332459966,9.796188259683676,0.0,0.0,0.008076641566740659,-0.9998374557038074,0.018029480628597674,0.0
27.472,-2.4842964104991223,0.015725134717834332,9.824802880386502,0.0,0.0,0.00815550141230219,-0.999835094846149,0.01815993155252477,0.0
27.488,-2.4473314764279923,0.01569867740857251,9.757219439464786,0.0,0.0,0.008234470787494478,-0.9998326934448203,0.0182916680178722,0.0
27.504,-2.381603609112727,0.015481825770073256,9.78715353355963,0.0,0.0,0.008317191805115741,-0.9998302504686274,0.018424718392479923,0.0
27.52,-2.327291695778376,0.01528899101839004,9.835442301894881,0.0,0.0,0.008398901459218101,-0.9998277648460792,0.018559112125676153,0.0
27.536,-2.2820322202493935,0.01510163654529867,9.776332534347334,0.0,0.0,0.008487694340924948,-0.9998252354632403,0.018694879803733924,0.0
27.552,-2.2459341605162133,0.014914153660027114,9.851774575814684,0.0,0.0,0.00857526872284095,-0.9998226611614398,0.01883205320873751,0.0
27.568,-2.201117300223265,0.01471693961899115,9.8662513998434,0.0,0.0,0.00866481645659322,-0.9998200407348263,0.01897066538133484,0.0
27.584,-2.1519164247216116,0.014492662985217104,9.772496326123132,0.0,0.0,0.008756658421232019,-0.9998173729277544,0.019110750687600077,0.0
27.6,-2.098015810457389,0.014510280302444677,9.81084755674293,0.0,0.0,0.008851219636381021,-0.9998146564319923,0.019252344890359686,0.0
27.616,-2.0609435934922007,0.01423837280159334,9.768775631893025,0.0,0.0,0.008948338073382966,-0.9998118898837288,0.019395485225344122,0.0
27.632,-2.0229105157845555,0.014138229614226507,9.86043680001438,0.0,0.0,0.009046947215226787,-0.9998090718603716,0.01954021048255537,0.0
27.648,-1.9653670485103072,0.013979547740724999,9.885220131187868,0.0,0.0,0.009148437359724754,-0.99980620087711,0.019686561093289853,0.0
27.664,-1.921790445984103,0.013867913075364424,9.766190383851752,0.0,0.0,0.00925204223405654,-0.9998032753832301,0.01983457922329149,0.0
27.68,-1.8897814786896658,0.013706795800973384,9.825253728241252,0.0,0.0,0.009360416966555657,-0.9998002937581515,0.01998430887256202,0.0
27.696,-1.854149880198401,0.013634740259783049,9.755702718778672,0.0,0.0,0.00946872714449012,-0.9997972543071695,0.020135795982405582,0.0
27.712,-1.809149983843531,0.013491528802106455,9.832708792535422,0.0,0.0,0.009584364294305361,-0.9997941552568689,0.020289088550348926,0.0
27.728,-1.7815659268058974,0.013449219716621356,9.826855505075141,0.0,0.0,0.00969857214653517,-0.9997909947501835,0.020444236753637546,0.0
27.744,-1.7430038459431532,0.013212148480727014,9.788158195835209,0.0,0.0,0.009815827129013268,-0.9997877708410648,0.020601293082096267,0.0
27.76,-1.7083760961726635,0.013068622952243671,9.762065009090085,0.0,0.0,0.009941826045895866,-0.9997844814887271,0.020760312481200506,0.0
27.776,-1.6662537131872315,0.01302886958291923,9.813289032741624,0.0,0.0,0.010066596466043949,-0.9997811245514218,0.02092135250634058,0.0
27.792,-1.616068564484861,0.01296014029477117,9.79560616737092,0.0,0.0,0.010198058505702323,-0.9997776977797005,0.021084473489322218,0.0
27.808,-1.6100451312530488,0.01277179989264907,9.803011187786941,0.0,0.0,0.010331535707253871,-0.9997741988091131,0.02124973871829772,0.0
27.824,-1.575403076270283,0.012836395359318529,9.850519599464208,0.0,0.0,0.010468801163905951,-0.9997706251522834,0.021417214632451036,0.0
27.84,-1.5444870798456714,0.012613741776097311,9.837885375152597,0.0,0.0,0.010612146524698838,-0.9997669741902984,0.021586971032899253,0.0
27.856,-1.5134808296784834,0.012601715036904866,9.785074194294152,0.0,0.0,0.010758317043826232,-0.9997632431633404,0.021759081311475536,0.0
27.872,-1.4705854533983098,0.01246019617817195,9.797461886683703,0.0,0.0,0.010910926931544484,-0.9997594291604796,0.021933622699229466,0.0
27.888,-1.440120968501519,0.012355446807738646,9.823770715163684,0.0,0.0,0.011070066402018275,-0.9997555291085358,0.022110676536724532,0.0
27.904,-1.4188404178013247,0.012310095215843121,9.792118840827602,0.0,0.0,0.011230336774471966,-0.9997515397599095,0.02229032856846637,0.0
27.92,-1.383179482132357,0.012249476822935257,9.845591777952555,0.0,0.0,0.01139822153504495,-0.9997474576792614,0.022472669264095593,0.0
27.936,-1.355716218377196,0.012020052304717649,9.789321312389609,0.0,0.0,0.011572432534311127,-0.9997432792289134,0.02265779416931216,0.0
27.952,-1.3323316536784229,0.012034556322456758,9.817361569204865,0.0,0.0,0.011753180660173524,-0.9997390005528183,0.02284580428989915,0.0
27.968,-1.2990707868575255,0.011893787646745648,9.849876992115869,0.0,0.0,0.011942032265893165,-0.9997346175589291,0.023036806512659973,0.0
27.984,-1.2628150697915406,0.011969008706365946,9.764664093233836,0.0,0.0,0.012134934831586806,-0.9997301258997768,0.0232309140676115,0.0
28.0,-1.2370706360288215,0.0118235656226742,9.851465043186622,0.0,0.0,0.012336688694368056,-0.9997255209510272,0.02342824703638053,0.0
28.016000000000002,-1.2086934853004747,0.011794636842845532,9.788982296537903,0.0,0.0,0.012545769688574456,-0.9997207977877719,0.02362893291244642,0.0
28.032,-1.188225452948542,0.011707969608859335,9.843271008770744,0.0,0.0,0.012763988593744004,-0.9997159511582543,0.02383310721972638,0.0
28.048000000000002,-1.1618454608647328,0.011679139135931355,9.752317299826863,0.0,0.0,0.01299044459712288,-0.9997109754546946,0.024040914196916195,0.0
28.064,-1.1470408684865228,0.011606986026257935,9.814307811279612,0.0,0.0,0.013227249687342343,-0.9997058646808257,0.024252507556183116,0.0
28.080000000000002,-1.109882100450852,0.011622226398433527,9.828757059015404,0.0,0.0,0.013476929833039575,-0.9997006124156892,0.02446805132608795,0.0
28.096,-1.0991306576774489,0.01165571367703212,9.80681316991753,0.0,0.0,0.013731723114025351,-0.9996952117731603,0.02468772079023196,0.0
28.112000000000002,-1.0679038207860754,0.011548049477002206,9.843326383775716,0.0,0.0,0.014005282378011505,-0.9996896553565946,0.02491170353494801,0.0
28.128,-1.0543014000877375,0.011573657091816765,9.834057325230534,0.0,0.0,0.014283557299010655,-0.9996839352078762,0.025140200621609054,0.0
28.144000000000002,-1.0287007420794785,0.011385897185086953,9.864930734865496,0.0,0.0,0.014582764435974923,-0.9996780427500218,0.02537342790175482,0.0
28.16,-1.0084563255071608,0.01148957091042714,9.862542105638694,0.0,0.0,0.014890858651321573,-0.9996719687223488,0.02561161749643024,0.0
28.176000000000002,-0.9831704366200866,0.011504740032010487,9.816256456740422,0.0,0.0,0.015216093870375905,-0.999665703107027,0.02585501946495925,0.0
28.192,-0.9674811991016088,0.01150859131522892,9.836098052065628,0.0,0.0,0.015560225112999924,-0.999659235045616,0.026103903693007753,0.0
28.208000000000002,-0.9430559569007396,0.011538797830667618,9.779332984282114,0.0,0.0,0.015922866754084445,-0.9996525527439142,0.026358562035436215,0.0
28.224,-0.9243271748935443,0.011557236465045398,9.797330662459403,0.0,0.0,0.016304298469391555,-0.9996456433631165,0.02661931075631722,0.0
28.240000000000002,-0.9099899848784735,0.01150770016672742,9.884546435365927,0.0,0.0,0.016704829613397813,-0.9996384928948653,0.026886493316957357,0.0
28.256,-0.888037616727368,0.011634508677806864,9.804231029367724,0.0,0.0,0.017132812449217022,-0.9996310860172718,0.027160483573192812,0.0
28.272000000000002,-0.8646757825450945,0.01170981725032225,9.783697586576425,0.0,0.0,0.01758051532598788,-0.9996234059283473,0.027441689456199844,0.0
28.288,-0.8470007643393281,0.011730853071674034,9.778996201161728,0.0,0.0,0.018058820210024033,-0.999615434152488,0.027730557227236413,0.0
28.304000000000002,-0.8320522410502486,0.011843310059459518,9.812451551429406,0.0,0.0,0.018570973043557894,-0.999607150314654,0.028027576417107413,0.0
28.32,-0.815621479180796,0.01196207621110286,9.825178878794427,0.0,0.0,0.019113718964389712,-0.9995985318755984,0.02833328558688801,0.0
28.336000000000002,-0.7928371616134433,0.011966171438465142,9.776553759616148,0.0,0.0,0.019693602564794726,-0.999589553819864,0.028648279079294663,0.0
28.352,-0.7803396326192087,0.012135209079534021,9.876867935998202,0.0,0.0,0.020315802624255194,-0.9995801882861476,0.02897321497228262,0.0
28.368000000000002,-0.7663317548125766,0.012180203189119632,9.86703680579112,0.0,0.0,0.020985894400783234,-0.9995704041268756,0.029308824501071345,0.0
28.384,-0.7487760798351201,0.012406950877676862,9.885082789648434,0.0,0.0,0.021706787721558485,-0.9995601663802154,0.02965592328618618,0.0
28.400000000000002,-0.7355156084215694,0.012528123547107292,9.901589994777137,0.0,0.0,0.022477992564584194,-0.9995494356329379,0.030015424799184266,0.0
28.416,-0.7231228634103952,0.012678276459469973,9.824439774283103,0.0,0.0,0.023319333948540768,-0.9995381672461293,0.030388356623042633,0.0
28.432000000000002,-0.7022513936843358,0.012928177355397509,9.852134176744311,0.0,0.0,0.024232779943689976,-0.9995263104070322,0.03077588023282766,0.0
28.448,-0.6899342332463021,0.013116867244639903,9.833494783588675,0.0,0.0,0.025225451281334473,-0.9995138069583753,0.031179315251871415,0.0
28.464000000000002,-0.6743093893678033,0.013512798505513826,9.788169870502442,0.0,0.0,0.026318193641018495,-0.999500589939997,0.031600169455214454,0.0
28.48,-0.660042771776741,0.013674962916231917,9.833685715945682,0.0,0.0,0.02751411332116607,-0.9994865817542878,0.032040176234365884,0.0
28.496000000000002,-0.6465592266006525,0.01395168553248445,9.844614330208653,0.0,0.0,0.028839837901926534,-0.9994716918337408,0.03250134186460494,0.0
28.512,-0.6369266755411653,0.014477376522739113,9.832701273463824,0.0,0.0,0.030311071435702663,-0.9994558136406317,0.03298600581978385,0.0
28.528000000000002,-0.6205139627541765,0.01483185872360052,9.813039268306628,0.0,0.0,0.03194973631075314,-0.9994388207575621,0.033496918705063904,0.0
28.544,-0.606081783585141,0.015291841788818532,9.823959840372996,0.0,0.0,0.033796228271098225,-0.999420561720097,0.03403734436006804,0.0
28.560000000000002,-5.006626502094243,0.014267543007238736,9.777913489234068,0.0,0.0,-0.014202799396230465,-0.9994282714397826,0.0338102092109502,0.0
28.576,-4.96965158213953,-0.010242771202966648,9.815791138773243,0.0,0.0,-0.062215099271175384,-0.9994614265878871,0.032815495774193015,0.0
28.592000000000002,-5.004698149938606,-0.02736084476951724,9.754046504374774,0.0,0.0,-0.11020757466629379,-0.9995177352745855,0.03105312981912675,0.0
28.608,-5.019938328365772,-0.036459087219156146,9.825469174230507,0.0,0.0,-0.15816907309459585,-0.9995931367755867,0.028522989169147653,0.0
28.624000000000002,-5.001853211965957,-0.038255197664819704,9.773486960939525,0.0,0.0,-0.20624566889554674,-0.9996818010979869,0.025224919295907818,0.0
28.64,-3.5736851167189405,-0.026220809376472313,9.794397909667222,0.0,0.0,-0.25422553178397345,-0.9997761284692012,0.02115875570858193,0.0
28.656000000000002,0.0,0.0,9.753343123873785,0.0,0.0,-0.30224272611073205,-0.9998667488693409,0.016324353140470323,0.0
28.672,0.0,0.0,9.853310982343253,0.0,0.0,-0.35024254818920336,-0.9999425217639615,0.010721621534518187,0.0
28.688,0.0,0.0,9.803302868573038,0.0,0.0,-0.3981284203203968,-0.9999905362306571,0.004350568827542531,0.0
28.704,0.0,0.0,9.801591812041215,0.0,0.0,-0.44624539256000584,-0.999996111709507,-0.0027886494701399533,0.0
28.72,0.0,0.0,9.857348864766722,0.0,0.0,-0.4941474376295902,-0.9999427996438899,-0.010695673907688054,0.0
28.736,0.0,0.0,9.880650388506663,0.0,0.0,-0.5422254850324761,-0.9998123863145789,-0.019369877953863433,0.0
28.752,0.0,0.0,9.75604044462292,0.0,0.0,-0.5900774820564091,-0.999584897206314,-0.02881029810749373,0.0
28.768,0.0,0.0,9.81385753685454,0.0,0.0,-0.6381635571513078,-0.9992386032821,-0.03901555729242246,0.0
28.784,0.0,0.0,9.806830817390733,0.0,0.0,-0.6862101259753937,-0.9987500295762184,-0.0499837815846626,0.0
28.8,0.0,0.0,9.894541319473428,0.0,0.0,-0.7342132373673796,-0.9980939665522705,-0.0617125103358739,0.0
28.816,0.0,0.0,9.798788874851091,0.0,0.0,-0.7822334176673311,-0.9972434847073061,-0.07419859977674165,0.0
28.832,0.0,0.0,9.85464738616364,0.0,0.0,-0.8301509353384746,-0.9961699529371152,-0.08743812020661279,0.0
28.848,0.0,0.0,9.791921523414642,0.0,0.0,-0.8783159262181036,-0.9948430612108439,-0.10142624690205741,0.0
28.864,0.0,0.0,9.784129266486447,0.0,0.0,-0.926188438912802,-0.9932308481350344,-0.11615714490706226,0.0
28.88,0.0,0.0,9.867792390371878,0.0,0.0,-0.9742697396203407,-0.9912997340177091,-0.13162384790158485,0.0
28.896,0.0,0.0,9.789975068479386,0.0,0.0,-1.0221955862569962,-0.989014560071963,-0.14781813138333738,0.0
28.912,0.0,0.0,9.83088386252715,0.0,0.0,-1.0700838648739244,-0.9863386344253421,-0.16473038044013402,0.0
28.928,0.0,0.0,9.780563485208207,0.0,0.0,-1.1183708505833418,-0.983233785625726,-0.1823494524370824,0.0
28.944,0.0,0.0,9.788833627252,0.0,0.0,-1.1662925148997676,-0.9796604243561197,-0.20066253499442266,0.0
28.96,0.0,0.0,9.822320136692303,0.0,0.0,-1.2141489036971556,-0.9755776140892319,-0.21965499968806004,0.0
28.976,0.0,0.0,9.786881349637836,0.0,0.0,-1.262449886997573,-0.9709431514275412,-0.23931025196584213,0.0
28.992,0.0,0.0,9.818428273473561,0.0,0.0,-1.3103305193999262,-0.9657136568851795,-0.2596095778384415,0.0
29.008,0.0,0.0,9.795351373004817,0.0,0.0,-1.358302690629292,-0.9598446768739142,-0.2805319879742977,0.0
29.024,0.0,0.0,9.752282997942526,0.0,0.0,-1.4064807736629512,-0.953290797656127,-0.3020540599034305,0.0
29.04,0.0,0.0,9.756470192154607,0.0,0.0,-1.4542266483655932,-0.9460057720224349,-0.32414977911489773,0.0
29.056,0.0,0.0,9.86038974905969,0.0,0.0,-1.50009415563603,-0.9379548869887798,-0.34675730702303237,0.0
29.072,0.0,0.0,9.826297022547259,0.0,0.0,-1.499900750996045,-0.9293638177267479,-0.36916513147961866,0.0
29.088,0.0,0.0,9.852267732528246,0.0,0.0,-1.5001875349250273,-0.9202375119797593,-0.3913603474360967,0.0
29.104,0.0,0.0,9.819015862932336,0.0,0.0,-1.5000341697823032,-0.9105812257430609,-0.41333017228877056,0.0
29.12,0.0,0.0,9.761467630202691,0.0,0.0,-1.500072043009347,-0.9004005202367094,-0.4350619532405278,0.0
29.136,0.0,0.0,9.79338519935737,0.0,0.0,-1.4999200096037233,-0.8897012587027695,-0.4565431745878014,0.0
29.152,0.0,0.0,9.832193967581546,0.0,0.0,-1.4997326217960714,-0.8784896030285728,-0.4777614649285777,0.0
29.168,0.0,0.0,9.8460677022099,0.0,0.0,-1.500076047620833,-0.8667720101979824,-0.4987046042872962,0.0
29.184,0.0,0.0,9.809978571442533,0.0,0.0,-1.4997792549069517,-0.854555228572704,-0.5193605311525449,0.0
29.2,0.0,0.0,9.872773029152075,0.0,0.0,-1.4999606256203328,-0.8418462940057921,-0.5397173494234864,0.0
29.216,0.0,0.0,9.736711631034181,0.0,0.0,-1.5000182632659322,-0.8286525257895778,-0.559763335261031,0.0
29.232,0.0,0.0,9.76882447778914,0.0,0.0,-1.5001387901095278,-0.8149815224403677,-0.5794869438397904,0.0
29.248,0.0,0.0,9.855413913121302,0.0,0.0,-1.5001109958491803,-0.800841157322327,-0.598876815996943,0.0
29.264,0.0,0.0,9.771382067757173,0.0,0.0,-1.5000691953599359,-0.7862395741130739,-0.6179217847741673,0.0
29.28,0.0,0.0,9.739030432988702,0.0,0.0,-1.499948648765142,-0.7711851821135971,-0.6366108818488875,0.0
29.296,0.0,0.0,9.893877471133639,0.0,0.0,-1.5002944733928893,-0.7556866514051969,-0.6549333438511131,0.0
29.312,0.0,0.0,9.77718397818476,0.0,0.0,-1.4998747384672702,-0.7397529078562364,-0.6728786185622506,0.0
29.328,0.0,0.0,9.807917452175403,0.0,0.0,-1.5001057386151886,-0.7233931279815816,-0.6904363709923045,0.0
29.344,0.0,0.0,9.76983592637956,0.0,0.0,-1.4998806613411233,-0.7066167336576904,-0.7075964893319756,0.0
29.36,0.0,0.0,9.852991693894605,0.0,0.0,-1.4997865130410548,-0.6894333866963921,-0.7243490907762244,0.0
29.376,0.0,0.0,9.809535942153857,0.0,0.0,-1.4635347310972702,-0.6722846540740642,-0.740292742026096,0.0
29.392,0.0,0.0,9.754731857214647,0.0,0.0,-1.4319841266766813,-0.6551481794003191,-0.7555004057103129,0.0
29.408,0.0,0.0,9.794068246976025,0.0,0.0,-1.398398007562348,-0.638081582135521,-0.7699687620542994,0.0
29.424,0.0,0.0,9.835834890811396,0.0,0.0,-1.367168392108767,-0.6210845087040963,-0.7837436015992676,0.0
29.44,0.0,0.0,9.799561379275714,0.0,0.0,-1.3358423833735744,-0.604192681598992,-0.7968382542914334,0.0
29.456,0.0,0.0,9.804891563449079,0.0,0.0,-1.3059421723822056,-0.5874142025438044,-0.8092864478352685,0.0
29.472,0.0,0.0,9.750005793344148,0.0,0.0,-1.2758157808081174,-0.5707729618115291,-0.8211079259542529,0.0
29.488,0.0,0.0,9.783288470523885,0.0,0.0,-1.2468593146156828,-0.5542793994754377,-0.8323306718589363,0.0
29.504,0.0,0.0,9.78973343657546,0.0,0.0,-1.2182665992970683,-0.5379504742861116,-0.8429764452316254,0.0
29.52,0.0,0.0,9.888172106826437,0.0,0.0,-1.1905786749001757,-0.5217963235979681,-0.8530701006831998,0.0
29.536,0.0,0.0,9.877536471745257,0.0,0.0,-1.1632614801669636,-0.505829435506051,-0.8626335155647676,0.0
29.552,0.0,0.0,9.741741098762265,0.0,0.0,-1.136551531519737,-0.49005860662347994,-0.8716894871881004,0.0
29.568,0.0,0.0,9.756313144145965,0.0,0.0,-1.1102997995838366,-0.4744931608069377,-0.8802591893001979,0.0
29.584,0.0,0.0,9.811468774036806,0.0,0.0,-1.0850473509015113,-0.4591402406185771,-0.8883637990399629,0.0
29.6,0.0,0.0,9.841965947420793,0.0,0.0,-1.0599603866031002,-0.4440067598987585,-0.896023435611037,0.0
29.616,0.0,0.0,9.791910896059854,0.0,0.0,-1.0356582482224563,-0.4290982104165362,-0.9032578401637743,0.0
29.632,0.0,0.0,9.762526337924529,0.0,0.0,-1.011946940810836,-0.4144195790252247,-0.9100859368875862,0.0
29.648,0.0,0.0,9.807733800285387,0.0,0.0,-0.988484960825865,-0.3999748388025238,-0.9165261198268684,0.0
29.664,0.0,0.0,9.811052857634996,0.0,0.0,-0.9656962907814396,-0.38576739255885895,-0.9225960756681871,0.0
29.68,0.0,0.0,9.801780422262619,0.0,0.0,-0.9431372128010383,-0.37179987049547625,-0.9283129086140874,0.0
29.696,0.0,0.0,9.821033090467102,0.0,0.0,-0.9214450862277194,-0.35807435584721714,-0.9336930735978504,0.0
29.712,0.0,0.0,9.870392778553466,0.0,0.0,-0.8998789335699733,-0.3445923177784275,-0.9387524351649329,0.0
29.728,0.0,0.0,9.809634998290484,0.0,0.0,-0.8790908904894021,-0.3313547354718199,-0.9435062476106877,0.0
29.744,0.0,0.0,9.77517354448573,0.0,0.0,-0.8584678348047327,-0.31836208902269586,-0.9479691874070091,0.0
29.76,0.0,0.0,9.780061876082529,0.0,0.0,-0.8387211883135324,-0.30561443490147433,-0.9521553534900975,0.0
29.776,0.0,0.0,9.75639770823744,0.0,0.0,-0.8189567996103557,-0.2931114202577672,-0.9560782893228329,0.0
29.792,0.0,0.0,9.7746752701316,0.0,0.0,-0.7999924915604182,-0.2808523339445416,-0.9597509919337953,0.0
29.808,0.0,0.0,9.80550515795144,0.0,0.0,-0.781123122660807,-0.26883612892600106,-0.9631859300177108,0.0
29.824,0.0,0.0,9.851140879537004,0.0,0.0,-0.7628115227925869,-0.2570614600387298,-0.9663950567768633,0.0
29.84,0.0,0.0,9.868106978765248,0.0,0.0,-0.7448786632409733,-0.24552670788277706,-0.9693898264971867,0.0
29.856,0.0,0.0,9.79305531943438,0.0,0.0,-0.72720886741435,-0.23423000860304607,-0.9721812089676579,0.0
29.872,0.0,0.0,9.810097871782794,0.0,0.0,-0.7100772235405823,-0.22316927653495686,-0.9747797053749446,0.0
29.888,0.0,0.0,9.734467241283943,0.0,0.0,-0.6934126910653369,-0.21234222861406835,-0.9771953632448381,0.0
29.904,0.0,0.0,9.810084961880621,0.0,0.0,-0.6769882795104308,-0.20174640477649908,-0.9794377918784618,0.0
29.92,0.0,0.0,9.789797914476393,0.0,0.0,-0.6608269665321393,-0.19137918838027151,-0.9815161772762121,0.0
29.936,0.0,0.0,9.78440669553781,0.0,0.0,-0.6450442343074738,-0.18123782411578793,-0.9834392971148624,0.0
29.952,0.0,0.0,9.782759652951244,0.0,0.0,-0.6298749092304743,-0.17131943525172394,-0.985215535355097,0.0
29.968,0.0,0.0,9.717004579741822,0.0,0.0,-0.6146850192817065,-0.16162103912913683,-0.9868528966927229,0.0
29.984,0.0,0.0,9.815265368061626,0.0,0.0,-0.6001691053690175,-0.15213956176905438,-0.9883590206725085,0.0
30.0,0.0,0.0,9.906919759296597,0.0,0.0,-0.5856416664143038,-0.14287185114718712,-0.9897411955404181,0.0
30.016000000000002,0.0,0.0,9.81458270107913,0.0,0.0,-0.5715408807531269,-0.1338146895583866,-0.9910063717546889,0.0
30.032,0.0,0.0,9.775925146429461,0.0,0.0,-0.5577940269810054,-0.12496480490633677,-0.992161175180082,0.0
30.048000000000002,0.0,0.0,9.757354139939029,0.0,0.0,-0.5443999129517392,-0.11631888113942344,-0.993211919929716,0.0
30.064,0.0,0.0,9.813294368660042,0.0,0.0,-0.5312515488619559,-0.10787356779010442,-0.9941646208612706,0.0
30.080000000000002,0.0,0.0,9.857387835937281,0.0,0.0,-0.5182904232600166,-0.09962548874502584,-0.995025005712075,0.0
30.096,0.0,0.0,9.877873105494828,0.0,0.0,-0.5057203382686335,-0.09157125025395155,-0.9957985268752552,0.0
30.112000000000002,0.0,0.0,9.86069168400815,0.0,0.0,-0.49335065830966285,-0.08370744825960698,-0.9964903728114313,0.0
30.128,0.0,0.0,9.712889792093018,0.0,0.0,-0.4813212409267266,-0.0760306750758762,-0.9971054790981276,0.0
30.144000000000002,0.0,0.0,9.80173457631501,0.0,0.0,-0.46954009080589265,-0.06853752547328563,-0.9976485391168569,0.0
30.16,0.0,0.0,9.849019940388114,0.0,0.0,-0.4579567906892772,-0.061224602204954834,-0.998124014381402,0.0
30.176000000000002,0.0,0.0,9.80850135107558,0.0,0.0,-0.4467441775243108,-0.05408852101886358,-0.998536144510549,0.0
30.192,0.0,0.0,9.821679251406563,0.0,0.0,-0.43572617152986853,-0.04712591518959534,-0.9988889568503315,0.0
30.208000000000002,0.0,0.0,9.844456737200659,0.0,0.0,-0.4249499786156641,-0.040333439607122476,-0.9991862757511529,0.0
30.224,0.0,0.0,9.871529449961884,0.0,0.0,-0.41427638771688036,-0.033707774453473276,-0.9994317315061564,0.0
30.240000000000002,5.002526291566408,0.029515943309626487,9.816790551919947,0.0,0.0,-0.36635270470476067,-0.027848330295242398,-0.9996121600399662,0.0
30.256,4.983464225627816,-0.0038404021250460743,9.82664866183063,0.0,0.0,-0.31843375848638744,-0.022755731106729085,-0.9997410548245972,0.0
30.272000000000002,5.029171344200357,-0.029181439727484063,9.900268873809496,0.0,0.0,-0.2704138653431238,-0.018430412023225283,-0.9998301455310568,0.0
30.288,5.005598876021666,-0.04738513517644733,9.735743596522903,0.0,0.0,-0.2223821664139586,-0.014872664363751327,-0.9998893958107182,0.0
30.304000000000002,4.998786098927209,-0.05699772652847245,9.817200823310102,0.0,0.0,-0.1743914270293792,-0.012082673881669356,-0.9999270018315684,0.0
30.32,4.977443589200397,-0.058976301087529624,9.822162751540649,0.0,0.0,-0.12636815032562815,-0.01006055223337966,-0.9999493913637627,0.0
30.336000000000002,4.979524220486207,-0.05473444297007277,9.816384492554835,0.0,0.0,-0.07839940776985876,-0.008806361659030532,-0.9999612232453469,0.0
30.352,4.998757982234427,-0.04164938231228788,9.786101957352468,0.0,0.0,-0.030386619446067836,-0.008320132871756074,-0.9999653870954716,0.0
30.368000000000002,5.005778899678177,-0.02081655634744884,9.796677467452227,0.0,0.0,0.01733917216318643,-0.008597581895812553,-0.9999630401097557,0.0
30.384,5.029483313678805,0.011129567832165841,9.761356852256819,0.0,0.0,0.017132853536251234,-0.008871679144409629,-0.999960645880206,0.0
30.400000000000002,5.004699167804259,0.012260167311711983,9.830886656433119,0.0,0.0,0.016933531203299674,-0.00914258975924423,-0.9999582056528635,0.0
30.416,4.986114683358523,0.013555454018052148,9.834115675382597,0.0,0.0,0.016745411132327612,-0.009410475648267472,-0.9999557204936993,0.0
30.432000000000002,5.022379331523475,0.014621194502011277,9.802945299599937,0.0,0.0,0.01656465681912275,-0.009675495877679706,-0.9999531912942332,0.0
30.448,5.028490814637229,0.015934031601476776,9.814651291731916,0.0,0.0,0.016396089403421035,-0.009937807060465157,-0.9999506187761619,0.0
30.464000000000002,5.023945719599176,0.01712074538819443,9.80663402771274,0.0,0.0,0.016234774910897105,-0.010197563743984457,-0.9999480034950254,0.0
30.48,4.990503445627466,0.018203551418454228,9.787761379332983,0.0,0.0,0.016086772920770237,-0.010454918799234188,-0.9999453458429123,0.0
30.496000000000002,5.030855546940187,0.019243470551180433,9.844492307959076,0.0,0.0,0.015944560381178884,-0.010710023814503549,-0.9999426460502088,0.0
30.512,5.007248505781579,0.020407489703803627,9.815701482217692,0.0,0.0,0.015815869058969763,-0.010963029496316157,-0.9999399041863782,0.0
30.528000000000002,5.00655383012039,0.021625595148766774,9.773930808452652,0.0,0.0,0.015692307699675098,-0.011214086080775605,-0.9999371201597493,0.0
30.544,4.9831780194509125,0.02269941645144104,9.90211893396361,0.0,0.0,0.015579135244711046,-0.011463343758668046,-0.9999342937162776,0.0
30.560000000000002,4.96865017328938,0.023627449244545552,9.814782638730295,0.0,0.0,0.015477274329811731,-0.011710953118031357,-0.9999314244372297,0.0
30.576,4.990220176955814,0.0248287931617091,9.81366524431709,0.0,0.0,0.015383087675526836,-0.011957065608267878,-0.9999285117357338,0.0
30.592000000000002,4.960139591749631,0.025914008465151336,9.82168768884367,0.0,0.0,0.015301592387827453,-0.012201834030376262,-0.9999255548521075,0.0
30.608,4.9813397055838395,0.026993241067548038,9.824340541924014,0.0,0.0,0.015227085778193148,-0.012445413058444606,-0.9999225528478717,0.0
30.624000000000002,5.007820100336764,0.02802016730970768,9.78424397465455,0.0,0.0,0.015160512688575925,-0.012687959798246457,-0.9999195045983242,0.0
30.64,4.999120848763281,0.029090947190008154,9.821169088686455,0.0,0.0,0.01510841949181001,-0.012929634389606728,-0.9999164087835298,0.0
30.656000000000002,5.035222469936331,0.030271619323741457,9.76272952749444,0.0,0.0,0.015060756513014736,-0.013170600660228177,-0.999913263877547,0.0
30.672,4.9996891613862156,0.03110284592004875,9.784392370676352,0.0,0.0,0.015025169675688451,-0.013411026839857985,-0.9999100681356802,0.0
30.688000000000002,5.025390983355044,0.032614749488914775,9.778582050667351,0.0,0.0,0.015002769777283702,-0.013651086345157562,-0.9999068195795033,0.0
30.704,5.000602346733397,0.03342061271309891,9.87603230408245,0.0,0.0,0.014994769059806765,-0.013890958647396198,-0.9999035159793452,0.0
30.72,5.020550753520661,0.03474455039484914,9.813431492316848,0.0,0.0,0.01499353487418763,-0.01413083023725779,-0.9999001548338743,0.0
30.736,1.2522642284949688,0.03687457234707887,9.881873999631965,0.0,0.0,0.015004231427419528,-0.014370895703666347,-0.9998967333463363,0.0
30.752,1.351986132306818e-05,0.03735392157545241,9.781610877406987,0.0,0.0,0.015025159923394553,-0.014611257867517,-0.9998932498739698,0.0
30.768,1.359081551652153e-05,0.03762617091761392,9.794682269162712,0.0,0.0,0.015044382391594968,-0.014851989761697524,-0.999889703117358,0.0
30.784,1.3687258703327301e-05,0.03753713252374623,9.807453144332866,0.0,0.0,0.015077508230748512,-0.015093167331676963,-0.9998860916623943,0.0
30.8,1.3676438989653994e-05,0.037220646337878374,9.834657518438979,0.0,0.0,0.01510734783209906,-0.015334869664374154,-0.9998824139729516,0.0
30.816,1.3669680098975022e-05,0.037735601579237374,9.777863719353322,0.0,0.0,0.015147035914782605,-0.015577179238011307,-0.9998786683828128,0.0
30.832,1.3783766858397487e-05,0.03786938912496569,9.850896658621686,0.0,0.0,0.015191932606752783,-0.015820182195316012,-0.9998748530867786,0.0
30.848,1.3845914065042636e-05,0.037813091969066945,9.773958837038753,0.0,0.0,0.015238491719651989,-0.016063968642796602,-0.9998709661308521,0.0
30.864,1.3943693553642624e-05,0.03817546120784847,9.745473248791019,0.0,0.0,0.015296777620570022,-0.016308632979150223,-0.9998670054013941,0.0
30.88,1.4104084895656695e-05,0.03817169012799857,9.82520574375198,0.0,0.0,0.015355745530949193,-0.01655427425632072,-0.9998629686131227,0.0
30.896,1.4087628745638928e-05,0.03811389023838218,9.856018140656639,0.0,0.0,0.01542343227557579,-0.016800996577218064,-0.9998588532958101,0.0
30.912,1.4311584933793012e-05,0.03840423992302482,9.830476950393308,0.0,0.0,0.015496578617953572,-0.017048909534685543,-0.9998546567795134,0.0
30.928,1.442062174004131e-05,0.03862655959821842,9.845177794519323,0.0,0.0,0.015578089372958084,-0.0172981286970055,-0.9998503761781471,0.0
30.944,1.4519837920559577e-05,0.03876812279396839,9.802729928647398,0.0,0.0,0.015668438039641696,-0.0175487761460237,-0.9998460083711775,0.0
30.96,-1.7096495504425957,0.03961301256410537,9.778315632899742,0.0,0.0,0.015766612366573212,-0.017800981074930194,-0.9998415499831811,0.0
30.976,-3.637491299626021,0.03990679054657825,9.812514288902175,0.0,0.0,0.01586695310797217,-0.01805481611383826,-0.9998369985228069,0.0
30.992,-2.826620702822265,0.038923651487450056,9.759548904289941,0.0,0.0,0.0159695227387691,-0.018310282023068503,-0.9998323527333148,0.0
31.008,-3.037951479327239,0.03885930891367067,9.753509299567293,0.0,0.0,0.016071163774833468,-0.018567408618771007,-0.9998276108095755,0.0
31.024,-2.890900465353185,0.03781331426786003,9.894755462643637,0.0,0.0,0.01617908302854427,-0.01882621503239634,-0.9998227711087371,0.0
31.04,-2.876320080645967,0.03770549906369502,9.837673275293758,0.0,0.0,0.016281874386287348,-0.019086725397214215,-0.9998178318641908,0.0
31.056,-2.7823254116945355,0.03681211220175254,9.774898131995808,0.0,0.0,0.016396184749098975,-0.01934896269411509,-0.9998127912977818,0.0
31.072,-2.7604019195962475,0.036622124597584405,9.845054436749088,0.0,0.0,0.016502769556955538,-0.019612951205932146,-0.9998076475727687,0.0
31.088,-2.6882220512771227,0.035838338898688045,9.8057270858273,0.0,0.0,0.01661412170270322,-0.01987871558012586,-0.9998023988103272,0.0
31.104,-2.638964691841759,0.03558132661110234,9.805560977078255,0.0,0.0,0.016726317602809904,-0.020146281229644583,-0.9997970430805525,0.0
31.12,-2.577006524906645,0.035466779727233805,9.836947315070512,0.0,0.0,0.016842306007108374,-0.020415674207653205,-0.9997915784035426,0.0
31.136,-2.531738496791156,0.034514953517856696,9.811805974520158,0.0,0.0,0.01695497712986463,-0.020686921291140303,-0.9997860027463348,0.0
31.152,-2.463452582897782,0.034373930606739836,9.820128239040738,0.0,0.0,0.01707412893424162,-0.020960049983698003,-0.999780314021376,0.0
31.168,-2.4287706724286533,0.033540995812651624,9.823985924812446,0.0,0.0,0.017192706325967165,-0.02123508855178552,-0.9997745100842479,0.0
31.184,-2.3715819225337653,0.03316111136882956,9.822009226807053,0.0,0.0,0.017317897954421974,-0.02151206604949339,-0.9997685887315537,0.0
31.2,-2.328091788970382,0.03273584727302638,9.80864296208715,0.0,0.0,0.017438487068205312,-0.021791012349633234,-0.9997625476985915,0.0
31.216,-2.2896558407555143,0.03256051119928514,9.827558484326383,0.0,0.0,0.017561162179883426,-0.022071958174229314,-0.9997563846569598,0.0
31.232,-2.2511507782141615,0.031945678557203164,9.840396950705586,0.0,0.0,0.017689953958453113,-0.02235493512724776,-0.9997500972120266,0.0
31.248,-2.1895493168881273,0.03152900487779202,9.772876402613011,0.0,0.0,0.01781976727746989,-0.02263997572855227,-0.9997436829002775,0.0
31.264,-2.14769551149844,0.03148574438736075,9.840969822244363,0.0,0.0,0.017951386757191764,-0.022927113449612214,-0.9997371391865308,0.0
31.28,-2.1095654680613682,0.03047906944365904,9.776393490170408,0.0,0.0,0.018084420987379314,-0.02321638275088064,-0.9997304634610096,0.0
31.296,-2.05526835613401,0.030289890381080903,9.828638625115135,0.0,0.0,0.018218441260558053,-0.023507819121013292,-0.9997236530362649,0.0
31.312,-2.038538388779987,0.02979119351780035,9.835736708697722,0.0,0.0,0.018359755863447885,-0.023801459118007764,-0.9997167051439392,0.0
31.328,-1.9752510062416924,0.029656021593345495,9.82469445517711,0.0,0.0,0.018496883757485028,-0.02409734041238546,-0.9997096169313615,0.0
31.344,-1.9269640042622236,0.029285068784013324,9.808466683704507,0.0,0.0,0.018638761241488326,-0.02439550183254112,-0.9997023854579616,0.0
31.36,-1.9076375669553394,0.02881156223777973,9.821617828889298,0.0,0.0,0.018783356975863495,-0.024695983412386026,-0.9996950076914934,0.0
31.376,-1.869656907467237,0.028617630709992015,9.772204743907356,0.0,0.0,0.01893003947496636,-0.024998826441428514,-0.999687480504058,0.0
31.392,-1.8193795258387422,0.02793787546390342,9.765258837631066,0.0,0.0,0.019083835200160576,-0.025304073517440986,-0.9996798006679058,0.0
31.408,-1.7937069543392046,0.027731489641294294,9.757339811441486,0.0,0.0,0.019235264751132946,-0.025611768601878908,-0.9996719648510126,0.0
31.424,-1.7598950796992328,0.027595949414284393,9.782073828386647,0.0,0.0,0.01939517094178937,-0.02592195707821921,-0.9996639696124068,0.0
31.44,-1.7259335680578705,0.027266395315808663,9.798658750718731,0.0,0.0,0.01955275679545393,-0.026234685813410038,-0.9996558113972387,0.0
31.456,-1.6858613960042277,0.026793289011263106,9.834776002737788,0.0,0.0,0.019713648603182223,-0.026550003222630167,-0.9996474865315664,0.0
31.472,-1.660166608466622,0.026391882665487185,9.765210256806583,0.0,0.0,0.01987432150456959,-0.02686795933757577,-0.9996389912168466,0.0
31.488,-1.6089752841426097,0.02616054974252523,9.849790012263279,0.0,0.0,0.020049592632321724,-0.027188605878503885,-0.9996303215241039,0.0
31.504,-1.5839592647527705,0.02575449726312354,9.825971480010177,0.0,0.0,0.020218259040695356,-0.02751199633028736,-0.9996214733877631,0.0
31.52,-1.5668563416959282,0.025409624782506215,9.8254476015728,0.0,0.0,0.02039712759519599,-0.027838186022749973,-0.9996124425991121,0.0
31.536,-1.5298699542178387,0.025162689079772444,9.768362910780088,0.0,0.0,0.0205706033976898,-0.028167232215571388,-0.9996032247993771,0.0
31.552,-1.4882711585761936,0.024931128250512406,9.885428853575206,0.0,0.0,0.020756498108846437,-0.028499194188080567,-0.9995938154723798,0.0
31.568,-1.467352796122017,0.02454682247317112,9.830123068084996,0.0,0.0,0.02094021552022545,-0.028834133334281167,-0.9995842099367421,0.0
31.584,-1.4387649991076836,0.024389331848658664,9.824551422063019,0.0,0.0,0.021131651738217332,-0.0291721132634704,-0.9995744033376122,0.0
31.6,-1.4011641851624828,0.024110400902914855,9.78789726248938,0.0,0.0,0.02132650605173149,-0.02951319990685894,-0.9995643906378707,0.0
31.616,-1.3749951586495124,0.023813830161354466,9.787376764919768,0.0,0.0,0.021528434297700922,-0.02985746163062269,-0.9995541666087816,0.0
31.632,-1.3533680346547443,0.02346545003353497,9.778679244171013,0.0,0.0,0.02173318321664527,-0.030204969355857918,-0.9995437258200424,0.0
31.648,-1.3294404158631328,0.02321639574465337,9.847948670967762,0.0,0.0,0.021937362263755034,-0.030555796685952097,-0.9995330626291893,0.0
31.664,-1.2871342397195593,0.023029040684607385,9.781920749624367,0.0,0.0,0.022148625013678314,-0.03091002004192413,-0.9995221711703087,0.0
31.68,-1.2740263812923622,0.0229236868389452,9.790213014103662,0.0,0.0,0.02236792806587626,-0.03126771880634689,-0.9995110453419949,0.0
31.696,-1.246160131661034,0.02261786968656874,9.825909193293377,0.0,0.0,0.022589622735693315,-0.031628975476502265,-0.9994996787944991,0.0
31.712,-1.23148936447147,0.022365924131095415,9.82737850628066,0.0,0.0,0.022816221124758097,-0.03199387582749986,-0.9994880649160022,0.0
31.728,-1.1934326316553925,0.02217562279107445,9.81558467348577,0.0,0.0,0.023054346712437553,-0.0323625090861397,-0.999476196817938,0.0
31.744,-1.166126077262173,0.02188510866665586,9.816392045118894,0.0,0.0,0.02329027586832196,-0.03273496811637745,-0.9994640673192907,0.0
31.76,-1.1535632152831081,0.021610654551252616,9.772031320069447,0.0,0.0,0.023535731394214665,-0.033111349617344646,-0.9994516689297779,0.0
31.776,-1.128595393485656,0.021516020341677582,9.761278561210116,0.0,0.0,0.023787488200008904,-0.03349175433494212,-0.9994389938318238,0.0
31.792,-1.1068966686790098,0.02122987723598046,9.76885732428682,0.0,0.0,0.02404367844175074,-0.03387628728815012,-0.9994260338612213,0.0
31.808,-1.0826667030253758,0.021105895723047326,9.8557373473682,0.0,0.0,0.024314971503023048,-0.03426505801129608,-0.9994127804863628,0.0
31.824,-1.0589788580237707,0.020888001908639525,9.833412812637896,0.0,0.0,0.02458391850424727,-0.03465818081364677,-0.9993992247859154,0.0
31.84,-1.038545932754947,0.02070280776615985,9.853552734808426,0.0,0.0,0.02486493166358346,-0.035055775057836885,-0.9993853574247997,0.0
31.856,-1.0141157520726285,0.02051988062201028,9.769100067991577,0.0,0.0,0.02515347185638552,-0.035457965458793254,-0.9993711686283145,0.0
31.872,-0.9900807703481779,0.020216145942657252,9.803973077832774,0.0,0.0,0.025447051649533828,-0.03586488240499747,-0.9993566481542393,0.0
31.888,-0.9716147742080755,0.020161751978978373,9.784782244881358,0.0,0.0,0.025751629959458303,-0.03627666230411401,-0.9993417852627164,0.0
31.904,-0.9566028343989236,0.0199144170334847,9.792747799119038,0.0,0.0,0.026063385700765877,-0.03669344795523602,-0.9993265686837095,0.0
31.92,-0.9379511164803133,0.019661903516824824,9.7682959307128,0.0,0.0,0.026388163115276173,-0.037115388950249545,-0.9993109865817906,0.0
31.936,-0.9186505521838287,0.019527593602903497,9.839218722972191,0.0,0.0,0.02672151270962935,-0.03754264210709037,-0.9992950265180045,0.0
31.952,-0.9010458788002481,0.01939452299505002,9.824412805626858,0.0,0.0,0.027062252311882525,-0.03797537193797723,-0.999278675408503,0.0
31.968,-0.8843719024117889,0.019232717660574765,9.790511289679449,0.0,0.0,0.027420784083598167,-0.03841375115607425,-0.9992619194796325,0.0
31.984,-0.861930595861005,0.019164200079227933,9.854679535769684,0.0,0.0,0.027783581095541063,-0.038857961224421485,-0.9992447442190934,0.0
32.0,-0.8464120857408468,0.019086445029367793,9.833371885651077,0.0,0.0,0.028162089975227143,-0.03930819295143393,-0.9992271343227689,0.0
32.016,-0.8284057302359527,0.01886749226177199,9.80942512852622,0.0,0.0,0.028548499641822763,-0.039764647137798675,-0.9992090736367472,0.0
32.032000000000004,-0.8177076512644503,0.018793516491537463,9.874176563834933,0.0,0.0,0.028948045403798747,-0.04022753528017398,-0.999190545094019,0.0
32.048,-0.7988836140151958,0.01851313774871867,9.794601826794931,0.0,0.0,0.029375743854416964,-0.040697080337790084,-0.9991715306452539,0.0
32.064,-0.7894644398112095,0.018464754724328,9.775308364690249,0.0,0.0,0.029797054615894138,-0.04117351756880759,-0.9991520111829887,0.0
32.08,-0.7689484384684361,0.01855087233087265,9.823111816384273,0.0,0.0,0.03024964891141748,-0.04165709544419969,-0.9991319664584618,0.0
32.096000000000004,-0.7546421809736105,0.018277988332411576,9.779496401057546,0.0,0.0,0.030710930751823844,-0.04214807664793308,-0.9991113749902362,0.0
32.112,-0.7354312352829436,0.018107810369400814,9.884515849825457,0.0,0.0,0.031197689466264725,-0.042646739173409616,-0.9990902139636216,0.0
32.128,-0.7182566888476277,0.018016200797883526,9.907779433985658,0.0,0.0,0.03169595369664922,-0.043153377527505477,-0.9990684591197785,0.0
32.144,-0.7056578917234367,0.017918766306481475,9.85308066267007,0.0,0.0,0.032214498908426634,-0.04366830405511589,-0.9990460846332117,0.0
32.160000000000004,-0.6895141133548738,0.017994632147895186,9.800422683512133,0.0,0.0,0.032753208918011575,-0.04419185039897518,-0.999023062976183,0.0
32.176,-0.6778865987575095,0.018020892997534704,9.72691233610252,0.0,0.0,0.03331616365033227,-0.04472436911166272,-0.9989993647683485,0.0
32.192,-0.6648337985154579,0.017774702124190148,9.745746805019863,0.0,0.0,0.03389767681597474,-0.04526623543922709,-0.9989749586096545,0.0
32.208,-0.6530990880551073,0.01780749880786062,9.800368130605499,0.0,0.0,0.0345142538500413,-0.04581784929882237,-0.9989498108942363,0.0
32.224000000000004,-0.6437305086449024,0.017791046448056957,9.775656489232228,0.0,0.0,0.03514794323456559,-0.046379637476221175,-0.9989238856026891,0.0
32.24,-0.6248600855807349,0.017512630678100324,9.790674845238025,0.0,0.0,0.03581446321162784,-0.046952056073197475,-0.9988971440696481,0.0
32.256,-0.6140719145049074,0.017698726042556862,9.793382094423674,0.0,0.0,0.03650925406699381,-0.04753559323963863,-0.9988695447231113,0.0
32.272,-0.6025000714048605,0.017477209087438095,9.752087575223003,0.0,0.0,0.03724271233298417,-0.048130772231056454,-0.9988410427913155,0.0
32.288000000000004,-0.5867324583859181,0.01764206274158355,9.76625565440466,0.0,0.0,0.038005926877058595,-0.04873815483911422,-0.9988115899722422,0.0
32.304,-0.5763131291316501,0.01755115898380542,9.833780700545733,0.0,0.0,0.038809560408414455,-0.049358345251099625,-0.9987811340599467,0.0
32.32,-0.5701683848731467,0.01759864828827849,9.790514807393984,0.0,0.0,0.039642939848098406,-0.04999199440431082,-0.9987496185208181,0.0
32.336,-0.5543672891563886,0.017624409458507368,9.746827289343965,0.0,0.0,0.04053254819158871,-0.05063980491346235,-0.998716982011584,0.0
32.352000000000004,-0.5493426987856461,0.017637939396544355,9.844758576464478,0.0,0.0,0.04146995645246703,-0.05130253666397046,-0.9986831578292699,0.0
32.368,-0.5292233561650898,0.017621525137712674,9.78413707260595,0.0,0.0,0.04246168938840945,-0.05198101318201774,-0.9986480732813592,0.0
32.384,-0.5215875053360006,0.01785950296873001,9.827791274974627,0.0,0.0,0.04350930307793604,-0.05267612891443828,-0.9986116489619924,0.0
32.4,-0.5140794202384799,0.01782987226016117,9.76354674807875,0.0,0.0,0.044605711350201006,-0.05338885757881191,-0.9985737979170239,0.0
32.416000000000004,-0.5008808365584474,0.0178026382405523,9.861576621222179,0.0,0.0,0.0457772801390775,-0.05412026177811225,-0.9985344246770207,0.0
32.432,-0.49304722441150667,0.017992905600876862,9.902732118530274,0.0,0.0,0.04701673560713237,-0.054871504116685677,-0.9984934241325641,0.0
32.448,-0.4816382098707699,0.018078959502020833,9.795191029670798,0.0,0.0,0.0483370141055391,-0.055643860107679986,-0.9984506802202685,0.0
32.464,-0.4682992011225717,0.018318528329791754,9.774566909221864,0.0,0.0,0.04976470881307048,-0.05643873322956266,-0.9984060643803413,0.0
32.480000000000004,-0.46402126163118024,0.018489750833463863,9.82091043554448,0.0,0.0,0.05126832238051971,-0.057257672575466004,-0.9983594337367884,0.0
32.496,-0.45435775783809024,0.018554452452990484,9.816702258535198,0.0,0.0,0.0528762751889748,-0.0581023936496871,-0.9983106289387972,0.0
32.512,-0.4427704381753056,0.018828929152578736,9.789124023759337,0.0,0.0,0.0546165636298435,-0.058974803008909796,-0.9982594715854493,0.0
32.528,-0.43624323540129567,0.01904758477080685,9.822982060717349,0.0,0.0,0.05648643208407424,-0.05987702763281337,-0.9982057611343762,0.0
32.544000000000004,-0.4266979154896323,0.019122992230726187,9.801116687550724,0.0,0.0,0.05850549057876725,-0.060811450155444785,-0.9981492711663882,0.0
32.56,-4.998166940900235,0.02767105676141181,9.848532793108038,0.0,0.0,0.10649301180207474,-0.06251233534265231,-0.9980441913713078,0.0
32.576,-5.015761534215155,0.038746178666900645,9.77734396513729,0.0,0.0,0.15450965446270717,-0.06497943414515919,-0.9978866033463797,0.0
32.592,-4.9839807482161556,0.04216107065649551,9.850938460115849,0.0,0.0,0.20250817852333466,-0.0682123654937958,-0.9976708240666062,0.0
32.608000000000004,-5.004503704380482,0.03744481005991986,9.79895206052649,0.0,0.0,0.25049256546739246,-0.07221059448196385,-0.9973894074254857,0.0
32.624,-0.3972122680429034,0.0034645316005390255,9.750250586244682,0.0,0.0,0.29852382815852324,-0.07697340378386046,-0.9970331464449549,0.0
32.64,0.0,0.0,9.782558981374779,0.0,0.0,0.3465073603551043,-0.08249985832125291,-0.9965910763081183,0.0
32.656,0.0,0.0,9.797640913994035,0.0,0.0,0.3945164445179259,-0.0887887631966606,-0.9960504784045874,0.0
32.672000000000004,0.0,0.0,9.829572972271862,0.0,0.0,0.4424998064213668,-0.09583861491723487,-0.9953968856143495,0.0
32.688,0.0,0.0,9.870176194064182,0.0,0.0,0.4904909209637627,-0.10364754594156803,-0.9946140890919908,0.0
32.704,0.0,0.0,9.767439176577719,0.0,0.0,0.5384558703691401,-0.1122132625914559,-0.9936841468487766,0.0
32.72,0.0,0.0,9.790835408286316,0.0,0.0,0.5865413979457574,-0.12153297638243836,-0.9925873944654071,0.0
32.736000000000004,0.0,0.0,9.812780542688907,0.0,0.0,0.6344225484664243,-0.13160332884108375,-0.9913024583031891,0.0
32.752,0.0,0.0,9.782664413183223,0.0,0.0,0.6825716475264509,-0.14242030989360344,-0.9898062716157188,0.0
32.768,0.0,0.0,9.819876753823069,0.0,0.0,0.7304725283948764,-0.15397916992981928,-0.9880740939968643,0.0
32.784,0.0,0.0,9.800678304169704,0.0,0.0,0.7785654883660199,-0.16627432566887348,-0.9860795346336731,0.0
32.8,0.0,0.0,9.801885028881005,0.0,0.0,0.8266405191401005,-0.1792992599787034,-0.9837945798646635,0.0
32.816,0.0,0.0,9.882140342214445,0.0,0.0,0.874466433572411,-0.1930464158302966,-0.9811896255745248,0.0
32.832,0.0,0.0,9.79562119030976,0.0,0.0,0.922568707786595,-0.20750708460038758,-0.9782335149853781,0.0
32.848,0.0,0.0,9.775221938221957,0.0,0.0,0.9704703091637934,-0.22267128897265456,-0.9748935824320809,0.0
32.864,0.0,0.0,9.797558139546327,0.0,0.0,1.018502139206355,-0.23852766072786016,-0.9711357037343931,0.0
32.88,0.0,0.0,9.799623533768203,0.0,0.0,1.0663706266686412,-0.2550633137578507,-0.966924353801715,0.0
32.896,0.0,0.0,9.792597487382414,0.0,0.0,1.1145954644875011,-0.27226371268700156,-0.9622226721263069,0.0
32.912,0.0,0.0,9.805326832101514,0.0,0.0,1.1624072934096843,-0.2901125375377194,-0.9569925368378929,0.0
32.928,0.0,0.0,9.77001480784103,0.0,0.0,1.2106453298496744,-0.3085915449339866,-0.9511946480059985,0.0
32.944,0.0,0.0,9.783500095030753,0.0,0.0,1.258439008506007,-0.3276804263987036,-0.9447886208857322,0.0
32.96,0.0,0.0,9.813143224598045,0.0,0.0,1.3065617102163867,-0.3473566643667942,-0.9377330898075285,0.0
32.976,0.0,0.0,9.779168716087721,0.0,0.0,1.3543354976169324,-0.3675953866065218,-0.9299858234110893,0.0
32.992,0.0,0.0,9.849223458999692,0.0,0.0,1.4027938418087744,-0.3883692198162465,-0.9215038519177877,0.0
33.008,0.0,0.0,9.781241963283593,0.0,0.0,1.4507779945213146,-0.4096481432426567,-0.9122436071235818,0.0
33.024,0.0,0.0,9.80059218330287,0.0,0.0,1.4987843839335309,-0.4313993432491843,-0.90216107577537,0.0
33.04,0.0,0.0,9.801341031328946,0.0,0.0,1.5000433558750155,-0.45292386652558575,-0.8915491972580725,0.0
33.056,0.0,0.0,9.723236697321436,0.0,0.0,1.499845297135096,-0.47418754321677675,-0.880423860341164,0.0
33.072,0.0,0.0,9.818929337800421,0.0,0.0,1.5002866064175273,-0.49517812720842325,-0.8687914722960617,0.0
33.088,0.0,0.0,9.798051974283986,0.0,0.0,1.4999472129563456,-0.5158835296649389,-0.8566587324135815,0.0
33.104,0.0,0.0,9.920663637520567,0.0,0.0,1.499965042472302,-0.5362918259916505,-0.8440326281457022,0.0
33.12,0.0,0.0,9.830777521296001,0.0,0.0,1.4998460043908837,-0.5563912627023756,-0.8309204310813738,0.0
33.136,0.0,0.0,9.821129377246022,0.0,0.0,1.499896133491279,-0.5761702641884564,-0.8173296927586837,0.0
33.152,0.0,0.0,9.778651897186885,0.0,0.0,1.499929668276041,-0.5956174393853497,-0.8032682403157985,0.0
33.168,0.0,0.0,9.795374286182719,0.0,0.0,1.5000163842457357,-0.6147215883329376,-0.7887441719831788,0.0
33.184,0.0,0.0,9.800470211828511,0.0,0.0,1.499772202934633,-0.6334717086257716,-0.7737658524196744,0.0
33.2,0.0,0.0,9.84654766381106,0.0,0.0,1.5002371433514512,-0.6518570017495503,-0.7583419078951702,0.0
33.216,0.0,0.0,9.751879544277182,0.0,0.0,1.499646052883929,-0.6698668793001631,-0.7424812213225738,0.0
33.232,0.0,0.0,9.78540095086524,0.0,0.0,1.499721449234624,-0.6874909690817376,-0.7261929271419911,0.0
33.248,0.0,0.0,9.761356325936942,0.0,0.0,1.5000708393941466,-0.7047191210801627,-0.7094864060600478,0.0
33.264,0.0,0.0,9.839107115249716,0.0,0.0,1.4802873298417172,-0.7213246853369725,-0.6925970677988161,0.0
33.28,0.0,0.0,9.88543296113815,0.0,0.0,1.4375151909283035,-0.7370623637177559,-0.675824734669274,0.0
33.296,0.0,0.0,9.78984235325895,0.0,0.0,1.4114961188807549,-0.7521348263869645,-0.6590092586116304,0.0
33.312,0.0,0.0,9.858178915771727,0.0,0.0,1.3755965002073747,-0.7664529841864718,-0.6423004149396543,0.0
33.328,0.0,0.0,9.838030569812535,0.0,0.0,1.3470154458301096,-0.7801169859760588,-0.6256336693238544,0.0
33.344,0.0,0.0,9.804219123664751,0.0,0.0,1.3146796986039508,-0.7931034460353774,-0.6090869592158489,0.0
33.36,0.0,0.0,9.844014391443798,0.0,0.0,1.286327602142819,-0.8054685511803698,-0.5926385180355696,0.0
33.376,0.0,0.0,9.828578229095376,0.0,0.0,1.2562966104993218,-0.8172161010507116,-0.5763313666489732,0.0
33.392,0.0,0.0,9.808016430231508,0.0,0.0,1.2282375267113497,-0.8283830776851597,-0.5601620092480951,0.0
33.408,0.0,0.0,9.82015648194121,0.0,0.0,1.2000230759249502,-0.8389840883278363,-0.5441559514814753,0.0
33.424,0.0,0.0,9.786882368332213,0.0,0.0,1.1727858918401828,-0.8490473348489418,-0.5283167829871667,0.0
33.44,0.0,0.0,9.834332024694877,0.0,0.0,1.146123265560456,-0.8585912717459725,-0.5126607338987783,0.0
33.456,0.0,0.0,9.784680185451982,0.0,0.0,1.1200555601308453,-0.8676396925561046,-0.497193487388108,0.0
33.472,0.0,0.0,9.837734988579422,0.0,0.0,1.0943640596960291,-0.87621194401493,-0.48192595817778655,0.0
33.488,0.0,0.0,9.797092012748829,0.0,0.0,1.069429797282867,-0.8843292408614206,-0.46686378501385545,0.0
33.504,0.0,0.0,9.90729782770952,0.0,0.0,1.0449325118628618,-0.8920105737473638,-0.45201453109706446,0.0
33.52,0.0,0.0,9.789129357103828,0.0,0.0,1.0210902101470827,-0.8992753489189018,-0.43738295214467093,0.0
33.536,0.0,0.0,9.859957823632026,0.0,0.0,0.9975971860913192,-0.9061416836213045,-0.422974289057796,0.0
33.552,0.0,0.0,9.855955259900586,0.0,0.0,0.9746108069103916,-0.9126275103255025,-0.40879215672157276,0.0
33.568,0.0,0.0,9.778340085868377,0.0,0.0,0.9523611006609481,-0.9187498719590645,-0.39484005973964004,0.0
33.584,0.0,0.0,9.789744716108439,0.0,0.0,0.9303147468260828,-0.9245253867770936,-0.3811204654760301,0.0
33.6,0.0,0.0,9.818743249143747,0.0,0.0,0.9089677130539094,-0.9299699619938805,-0.3676355121436187,0.0
33.616,0.0,0.0,9.793894569230874,0.0,0.0,0.8879226435189072,-0.935098993547865,-0.35438661411764705,0.0
33.632,0.0,0.0,9.847196185578365,0.0,0.0,0.8674954764676448,-0.9399272548420163,-0.34137480224110167,0.0
33.648,0.0,0.0,9.84236248431884,0.0,0.0,0.847558660929729,-0.9444689871760366,-0.3286005664369312,0.0
33.664,0.0,0.0,9.769010930258133,0.0,0.0,0.8277753457424523,-0.9487378618520442,-0.31606402751406504,0.0
33.68,0.0,0.0,9.80341985246003,0.0,0.0,0.8084864910256411,-0.9527470258151859,-0.30376488408029906,0.0
33.696,0.0,0.0,9.795815325337303,0.0,0.0,0.789752178750029,-0.956509094541387,-0.29170250609073684,0.0
33.712,0.0,0.0,9.776031678300955,0.0,0.0,0.7713209667606771,-0.9600361794460691,-0.27987592635772557,0.0
33.728,0.0,0.0,9.85687654575072,0.0,0.0,0.7533972099434709,-0.9633398936702827,-0.2682838967648421,0.0
33.744,0.0,0.0,9.808171892224536,0.0,0.0,0.7358519103359471,-0.9664313720671087,-0.25692489775124117,0.0
33.76,0.0,0.0,9.789759114225818,0.0,0.0,0.7184258464343521,-0.9693212823145807,-0.24579717584223215,0.0
33.776,0.0,0.0,9.760971835464053,0.0,0.0,0.7017356817984557,-0.9720198417953618,-0.23489875937543778,0.0
33.792,0.0,0.0,9.811020005798136,0.0,0.0,0.6851971585660188,-0.9745368307793933,-0.224227485947767,0.0
33.808,0.0,0.0,9.856067552065232,0.0,0.0,0.6692448460759258,-0.9768816078595377,-0.21378101932997784,0.0
33.824,0.0,0.0,9.798254775776305,0.0,0.0,0.6533667593041766,-0.9790631237634678,-0.20355687088998148,0.0
33.84,0.0,0.0,9.846329393611006,0.0,0.0,0.6379068786890235,-0.9810899359419075,-0.19355241562301448,0.0
33.856,0.0,0.0,9.85444246625487,0.0,0.0,0.6229562062815244,-0.9829702223449771,-0.18376490955311953,0.0
33.872,0.0,0.0,9.839711960992602,0.0,0.0,0.6080930839798105,-0.984711795344686,-0.1741915041241836,0.0
33.888,0.0,0.0,9.714447161993297,0.0,0.0,0.5937600568842412,-0.9863221151514936,-0.1648292606398637,0.0
33.904,0.0,0.0,9.742965306094472,0.0,0.0,0.5797213954874063,-0.9878083031017795,-0.1556751628333284,0.0
33.92,0.0,0.0,9.824200936998531,0.0,0.0,0.5658477773378869,-0.9891771545473792,-0.14672612896669188,0.0
33.936,0.0,0.0,9.7823960383615,0.0,0.0,0.5522658182932312,-0.9904351514926097,-0.13797902263681805,0.0
33.952,0.0,0.0,9.820302888203964,0.0,0.0,0.5389681065477568,-0.9915884748675841,-0.12943066294266906,0.0
33.968,0.0,0.0,9.838432385083275,0.0,0.0,0.5261662947414987,-0.9926430164929789,-0.12107783367619225,0.0
33.984,0.0,0.0,9.801579244383483,0.0,0.0,0.5136411887246451,-0.99360439069072,-0.11291729185613389,0.0
34.0,0.0,0.0,9.838475746829205,0.0,0.0,0.5012515772069385,-0.9944779455618546,-0.10494577547987778,0.0
34.016,0.0,0.0,9.754780653634468,0.0,0.0,0.4891060594012673,-0.99526877391416,-0.09716001065975952,0.0
34.032000000000004,0.0,0.0,9.841858836323176,0.0,0.0,0.4773170717297604,-0.9959817238489889,-0.08955671811090911,0.0
34.048,0.0,0.0,9.782817009021173,0.0,0.0,0.4657007556761543,-0.9966214090024705,-0.08213261908602598,0.0
34.064,0.0,0.0,9.833742636145551,0.0,0.0,0.4543935033903553,-0.9971922184472293,-0.07488444076237326,0.0
34.08,0.0,0.0,9.826829031077699,0.0,0.0,0.4434196101328296,-0.9976983262557563,-0.06780892114215133,0.0
34.096000000000004,0.0,0.0,9.882996518092156,0.0,0.0,0.43258632846563827,-0.9981437007312501,-0.06090281348611604,0.0
34.112,0.0,0.0,9.812167473150778,0.0,0.0,0.4219352660266188,-0.9985321133102063,-0.05416289032403713,0.0
34.128,0.0,0.0,9.758274493438861,0.0,0.0,0.4115913433376653,-0.9988671471431105,-0.04758594706616224,0.0
34.144,0.0,0.0,9.842367201038641,0.0,0.0,0.4014786333652648,-0.9991522053592922,-0.041168805249398185,0.0
34.160000000000004,0.0,0.0,9.763083291069748,0.0,0.0,0.39152786556130725,-0.9993905190229577,-0.0349083154423583,0.0
34.176,0.0,0.0,9.751634033126239,0.0,0.0,0.38194462330849066,-0.9995851547875023,-0.028801359836739992,0.0
34.192,0.0,0.0,9.725839666974728,0.0,0.0,0.37243080793934275,-0.9997390222556615,-0.022844854547455766,0.0
34.208,0.0,0.0,9.819840841207766,0.0,0.0,0.36319518578146853,-0.9998548810531976,-0.017035751644597388,0.0
34.224000000000004,5.01375555539032,-0.02524113007990473,9.767918804908476,0.0,0.0,0.3151208655312021,-0.9999280692008385,-0.011994016186541558,0.0
34.24,4.999091850224819,0.003839081251015509,9.815095897924,0.0,0.0,0.2671299106925499,-0.9999702007348449,-0.007719950926924826,0.0
34.256,4.995845928242201,0.025282696859410113,9.876543470446494,0.0,0.0,0.21915302081320037,-0.9999911221747912,-0.004213736062188781,0.0
34.272,4.989529045818269,0.038696212794173956,9.836471110605173,0.0,0.0,0.17115053088149573,-0.9999989114979201,-0.0014754670363570832,0.0
34.288000000000004,5.013056237346611,0.04449441128555823,9.871434659469834,0.0,0.0,0.12315025628273375,-0.9999998775793266,0.00049481444185491,0.0
34.304,4.98302395714252,0.043034608214110724,9.817407430032093,0.0,0.0,0.07512736921734642,-0.9999985599312518,0.0016970961737201589,0.0
34.32,5.014855708791569,0.03394434027334482,9.844412417914656,0.0,0.0,0.02713962358496652,-0.999997728611248,0.002131378038951513,0.0
34.336,4.961337226034677,0.016688926184965387,9.781734187306478,0.0,0.0,-0.016293867572295482,-0.9999982501778361,0.0018707328152699466,0.0
34.352000000000004,5.007553890363134,-0.009199668061389412,9.803058856546118,0.0,0.0,-0.016057501069631053,-0.999998697772529,0.0016138318519609,0.0
34.368,5.009866557655418,-0.010311109879726695,9.737778100782622,0.0,0.0,-0.015826874874316055,-0.9999990744268872,0.0013605680318268885,0.0
34.384,4.967114282268683,-0.011413578098040472,9.813333296986503,0.0,0.0,-0.015605035002522652,-0.9999993830204059,0.0011108369851171678,0.0
34.4,4.97917550736884,-0.012539652525985882,9.813866877000823,0.0,0.0,-0.015393070217840603,-0.9999996262878493,0.0008645369637302527,0.0
34.416000000000004,5.03057426080149,-0.01356616790987594,9.871148218415017,0.0,0.0,-0.015185841435249533,-0.9999998068261446,0.0006215687198471881,0.0
34.432,4.957914395149778,-0.014540525997951768,9.773250046419257,0.0,0.0,-0.014983431881004022,-0.9999999271008655,0.00038183538866480224,0.0
34.448,4.99863167488016,-0.01560472566685903,9.763236368191798,0.0,0.0,-0.014786319549098153,-0.9999999894523264,0.000145242374918749,0.0
34.464,5.00325981843459,-0.01663420201893327,9.833551825493013,0.0,0.0,-0.014594013294292255,-0.9999999961013115,-8.830275709746122e-05,0.0
34.480000000000004,4.976711138097089,-0.01745315918838692,9.844071351789708,0.0,0.0,-0.01441274270323799,-0.9999999491544582,-0.0003188903903264066,0.0
34.496,5.023390760318561,-0.0183999548980563,9.7970814015256,0.0,0.0,-0.01423122752717773,-0.999999850609312,-0.0005466089588162646,0.0
34.512,5.045207812283136,-0.01951209722741448,9.797303801776268,0.0,0.0,-0.014058415198232165,-0.9999997023590744,-0.0007715450489558386,0.0
34.528,4.9719901561675615,-0.020372565994464922,9.799338059783292,0.0,0.0,-0.013889044139868469,-0.9999995061970575,-0.0009937834983402142,0.0
34.544000000000004,4.999899095102715,-0.021208755400897953,9.858069617836165,0.0,0.0,-0.01372797057458012,-0.9999992638208576,-0.001213407492540634,0.0
34.56,5.001699828712958,-0.02191451260186087,9.840513874153954,0.0,0.0,-0.01356812189572076,-0.9999989768362686,-0.0014304986600304494,0.0
34.576,5.025008247378315,-0.022657654330033757,9.877725573317662,0.0,0.0,-0.013416393191048785,-0.9999986467609376,-0.0016451371655498953,0.0
34.592,5.000121433070307,-0.023613345406662236,9.7908309147924,0.0,0.0,-0.0132687220011886,-0.9999982750277849,-0.0018574018021580523,0.0
34.608000000000004,4.9880657392661165,-0.024455831995413718,9.843882705512216,0.0,0.0,-0.013121459362603128,-0.9999978629881882,-0.0020673700822481282,0.0
34.624,5.010203779416418,-0.025147684455588664,9.841037068560292,0.0,0.0,-0.012984329124728456,-0.9999974119149482,-0.002275118327796002,0.0
34.64,4.961412439311619,-0.02572444911889059,9.80572422488596,0.0,0.0,-0.012849346760429,-0.9999969230050405,-0.002480721760117763,0.0
34.656,4.985361207293897,-0.026782197497757485,9.772781946755968,0.0,0.0,-0.012720981239366297,-0.9999963973821602,-0.002684254589422649,0.0
34.672000000000004,4.995487478641642,-0.027665505823744663,9.786437384341834,0.0,0.0,-0.01259521217575507,-0.9999958360990675,-0.002885790104458694,0.0
34.688,5.047923046872676,-0.02803045035867478,9.793545779985351,0.0,0.0,-0.012474354845734052,-0.9999952401397391,-0.0030854007625543828,0.0
34.704,5.003439070208148,-0.029110790544743647,9.80945051337583,0.0,0.0,-0.012360214705443648,-0.9999946104213292,-0.0032831582803823003,0.0
34.72,1.2574916582542541,-0.03049312404152651,9.810734966593753,0.0,0.0,-0.012247609821134887,-0.9999939477959445,-0.003479133725785397,0.0
34.736000000000004,8.97228894099221e-06,-0.030443150333595823,9.828970390593993,0.0,0.0,-0.012138137705634384,-0.9999932531757202,-0.0036733639950330545,0.0
34.752,8.803243043164038e-06,-0.030418237023884995,9.847446248772211,0.0,0.0,-0.012032062501837141,-0.9999925274793643,-0.003865874471991526,0.0
34.768,8.701998103595204e-06,-0.029999342561647456,9.76244326704084,0.0,0.0,-0.011926869000086592,-0.9999917715981292,-0.00405669028086475,0.0
34.784,8.424894291057698e-06,-0.02975582557374553,9.85951600222728,0.0,0.0,-0.011822386657540545,-0.99999098639647,-0.004245836291636555,0.0
34.800000000000004,8.325368190232149e-06,-0.029431380795148423,9.784141903617584,0.0,0.0,-0.011719627236726626,-0.9999901727126781,-0.004433337125498812,0.0
34.816,8.226535428647236e-06,-0.029323230114277142,9.845476101725588,0.0,0.0,-0.011616709879939367,-0.9999893313595032,-0.0046192171602815356,0.0
34.832,8.057284302561986e-06,-0.029015306147077723,9.810968444148784,0.0,0.0,-0.011517413911891651,-0.9999884631247513,-0.0048035005358729,0.0
34.848,7.877730241239877e-06,-0.02885664019800564,9.856154311857932,0.0,0.0,-0.011419393587699462,-0.999987568771868,-0.00498621115964357,0.0
34.864,7.808298503499617e-06,-0.028394867563942112,9.808176087744723,0.0,0.0,-0.011323033410442445,-0.9999866490405044,-0.005167372711871573,0.0
34.88,7.696250922235894e-06,-0.02867977898767461,9.87180006000807,0.0,0.0,-0.011228573831038046,-0.9999857046470636,-0.005347008651176984,0.0
34.896,7.515940069760931e-06,-0.027958271048949716,9.87221765248298,0.0,0.0,-0.011132151610253641,-0.9999847362852341,-0.0055251422199635546,0.0
34.912,7.3960863186808204e-06,-0.02795749368505126,9.791277706990684,0.0,0.0,-0.01104047203249519,-0.9999837446265036,-0.005701796449876539,0.0
34.928,7.290930155625595e-06,-0.0276194792266526,9.758856449803515,0.0,0.0,-0.010950983343754425,-0.9999827303206581,-0.005876994167275855,0.0
34.944,7.185247214006036e-06,-0.027477859991109896,9.814384243096919,0.0,0.0,-0.01085790955580298,-0.9999816939962657,-0.006050757998732978,0.0
34.96,7.008252752004875e-06,-0.027222957705466427,9.819827391034016,0.0,0.0,-0.010773347753691933,-0.9999806362611434,-0.006223110376552432,0.0
34.976,6.9077932580463675e-06,-0.026904827652672516,9.875846815147083,0.0,0.0,-0.010683797304058277,-0.9999795577028113,-0.00639407354432343,0.0
34.992,6.8663143618373985e-06,-0.026564194077530096,9.820558362353117,0.0,0.0,-0.010599993760051213,-0.9999784588889274,-0.006563669562504712,0.0
35.008,6.680439582661703e-06,-0.026391216194535695,9.798435694547576,0.0,0.0,-0.01051579750744889,-0.9999773403677134,-0.006731920314050189,0.0
35.024,6.61027860515345e-06,-0.026444825832607526,9.844020823866288,0.0,0.0,-0.01043386686632903,-0.9999762026683598,-0.0068988475100768285,0.0
35.04,6.475046005539549e-06,-0.02609994867530317,9.79316172184929,0.0,0.0,-0.010351230827359248,-0.9999750463014232,-0.007064472695583094,0.0
35.056,6.396812282146444e-06,-0.025970028311597948,9.796744040073284,0.0,0.0,-0.010269736703145049,-0.9999738717592028,-0.007228817255219591,0.0
35.072,6.333047126005578e-06,-0.025638557303570758,9.85609930158758,0.0,0.0,-0.010192956836263967,-0.9999726795161088,-0.007391902419123981,0.0
35.088,6.212692503426469e-06,-0.025446143868923052,9.735643836425682,0.0,0.0,-0.01011627354184715,-0.9999714700290123,-0.007553749268815646,0.0
35.104,6.089974915211157e-06,-0.025336043002835082,9.806654800339226,0.0,0.0,-0.010038962274931226,-0.9999702437375859,-0.00771437874316947,0.0
35.12,6.027559674634703e-06,-0.025082863268428776,9.862425380245485,0.0,0.0,-0.009965589053882876,-0.9999690010646269,-0.007873811644461312,0.0
35.136,5.927976617398465e-06,-0.02482705357570934,9.769747958967828,0.0,0.0,-0.00989177193593071,-0.9999677424163691,-0.008032068644505666,0.0
35.152,5.830086731148157e-06,-0.024832815121509904,9.798083673323505,0.0,0.0,-0.00981955562628942,-0.9999664681827821,-0.008189170290884356,0.0
35.168,5.771625503982295e-06,-0.02469150735992877,9.75013732474897,0.0,0.0,-0.009748908740294106,-0.9999651787378547,-0.00834513701327088,0.0
35.184,5.669864468983935e-06,-0.02435360953817414,9.890715286784049,0.0,0.0,-0.009677437096028634,-0.999963874439868,-0.008499989129872213,0.0
35.2,5.5978915404303855e-06,-0.024128635324088283,9.830815303367268,0.0,0.0,-0.00961089104601153,-0.9999625556316533,-0.008653746853981127,0.0
35.216,5.515669129856574e-06,-0.02392193622452237,9.827420819946354,0.0,0.0,-0.009542327754536836,-0.9999612226408382,-0.008806430300659022,0.0
35.232,5.466161952256184e-06,-0.023878595561428642,9.816870649948985,0.0,0.0,-0.009476511122059451,-0.9999598757800785,-0.008958059493553239,0.0
35.248,5.357688324901678e-06,-0.02362258641266213,9.812435131075324,0.0,0.0,-0.009411962615010726,-0.999958515347279,-0.009108654371859306,0.0
35.264,5.285061530217782e-06,-0.02333677197982008,9.809689775066172,0.0,0.0,-0.00934958944126384,-0.9999571416257977,-0.009258234797445154,0.0
35.28,5.2019611705712796e-06,-0.02336967470965658,9.80173120479254,0.0,0.0,-0.009287221452554884,-0.9999557548846407,-0.009406820562140237,0.0
35.296,5.154713082735325e-06,-0.02318679540901447,9.838970621682323,0.0,0.0,-0.009225976792514893,-0.9999543553786415,-0.009554431395204606,0.0
35.312,5.120588844472181e-06,-0.02308681059508201,9.828418012344713,0.0,0.0,-0.009166197829335603,-0.9999529433486264,-0.009701086970996121,0.0
35.328,5.022289750422374e-06,-0.02283356640076961,9.799963872263412,0.0,0.0,-0.009109114341802605,-0.9999515190215685,-0.009846806916841633,0.0
35.344,4.9598265196072215e-06,-0.022960688339791615,9.82400347353517,0.0,0.0,-0.009051643611753158,-0.9999500826107268,-0.009991610821135996,0.0
35.36,4.864770632998672e-06,-0.02262176404123921,9.834753668993859,0.0,0.0,-0.008993931841849519,-0.9999486343157697,-0.010135518241668787,0.0
35.376,4.820235533577788e-06,-0.02245934444744838,9.774851964100158,0.0,0.0,-0.00894061918325216,-0.9999471743228888,-0.010278548714218615,0.0
35.392,4.771701109160249e-06,-0.022204329511729706,9.793325298402758,0.0,0.0,-0.008885156388601085,-0.9999457028048929,-0.010420721761412819,0.0
35.408,4.730058256998433e-06,-0.02235401491474094,9.849550023971865,0.0,0.0,-0.008832667858065925,-0.9999442199212921,-0.010562056901881408,0.0
35.424,4.682864502019082e-06,-0.02215268024834607,9.760050754860329,0.0,0.0,-0.008782243892869501,-0.9999427258183632,-0.010702573659720532,0.0
35.44,4.621602908919517e-06,-0.02202931177271945,9.86630570193895,0.0,0.0,-0.008730674284738312,-0.9999412206292018,-0.010842291574296139,0.0
35.456,4.565026549364237e-06,-0.021730179874355923,9.829552331260468,0.0,0.0,-0.008683364227057734,-0.9999397044737579,-0.010981230210399795,0.0
35.472,4.516461155151694e-06,-0.021719560363243354,9.855169326782027,0.0,0.0,-0.00863853534560154,-0.9999381774588554,-0.011119409168791264,0.0
35.488,4.4466931945689535e-06,-0.02173812347996232,9.703269878653884,0.0,0.0,-0.008592053158656158,-0.9999366396781937,-0.011256848097145855,0.0
35.504,4.405772920302237e-06,-0.021381316969323834,9.797963722046696,0.0,0.0,-0.008546171994756067,-0.9999350912123345,-0.011393566701448924,0.0
35.52,4.361745908123216e-06,-0.021251505849170065,9.86077115647407,0.0,0.0,-0.00850048785092148,-0.999933532128667,-0.01152958475785281,0.0
35.536,4.331939596195448e-06,-0.021231589216407977,9.790564935105733,0.0,0.0,-0.008460210819713536,-0.9999319624813564,-0.011664922125040864,0.0
35.552,4.258057139044316e-06,-0.021167831095518706,9.921802286138695,0.0,0.0,-0.008417040521387746,-0.9999303823112743,-0.011799598757128523,0.0
35.568,4.240536244465551e-06,-0.020977028245803667,9.781486460513994,0.0,0.0,-0.008378943578798589,-0.999928791645904,-0.011933634717147973,0.0
35.584,4.188925526715414e-06,-0.02085106306683622,9.8543129071275,0.0,0.0,-0.008339784555187945,-0.9999271904992305,-0.012067050191147628,0.0
35.6,4.1450951760365925e-06,-0.02080069450749567,9.886589322455483,0.0,0.0,-0.008301997125209208,-0.9999255788716028,-0.012199865502959937,0.0
35.616,4.103251809373835e-06,-0.02079678356520117,9.812335511443704,0.0,0.0,-0.008265618738046493,-0.9999239567495757,-0.012332101129682513,0.0
35.632,4.089053913777542e-06,-0.02060764554258783,9.827088778634842,0.0,0.0,-0.008231939962651137,-0.9999223241057269,-0.012463777717930936,0.0
35.648,4.063928706446166e-06,-0.02057493870681969,9.762621752881723,0.0,0.0,-0.008196582795804978,-0.9999206808984455,-0.012594916100911265,0.0
35.664,4.066231795925181e-06,-0.020665760500998734,9.810098324483542,0.0,0.0,-0.00816365938732385,-0.9999190270716971,-0.012725537316381515,0.0
35.68,3.975440161269734e-06,-0.02050198401580673,9.777515260790544,0.0,0.0,-0.008134091265406894,-0.999917362554755,-0.01285566262556934,0.0
35.696,3.9602503374322246e-06,-0.02038118902559679,9.883813396201843,0.0,0.0,-0.008104435642667185,-0.9999156872619046,-0.012985313533116022,0.0
35.712,3.9290448147421696e-06,-0.020301744545122374,9.798578928518166,0.0,0.0,-0.008076907116662304,-0.9999140010921111,-0.01311451180812744,0.0
35.728,3.940930565052047e-06,-0.020076939082768537,9.79658000481868,0.0,0.0,-0.008049361320662737,-0.9999123039286572,-0.013243279506419155,0.0
35.744,3.892572454414593e-06,-0.020238187977806667,9.803906394585939,0.0,0.0,-0.008024106862418832,-0.9999105956387364,-0.013371638994054635,0.0
35.76,3.871505521260021e-06,-0.019898647373531496,9.827212494492912,0.0,0.0,-0.007999188112077067,-0.9999088760730145,-0.01349961297226478,0.0
35.776,3.8387060710824035e-06,-0.019993055059878553,9.80944580834443,0.0,0.0,-0.007976950236759777,-0.9999071450651409,-0.01362722450388277,0.0
35.792,3.7971848183439682e-06,-0.020017895920306693,9.803108177236036,0.0,0.0,-0.007957147628877682,-0.9999054024312191,-0.013754497041398327,0.0
35.808,3.7927276418521e-06,-0.01984693766307426,9.852335420780909,0.0,0.0,-0.00793494062397512,-0.9999036479692255,-0.013881454456777095,0.0
35.824,3.7795976166798465e-06,-0.019713962924493397,9.84357814602709,0.0,0.0,-0.007917732961217245,-0.9999018814583756,-0.014008121073185706,0.0
35.84,3.765384679289788e-06,-0.01996125142586966,9.832708787511189,0.0,0.0,-0.007900866110977482,-0.9999001026584339,-0.014134521698793435,0.0
35.856,3.7670593678970697e-06,-0.019770977165997138,9.808956266839038,0.0,0.0,-0.007886467495678904,-0.999898311308961,-0.014260681662816223,0.0
35.872,3.7361633373198034e-06,-0.01967500018488484,9.75417856506461,0.0,0.0,-0.0078728466494225,-0.9998965071284945,-0.01438662685400957,0.0
35.888,3.725623191329639e-06,-0.01971729576509574,9.78890711526362,0.0,0.0,-0.0078615430150837,-0.9998946898136573,-0.014512383761816613,0.0
35.904,3.7288935802329917e-06,-0.019487944516273156,9.749183614646528,0.0,0.0,-0.007850195548351603,-0.999892859038187,-0.014637979520420813,0.0
35.92,3.700669336577124e-06,-0.019603666179846036,9.8147408501248,0.0,0.0,-0.007842672148224553,-0.9998910144518818,-0.014763441955950814,0.0
35.936,3.7173695154893646e-06,-0.01963639130677427,9.7097224194197,0.0,0.0,-0.007834089552678605,-0.999889155679451,-0.014888799637139911,0.0
35.952,3.680434020767133e-06,-0.019704316831296035,9.757818475174215,0.0,0.0,-0.007831243238935318,-0.9998872823192656,-0.0150140819297568,0.0
35.968,3.685373877917831e-06,-0.01976645625268916,9.811485132654607,0.0,0.0,-0.00782785702758926,-0.9998853939419988,-0.015139319055168134,0.0
35.984,3.6767673760454386e-06,-0.019516297685217086,9.808527891718631,0.0,0.0,-0.007827043483381646,-0.9998834900891436,-0.01526454215341931,0.0
36.0,3.66853283223244e-06,-0.019514220753741658,9.74365886345231,0.0,0.0,-0.007828009083862225,-0.9998815702714,-0.01538978335129319,0.0
36.016,3.699731723975471e-06,-0.01950049453624228,9.882167479988132,0.0,0.0,-0.007831401628988672,-0.9998796339669135,-0.015515075835819729,0.0
36.032000000000004,3.679345593930493e-06,-0.01965803874164309,9.844646914405407,0.0,0.0,-0.007837106365555523,-0.999877680619357,-0.015640453933804623,0.0
36.048,3.6867535150413628e-06,-0.019612175758478404,9.862854304587325,0.0,0.0,-0.00784473218988113,-0.9998757096358324,-0.01576595319797306,0.0
36.064,3.689700919493102e-06,-0.019644687037743833,9.735127561483809,0.0,0.0,-0.007853469379439757,-0.9998737203845806,-0.015891610500439645,0.0
36.08,3.7011140073414505e-06,-0.019499644248879133,9.794938109593465,0.0,0.0,-0.007866406392606572,-0.9998717121924731,-0.016017464134261517,0.0
36.096000000000004,3.7120942128789845e-06,-0.019548597715668945,9.718196542402042,0.0,0.0,-0.00788085256930302,-0.9998696843422669,-0.016143553923956423,0.0
36.112,3.726391896862177e-06,-0.019780845522031573,9.801219417899414,0.0,0.0,-0.007899786959354147,-0.999867636069593,-0.016269921345969208,0.0
36.128,3.7434285688456907e-06,-0.019810586023522116,9.834000060836585,0.0,0.0,-0.007919716993636203,-0.9998655665596508,-0.016396609660191224,0.0
36.144,3.768587406730319e-06,-0.019867594478668826,9.749652001119964,0.0,0.0,-0.007942146710105794,-0.9998634749435731,-0.016523664053797273,0.0
36.160000000000004,3.7957587774382553e-06,-0.01985916938782259,9.821542826647045,0.0,0.0,-0.007966017327916474,-0.9998613602944251,-0.01665113179882631,0.0
36.176,3.789465016865497e-06,-0.019975352630068388,9.748853891600922,0.0,0.0,-0.007998243334348669,-0.9998592216227911,-0.016779062425132604,0.0
36.192,3.833810888090588e-06,-0.020028229843534303,9.8414333432704,0.0,0.0,-0.008029179692532648,-0.9998570578719013,-0.016907507910556226,0.0
36.208,3.874149638745188e-06,-0.01997666081336259,9.796421438249611,0.0,0.0,-0.008066211185882783,-0.9998548679122404,-0.01703652289043356,0.0
36.224000000000004,3.912842720597097e-06,-0.020267150642849768,9.747600036907153,0.0,0.0,-0.00810329268709853,-0.9998526505355716,-0.017166164888882115,0.0
36.24,3.968036200511501e-06,-0.020305758148802346,9.824461456525533,0.0,0.0,-0.008146136747322003,-0.9998504044483003,-0.01729649457464085,0.0
36.256,3.988231364681927e-06,-0.020492903234781694,9.825622936095955,0.0,0.0,-0.008194575325670646,-0.9998481282640913,-0.017427576044693808,0.0
36.272,4.0403864058250245e-06,-0.02042330769646285,9.790222684978254,0.0,0.0,-0.008245348106503384,-0.9998458204956359,-0.017559477139386947,0.0
36.288000000000004,4.0949747624729725e-06,-0.02060493503556727,9.77269933181972,0.0,0.0,-0.008300433489260964,-0.999843479545453,-0.017692269793366702,0.0
36.304,4.157923695763224e-06,-0.020607381041403104,9.824861668289254,0.0,0.0,-0.008360697567590123,-0.999841103695584,-0.017826030427342182,0.0
36.32,4.213643217271582e-06,-0.02082746642925831,9.83313991127895,0.0,0.0,-0.008427471148656733,-0.9998386910960234,-0.01796084038654014,0.0
36.336,-2.5295828471240824,-0.021276153972714457,9.70284356584864,0.0,0.0,-0.008497592368737723,-0.999836239751695,-0.018096786432711794,0.0
36.352000000000004,-3.4944099004031255,-0.02124014752711899,9.705708184415824,0.0,0.0,-0.008572067580208311,-0.999833748532617,-0.018233905100553525,0.0
36.368,-3.007342806487052,-0.02090445372086755,9.878452266703661,0.0,0.0,-0.008645547182728534,-0.9998312166805768,-0.018372211381254784,0.0
36.384,-3.1198070575536674,-0.020908067353885302,9.766149263513952,0.0,0.0,-0.00871924938484375,-0.999828643249187,-0.018511729754131442,0.0
36.4,-2.993790472548619,-0.020679730057214733,9.859962621871842,0.0,0.0,-0.008797528061109549,-0.9998260273253398,-0.018652481948235315,0.0
36.416000000000004,-2.9502991320573555,-0.02038460321720771,9.836230483334237,0.0,0.0,-0.008876881678419017,-0.9998233679389553,-0.018794491831499758,0.0
36.432,-2.873111752607887,-0.020284417272199068,9.813088142894458,0.0,0.0,-0.008958316991864316,-0.9998206640969435,-0.018937783522558566,0.0
36.448,-2.8087917864305316,-0.019944333999428868,9.856365164190374,0.0,0.0,-0.009038281814005263,-0.9998179147674915,-0.01908238218842327,0.0
36.464,-2.7566109190606367,-0.019668255515800346,9.752101075036233,0.0,0.0,-0.009123266265718927,-0.9998151188840472,-0.019228313781468435,0.0
36.480000000000004,-2.722537881267354,-0.019407499207330193,9.791955599140302,0.0,0.0,-0.009206913836525448,-0.9998122753413021,-0.0193756051995358,0.0
36.496,-2.6378551260865026,-0.01906156399134727,9.787423009557525,0.0,0.0,-0.00929436299050483,-0.9998093829942225,-0.01952428428168547,0.0
36.512,-2.5966135046095618,-0.0188810468454132,9.798754392611663,0.0,0.0,-0.009383096326111957,-0.9998064406557056,-0.01967437987254159,0.0
36.528,-2.546171635702253,-0.01874074244207322,9.77874723841944,0.0,0.0,-0.00947416011865861,-0.9998034470946152,-0.019825921863181703,0.0
36.544000000000004,-2.4886654258254177,-0.018409866548917873,9.813613399569618,0.0,0.0,-0.009564140585716823,-0.9998004010334843,-0.019978941245321593,0.0
36.56,-2.4261495023452344,-0.01826286136827998,9.814912791793526,0.0,0.0,-0.009660019294289224,-0.9997973011461546,-0.020133470164515103,0.0
36.576,-2.38219375230646,-0.017988756830856524,9.778420208893413,0.0,0.0,-0.009756229540877038,-0.9997941460552311,-0.02028954197835264,0.0
36.592,-2.3350114936613955,-0.01785132081875874,9.831291601681347,0.0,0.0,-0.009856983356163803,-0.9997909343293829,-0.020447191317624312,0.0
36.608000000000004,-2.281973209551516,-0.017754624063867613,9.843046131402966,0.0,0.0,-0.009956079950053896,-0.999787664480462,-0.020606454151635447,0.0
36.624,-2.232639847360621,-0.01748487873574761,9.710450569820686,0.0,0.0,-0.010059414536401558,-0.9997843349604287,-0.020767367857608052,0.0
36.64,-2.1877442094929114,-0.017184865112590708,9.87368196017809,0.0,0.0,-0.010165767571161813,-0.9997809441580718,-0.020929971294638194,0.0
36.656,-2.1393875781293596,-0.017064732828872123,9.801129327795733,0.0,0.0,-0.010273901772533388,-0.9997774903954997,-0.021094304882518324,0.0
36.672000000000004,-2.0959194131613756,-0.016917042691710453,9.783135709423163,0.0,0.0,-0.0103837675559534,-0.9997739719243898,-0.021260410685823967,0.0
36.688,-2.0445001963363483,-0.01671408609579885,9.869723410509788,0.0,0.0,-0.010495823399783399,-0.9997703869219727,-0.021428332503694983,0.0
36.704,-2.000368942070025,-0.01654889156083852,9.764589708963678,0.0,0.0,-0.0106148174412119,-0.9997667334867314,-0.021598115965774118,0.0
36.72,-1.978869532951852,-0.01646028579938274,9.8382267498696,0.0,0.0,-0.010733612627258585,-0.9997630096337847,-0.021769808634824285,0.0
36.736000000000004,-1.9346178218499612,-0.016219709386212103,9.877667099969878,0.0,0.0,-0.010856941181780676,-0.9997592132899363,-0.021943460116580445,0.0
36.752,-1.9034211074780825,-0.016166882940130602,9.731289875626196,0.0,0.0,-0.010980856923367385,-0.9997553422883513,-0.022119122177464864,0.0
36.768,-1.8522757864169404,-0.01586605572128575,9.809473068146525,0.0,0.0,-0.011110412638062376,-0.9997513943628339,-0.02229684887084671,0.0
36.784,-1.8162149549235866,-0.015682330952647663,9.759948541892438,0.0,0.0,-0.011242352335480535,-0.9997473671416635,-0.022476696672599362,0.0
36.800000000000004,-1.7698762364364933,-0.01571002520796584,9.800608547020063,0.0,0.0,-0.011378881465173284,-0.9997432581409527,-0.022658724626792616,0.0
36.816,-1.7237828513050981,-0.015548197222752129,9.7747704587051,0.0,0.0,-0.011520953265913401,-0.9997390647574805,-0.022842994502439654,0.0
36.832,-1.7062580990720473,-0.01528483181766907,9.735165759599449,0.0,0.0,-0.011664767762556927,-0.9997347842609516,-0.0230295709623194,0.0
36.848,-1.6733514266175638,-0.015228933970589659,9.817493847779966,0.0,0.0,-0.01181373869306902,-0.9997304137856247,-0.023218521745013716,0.0
36.864000000000004,-1.6242713259720587,-0.015110169037660978,9.83918740932922,0.0,0.0,-0.011964688247810827,-0.999725950321248,-0.023409917861409932,0.0
36.88,-1.5949594058206553,-0.014938496567553855,9.846899674925032,0.0,0.0,-0.012121607315724696,-0.9997213907032337,-0.023603833807079772,0.0
36.896,-1.570959667069864,-0.014871387978751904,9.87770726492608,0.0,0.0,-0.012287111437980176,-0.9997167316019951,-0.023800347792090743,0.0
36.912,-1.5260655316254799,-0.014742461394985551,9.797967892105653,0.0,0.0,-0.012454910371072329,-0.9997119695113539,-0.02399954199000091,0.0
36.928,-1.501938052120183,-0.014667217459268323,9.805526023892549,0.0,0.0,-0.01262450446216198,-0.9997071007359283,-0.024201502807984873,0.0
36.944,-1.4708565480280746,-0.01449999660846042,9.870993420476564,0.0,0.0,-0.012804886773744601,-0.9997021213773856,-0.024406321180283647,0.0
36.96,-1.433376596019193,-0.014422637457490596,9.856324915926148,0.0,0.0,-0.012989335665398248,-0.9996970273194418,-0.024614092887436788,0.0
36.976,-1.4073684818484196,-0.014470471324587768,9.825877889863476,0.0,0.0,-0.013180775322518363,-0.9996918142114634,-0.024824918904055724,0.0
36.992,-1.380121881455551,-0.014185404705782069,9.855406514335659,0.0,0.0,-0.013379416876345284,-0.9996864774505191,-0.025038905778266483,0.0
37.008,-1.3419043264608728,-0.014060800796151612,9.821373719353408,0.0,0.0,-0.01358270255919086,-0.9996810121616996,-0.025256166046332375,0.0
37.024,-1.3208683540396136,-0.014122811831937445,9.764612917142296,0.0,0.0,-0.013795368020654775,-0.9996754131765058,-0.0254768186864542,0.0
37.04,-1.2987865384205188,-0.01400049294295105,9.865431652291011,0.0,0.0,-0.01401346601652131,-0.9996696750090727,-0.02570098961626571,0.0
37.056,-1.2610027147881895,-0.013806864723677712,9.796506715290562,0.0,0.0,-0.014242997457463309,-0.999663791829966,-0.025928812239174617,0.0
37.072,-1.233717032647867,-0.01382548989398029,9.857785646668903,0.0,0.0,-0.014481136817778205,-0.9996577574372546,-0.026160428045417437,0.0
37.088,-1.2113103668426968,-0.013825625795108204,9.780564367155883,0.0,0.0,-0.014725667210635656,-0.999651565224505,-0.026395987274529523,0.0
37.104,-1.193814496930103,-0.01360268509782322,9.824207286214095,0.0,0.0,-0.014986541982049958,-0.9996452081453132,-0.026635649646920716,0.0
37.12,-1.1536948708625896,-0.013588657384862951,9.80058227306469,0.0,0.0,-0.015253346562041097,-0.999638678673903,-0.026879585173386077,0.0
37.136,-1.1427226524614327,-0.01365558319488903,9.835526555512581,0.0,0.0,-0.015526722253842261,-0.9996319687612732,-0.027127975052717742,0.0
37.152,-1.1177383794739142,-0.013652171325886406,9.839198562779535,0.0,0.0,-0.01582173539465824,-0.9996250697862721,-0.02738101266919756,0.0
37.168,-1.0902678550932956,-0.01346302828807515,9.844411428112817,0.0,0.0,-0.01612329327412275,-0.9996179725008885,-0.027638904703572192,0.0
37.184,-1.0703456382622527,-0.013551053192075049,9.84213119201512,0.0,0.0,-0.016442688846252582,-0.9996106669689252,-0.027901872373385483,0.0
37.2,-1.0452328251753034,-0.013565663062294295,9.846380343623617,0.0,0.0,-0.016772051480559796,-0.9996031424970777,-0.0281701528211484,0.0
37.216,-1.0242660711694425,-0.0134643258128242,9.796357237727333,0.0,0.0,-0.01712119866558154,-0.9995953875572714,-0.028444000671998537,0.0
37.232,-1.0057577175885086,-0.013529921335830555,9.853845897378067,0.0,0.0,-0.01748496786191612,-0.9995873896988999,-0.028723689786299522,0.0
37.248,-0.9815742928276691,-0.013499175848033132,9.828230840720984,0.0,0.0,-0.017871804357078143,-0.9995791354493669,-0.02900951523717974,0.0
37.264,-0.9651021055661225,-0.013552310834847167,9.894349553449153,0.0,0.0,-0.018276787264457046,-0.9995706102010157,-0.02930179554855318,0.0
37.28,-0.9423565340740343,-0.0133888884471553,9.808475921466991,0.0,0.0,-0.01870021445762284,-0.999561798082174,-0.02960087523589526,0.0
37.296,-0.9216913022527105,-0.013487642537835775,9.83104215137271,0.0,0.0,-0.019150261859663256,-0.9995526818095791,-0.029907127700238734,0.0
37.312,-0.9003411847188206,-0.013562193087046353,9.849335703857736,0.0,0.0,-0.019623125083997967,-0.9995432425188848,-0.030220958535988426,0.0
37.328,-0.8876176650666429,-0.01367193862872338,9.792002279079341,0.0,0.0,-0.02012446684767729,-0.9995334595692635,-0.030542809325594812,0.0
37.344,-0.871572837684046,-0.01366444363902388,9.761142082950515,0.0,0.0,-0.02065658373026011,-0.9995233103172366,-0.03087316200963527,0.0
37.36,-0.844704954090956,-0.013816582058444436,9.865362590438526,0.0,0.0,-0.02121994690649314,-0.9995127698537823,-0.031212543940220862,0.0
37.376,-0.8277755545006111,-0.013847562838968326,9.784660234961274,0.0,0.0,-0.02181839636946576,-0.9995018106973835,-0.03156153374999009,0.0
37.392,-0.8103845532119633,-0.013950486060653711,9.824552208526578,0.0,0.0,-0.02246051089242849,-0.9994904024339271,-0.0319207681998242,0.0
37.408,-0.7935598315544755,-0.014026605360004463,9.83462865369347,0.0,0.0,-0.02314526026345992,-0.999478511292104,-0.0322909502077545,0.0
37.424,-0.7823739799757292,-0.014166633240858461,9.84727119957192,0.0,0.0,-0.023885531770265672,-0.9994660996400606,-0.03267285831213383,0.0
37.44,-0.7597323310242764,-0.01434140887768285,9.80739034901587,0.0,0.0,-0.02466690592702556,-0.9994531253852412,-0.03306735788769957,0.0
37.456,-0.7431608615154401,-0.014508426502160124,9.814793009134416,0.0,0.0,-0.025520584836881053,-0.9994395412543924,-0.033475414518869144,0.0
37.472,-0.7343265322583157,-0.014673831874076946,9.792143854515233,0.0,0.0,-0.02643410172182175,-0.9994252939240603,-0.03389811004769569,0.0
37.488,-0.7197506161734891,-0.014821082740458104,9.772456307269545,0.0,0.0,-0.027427496279017055,-0.999410322963058,-0.034336661964670764,0.0
37.504,-0.7036692687533763,-0.015140700445098963,9.793748982506193,0.0,0.0,-0.028504175266169142,-0.9993945595363251,-0.034792447013610645,0.0
37.52,-0.6880333312879712,-0.015534245154554415,9.81721425006654,0.0,0.0,-0.029678768601921195,-0.9993779248031192,-0.03526703015865442,0.0
37.536,-0.6721302351417686,-0.015720138872913646,9.850811336969782,0.0,0.0,-0.030964404186302107,-0.999360327919539,-0.03576220044337076,0.0
37.552,-0.658520443343199,-0.015931231117544707,9.841973611565805,0.0,0.0,-0.032382455612730336,-0.9993416635230875,-0.03628001580634394,0.0
37.568,-0.6474042965611129,-0.01658540513067095,9.873324707274746,0.0,0.0,-0.0339505204532416,-0.9993218085307924,-0.036822859676381936,0.0
37.584,-0.634906786093517,-0.01692166682392516,9.834109249106602,0.0,0.0,-0.03568802057415039,-0.9993006180152566,-0.037393513265353735,0.0
37.6,-0.6173968564501693,-0.017431233351665933,9.800037220549326,0.0,0.0,-0.037639442387699756,-0.9992779198235933,-0.037995249085016794,0.0
37.616,-0.6046765273454163,-0.01794359140463769,9.777544959525143,0.0,0.0,-0.03982342298377653,-0.9992535074540606,-0.03863195362336212,0.0
37.632,-5.015376244480752,-0.017488380454887157,9.768266925827602,0.0,0.0,0.008177052765237012,-0.999258553028067,-0.03850122336048843,0.0
37.648,-5.009554440406146,0.007608314464965365,9.852924031857546,0.0,0.0,0.05617799513206227,-0.9992927553371247,-0.03760304682784923,0.0
37.664,-4.975719784898476,0.02491272796004864,9.79014971140789,0.0,0.0,0.10416207990964037,-0.9993540449160088,-0.03593734700854105,0.0
37.68,-4.9891801005407945,0.03476068354715753,9.815648163872075,0.0,0.0,0.15219056234883094,-0.9994385837569164,-0.03350398928440521,0.0
37.696,-4.999009817527283,0.03678745476730673,9.825422488348877,0.0,0.0,0.20017683961698438,-0.9995407648235138,-0.030302796175023093,0.0
37.712,-3.5250600597730277,0.02532829178718948,9.78439031848949,0.0,0.0,0.24814468749863897,-0.9996532114441066,-0.026333568871014273,0.0
37.728,0.0,0.0,9.739570398139598,0.0,0.0,0.29619718779143955,-0.9997667766997094,-0.02159611556446111,0.0
37.744,0.0,0.0,9.834000248440558,0.0,0.0,0.34420180127695477,-0.9998705429593423,-0.016090286578868296,0.0
37.76,0.0,0.0,9.77154440074236,0.0,0.0,0.392186692077564,-0.9999518217514309,-0.009816016299627603,0.0
37.776,0.0,0.0,9.757797744310507,0.0,0.0,0.4401408192405949,-0.9999961541967484,-0.002773371903193796,0.0
37.792,0.0,0.0,9.833863325493287,0.0,0.0,0.48810641830459484,-0.999987312264857,0.005037391121144994,0.0
37.808,0.0,0.0,9.79643215021925,0.0,0.0,0.5360982247271411,-0.9999073011524677,0.013615766669130893,0.0
37.824,0.0,0.0,9.860015488637378,0.0,0.0,0.5840810655996783,-0.9997363631184565,0.022960928959466092,0.0
37.84,0.0,0.0,9.833817352248898,0.0,0.0,0.6321894833392722,-0.9994529831464265,0.03307165674272914,0.0
37.856,0.0,0.0,9.888311022371791,0.0,0.0,0.6801988794630267,-0.999033896841545,0.043946250825266195,0.0
37.872,0.0,0.0,9.79084791398925,0.0,0.0,0.7282042734958007,-0.9984541010038419,0.05558244496790361,0.0
37.888,0.0,0.0,9.786603161799926,0.0,0.0,0.7761237728991234,-0.9976868673550708,0.06797731023823489,0.0
37.904,0.0,0.0,9.777066329309214,0.0,0.0,0.8241487779422723,-0.9967037599304579,0.08112715291743272,0.0
37.92,0.0,0.0,9.818132396048004,0.0,0.0,0.8721377429841215,-0.9954746566799901,0.0950274060882217,0.0
37.936,0.0,0.0,9.731449199085537,0.0,0.0,0.9202355485715807,-0.9939677758561379,0.1096725150600748,0.0
37.952,0.0,0.0,9.81473230872802,0.0,0.0,0.9681660551062677,-0.9921497077957631,0.1250558168210583,0.0
37.968,0.0,0.0,9.74277333067634,0.0,0.0,1.0162149425692106,-0.9899854527332179,0.14116941374322378,0.0
37.984,0.0,0.0,9.825959669673514,0.0,0.0,1.0641134501786464,-0.9874384653089161,0.1580040418102416,0.0
38.0,0.0,0.0,9.850470814645282,0.0,0.0,1.1122942902819262,-0.984470706462631,0.17554893368223157,0.0
38.016,0.0,0.0,9.773342241126318,0.0,0.0,1.1602877036873291,-0.9810427034230709,0.19379167696356964,0.0
38.032000000000004,0.0,0.0,9.732947119164413,0.0,0.0,1.2079716194301835,-0.9771136185244348,0.21271806809503846,0.0
38.048,0.0,0.0,9.799891612218088,0.0,0.0,1.2560776670190736,-0.972641327596237,0.2323119623519839,0.0
38.064,0.0,0.0,9.764876002833565,0.0,0.0,1.304032110165619,-0.9675825086841896,0.2525551204953289,0.0
38.08,0.0,0.0,9.794251732704033,0.0,0.0,1.3524175822941344,-0.9618927418668042,0.273427052692234,0.0
38.096000000000004,0.0,0.0,9.749272050009619,0.0,0.0,1.400205186597205,-0.9555266209340559,0.2949048603979682,0.0
38.112,0.0,0.0,9.837227999273113,0.0,0.0,1.4478375717411356,-0.9484378776903338,0.3169630769699452,0.0
38.128,0.0,0.0,9.808899336594472,0.0,0.0,1.4960184117849584,-0.9405795196333162,0.33957350786885615,0.0
38.144,0.0,0.0,9.834548965261185,0.0,0.0,1.4999155745472936,-0.9321600809419808,0.36204638307576,0.0
38.160000000000004,0.0,0.0,9.907295681457994,0.0,0.0,1.4999589719936592,-0.9232037953499767,0.38431074959126305,0.0
38.176,0.0,0.0,9.77526138720426,0.0,0.0,1.5002776608884751,-0.9137158209350414,0.4063537849866834,0.0
38.192,0.0,0.0,9.809143843253462,0.0,0.0,1.4999458088137958,-0.9037016219835806,0.42816279430170656,0.0
38.208,0.0,0.0,9.836135460326263,0.0,0.0,1.4999362061239534,-0.8931669658436927,0.44972521735563364,0.0
38.224000000000004,0.0,0.0,9.852329277078749,0.0,0.0,1.5000508929575074,-0.8821179196036532,0.4710286359810016,0.0
38.24,0.0,0.0,9.807049612645454,0.0,0.0,1.4999897781243705,-0.870560846597776,0.49206078117541896,0.0
38.256,0.0,0.0,9.774982803920837,0.0,0.0,1.5000203591448837,-0.858502402741661,0.5128095401674923,0.0
38.272,0.0,0.0,9.838122244820259,0.0,0.0,1.4998661913535827,-0.8459495326989378,0.5332629633927793,0.0
38.288000000000004,0.0,0.0,9.817128331304547,0.0,0.0,1.4999095440439043,-0.8329094658817155,0.5534092713757471,0.0
38.304,0.0,0.0,9.855646539960519,0.0,0.0,1.4999250751080575,-0.8193897122870414,0.5732368615137721,0.0
38.32,0.0,0.0,9.857015165499146,0.0,0.0,1.5001313371011928,-0.8053980581717648,0.5927343147592781,0.0
38.336,0.0,0.0,9.80988995857703,0.0,0.0,1.499942881900628,-0.7909425615682997,0.6118904021961586,0.0
38.352000000000004,0.0,0.0,9.843636449594971,0.0,0.0,1.4996961436698435,-0.7760315476438654,0.6306940915067045,0.0
38.368,0.0,0.0,9.808379247131162,0.0,0.0,1.5000082920371658,-0.7606736039058811,0.6491345533253018,0.0
38.384,0.0,0.0,9.849722465401559,0.0,0.0,1.5002948378806913,-0.7448775752562744,0.6672011674752475,0.0
38.4,0.0,0.0,9.839673902561415,0.0,0.0,1.5000377638903144,-0.7286525588975503,0.6848835290850934,0.0
38.416000000000004,0.0,0.0,9.76885933488704,0.0,0.0,1.500056940421156,-0.7120078990935576,0.7021714545809866,0.0
38.432,0.0,0.0,9.814062575942877,0.0,0.0,1.5003907863310366,-0.6949531817879668,0.7190549875515648,0.0
38.448,0.0,0.0,9.874026105456968,0.0,0.0,1.4865635900617031,-0.677652581800353,0.7353821988458219,0.0
38.464,0.0,0.0,9.783055228278352,0.0,0.0,1.439337078970598,-0.6605400709148822,0.7507907929082258,0.0
38.480000000000004,0.0,0.0,9.865887527877407,0.0,0.0,1.415941307937598,-0.6433637588522533,0.7655606271194332,0.0
38.496,0.0,0.0,9.819463757072517,0.0,0.0,1.3776935292266632,-0.6263352115085085,0.7795538485727538,0.0
38.512,0.0,0.0,9.831385074550436,0.0,0.0,1.350439814405985,-0.6093474125693138,0.792903355267893,0.0
38.528,0.0,0.0,9.801160176839037,0.0,0.0,1.316738568100419,-0.5925064972105711,0.8055656712914593,0.0
38.544000000000004,0.0,0.0,9.817189453215159,0.0,0.0,1.288762367828693,-0.5757710005040967,0.8176110046828574,0.0
38.56,0.0,0.0,9.811130813702782,0.0,0.0,1.258243438890534,-0.5591966334891199,0.8290350566136724,0.0
38.576,0.0,0.0,9.790854725171776,0.0,0.0,1.2301692411966925,-0.5427706834529967,0.839880935123525,0.0
38.592,0.0,0.0,9.788207310716148,0.0,0.0,1.2017751790239033,-0.5265242228323794,0.8501601277234536,0.0
38.608000000000004,0.0,0.0,9.779871982104986,0.0,0.0,1.1746037898553792,-0.5104564255085502,0.8599036211442733,0.0
38.624,0.0,0.0,9.811356763459777,0.0,0.0,1.1474847704256796,-0.4945858318598544,0.8691287907574436,0.0
38.64,0.0,0.0,9.849679145588647,0.0,0.0,1.1213284884811399,-0.4789159023439787,0.8778607853652269,0.0
38.656,0.0,0.0,9.798703399292513,0.0,0.0,1.0953539254362124,-0.46345838154562113,0.8861186876345141,0.0
38.672000000000004,0.0,0.0,9.820369249429584,0.0,0.0,1.070200942889646,-0.44821768727316524,0.8939244402160034,0.0
38.688,0.0,0.0,9.857777913732816,0.0,0.0,1.0456905888924635,-0.4332015456241752,0.9012970769223795,0.0
38.704,0.0,0.0,9.847955797100774,0.0,0.0,1.021425328544183,-0.418413951855581,0.9082564422521844,0.0
38.72,0.0,0.0,9.825749592588535,0.0,0.0,0.9978568531885728,-0.40386001466011257,0.9148207958713738,0.0
38.736000000000004,0.0,0.0,9.786030970941143,0.0,0.0,0.9748946342826148,-0.38954280434139793,0.9210083623864874,0.0
38.752,0.0,0.0,9.775701052747928,0.0,0.0,0.9522082829227624,-0.37546556812819815,0.9268363432398243,0.0
38.768,0.0,0.0,9.79754455290604,0.0,0.0,0.930172001128053,-0.36163033485167556,0.9323215651882483,0.0
38.784,0.0,0.0,9.807129580375483,0.0,0.0,0.9086609673607742,-0.3480389379356314,0.937480078551346,0.0
38.800000000000004,0.0,0.0,9.796828070410363,0.0,0.0,0.8873309510011715,-0.3346924103144235,0.9423274327312784,0.0
38.816,0.0,0.0,9.85458013467849,0.0,0.0,0.8668485180626847,-0.32159146628392565,0.9468785185087656,0.0
38.832,0.0,0.0,9.83117582961769,0.0,0.0,0.8465082278647165,-0.30873624976041913,0.9511476899429826,0.0
38.848,0.0,0.0,9.803086073777418,0.0,0.0,0.8267379299699777,-0.2961265696230064,0.95514870819329,0.0
38.864000000000004,0.0,0.0,9.805928466570602,0.0,0.0,0.8075339403268319,-0.2837618043635435,0.9588948004783144,0.0
38.88,0.0,0.0,9.86217690619871,0.0,0.0,0.7886628802217825,-0.27164102410339336,0.9623986461046481,0.0
38.896,0.0,0.0,9.7080392893541,0.0,0.0,0.7700103215810928,-0.2597629631716573,0.9656724097561659,0.0
38.912,0.0,0.0,9.849741779158466,0.0,0.0,0.75192120113101,-0.24812608902972952,0.9687277450051749,0.0
38.928,0.0,0.0,9.817571296882647,0.0,0.0,0.734260264688946,-0.23672860324707076,0.9715758171160351,0.0
38.944,0.0,0.0,9.781885436983154,0.0,0.0,0.7169804041972939,-0.2255684846588222,0.9742273136844002,0.0
38.96,0.0,0.0,9.762006681825708,0.0,0.0,0.7000456224211818,-0.214643501224538,0.9766924630517386,0.0
38.976,0.0,0.0,9.786531672121352,0.0,0.0,0.6833523062747882,-0.20395123991288283,0.978981047690913,0.0
38.992,0.0,0.0,9.788297588395261,0.0,0.0,0.6671429505596074,-0.1934891218060029,0.9811024206181239,0.0
39.008,0.0,0.0,9.797084944508672,0.0,0.0,0.6512913312940837,-0.1832544245200231,0.9830655196342892,0.0
39.024,0.0,0.0,9.841840970505677,0.0,0.0,0.6357960477472823,-0.17324429733108285,0.9848788826258078,0.0
39.04,0.0,0.0,9.834915112885259,0.0,0.0,0.620693046187409,-0.16345577892002325,0.9865506618200854,0.0
39.056,0.0,0.0,9.76023455842981,0.0,0.0,0.6059175867096945,-0.15388581125486914,0.9880886382781814,0.0
39.072,0.0,0.0,9.821823015603941,0.0,0.0,0.5912522033046643,-0.14453125407510142,0.9895002357733315,0.0
39.088,0.0,0.0,9.78822780280551,0.0,0.0,0.577096847963262,-0.13538889712375546,0.9907925345578726,0.0
39.104,0.0,0.0,9.851056873136894,0.0,0.0,0.5631742704463214,-0.12645547215387556,0.9919722846744967,0.0
39.12,0.0,0.0,9.814183117712767,0.0,0.0,0.5496698022102391,-0.11772766347004664,0.9930459190057042,0.0
39.136,0.0,0.0,9.830089196162191,0.0,0.0,0.5363973284185765,-0.10920211793988031,0.9940195659228467,0.0
39.152,0.0,0.0,9.78099003030439,0.0,0.0,0.5234734634026095,-0.10087545395267006,0.9948990616086856,0.0
39.168,0.0,0.0,9.773776777824022,0.0,0.0,0.5105716682474024,-0.09274426976956072,0.995689961998669,0.0
39.184,0.0,0.0,9.74947046213176,0.0,0.0,0.4981720911052789,-0.08480515105847786,0.996397554369715,0.0
39.2,0.0,0.0,9.803137691056712,0.0,0.0,0.4859710053310326,-0.07705467783612939,0.997026868556495,0.0
39.216,0.0,0.0,9.919522479716438,0.0,0.0,0.4740513644667986,-0.06948943074815668,0.997582687808032,0.0
39.232,0.0,0.0,9.840706779619833,0.0,0.0,0.46246378041666675,-0.06210599680768318,0.9980695592795745,0.0
39.248,0.0,0.0,9.793501055203274,0.0,0.0,0.4511406182428753,-0.05490097458207225,0.9984918041676349,0.0
39.264,0.0,0.0,9.737170762102966,0.0,0.0,0.4399423098664005,-0.04787097889999615,0.9988535274899699,0.0
39.28,0.0,0.0,9.717090259036373,0.0,0.0,0.4290772346422236,-0.04101264509217867,0.9991586275174443,0.0
39.296,0.0,0.0,9.8297225726726,0.0,0.0,0.418357801954208,-0.034322632814276756,0.9994108048628934,0.0
39.312,0.0,0.0,9.779539468565837,0.0,0.0,0.40799114382057766,-0.027797629473199435,0.9996135712342399,0.0
39.328,5.02963188227943,-0.028936737107762036,9.83270153050252,0.0,0.0,0.36001590329027094,-0.022039254112345027,0.9997571061403724,0.0
39.344,5.004524732717586,0.003842444761354982,9.818421563620221,0.0,0.0,0.31202517657678125,-0.01704803528223622,0.9998546716863485,0.0
39.36,4.9999827965080925,0.028804884631829647,9.82402862562956,0.0,0.0,0.26398593064279424,-0.012824328048331479,0.9999177649237505,0.0
39.376,4.986054844044999,0.04597349902342379,9.790084061507708,0.0,0.0,0.2159632652497089,-0.009368358124886114,0.9999561159701179,0.0
39.392,4.9803095861831395,0.0556601159403149,9.746462419727118,0.0,0.0,0.16801011464416027,-0.00668025923098851,0.9999776868193644,0.0
39.408,4.982390578376271,0.05709868445963574,9.87007330323374,0.0,0.0,0.1199960782279691,-0.004760103661882227,0.999988670642387,0.0
39.424,4.992034237543729,0.051249240097525586,9.759273764097346,0.0,0.0,0.0720103824272595,-0.0036079260691322993,0.999993491413559,0.0
39.44,4.995714846697508,0.038293512567794674,9.867502799122885,0.0,0.0,0.02401080801850306,-0.0032237404483519893,0.9999948037352603,0.0
39.456,4.9856694055296495,0.0171166104997151,9.766014323325479,0.0,0.0,-0.022305429907890476,-0.0035805920528829836,0.9999935896597292,0.0
39.472,4.986702878114344,-0.01430634047319663,9.801109197246934,0.0,0.0,-0.02203208597054366,-0.0039331334203697894,0.9999922652008354,0.0
39.488,5.0053963240595705,-0.015921827257596936,9.832339027183473,0.0,0.0,-0.021780814150514402,-0.004281576961443055,0.9999908340073539,0.0
39.504,4.996551491929891,-0.01747156787132326,9.796923651637686,0.0,0.0,-0.021535758119118165,-0.004626130930124704,0.9999892993990572,0.0
39.52,4.997712926029112,-0.018877365710413454,9.787536093469356,0.0,0.0,-0.021305003724160977,-0.004966999927785851,0.9999876643797749,0.0
39.536,5.004047819766605,-0.020547273991333773,9.822354091412976,0.0,0.0,-0.021086051590192532,-0.005304385403237374,0.9999859316487879,0.0
39.552,4.9964273813245335,-0.02187200536130457,9.818075757279166,0.0,0.0,-0.020879320623283393,-0.005638486151290672,0.9999841036106133,0.0
39.568,4.986471036727899,-0.02329211770337499,9.787269421257095,0.0,0.0,-0.02068902341082707,-0.005969498813434233,0.9999821823832244,0.0
39.584,4.995950102970999,-0.02504509964177354,9.738911957968927,0.0,0.0,-0.02050668890794847,-0.00629761838433915,0.9999801698047243,0.0
39.6,4.963764236420723,-0.026346276029689378,9.812025348252284,0.0,0.0,-0.02034065396410081,-0.00662303872775645,0.9999780674384867,0.0
39.616,5.000686880408414,-0.027777515137259904,9.725637843582685,0.0,0.0,-0.020186174332593843,-0.006945953105661912,0.9999758765767572,0.0
39.632,4.976082088087539,-0.028959334910210303,9.800990596128292,0.0,0.0,-0.02003779866674167,-0.007266554725576123,0.9999735982426837,0.0
39.648,5.000497672858377,-0.03051448648325612,9.846400860834548,0.0,0.0,-0.019908273704686154,-0.007585037309514477,0.999971233190742,0.0
39.664,4.9999978477249405,-0.03169285814538041,9.84403146453991,0.0,0.0,-0.019788957365964154,-0.00790159569181925,0.9999687819054768,0.0
39.68,4.999776698502264,-0.03317673818344988,9.795469180223293,0.0,0.0,-0.01967667496750999,-0.008216426449710873,0.9999662445984847,0.0
39.696,5.001080306725872,-0.03453070481315365,9.771575292537673,0.0,0.0,-0.019584494422328694,-0.008529728574563088,0.9999636212035139,0.0
39.712,4.947175540528833,-0.03600946002929537,9.77229560501694,0.0,0.0,-0.019502855932251453,-0.008841704190787475,0.9999609113695408,0.0
39.728,5.0064281105073825,-0.037306525533157255,9.783074263797571,0.0,0.0,-0.019429459427296604,-0.009152559331303727,0.999958114451644,0.0
39.744,5.017208587934967,-0.038943950074839355,9.782762390888227,0.0,0.0,-0.01937267837349419,-0.009462504778985959,0.9999552294994551,0.0
39.76,4.996232161850657,-0.04021947451349014,9.835433113939846,0.0,0.0,-0.019326906303740485,-0.009771756986039295,0.999952255242922,0.0
39.776,5.029655428096629,-0.041635905286472326,9.805991049937452,0.0,0.0,-0.01930060266654681,-0.010080539084285895,0.9999491900750609,0.0
39.792,4.988986284729459,-0.04321559156031427,9.793541635418059,0.0,0.0,-0.01928259444349685,-0.010389082002195028,0.999946032031305,0.0
39.808,4.97287269785957,-0.044948953010758116,9.804813143642642,0.0,0.0,-0.01928262728957991,-0.010697625707271471,0.9999427787649787,0.0
39.824,1.2512628418021479,-0.04747173902826356,9.774168207329291,0.0,0.0,-0.019298127816675496,-0.01100642059439491,0.9999394275183369,0.0
39.84,2.2369726205790163e-05,-0.048667849438922564,9.825357710221098,0.0,0.0,-0.019322617244746296,-0.011315598984470054,0.999935976560311,0.0
39.856,2.2462142301442683e-05,-0.04827999708288963,9.774081427098656,0.0,0.0,-0.019353600209025882,-0.011625254873105392,0.9999324244413398,0.0
39.872,2.2559234284307017e-05,-0.04837097008465224,9.812403876921175,0.0,0.0,-0.019388869881133735,-0.01193548600730688,0.9999287695499962,0.0
39.888,2.2638438735763054e-05,-0.04868018216357034,9.837430763357341,0.0,0.0,-0.0194334968395006,-0.012246394180350896,0.9999250101030475,0.0
39.904,2.2668329272256427e-05,-0.048231696847495474,9.890862822102802,0.0,0.0,-0.019481498900617986,-0.012558085553531604,0.9999211441344915,0.0
39.92,2.275680379769984e-05,-0.04860157508382998,9.810272622134537,0.0,0.0,-0.019539006964643356,-0.012870671008161801,0.9999171694834526,0.0
39.936,2.293611130561892e-05,-0.049002775838396365,9.835903614573118,0.0,0.0,-0.019599118308566917,-0.013184266531166356,0.999913083780803,0.0
39.952,2.3148237818956242e-05,-0.04920453393937439,9.818311369768358,0.0,0.0,-0.01967335013835113,-0.01349899363799329,0.9999088844343575,0.0
39.968,2.3316474262376128e-05,-0.04948972606781217,9.781202039788331,0.0,0.0,-0.01975162556747149,-0.013814979837854027,0.999904568612465,0.0
39.984,2.3579882403260533e-05,-0.049278961113773743,9.89971929872004,0.0,0.0,-0.019838154790069968,-0.014132359146142892,0.999900133225796,0.0
40.0,2.3669420152049067e-05,-0.049979071265305416,9.80042109963109,0.0,0.0,-0.019936851172560444,-0.014451272649855308,0.9998955749070998,0.0
40.016,2.391656601333883e-05,-0.04949919878215967,9.815800704068387,0.0,0.0,-0.020037828776365747,-0.014771869133217385,0.9998908899886583,0.0
40.032000000000004,2.4056435770822037e-05,-0.04988111682616627,9.786679188749472,0.0,0.0,-0.020153114746226483,-0.015094305771066031,0.9998860744771324,0.0
40.048,-1.8073156779882877,-0.05106733756721544,9.845329857072766,0.0,0.0,-0.02027595264765784,-0.015418748898822785,0.999881124025449,0.0
40.064,-3.6084465652257403,-0.05105196074484522,9.776278378111254,0.0,0.0,-0.020406549718738957,-0.01574528766444323,0.9998760352745554,0.0
40.08,-2.8317068851422724,-0.05052553384963417,9.761977075077553,0.0,0.0,-0.0205407026923472,-0.016073924712445762,0.999870806126641,0.0
40.096000000000004,-3.037348067990378,-0.04940946209042301,9.821861666095643,0.0,0.0,-0.020675431094840213,-0.016404697716775225,0.9998654338923921,0.0
40.112,-2.8735928601335887,-0.048707377850308,9.848060120779227,0.0,0.0,-0.020809241856508634,-0.016737631531988758,0.9998599160335908,0.0
40.128,-2.8673840067610543,-0.048209269799292125,9.823444261397547,0.0,0.0,-0.020949695152127534,-0.017072757081075706,0.9998542498612738,0.0
40.144,-2.802069921419061,-0.04728499746863949,9.768140970739658,0.0,0.0,-0.021085046321879096,-0.017410103947772964,0.9998484326539336,0.0
40.160000000000004,-2.7274008931924634,-0.04701250409033098,9.735109244084791,0.0,0.0,-0.021229006875704035,-0.017749703333251432,0.9998424616066183,0.0
40.176,-2.673976784435229,-0.04622300539129807,9.801138749179396,0.0,0.0,-0.021372627144488367,-0.018091586929235334,0.9998363338478863,0.0
40.192,-2.6225754022425845,-0.04587660200246519,9.80404867748822,0.0,0.0,-0.02151327713205379,-0.018435787402594665,0.9998300464293151,0.0
40.208,-2.567597159242624,-0.04537593236837667,9.752732731967455,0.0,0.0,-0.02166363614164127,-0.01878233824634541,0.9998235963258718,0.0
40.224000000000004,-2.5031078543395737,-0.044375077903989514,9.833591080388407,0.0,0.0,-0.021811620682415954,-0.019131273882398714,0.9998169804317372,0.0
40.24,-2.470911795870224,-0.04405460605888009,9.828706972154697,0.0,0.0,-0.021962492836538016,-0.019482629666987432,0.9998101955577664,0.0
40.256,-2.4326534213869886,-0.043346793606805954,9.784811135456058,0.0,0.0,-0.02212018265397146,-0.019836441936484137,0.9998032384280922,0.0
40.272,-2.376767065821713,-0.04272678766672,9.811213182283042,0.0,0.0,-0.022269816340433027,-0.0201927480395382,0.9997961056768584,0.0
40.288000000000004,-2.3526462336475964,-0.042055399572492734,9.775562102519398,0.0,0.0,-0.022433460126718225,-0.02055158637692274,0.9997887938446761,0.0
40.304,-2.28374863172345,-0.04167098027295065,9.79056083754386,0.0,0.0,-0.02259646521279261,-0.020912996440709684,0.9997812993749537,0.0
40.32,-2.223264494674147,-0.04122228328032982,9.799377793577554,0.0,0.0,-0.02275633534274132,-0.021277018856378116,0.9997736186100258,0.0
40.336,-2.2097885688972556,-0.04030976931180348,9.807537989123505,0.0,0.0,-0.022922392658559353,-0.021643695426373764,0.9997657477870956,0.0
40.352000000000004,-2.162347130350694,-0.039937826407518785,9.779382358100762,0.0,0.0,-0.023091309801447166,-0.022013069175958286,0.9997576830339713,0.0
40.368,-2.1086088836884618,-0.039530456073178774,9.811441297800362,0.0,0.0,-0.023264614649695817,-0.02238518440140898,0.9997494203645808,0.0
40.384,-2.0599914061894946,-0.03902119594578842,9.831277359059149,0.0,0.0,-0.02343819903383876,-0.022760086720158414,0.9997409556742641,0.0
40.4,-2.03311638833178,-0.03836292199538304,9.765192241064147,0.0,0.0,-0.023615946011290124,-0.023137823123806002,0.9997322847348141,0.0
40.416000000000004,-1.997403277582936,-0.037543479357436384,9.846734109740305,0.0,0.0,-0.023795687181604533,-0.023518442033571483,0.9997234031892589,0.0
40.432,-1.939757830974134,-0.03720614705637048,9.795227922683177,0.0,0.0,-0.02398054571063486,-0.023901993358521414,0.9997143065463698,0.0
40.448,-1.9029689715414175,-0.03713629904687533,9.77914096410431,0.0,0.0,-0.024164124326121365,-0.02428852855678545,0.9997049901748747,0.0
40.464,-1.8725484260157994,-0.036636131491162245,9.883693992912503,0.0,0.0,-0.024354504004861194,-0.02467810069995073,0.9996954492973563,0.0
40.480000000000004,-1.832569263498054,-0.03607319124285674,9.762471123454967,0.0,0.0,-0.02454494755709821,-0.025070764540583657,0.9996856789838249,0.0
40.496,-1.8000044416626542,-0.03566762885857411,9.814784570435014,0.0,0.0,-0.024743982630564616,-0.025466576583544932,0.9996756741449271,0.0
40.512,-1.7536418395597553,-0.035188340160789214,9.758108863238794,0.0,0.0,-0.024945402387827702,-0.025865595160955584,0.9996654295247833,0.0
40.528,-1.7194495956932465,-0.034745025530657614,9.829540792514583,0.0,0.0,-0.02515051375977783,-0.026267880510916542,0.9996549396934246,0.0
40.544000000000004,-1.6914553996741015,-0.03427290954241983,9.81052631641458,0.0,0.0,-0.02536100287796332,-0.026673494860978232,0.9996441990387887,0.0
40.56,-1.6655557393492169,-0.0341902465473109,9.797652049340725,0.0,0.0,-0.0255654131419023,-0.02708250251566779,0.9996332017582695,0.0
40.576,-1.6285376116852197,-0.03350605185793246,9.829053152249928,0.0,0.0,-0.025788651384606738,-0.02749496994909554,0.9996219418497667,0.0
40.592,-1.5881957878910231,-0.03312453829207023,9.889735703049801,0.0,0.0,-0.026010403339197546,-0.027910965902651075,0.9996104131022151,0.0
40.608000000000004,-1.554295604335279,-0.032813314391909175,9.791916073331606,0.0,0.0,-0.026239196708640354,-0.028330561488122567,0.9995986090855508,0.0
40.624,-1.5332669201246125,-0.03224150394831065,9.779585653142249,0.0,0.0,-0.026464314601215923,-0.028753830296836154,0.9995865231400736,0.0
40.64,-1.4884772086932827,-0.0320399455776091,9.781262719152195,0.0,0.0,-0.026702085154818225,-0.029180848514983183,0.9995741483651653,0.0
40.656,-1.4672515726591762,-0.03161160640593584,9.819338026880764,0.0,0.0,-0.026940229759185898,-0.029611695045554238,0.9995614776073203,0.0
40.672000000000004,-1.4262486255424693,-0.031174445290616585,9.805422910416015,0.0,0.0,-0.02718759850663445,-0.030046451637765745,0.9995485034474212,0.0
40.688,-1.4139121584675634,-0.030865020632493294,9.783793415223554,0.0,0.0,-0.02743415066783398,-0.030485203023752065,0.9995352181872336,0.0
40.704,-1.378010874141637,-0.030465731922533518,9.792629534462487,0.0,0.0,-0.027692896981206215,-0.03092803706398864,0.999521613835023,0.0
40.72,-1.344010762497417,-0.030192198455741018,9.835525484648242,0.0,0.0,-0.027947509691508002,-0.03137504490115994,0.999507682090263,0.0
40.736000000000004,-1.3361736930772985,-0.030058496053567495,9.813335197696698,0.0,0.0,-0.02821985659870578,-0.03182632112386864,0.9994934143273383,0.0
40.752,-1.2939006617631559,-0.029653313316181467,9.774874776683973,0.0,0.0,-0.02848990661821091,-0.032281963940380895,0.9994788015781787,0.0
40.768,-1.2650676526629026,-0.029519829510604927,9.888215996960984,0.0,0.0,-0.028776163642308793,-0.0327420753634272,0.9994638345137337,0.0
40.784,-1.2572385676170816,-0.029093520021639188,9.85653309536912,0.0,0.0,-0.029055908024761413,-0.03320676140689668,0.9994485034241963,0.0
40.800000000000004,-1.2247657246733932,-0.0287272619033352,9.833977502127386,0.0,0.0,-0.02935161465423275,-0.03367613229534476,0.9994327981978712,0.0
40.816,-1.2028358022853434,-0.028277324197159455,9.739521441393299,0.0,0.0,-0.02965204270709503,-0.034150302687152495,0.9994167082985836,0.0
40.832,-1.1697055474151297,-0.028109555505714267,9.8656062592343,0.0,0.0,-0.02996347567223181,-0.034629391912721755,0.9994002227414976,0.0
40.848,-1.1448574914491285,-0.027835226206011546,9.838849062235388,0.0,0.0,-0.03027763987272611,-0.035113524228747806,0.9993833300672156,0.0
40.864000000000004,-1.1244612716149558,-0.027585271604035778,9.77959482526552,0.0,0.0,-0.0305984388546892,-0.03560282908988194,0.9993660183140093,0.0
40.88,-1.0954804044037112,-0.02725616399012444,9.82406062526595,0.0,0.0,-0.030930948286474403,-0.036097441439246196,0.9993482749880245,0.0
40.896,-1.0788147939493633,-0.026904411884447494,9.834953000058745,0.0,0.0,-0.031269864647920566,-0.03659750201955865,0.9993300870312714,0.0
40.912,-1.0567218632650281,-0.026981638628257924,9.812395605997915,0.0,0.0,-0.031617576346178206,-0.037103157706342774,0.9993114407872143,0.0
40.928000000000004,-1.0421753713979007,-0.02655789149179296,9.793474483249453,0.0,0.0,-0.031980060467347006,-0.03761456186541403,0.999292321963735,0.0
40.944,-1.01952736257418,-0.026180542754684122,9.770986052578701,0.0,0.0,-0.03235389241951447,-0.03813187473658549,0.9992727155932325,0.0
40.96,-0.9944502139346654,-0.0259709546841466,9.758835981218423,0.0,0.0,-0.03273868230480812,-0.038655263846078605,0.9992526059895916,0.0
40.976,-0.9663594018838294,-0.025951523256367143,9.808390212415073,0.0,0.0,-0.03312445151805703,-0.03918490445022449,0.99923197670172,0.0
40.992,-0.96034193610639,-0.02574310265594421,9.801263625547882,0.0,0.0,-0.03353335306020951,-0.03972098001325127,0.999210810463331,0.0
41.008,-0.932952768094978,-0.025459763288669127,9.821004083410996,0.0,0.0,-0.033945687593801774,-0.04026368272244312,0.9991890891386008,0.0
41.024,-0.9161999220578174,-0.02522026978026269,9.83441081987492,0.0,0.0,-0.034374086879519226,-0.04081321404420511,0.9991667936632912,0.0
41.04,-0.8979304077628995,-0.02491808669765321,9.79237501554952,0.0,0.0,-0.034808325234913985,-0.04136978532514746,0.9991439039808788,0.0
41.056,-0.8837778735271145,-0.024938940580693302,9.828069923842955,0.0,0.0,-0.03527130692424793,-0.04193361844208194,0.9991203989731939,0.0
41.072,-0.8658008517736877,-0.024757540363713183,9.744228840707379,0.0,0.0,-0.035739430974874926,-0.04250494650670901,0.99909625638497,0.0
41.088,-0.8488719846707032,-0.024434573406318338,9.807652027444984,0.0,0.0,-0.03622872518499114,-0.0430840146296689,0.99907145274169,0.0
41.104,-0.8283441801766346,-0.024185388807283482,9.866693567031554,0.0,0.0,-0.03672200457701544,-0.04367108075064446,0.9990459632599847,0.0
41.12,-0.8078294707424866,-0.024144221688254197,9.802330264322382,0.0,0.0,-0.03725127040412375,-0.04426641654133785,0.9990197617497808,0.0
41.136,-0.793718427282482,-0.02409419410476086,9.804900832097921,0.0,0.0,-0.03777842529313649,-0.04487030838900737,0.9989928205072724,0.0
41.152,-0.7842277916135818,-0.023785504956587673,9.776044132976512,0.0,0.0,-0.0383391682642506,-0.04548305846952024,0.9989651101976776,0.0
41.168,-0.7618322816292499,-0.023705420610794097,9.799610957387943,0.0,0.0,-0.03891172060850755,-0.04610498591976394,0.9989365997265987,0.0
41.184,-0.7550372363872432,-0.02366524920655993,9.76071969272145,0.0,0.0,-0.039507145039044,-0.04673642812066151,0.9989072560986442,0.0
41.2,-0.7385734315702291,-0.023270131271068712,9.788574283472673,0.0,0.0,-0.04012218083405131,-0.04737774210366377,0.9988770442617844,0.0
41.216,-0.7212480986032723,-0.02343022380827469,9.893862095395114,0.0,0.0,-0.04076840592068132,-0.04802930609503562,0.9988459269356958,0.0
41.232,-0.7098359740947073,-0.0231388537891636,9.854927120939024,0.0,0.0,-0.04144007487498029,-0.04869152121466719,0.9988138644220962,0.0
41.248,-0.6940363604705402,-0.023070457206319468,9.875341282811945,0.0,0.0,-0.042129227101136424,-0.049364813348196035,0.998780814394779,0.0
41.264,-0.6772497766099806,-0.023136769581837476,9.802036581235035,0.0,0.0,-0.04285266809432632,-0.05004963521416424,0.9987467316667071,0.0
41.28,-0.6657005265763256,-0.023014949913975527,9.822345046334767,0.0,0.0,-0.04361481312275825,-0.050746468650992436,0.9987115679311289,0.0
41.296,-0.6457389557236226,-0.022880907856205092,9.814082792316057,0.0,0.0,-0.04439220641697038,-0.05145582715253126,0.9986752714731896,0.0
41.312,-0.6431824137141244,-0.022781138364238975,9.846560207840737,0.0,0.0,-0.04522267917206628,-0.05217825868525984,0.9986377868479512,0.0
41.328,-0.6300774527048291,-0.02285822586291663,9.806423953751212,0.0,0.0,-0.04606387459884952,-0.052914348825461276,0.99859905452007,0.0
41.344,-0.6110414368092885,-0.022657616035078248,9.832472282175306,0.0,0.0,-0.046968267264549064,-0.053664724261011786,0.998559010459567,0.0
41.36,-0.6031566525605413,-0.02276867018220291,9.81686397846174,0.0,0.0,-0.047905954690827326,-0.05443005670978527,0.9985175856871874,0.0
41.376,-0.5923059053641961,-0.022873194974953298,9.834241221233631,0.0,0.0,-0.04888741068659682,-0.0552110673156033,0.9984747057616794,0.0
41.392,-0.5731422890208681,-0.022750013068350058,9.746328958099859,0.0,0.0,-0.0499136150255265,-0.05600853159315859,0.9984302901999609,0.0
41.408,-0.5655093554717171,-0.022726312636126574,9.724250386220655,0.0,0.0,-0.051007526354850244,-0.05682328500628831,0.9983842518194556,0.0
41.424,-0.5543745856295602,-0.022758424654031953,9.816513197306575,0.0,0.0,-0.05215041518646498,-0.057656229279388925,0.9983364959898454,0.0
41.44,-0.5460277321081544,-0.022815469664106164,9.782426750274686,0.0,0.0,-0.05333289123328014,-0.0585083395606238,0.9982869197790076,0.0
41.456,-0.5333877582940639,-0.0227460154793636,9.774509766469167,0.0,0.0,-0.05462382706568957,-0.0593806725785669,0.9982354109748447,0.0
41.472,-0.5207832086029918,-0.022997841214015262,9.802466439151246,0.0,0.0,-0.055955431226759375,-0.060274375962081364,0.9981818469609541,0.0
41.488,-0.5087301925475812,-0.022811052425565036,9.798132179582364,0.0,0.0,-0.0573752685978531,-0.06119069892827675,0.9981260934193981,0.0
41.504,-0.5026116070792873,-0.023052408667680588,9.775544208795328,0.0,0.0,-0.05888441211921321,-0.06213100458639556,0.9980680028280063,0.0
41.52,-0.49169935478340293,-0.023044733651607533,9.798047887620223,0.0,0.0,-0.06048101495417731,-0.06309678415976645,0.9980074127122985,0.0
41.536,-0.48294374730198,-0.023281504288961696,9.840468203841592,0.0,0.0,-0.062179529455362106,-0.06408967349557482,0.9979441436028527,0.0
41.552,-0.47558900670702864,-0.023411769352148077,9.80713983278918,0.0,0.0,-0.0639864490805198,-0.06511147231832104,0.9978779966371343,0.0
41.568,-0.45888741065628746,-0.023626173209016766,9.873623919318874,0.0,0.0,-0.0659350913713446,-0.0661641667922174,0.9978087507296635,0.0
41.584,-0.45107321555680907,-0.024007040327988356,9.788507804381767,0.0,0.0,-0.06800944883498616,-0.06724995609805015,0.9977361592148549,0.0
41.6,-0.44071695788231674,-0.024188816652267617,9.76238432925898,0.0,0.0,-0.07024727207900044,-0.06837128391232603,0.9976599458413575,0.0
41.616,-0.43500722579366086,-0.02427591606836531,9.784289435676135,0.0,0.0,-0.07264250407582958,-0.06953087591335641,0.9975797999632517,0.0
41.632,-0.42528243047764935,-0.02471282695417406,9.793013660441982,0.0,0.0,-0.07524554201979569,-0.07073178475190889,0.9974953707290123,0.0
41.648,-4.999486261273489,-0.026752151957995064,9.794764424828914,0.0,0.0,-0.027239964633891688,-0.07116655958503659,0.9974644458810698,0.0
41.664,-5.015938523288454,-0.005014561904850443,9.803619474989738,0.0,0.0,0.02076040141701135,-0.07083527106808415,0.997488027182638,0.0
41.68,-4.9573233471326255,0.00899052813017939,9.828635211880833,0.0,0.0,0.06876781074103293,-0.06973786529709158,0.9975653513147922,0.0
41.696,-5.022976474843715,0.015348315398783695,9.848540224340686,0.0,0.0,0.11674937577220827,-0.06787416674014275,0.9976938896722437,0.0
41.712,-0.40114314643924975,0.0018010377673903497,9.812451836822419,0.0,0.0,0.1647579104997132,-0.06524388794815489,0.9978693477030992,0.0
41.728,0.0,0.0,9.853776836956696,0.0,0.0,0.2127448762943284,-0.06184664604854865,0.9980856638448155,0.0
41.744,0.0,0.0,9.781813934209504,0.0,0.0,0.2607107878697175,-0.05768198602732653,0.9983350081450331,0.0
41.76,0.0,0.0,9.84972532258014,0.0,0.0,0.3087478344400686,-0.05274941080635126,0.9986077806924913,0.0
41.776,0.0,0.0,9.8255649744084,0.0,0.0,0.3567149416961833,-0.047048418123388926,0.9988926100197593,0.0
41.792,0.0,0.0,9.809004655697851,0.0,0.0,0.40478804871416746,-0.04057854422152627,0.9991763516761502,0.0
41.808,0.0,0.0,9.722218905122151,0.0,0.0,0.45276991046252124,-0.0333394143530454,0.9994440872057806,0.0
41.824,0.0,0.0,9.84990474332271,0.0,0.0,0.5008868125564848,-0.025330800099059612,0.9996791238024036,0.0
41.84,0.0,0.0,9.834015963632163,0.0,0.0,0.5488235268263133,-0.016552683500481266,0.9998629949492747,0.0
41.856,0.0,0.0,9.830683496361948,0.0,0.0,0.5967667954998439,-0.007005327989144587,0.9999754623888351,0.0
41.872,0.0,0.0,9.831623608918065,0.0,0.0,0.6447267311551772,0.0033106439032934295,0.9999945198034565,0.0
41.888,0.0,0.0,9.842306224919495,0.0,0.0,0.6926670781057374,0.014394166092631916,0.9998963986246264,0.0
41.904,0.0,0.0,9.842760600405526,0.0,0.0,0.7406586788759171,0.02624363779461829,0.9996555764238525,0.0
41.92,0.0,0.0,9.841804989019842,0.0,0.0,0.7888151411158526,0.03885682575307746,0.9992447883738974,0.0
41.936,0.0,0.0,9.860574110678709,0.0,0.0,0.8367225040271016,0.052230759931548305,0.9986350423037302,0.0
41.952,0.0,0.0,9.785876112822166,0.0,0.0,0.88471437614231,0.06636162278615713,0.9977956379044698,0.0
41.968,0.0,0.0,9.822496217459474,0.0,0.0,0.9328992161017917,0.08124463226413746,0.996694190676491,0.0
41.984,0.0,0.0,9.850973986528679,0.0,0.0,0.9805790442675827,0.09687391870704015,0.9952966612394225,0.0
42.0,0.0,0.0,9.864676535022829,0.0,0.0,1.0286403042779908,0.11324239587478982,0.9935673906567877,0.0
42.016,0.0,0.0,9.860519355447144,0.0,0.0,1.076743717945662,0.13034162634913896,0.9914691424551051,0.0
42.032000000000004,0.0,0.0,9.82090692942728,0.0,0.0,1.1244792146928413,0.14816168162141757,0.9889631520431457,0.0
42.048,0.0,0.0,9.812112266829786,0.0,0.0,1.1727059946334972,0.16669099722103725,0.9860091842601955,0.0
42.064,0.0,0.0,9.807304075615045,0.0,0.0,1.2207602625625968,0.1859162232972474,0.9825655998023177,0.0
42.08,0.0,0.0,9.815099667488075,0.0,0.0,1.268738892101094,0.20582207112777012,0.9785894312921406,0.0
42.096000000000004,0.0,0.0,9.83841246126356,0.0,0.0,1.3167646423781725,0.2263911560940438,0.9740364697702044,0.0
42.112,0.0,0.0,9.852485138317801,0.0,0.0,1.3649128216192845,0.24760383773369268,0.9688613623937883,0.0
42.128,0.0,0.0,9.80656138129568,0.0,0.0,1.4128777199146487,0.2694380575569008,0.9630177221318226,0.0
42.144,0.0,0.0,9.822394100258883,0.0,0.0,1.4608657788696793,0.29186917539405327,0.9564582502413764,0.0
42.160000000000004,0.0,0.0,9.813199586207412,0.0,0.0,1.500003365894047,0.31473682213620247,0.9491789782710132,0.0
42.176,0.0,0.0,9.831370892507788,0.0,0.0,1.499935240035001,0.33742320657057345,0.9413530579265319,0.0
42.192,0.0,0.0,9.820734690356225,0.0,0.0,1.4999396506462574,0.35991526322115913,0.9329849962890313,0.0
42.208,0.0,0.0,9.814922819203366,0.0,0.0,1.5001370900226942,0.382200038528644,0.9240796126680338,0.0
42.224000000000004,0.0,0.0,9.811677822098263,0.0,0.0,1.4999992054760478,0.40426469831057266,0.9146420358259629,0.0
42.24,0.0,0.0,9.752254646198216,0.0,0.0,1.5003462949481112,0.42609653515277623,0.9046777010244029,0.0
42.256,0.0,0.0,9.812888828556835,0.0,0.0,1.4999614401147106,0.4476829757277955,0.8941923468938361,0.0
42.272,0.0,0.0,9.864152038608621,0.0,0.0,1.4999831990075811,0.4690115880360656,0.8831920121286695,0.0
42.288000000000004,0.0,0.0,9.865915633428786,0.0,0.0,1.4998206969729497,0.4900700885657233,0.8716830320094481,0.0
42.304,0.0,0.0,9.845747105027156,0.0,0.0,1.4999928449835949,0.5108463493668873,0.8596720347542568,0.0
42.32,0.0,0.0,9.747869667788999,0.0,0.0,1.5001377112769805,0.5313284050363554,0.8471659377014179,0.0
42.336,0.0,0.0,9.764072392006918,0.0,0.0,1.5000166884519464,0.551504459608681,0.8341719433256771,0.0
42.352000000000004,0.0,0.0,9.83134035342058,0.0,0.0,1.5001235024403998,0.5713628933496709,0.8206975350901774,0.0
42.368,0.0,0.0,9.813037438629793,0.0,0.0,1.4999381405203596,0.5908922694483926,0.8067504731366004,0.0
42.384,0.0,0.0,9.756133515049772,0.0,0.0,1.500237389595826,0.6100813406038231,0.7923387898159738,0.0
42.4,0.0,0.0,9.825434302963966,0.0,0.0,1.5000565830509385,0.6289190555023669,0.7774707850626997,0.0
42.416000000000004,0.0,0.0,9.755774651723316,0.0,0.0,1.4999957446941714,0.6473945651824933,0.7621550216144816,0.0
42.432,0.0,0.0,9.795464307276015,0.0,0.0,1.4999137279783608,0.6654972292828377,0.7464003200808974,0.0
42.448,0.0,0.0,9.84144025561017,0.0,0.0,1.49999754837566,0.6832166221701701,0.7302157538634613,0.0
42.464,0.0,0.0,9.702411299573564,0.0,0.0,1.500078443601138,0.7005425389436928,0.7136106439300949,0.0
42.480000000000004,0.0,0.0,9.80173297679276,0.0,0.0,1.4999465589966015,0.7174650013122181,0.696594553447024,0.0
42.496,0.0,0.0,9.714784242001635,0.0,0.0,1.5001658710328547,0.7339742633408368,0.6791772822711872,0.0
42.512,0.0,0.0,9.840098966739827,0.0,0.0,1.4665008088043936,0.7497057799357661,0.6617712924650816,0.0
42.528,0.0,0.0,9.79053015721044,0.0,0.0,1.4328901648301502,0.7646781582426866,0.6444123790761416,0.0
42.544000000000004,0.0,0.0,9.842163160071392,0.0,0.0,1.4002463486169259,0.7789241843790143,0.6271181029036614,0.0
42.56,0.0,0.0,9.74988496241677,0.0,0.0,1.3683105396734796,0.7924669323125917,0.609914880283364,0.0
42.576,0.0,0.0,9.84257571854068,0.0,0.0,1.3376246979926036,0.8053351585940884,0.5928197722176907,0.0
42.592,0.0,0.0,9.73074240267427,0.0,0.0,1.307039018995613,0.8175532184746861,0.5758530497980211,0.0
42.608000000000004,0.0,0.0,9.786261173099929,0.0,0.0,1.2771294603853087,0.8291475204821216,0.5590298643886121,0.0
42.624,0.0,0.0,9.836678542659891,0.0,0.0,1.24770175096441,0.8401422745177868,0.542366074315199,0.0
42.64,0.0,0.0,9.738106761500314,0.0,0.0,1.2192711043022626,0.850562186953313,0.5258744775373658,0.0
42.656,0.0,0.0,9.812304458242455,0.0,0.0,1.191195186486943,0.8604306690570384,0.5095675261886862,0.0
42.672000000000004,0.0,0.0,9.83797349228015,0.0,0.0,1.1641410637394398,0.8697709577301513,0.49345565260636715,0.0
42.688,0.0,0.0,9.79907203684786,0.0,0.0,1.137360900471173,0.878605361756239,0.47754855071834185,0.0
42.704,0.0,0.0,9.798444574710015,0.0,0.0,1.111164988041731,0.8869557269725158,0.461854455852335,0.0
42.72,0.0,0.0,9.860671503848648,0.0,0.0,1.0855193620469332,0.894843121109497,0.44638076639010155,0.0
42.736000000000004,0.0,0.0,9.7728328051917,0.0,0.0,1.0602308882176115,0.902288028307191,0.4311337541570152,0.0
42.752,0.0,0.0,9.782349411201428,0.0,0.0,1.0360921872542292,0.9093102202794127,0.4161188812051263,0.0
42.768,0.0,0.0,9.802151828886984,0.0,0.0,1.0121422896040098,0.9159288406299276,0.4013407017763295,0.0
42.784,0.0,0.0,9.879836448484694,0.0,0.0,0.988805043414746,0.9221623560304153,0.3868030365967073,0.0
42.800000000000004,0.0,0.0,9.824498729586463,0.0,0.0,0.9654657845079463,0.9280285967264927,0.372508957822301,0.0
42.816,0.0,0.0,9.795614972259706,0.0,0.0,0.9430837358394972,0.9335447427354927,0.35846089509306744,0.0
42.832,0.0,0.0,9.752260391679734,0.0,0.0,0.9213139234029183,0.9387273476680837,0.34466065447051636,0.0
42.848,0.0,0.0,9.787313995142608,0.0,0.0,0.8999024813612769,0.9435923407074663,0.3311094902871326,0.0
42.864000000000004,0.0,0.0,9.81087911576561,0.0,0.0,0.8789201566493632,0.948155044575384,0.3178081362178318,0.0
42.88,0.0,0.0,9.803237337324662,0.0,0.0,0.8584548715931661,0.9524301848945551,0.30475685866231705,0.0
42.896,0.0,0.0,9.787424548497185,0.0,0.0,0.8383640009941355,0.9564319064251458,0.29195549039530205,0.0
42.912,0.0,0.0,9.798729484019859,0.0,0.0,0.8187163913405396,0.9601737860038807,0.27940347290428275,0.0
42.928000000000004,0.0,0.0,9.775919172018815,0.0,0.0,0.7994035221114414,0.9636688484650809,0.2670998886147002,0.0
42.944,0.0,0.0,9.77187110368242,0.0,0.0,0.7805544460639402,0.9669295813232782,0.2550434958237326,0.0
42.96,0.0,0.0,9.78037262092018,0.0,0.0,0.7621944812740602,0.9699679507304686,0.24323275798242147,0.0
42.976,0.0,0.0,9.797150236929971,0.0,0.0,0.7441589820430206,0.9727954169422312,0.23166587313670256,0.0
42.992000000000004,0.0,0.0,9.767438355664925,0.0,0.0,0.7267561351107625,0.9754229502749607,0.2203407998462642,0.0
43.008,0.0,0.0,9.785207213008102,0.0,0.0,0.709452487351326,0.9778610468025842,0.20925528224194057,0.0
43.024,0.0,0.0,9.823015734342107,0.0,0.0,0.6924637818950099,0.9801197441600581,0.19840687263202914,0.0
43.04,0.0,0.0,9.805065343530213,0.0,0.0,0.6761218082110576,0.9822086371237462,0.1877929529016283,0.0
43.056,0.0,0.0,9.740492707799794,0.0,0.0,0.6599885482124688,0.984136893094026,0.17741075404618978,0.0
43.072,0.0,0.0,9.820634347636645,0.0,0.0,0.6443683998743283,0.9859132673283532,0.1672573744440919,0.0
43.088,0.0,0.0,9.792149055757909,0.0,0.0,0.6288528618633983,0.9875461179587361,0.15732979662044325,0.0
43.104,0.0,0.0,9.802224481628338,0.0,0.0,0.6136555781276901,0.9890434207195086,0.14762490281606708,0.0
43.12,0.0,0.0,9.788632516823286,0.0,0.0,0.598941466848141,0.990412783387808,0.1381394892925802,0.0
43.136,0.0,0.0,9.844369679799533,0.0,0.0,0.584659434176189,0.9916614598984702,0.12887027955287028,0.0
43.152,0.0,0.0,9.793979464070423,0.0,0.0,0.5705021100254992,0.9927963641273158,0.1198139364831247,0.0
43.168,0.0,0.0,9.823271952228009,0.0,0.0,0.5566059133022716,0.9938240833225555,0.11096707353121607,0.0
43.184,0.0,0.0,9.792924976368917,0.0,0.0,0.5432017047939204,0.9947508911782631,0.10232626495700613,0.0
43.2,0.0,0.0,9.827708329948877,0.0,0.0,0.5298867545183654,0.9955827605397204,0.09388805523659377,0.0
43.216,0.0,0.0,9.867648280939092,0.0,0.0,0.5170889671828979,0.9963253757371913,0.08564896766537614,0.0
43.232,0.0,0.0,9.808008267121403,0.0,0.0,0.5044929582502953,0.996984144544183,0.07760551222370415,0.0
43.248,0.0,0.0,9.752488423804259,0.0,0.0,0.49212760501382574,0.9975642097598019,0.06975419275070247,0.0
43.264,0.0,0.0,9.829257543591961,0.0,0.0,0.47995052537236116,0.9980704604154629,0.06209151347862186,0.0
43.28,0.0,0.0,9.772029470343524,0.0,0.0,0.46804517408221197,0.9985075426082869,0.05461398497051952,0.0
43.296,0.0,0.0,9.735487440353856,0.0,0.0,0.4565775890054774,0.9988798699643975,0.04731812950559646,0.0
43.312,0.0,0.0,9.803733672167033,0.0,0.0,0.4453125047895276,0.9991916337366451,0.040200485950973815,0.0
43.328,0.0,0.0,9.769151680137984,0.0,0.0,0.43423387680124087,0.9994468125420756,0.03325761415804362,0.0
43.344,5.00409378672882,-0.03080405398952965,9.893539963896927,0.0,0.0,0.3862288111921507,0.9996332463912263,0.02708085503335935,0.0
43.36,5.039020546528468,0.0038410309434192837,9.806488597580545,0.0,0.0,0.3382507101512222,0.9997651588773242,0.02167088126954398,0.0
43.376,5.0019114646186,0.030828884834688486,9.845211616861409,0.0,0.0,0.29015422312246153,0.9998550103452344,0.017028161601629583,0.0
43.392,5.0114167894625,0.05035985506639481,9.794157145893223,0.0,0.0,0.2422536918609234,0.9999134954404442,0.013153008631989854,0.0
43.408,4.997209915696045,0.061895147241057914,9.788333834513173,0.0,0.0,0.1942210902067092,0.9999495414875224,0.01004561988600918,0.0
43.424,5.027670869166534,0.06590327672821225,9.822723772261018,0.0,0.0,0.14622699597035252,0.9999703074774251,0.007706112087443003,0.0
43.44,4.978505894948607,0.06215684895533385,9.792114995869419,0.0,0.0,0.09824272249194496,0.9999811834794207,0.00613454864657804,0.0
43.456,5.02467978709754,0.05112246915303963,9.775226360502078,0.0,0.0,0.050229823565720304,0.9999857903298776,0.005330960357217969,0.0
43.472,5.013213052896387,0.03201432405577816,9.77266111670952,0.0,0.0,0.0022254844097804494,0.9999859794866525,0.005295359300428442,0.0
43.488,5.006893525251277,0.0032120146903646075,9.864053142039664,0.0,0.0,-0.02036697637118538,0.999984200623337,0.005621254638065603,0.0
43.504,5.014074145672044,-0.01463838897087835,9.808028844289547,0.0,0.0,-0.020121369336645267,0.9999823392933515,0.005943155844887893,0.0
43.52,4.954016679105118,-0.016066092097815263,9.83928571133998,0.0,0.0,-0.01987873356910226,0.9999803982577538,0.006261237917869209,0.0
43.536,4.944214759755428,-0.01745284376388889,9.85916030098701,0.0,0.0,-0.0196544709892717,0.9999783800331955,0.006575672299161906,0.0
43.552,4.987325503806211,-0.018909535407888037,9.8408936578947,0.0,0.0,-0.019433206552874508,0.9999762869015422,0.00688662722997368,0.0
43.568,4.970820699666018,-0.02031594968786054,9.85256874779531,0.0,0.0,-0.019232124991307553,0.9999741209183903,0.0071942680998726615,0.0
43.584,4.983349346448796,-0.021480492411875586,9.838047353714865,0.0,0.0,-0.019031914497746695,0.9999718839205209,0.007498757793428431,0.0
43.6,5.0307197328941955,-0.022972507797877087,9.797706578780467,0.0,0.0,-0.01884200594092294,0.999969577532322,0.007800257036122992,0.0
43.616,5.002640143305325,-0.02424388563141125,9.825356433423892,0.0,0.0,-0.01866705417212029,0.9999672031711995,0.008098924741540604,0.0
43.632,5.015255208589259,-0.025345650808955116,9.805291061466756,0.0,0.0,-0.018500935114467792,0.9999647620519917,0.008394918361944876,0.0
43.648,5.0009141677808895,-0.02657734369729807,9.844089984064773,0.0,0.0,-0.01834287485423862,0.9999622551903913,0.008688394244461795,0.0
43.664,4.996167123637967,-0.027783365451443262,9.808563228864466,0.0,0.0,-0.01819622375262145,0.9999596834053678,0.00897950799524509,0.0
43.68,4.99345617146064,-0.029053995173912665,9.812727545687544,0.0,0.0,-0.018057186778606727,0.9999570473205791,0.009268414854190324,0.0
43.696,5.003029109055108,-0.030292455174945377,9.877856841054022,0.0,0.0,-0.017928240034331397,0.9999543473647392,0.009555270082986187,0.0
43.712,4.974189283786852,-0.031553517740643064,9.784203546523255,0.0,0.0,-0.017810427663702142,0.9999515837709115,0.00984022936956801,0.0
43.728,4.9919642587052175,-0.03285288414403517,9.842661542589973,0.0,0.0,-0.017699461491362846,0.999948756574673,0.010123449252374026,0.0
43.744,5.001409696534107,-0.0339069360729412,9.876400509245508,0.0,0.0,-0.01760348030977221,0.9999458656110832,0.010405087568183447,0.0
43.76,4.962078815564276,-0.03534499515242769,9.833022594736198,0.0,0.0,-0.01751871025015788,0.9999429105103804,0.010685303927795802,0.0
43.776,4.98803792826033,-0.036437108054188004,9.856984464687892,0.0,0.0,-0.017435741766292617,0.9999398906923018,0.010964260224356518,0.0
43.792,5.007388478181926,-0.037574912280186494,9.827357001489592,0.0,0.0,-0.017367870609334236,0.999936805358908,0.011242121179796125,0.0
43.808,4.958241262631965,-0.038688437585510084,9.774108435783601,0.0,0.0,-0.017309850073387194,0.9999336534857649,0.011519054935640644,0.0
43.824,5.016351563127928,-0.04012148373227331,9.738099812982584,0.0,0.0,-0.017261363743679297,0.9999304338113083,0.011795233695388055,0.0
43.84,1.2495055965891746,-0.04247112504607632,9.878743074620836,0.0,0.0,-0.01722280256523288,0.9999271448241827,0.012070834426753786,0.0
43.856,1.77901501270698e-05,-0.042629768372712644,9.839347636034947,0.0,0.0,-0.017193162367972546,0.9999237859266848,0.0123459441941623,0.0
43.872,1.7712169860047085e-05,-0.04312508892896996,9.780568265749823,0.0,0.0,-0.017169308331975875,0.999920356800168,0.012620620294782305,0.0
43.888,1.7686790737520143e-05,-0.04293053305827845,9.807125177215354,0.0,0.0,-0.01714632421709329,0.9999168570447289,0.012894921395309941,0.0
43.904,1.7795679403170934e-05,-0.04270616346133288,9.74850694701877,0.0,0.0,-0.017124047240615243,0.9999132861762431,0.013168907632248773,0.0
43.92,1.765313695184775e-05,-0.042745176571107824,9.819625064566122,0.0,0.0,-0.017108215195996212,0.9999096436231064,0.01344264071946885,0.0
43.936,1.753805268659697e-05,-0.04264653550380831,9.817696600920563,0.0,0.0,-0.017098598417336703,0.9999059287226625,0.013716184063721427,0.0
43.952,1.7588163954440687e-05,-0.0429432736674979,9.804998256798884,0.0,0.0,-0.01709163973878633,0.9999021407172866,0.013989602888851331,0.0
43.968,1.7541716735829108e-05,-0.042545010682410664,9.870011495058915,0.0,0.0,-0.017088474510873093,0.9998982787500903,0.01426296436954158,0.0
43.984,1.742406397898326e-05,-0.04298352778696848,9.804773099040583,0.0,0.0,-0.017090006462569772,0.999894341860217,0.014536337775516517,0.0
44.0,1.745897932225857e-05,-0.042511251093480945,9.771431288302157,0.0,0.0,-0.017093913821758882,0.9998903289776832,0.014809794627226437,0.0
44.016,1.753315248515739e-05,-0.04290663244027166,9.764510667440625,0.0,0.0,-0.017105632166116325,0.9998862389177263,0.015083408864174929,0.0
44.032000000000004,1.762170783338938e-05,-0.043181683584732636,9.860504718887038,0.0,0.0,-0.01711795449713702,0.9998820703746026,0.015357257027163035,0.0
44.048,1.763647599605574e-05,-0.04289466265688961,9.781112766475946,0.0,0.0,-0.017132073938986716,0.9998778219147862,0.015631418455896377,0.0
44.064,1.7612950561832047e-05,-0.042680955823807945,9.80417811179569,0.0,0.0,-0.017161292279295692,0.9998734919694992,0.015905975503573297,0.0
44.08,1.772612235487321e-05,-0.04250983319990003,9.813725097996292,0.0,0.0,-0.017190726830195884,0.9998690788265064,0.01618101377026349,0.0
44.096000000000004,1.7657515334716012e-05,-0.04319907321385944,9.795195268082939,0.0,0.0,-0.01722654200174989,0.9998645806210932,0.01645662235713681,0.0
44.112,1.7850291158479115e-05,-0.04320684870906663,9.781662847186332,0.0,0.0,-0.017270292337242806,0.9998599953261313,0.01673289414384044,0.0
44.128,1.7939729978904217e-05,-0.043244807872582364,9.820573650340815,0.0,0.0,-0.017316164596933147,0.9998553207411343,0.017009926091654345,0.0
44.144,1.8076880690245494e-05,-0.043027049728500376,9.837361037466215,0.0,0.0,-0.01737167154364577,0.999850554480183,0.017287819575381762,0.0
44.160000000000004,1.8272082081188553e-05,-0.043788347463742834,9.758167359064482,0.0,0.0,-0.01742968553167429,0.9998456939585831,0.01756668074734888,0.0
44.176,1.8267570315516214e-05,-0.0437877174778757,9.736878877470083,0.0,0.0,-0.017502191859209173,0.9998407363781087,0.017846620937358525,0.0
44.192,1.8434559374857056e-05,-0.044071061295363666,9.851626902442533,0.0,0.0,-0.017576802762705224,0.9998356787106458,0.018127757092983462,0.0
44.208,1.8671425085931385e-05,-0.044220451106520564,9.813230316062079,0.0,0.0,-0.017654812671598796,0.9998305176800465,0.018410212265224827,0.0
44.224000000000004,1.8667157308977882e-05,-0.04410659340724934,9.850456683120319,0.0,0.0,-0.01774800631554694,0.9998252497419466,0.018694116145304043,0.0
44.24,1.9020663007559374e-05,-0.04434321480651003,9.863873620750198,0.0,0.0,-0.017846181656984827,0.9998198710612929,0.01897960565923003,0.0
44.256,1.9103624908767477e-05,-0.044236599110271245,9.863419623588374,0.0,0.0,-0.01795440367429985,0.999814377487255,0.019266825627817098,0.0
44.272,-0.4331074293423052,-0.04542757400557575,9.81187879146881,0.0,0.0,-0.018072522148506544,0.9998087645251722,0.01955592950102761,0.0
44.288000000000004,-4.189334503932854,-0.04614244144369013,9.765110275839339,0.0,0.0,-0.018198445886037213,0.9998030276804369,0.019847061269412426,0.0
44.304,-2.6405923590727256,-0.04497252959806437,9.823060790126403,0.0,0.0,-0.018325270209435814,0.9997971654945143,0.020140205290296094,0.0
44.32,-3.1405940081168735,-0.04440332985957832,9.767551911737675,0.0,0.0,-0.018455941695843338,0.9997911752049458,0.02043541001090219,0.0
44.336,-2.8625075192388056,-0.04388044685636113,9.809584519403234,0.0,0.0,-0.018580418900603763,0.9997850544791337,0.020732699779714415,0.0
44.352000000000004,-2.8974173559413368,-0.04345972649803803,9.89457836226506,0.0,0.0,-0.01871846865090786,0.9997788007167265,0.02103210967601839,0.0
44.368,-2.8103138236531477,-0.04286941534164109,9.802909856481252,0.0,0.0,-0.018853481329543138,0.9997724113250989,0.021333671817044545,0.0
44.384,-2.771151576022166,-0.04237150083037991,9.847492784277147,0.0,0.0,-0.01898583961737193,0.9997658836051286,0.021637420808784,0.0
44.4,-2.6947122946890847,-0.04176304545254938,9.8238834615274,0.0,0.0,-0.019125121636094346,0.999759214792771,0.021943391646280983,0.0
44.416000000000004,-2.6361209780250103,-0.041076505327329475,9.80096051261399,0.0,0.0,-0.019272477670526554,0.9997524020380586,0.022251620595635742,0.0
44.432,-2.600430237845153,-0.04045463589511956,9.868283434508585,0.0,0.0,-0.01941477563923538,0.9997454424089286,0.022562144901929333,0.0
44.448,-2.5582860011127027,-0.04008273520860424,9.767664189193802,0.0,0.0,-0.019563414660388925,0.9997383328848761,0.022875002963254305,0.0
44.464,-2.4880751630191384,-0.039687223308947514,9.744963226057692,0.0,0.0,-0.019708371708237082,0.9997310703544299,0.023190234323655523,0.0
44.480000000000004,-2.438507056324177,-0.03917915561414845,9.846799673649263,0.0,0.0,-0.019857725254909184,0.9997236516108343,0.02350787974061624,0.0
44.496,-2.3949129855529008,-0.038735895030511946,9.788644579410635,0.0,0.0,-0.020012306342326522,0.9997160733481663,0.023827981226364207,0.0
44.512,-2.3493271037809245,-0.03812979428974697,9.84829514630935,0.0,0.0,-0.02017147965390469,0.9997083321569791,0.02415058210295522,0.0
44.528,-2.2977122755921506,-0.03750467182565583,9.910612873359648,0.0,0.0,-0.020326383085258172,0.9997004245198164,0.024475727055570565,0.0
44.544000000000004,-2.241937944356079,-0.03738328344529147,9.828724345777434,0.0,0.0,-0.02049423237950856,0.9996923468064409,0.02480346219040076,0.0
44.56,-2.2029249311730794,-0.03679386694377288,9.822711576954699,0.0,0.0,-0.020653174449409045,0.9996840952688132,0.025133835094838488,0.0
44.576,-2.161458835904428,-0.036155180178746846,9.844281046040596,0.0,0.0,-0.020825225057407182,0.9996756660357867,0.025466894901149773,0.0
44.592,-2.105765261581583,-0.03572951412945256,9.77932215373988,0.0,0.0,-0.0209931929536681,0.9996670551075064,0.025802692353429288,0.0
44.608000000000004,-2.0731712679113037,-0.0352668416135151,9.826330081826272,0.0,0.0,-0.02116666446197537,0.9996582583494864,0.026141279878226877,0.0
44.624,-2.03701570159651,-0.035146901211255764,9.787889352700404,0.0,0.0,-0.02134720928338002,0.9996492714863479,0.026482711659012195,0.0
44.64,-1.976405546445097,-0.03471134442653,9.77282151847393,0.0,0.0,-0.02152960093221817,0.9996400900951933,0.02682704371476595,0.0
44.656,-1.9573355916486204,-0.03411622653336728,9.780780405284274,0.0,0.0,-0.021712727922762097,0.9996307095985913,0.02717433398295216,0.0
44.672000000000004,-1.9173222303212505,-0.03364016202874867,9.793317275123364,0.0,0.0,-0.021898676054165178,0.9996211252571429,0.02752464240718596,0.0
44.688,-1.8677789368926467,-0.033241506863377714,9.851189250739598,0.0,0.0,-0.022098304929556133,0.9996113321616036,0.02787803102990445,0.0
44.704,-1.834046944918966,-0.03284404420444522,9.80715526439422,0.0,0.0,-0.022291742509853094,0.9996013252245244,0.0282345640903954,0.0
44.72,-1.812420369130554,-0.03250025239823614,9.802764184031421,0.0,0.0,-0.022495205898089066,0.9995910991713808,0.028594308128559304,0.0
44.736000000000004,-1.7654791852253127,-0.03216956116795013,9.821519152989826,0.0,0.0,-0.022697652520386868,0.9995806485311486,0.02895733209480242,0.0
44.752,-1.7214413395039276,-0.03179035976747994,9.817612707420409,0.0,0.0,-0.022907674703480537,0.9995699676262878,0.029323707466518394,0.0
44.768,-1.6980449141218659,-0.03155809584283408,9.84322243570924,0.0,0.0,-0.023125118726649914,0.999559050562089,0.02969350837161517,0.0
44.784,-1.6683025662533473,-0.03125339772928486,9.877339080697357,0.0,0.0,-0.0233452183768564,0.9995478912153318,0.03006681171962297,0.0
44.800000000000004,-1.6232018844977025,-0.03087088144706206,9.79697525824213,0.0,0.0,-0.023569351043847466,0.9995364832222049,0.030443697340943796,0.0
44.816,-1.6080665020510923,-0.030400730844392217,9.80652950735211,0.0,0.0,-0.023802635850463643,0.9995248199654282,0.03082424813484334,0.0
44.832,-1.5647261092071145,-0.030125468565344937,9.774402667054591,0.0,0.0,-0.024028219223674003,0.9995128945605138,0.031208550226876405,0.0
44.848,-1.5321299464000262,-0.030016843658304787,9.767025753732312,0.0,0.0,-0.024268905244040347,0.9995006998410962,0.031596693136450804,0.0
44.864000000000004,-1.506599862621207,-0.029616646298591117,9.791312940975915,0.0,0.0,-0.024517226951489852,0.9994882283432578,0.031988769955343284,0.0
44.88,-1.4781244751633373,-0.029111413803123473,9.803436386072667,0.0,0.0,-0.02477139003423915,0.9994754722887637,0.032384877538023736,0.0
44.896,-1.4484079730298476,-0.028841012222245624,9.86339895151848,0.0,0.0,-0.025030762260037746,0.9994624235671177,0.03278511670474608,0.0
44.912,-1.4148129682737214,-0.028791403543226582,9.775831492370973,0.0,0.0,-0.025291619325605183,0.9994490737163365,0.03318959245843928,0.0
44.928000000000004,-1.3896819364597228,-0.028326898306362355,9.872518423520113,0.0,0.0,-0.025569109491530854,0.9994354139023358,0.033598414216549584,0.0
44.944,-1.361456062661141,-0.028026419951789214,9.79528459501736,0.0,0.0,-0.025843428137704128,0.9994214348968035,0.034011696059072845,0.0
44.96,-1.3360591906315258,-0.027756118016027256,9.799004603052827,0.0,0.0,-0.026133424029429315,0.9994071270534274,0.03442955699416781,0.0
44.976,-1.3033610252037988,-0.027680283750125878,9.80917862909934,0.0,0.0,-0.026425076310417225,0.9993924802823331,0.034852121242853557,0.0
44.992000000000004,-1.2797095294509453,-0.02733081962794997,9.886412510155596,0.0,0.0,-0.026729247850921848,0.9993774840225641,0.03527951854446967,0.0
45.008,-1.2456360248439884,-0.02694782542693867,9.773445841357335,0.0,0.0,-0.027038820936822416,0.9993621272124278,0.03571188448473814,0.0
45.024,-1.2314300415800081,-0.026658638523558747,9.797849085398044,0.0,0.0,-0.02735811238311017,0.999346398257505,0.03614936084846017,0.0
45.04,-1.2037565399664438,-0.026669739287617802,9.8240205599734,0.0,0.0,-0.02769006877619156,0.9993302849961029,0.03659209599910718,0.0
45.056,-1.1745874922716943,-0.026524696314796127,9.841003121798527,0.0,0.0,-0.028027454379818965,0.9993137746619024,0.03704024528780232,0.0
45.072,-1.1605680943688412,-0.025973796276935288,9.773870637733488,0.0,0.0,-0.028375833501895726,0.9992968538435278,0.03749397149445908,0.0
45.088,-1.1302742784544162,-0.02590419152732389,9.793954614675974,0.0,0.0,-0.028733655917535933,0.9992795084407282,0.037953445304169796,0.0
45.104,-1.1082422549422157,-0.025786485358260364,9.753608889574979,0.0,0.0,-0.02911006716897298,0.9992617236168335,0.038418845822265416,0.0
45.12,-1.0902916795570774,-0.025690220183578468,9.84886927318749,0.0,0.0,-0.029495889033699804,0.9992434837470954,0.03889036113188437,0.0
45.136,-1.069441399700707,-0.02542422459315895,9.8281873682817,0.0,0.0,-0.029890111494135632,0.9992247723624881,0.039368188898321825,0.0
45.152,-1.0481331764292798,-0.025159270539179924,9.856968516161068,0.0,0.0,-0.030292757552703636,0.999205572088484,0.039852537024955115,0.0
45.168,-1.023423581739627,-0.024951845601282666,9.827608288387434,0.0,0.0,-0.03072133198330315,0.9991858645782608,0.04034362436610765,0.0
45.184,-1.0076470883839403,-0.024989631771160238,9.748139654074269,0.0,0.0,-0.031152549804819362,0.9991656304397265,0.04084168150289484,0.0
45.2,-0.9901561926667166,-0.0246982473399051,9.83847684303416,0.0,0.0,-0.03160550261653175,0.9991448491556719,0.041346951588837506,0.0
45.216,-0.975652066454272,-0.024643593348351915,9.780294272566403,0.0,0.0,-0.03207223523978363,0.9991234989962636,0.04185969127291296,0.0
45.232,-0.9439731939531465,-0.024287508659115647,9.836142092561905,0.0,0.0,-0.032558958906932785,0.9991015569229892,0.04238017170870218,0.0
45.248,-0.9274710607329043,-0.024200128832071576,9.782478988946675,0.0,0.0,-0.03306086954384396,0.9990789984830442,0.04290867965945152,0.0
45.264,-0.9083049367811857,-0.02424088159791961,9.793249706303122,0.0,0.0,-0.03358738410034092,0.9990557976930028,0.043445518710195016,0.0
45.28,-0.8895505067666751,-0.023957728131907267,9.830981083412,0.0,0.0,-0.03412457244717408,0.9990319269104586,0.04399101059962307,0.0
45.296,-0.8760214187777007,-0.023930741183443443,9.872376707548744,0.0,0.0,-0.03468585021197221,0.999007356692123,0.04454549668616668,0.0
45.312,-0.8543642655839265,-0.023633550110010004,9.84453120312822,0.0,0.0,-0.03527288854203224,0.9989820556366475,0.04510933956486156,0.0
45.328,-0.8407597934781003,-0.023535602525565313,9.776533671158907,0.0,0.0,-0.03588478747968648,0.9989559902101725,0.04568292485397588,0.0
45.344,-0.8237054789882783,-0.02348338152194802,9.784696424963087,0.0,0.0,-0.03652321908079874,0.9989291245522952,0.046266663173229555,0.0
45.36,-0.8086598734399774,-0.023467925155479023,9.794415007352743,0.0,0.0,-0.03718571136492888,0.9989014202597886,0.046860992338802226,0.0
45.376,-0.787203763242352,-0.02339645723289666,9.870504376665084,0.0,0.0,-0.03789066872975032,0.9988728361449617,0.04746637980424184,0.0
45.392,-0.7697628161119383,-0.023500655865668556,9.867517879000875,0.0,0.0,-0.03860619024302366,0.9988433279650506,0.04808332538107586,0.0
45.408,-0.7562493808227415,-0.023608554077029796,9.753644875314242,0.0,0.0,-0.039360251330608824,0.9988128481184064,0.04871236427846216,0.0
45.424,-0.7408038805493984,-0.023439143353537504,9.886655788171947,0.0,0.0,-0.04015095951206527,0.9987813453025188,0.04935407050782141,0.0
45.44,-0.728686198082546,-0.023333182797196986,9.792081693588761,0.0,0.0,-0.04099166378044822,0.9987487641280336,0.050009060706291214,0.0
45.456,-0.7118840112844269,-0.023496984170551304,9.86908064190453,0.0,0.0,-0.04186207659111377,0.9987150446818539,0.050677998442350575,0.0
45.472,-0.6938419722828901,-0.023456677390136373,9.79567432601322,0.0,0.0,-0.04278000064592304,0.9986801220311283,0.05136159907840309,0.0
45.488,-0.6823617530859107,-0.02343734078812199,9.785555862221702,0.0,0.0,-0.04374305914933407,0.998643925658363,0.052060635279008234,0.0
45.504,-0.669219760654269,-0.023440839692929476,9.848254970300358,0.0,0.0,-0.04476934303619485,0.99860637881596,0.0527759432703531,0.0
45.52,-0.6575583196431212,-0.02356668264793844,9.784790036069724,0.0,0.0,-0.045844322975238216,0.9985673977861328,0.0535084299772606,0.0
45.536,-0.6412774547323074,-0.02364123990834293,9.848098219733158,0.0,0.0,-0.046982768913955336,0.9985268910292167,0.054259081189482763,0.0
45.552,-0.6304520028034372,-0.023740207914681444,9.885778435659242,0.0,0.0,-0.04819132492884574,0.998484758199756,0.05502897094054291,0.0
45.568,-0.616671742761971,-0.024018963938856216,9.82088367336558,0.0,0.0,-0.04947072213363573,0.9984408890051973,0.055819272321584915,0.0
45.584,-0.6059137147369708,-0.023971374760193655,9.77383430144641,0.0,0.0,-0.05082289404707576,0.9983951618762927,0.05663127000175294,0.0
45.6,-0.587161507691218,-0.024005166889732338,9.865154065141779,0.0,0.0,-0.0522813308835778,0.9983474424110429,0.05746637478847371,0.0
45.616,-0.5793430008805315,-0.02428926645833107,9.788476899322458,0.0,0.0,-0.05382148910361149,0.9982975815447542,0.058326140639465875,0.0
45.632,-0.5652961246294324,-0.024611941580394803,9.835533319472228,0.0,0.0,-0.05548156012004384,0.9982454133868477,0.05921228463859214,0.0
45.648,-0.5608973103140457,-0.02482587567597893,9.83232829135471,0.0,0.0,-0.05725033400847464,0.998190752649619,0.060126710576810655,0.0
45.664,-0.5486893059384578,-0.024993771971675773,9.751853593326478,0.0,0.0,-0.05915868258514874,0.9981333915739418,0.061071536947260384,0.0
45.68,-0.5351720416149686,-0.02539704231777166,9.790988534686562,0.0,0.0,-0.061225906921135366,0.9980730962302706,0.062049130383277834,0.0
45.696,-0.5258098502917823,-0.02589031153473971,9.776237284275478,0.0,0.0,-0.06343293924072194,0.9980096020378139,0.06306214585886179,0.0
45.712,-0.5153099022943831,-0.026119625746021644,9.81001486245819,0.0,0.0,-0.06584844123863845,0.9979426082969998,0.06411357535952084,0.0
45.728,-0.5036819505555706,-0.02632407006740159,9.815007362234706,0.0,0.0,-0.06848929862612922,0.9978717714653869,0.06520680725607302,0.0
45.744,-0.4937378319238332,-0.02692568159304566,9.790491069092441,0.0,0.0,-0.07133303440822258,0.9977966968176848,0.06634569933098627,0.0
45.76,-0.48238730636352845,-0.02754456651429325,9.77244952098683,0.0,0.0,-0.07446865624894257,0.9977169280056997,0.06753466939927656,0.0
45.776,-4.981270925125183,-0.03746519177841103,9.762167694532305,0.0,0.0,-0.12245897186579038,0.9975826685655902,0.06948970699000089,0.0
45.792,-5.049329293500795,-0.048650370555802,9.85762526516217,0.0,0.0,-0.17049609968634621,0.9973894147759053,0.07221049295619945,0.0
45.808,-5.00755292121288,-0.05331000461805358,9.764979324663708,0.0,0.0,-0.2184548013818646,0.9971308996403081,0.07569655859092826,0.0
45.824,-5.026177383578511,-0.04975975625609078,9.834015757921206,0.0,0.0,-0.26651681042324166,0.9967990947866764,0.07994726156950396,0.0
45.84,-3.126421506452098,-0.029147363009959487,9.91172364414138,0.0,0.0,-0.3145309485026386,0.9963842131247505,0.08496175513589502,0.0
45.856,0.0,0.0,9.759606651758403,0.0,0.0,-0.3624580366024626,0.9958747124278915,0.0907389505486175,0.0
45.872,0.0,0.0,9.831843594840391,0.0,0.0,-0.4105444523855736,0.9952573000406649,0.09727747280725514,0.0
45.888,0.0,0.0,9.81929903237812,0.0,0.0,-0.4585002048760782,0.9945169389499705,0.1045756096878263,0.0
45.904,0.0,0.0,9.794466545208017,0.0,0.0,-0.506472884860125,0.9936368554932211,0.1126312541239933,0.0
45.92,0.0,0.0,9.855164239580507,0.0,0.0,-0.5545759564380562,0.9925985490125633,0.12144183998175556,0.0
45.936,0.0,0.0,9.827887508026361,0.0,0.0,-0.6025534384152913,0.9913818037992672,0.13100427128804348,0.0
45.952,0.0,0.0,9.758400870148591,0.0,0.0,-0.6505512037344899,0.9899647037070537,0.14131484498878874,0.0
45.968,0.0,0.0,9.833032329526384,0.0,0.0,-0.6984425477693093,0.988323649847168,0.15236916732978753,0.0
45.984,0.0,0.0,9.79430344010816,0.0,0.0,-0.7464131833525017,0.9864333818113151,0.16416206397426972,0.0
46.0,0.0,0.0,9.764981170347538,0.0,0.0,-0.7944373273877521,0.9842670029009465,0.17668748399473083,0.0
46.016,0.0,0.0,9.812465492270823,0.0,0.0,-0.8425206393467731,0.9817960098726506,0.1899383979034849,0.0
46.032000000000004,0.0,0.0,9.8439998944145,0.0,0.0,-0.8905409334169996,0.9789903277393389,0.20390668991678962,0.0
46.048,0.0,0.0,9.808286451587234,0.0,0.0,-0.9384292002098537,0.9758183501952535,0.2185830446814518,0.0
46.064,0.0,0.0,9.806360377105964,0.0,0.0,-0.9864960510532031,0.9722469862592983,0.23395682873066942,0.0
46.08,0.0,0.0,9.751342374550825,0.0,0.0,-1.034590881283046,0.9682417137554884,0.25001596697778117,0.0
46.096000000000004,0.0,0.0,9.88033773143003,0.0,0.0,-1.0823894194628512,0.9637666402710713,0.2667468146025579,0.0
46.112,0.0,0.0,9.729438822682965,0.0,0.0,-1.1305538626385925,0.9587845722517309,0.28413402473492305,0.0
46.128,0.0,0.0,9.791093333088417,0.0,0.0,-1.1784737447194389,0.9532570929088096,0.30216041239554464,0.0
46.144,0.0,0.0,9.790467492764911,0.0,0.0,-1.2263117440441216,0.9471446496252622,0.320806815211646,0.0
46.160000000000004,0.0,0.0,9.814597268362412,0.0,0.0,-1.274512927582386,0.9404066515545573,0.3400519514896887,0.0
46.176,0.0,0.0,9.82355965734147,0.0,0.0,-1.3226025861476303,0.9330015781094905,0.35987227629424356,0.0
46.192,0.0,0.0,9.799425627701714,0.0,0.0,-1.3703042700075012,0.924887099035328,0.38024183625426533,0.0
46.208,0.0,0.0,9.820648384731491,0.0,0.0,-1.4185747041250687,0.9160202067532258,0.4011321238940827,0.0
46.224000000000004,0.0,0.0,9.801301247550866,0.0,0.0,-1.4664783585548833,0.9063573616449351,0.4225119323664512,0.0
46.24,0.0,0.0,9.716411073207624,0.0,0.0,-1.4999638400752213,0.8959575419220267,0.4441397112092548,0.0
46.256,0.0,0.0,9.7834205779933,0.0,0.0,-1.4999752430795155,0.8850417249585736,0.4655117024118219,0.0
46.272,0.0,0.0,9.769374531655796,0.0,0.0,-1.5000391172617824,0.8736161973598761,0.48661559747964356,0.0
46.288000000000004,0.0,0.0,9.788640422288585,0.0,0.0,-1.499899901069289,0.861687539282288,0.5074392423193496,0.0
46.304,0.0,0.0,9.807706073732264,0.0,0.0,-1.5001043009067134,0.8492626206435946,0.5279706442384597,0.0
46.32,0.0,0.0,9.834262761498527,0.0,0.0,-1.4999506903036754,0.8363485971665066,0.5481979788521811,0.0
46.336,0.0,0.0,9.827027339387516,0.0,0.0,-1.5000120620402124,0.8229529062575616,0.5681095968932698,0.0
46.352000000000004,0.0,0.0,9.763371096851845,0.0,0.0,-1.5000066453584049,0.8090832627237895,0.5876940309210461,0.0
46.368,0.0,0.0,9.801564975382814,0.0,0.0,-1.4999223773775017,0.7947476543296286,0.6069400019256872,0.0
46.384,0.0,0.0,9.858052936143029,0.0,0.0,-1.5000799874628998,0.7799543371966325,0.6258364258240023,0.0
46.4,0.0,0.0,9.794784754630125,0.0,0.0,-1.4999452105872488,0.7647118310486288,0.6443724198429456,0.0
46.416000000000004,0.0,0.0,9.746145451558116,0.0,0.0,-1.4998613932794154,0.7490289143050672,0.66253730878719,0.0
46.432,0.0,0.0,9.808812547075137,0.0,0.0,-1.5000783594909928,0.7329146190253747,0.6803206311871558,0.0
46.448,0.0,0.0,9.779304732936696,0.0,0.0,-1.5000570549260535,0.7163782257072417,0.6977121453239468,0.0
46.464,0.0,0.0,9.776160417182277,0.0,0.0,-1.4834339617952457,0.6996224773531261,0.7145126935067527,0.0
46.480000000000004,0.0,0.0,9.8604453670784,0.0,0.0,-1.4385604178473217,0.6829948368976291,0.7304232011451861,0.0
46.496,0.0,0.0,9.695731156391513,0.0,0.0,-1.4135745476530526,0.6663030987027871,0.7456810180359051,0.0
46.512,0.0,0.0,9.827829231567128,0.0,0.0,-1.3767342905034956,0.6497194626982675,0.7601740720328962,0.0
46.528,0.0,0.0,9.910016381622604,0.0,0.0,-1.3488439595263704,0.6331646208098776,0.7740171593412409,0.0
46.544000000000004,0.0,0.0,9.770834093828789,0.0,0.0,-1.3162209737351398,0.6167270764366032,0.7871770532669005,0.0
46.56,0.0,0.0,9.787845906542412,0.0,0.0,-1.2875942563020377,0.6003783723896127,0.7997160808479467,0.0
46.576,0.0,0.0,9.77704155063212,0.0,0.0,-1.2575550572995793,0.5841665544685786,0.8116338069845965,0.0
46.592,0.0,0.0,9.77982681608283,0.0,0.0,-1.2295679201704726,0.5680851861776091,0.8229697571876814,0.0
46.608000000000004,0.0,0.0,9.78550952623569,0.0,0.0,-1.201384868056837,0.5521622200401334,0.8337366987007058,0.0
46.624,0.0,0.0,9.752758315466997,0.0,0.0,-1.1745391123282822,0.5364000298104776,0.8439638665365471,0.0
46.64,0.0,0.0,9.845294455911477,0.0,0.0,-1.1475265466412956,0.5208160943744767,0.8536689029363294,0.0
46.656,0.0,0.0,9.774435888769482,0.0,0.0,-1.1214091562606907,0.50541566558416,0.8628760078841693,0.0
46.672000000000004,0.0,0.0,9.783951454524615,0.0,0.0,-1.0959645368767752,0.49021034779311523,0.8716041618283801,0.0
46.688,0.0,0.0,9.827307167858919,0.0,0.0,-1.0709361725248485,0.47520569898645726,0.8798747317946984,0.0
46.704,0.0,0.0,9.792774782553467,0.0,0.0,-1.046289914480951,0.4604097074567138,0.8877065400680696,0.0
46.72,0.0,0.0,9.811967020756033,0.0,0.0,-1.0226619992191908,0.44582719951741145,0.8951190469264199,0.0
46.736000000000004,0.0,0.0,9.774706390238265,0.0,0.0,-0.9989446711685356,0.4314637120460097,0.9021302928000356,0.0
46.752,0.0,0.0,9.795254240066242,0.0,0.0,-0.9759747132629442,0.41732299104128784,0.908758230305703,0.0
46.768,0.0,0.0,9.761553810181313,0.0,0.0,-0.9537893698424051,0.4034087702223044,0.9150198708813531,0.0
46.784,0.0,0.0,9.809989670713712,0.0,0.0,-0.9316372463738459,0.3897236675449738,0.9209318449023765,0.0
46.800000000000004,0.0,0.0,9.74401584058481,0.0,0.0,-0.9103556684895923,0.3762700122469024,0.9265100527699178,0.0
46.816,0.0,0.0,9.84209428270238,0.0,0.0,-0.8892548133975665,0.36304937054172565,0.9317699042946477,0.0
46.832,0.0,0.0,9.820549465869505,0.0,0.0,-0.8687394475418864,0.3500629397147503,0.9367261810359883,0.0
46.848,0.0,0.0,9.817679032629169,0.0,0.0,-0.8486972248007727,0.33731135495501346,0.9413931430695748,0.0
46.864000000000004,0.0,0.0,9.881035625168446,0.0,0.0,-0.8291079737723851,0.3247948855057383,0.9457844798627827,0.0
46.88,0.0,0.0,9.826485121300973,0.0,0.0,-0.8097935059093813,0.31251336558794973,0.9499133625383382,0.0
46.896,0.0,0.0,9.84852452474184,0.0,0.0,-0.7910068880647374,0.3004662990121179,0.953792431904322,0.0
46.912,0.0,0.0,9.867239004646976,0.0,0.0,-0.7726175271644141,0.28865284361549404,0.9574338284564052,0.0
46.928000000000004,0.0,0.0,9.727614672814992,0.0,0.0,-0.7547981268137731,0.27707187255702076,0.960849195991622,0.0
46.944,0.0,0.0,9.833381457383481,0.0,0.0,-0.737164002972726,0.26572198073771247,0.9640497025324093,0.0
46.96,0.0,0.0,9.786056288052405,0.0,0.0,-0.7197641428923046,0.2546015247190657,0.9670460504085248,0.0
46.976,0.0,0.0,9.860280099448504,0.0,0.0,-0.7030465953075067,0.2437086371821069,0.9698484934064909,0.0
46.992000000000004,0.0,0.0,9.799246629480113,0.0,0.0,-0.6866201579908504,0.23304125554858884,0.9724668494156176,0.0
47.008,0.0,0.0,9.802522275492976,0.0,0.0,-0.6704109758825697,0.22259713842986664,0.9749105158745774,0.0
47.024,0.0,0.0,9.803209377043773,0.0,0.0,-0.654625969761709,0.2123738876750974,0.9771884832691007,0.0
47.04,0.0,0.0,9.739109148819752,0.0,0.0,-0.6392931174480776,0.20236896428962292,0.979309349640013,0.0
47.056000000000004,0.0,0.0,9.75987597415668,0.0,0.0,-0.62408761641243,0.1925797062098048,0.9812813341525178,0.0
47.072,0.0,0.0,9.78426410692154,0.0,0.0,-0.6094267663032821,0.1830033427351403,0.9831122909148096,0.0
47.088,0.0,0.0,9.785675116345095,0.0,0.0,-0.5949784942156328,0.1736370092232965,0.9848097222448552,0.0
47.104,0.0,0.0,9.801920382401407,0.0,0.0,-0.5807990769055132,0.16447775976364012,0.986380791856337,0.0
47.12,0.0,0.0,9.804290370833817,0.0,0.0,-0.5670967271154668,0.15552257947316409,0.9878323376332714,0.0
47.136,0.0,0.0,9.857725628972133,0.0,0.0,-0.5534180468424548,0.1467683954284135,0.9891708841769299,0.0
47.152,0.0,0.0,9.852187615431616,0.0,0.0,-0.5402952122587336,0.1382120869974788,0.9904026549882635,0.0
47.168,0.0,0.0,9.809845735648613,0.0,0.0,-0.5273432383963834,0.12985049516135946,0.9915335843562485,0.0
47.184,0.0,0.0,9.838622645274084,0.0,0.0,-0.5146856322644451,0.1216804311926824,0.9925693288958525,0.0
47.2,0.0,0.0,9.771717625309897,0.0,0.0,-0.502410253816747,0.11369868453451056,0.993515278762799,0.0
47.216,0.0,0.0,9.777427526939626,0.0,0.0,-0.49034548754776275,0.10590203006740012,0.9943765685230136,0.0
47.232,0.0,0.0,9.793030365110962,0.0,0.0,-0.47851291662191675,0.09828723471740916,0.9951580876883858,0.0
47.248,0.0,0.0,9.837754904810133,0.0,0.0,-0.46681876701741504,0.09085106351021788,0.9958644909118222,0.0
47.264,0.0,0.0,9.824693280013278,0.0,0.0,-0.4556110778669879,0.0835902850702364,0.9965002078483861,0.0
47.28,0.0,0.0,9.857102419687306,0.0,0.0,-0.4444189330912893,0.07650167663036954,0.9970694526825814,0.0
47.296,0.0,0.0,9.781519523224452,0.0,0.0,-0.43358975300303787,0.06958202856947568,0.9975762333276373,0.0
47.312,0.0,0.0,9.842512291775193,0.0,0.0,-0.42303815082538554,0.06282814852318833,0.9980243603004629,0.0
47.328,0.0,0.0,9.808350475100347,0.0,0.0,-0.4127522014779075,0.05623686509105394,0.9984174552784675,0.0
47.344,0.0,0.0,9.80741909701182,0.0,0.0,-0.40261465495247023,0.049805031174807446,0.9987589593438831,0.0
47.36,0.0,0.0,9.857354600919125,0.0,0.0,-0.39262166634552403,0.043529526971229734,0.999052140922415,0.0
47.376,0.0,0.0,9.817829241494765,0.0,0.0,-0.38297090551266255,0.037407262647950086,0.9993001034229844,0.0
47.392,0.0,0.0,9.848233753794116,0.0,0.0,-0.37347547711103374,0.031435180724046725,0.9995057925859392,0.0
47.408,0.0,0.0,9.825889750928233,0.0,0.0,-0.36414905721687957,0.025610258179166706,0.9996720035471617,0.0
47.424,5.001802025842098,0.025351795326991975,9.782006295003312,0.0,0.0,-0.31621753073082753,0.020552304048633153,0.9997887790920105,0.0
47.44,4.999790229275378,-0.0038543391112719322,9.801465214544457,0.0,0.0,-0.26819863298377167,0.016261722811744452,0.9998677694431369,0.0
47.456,4.985439925695002,-0.025324674460783878,9.809985350160986,0.0,0.0,-0.22019273028558478,0.012738780534035678,0.9999188584432768,0.0
47.472,5.030350002706215,-0.03912870858758326,9.801134531929833,0.0,0.0,-0.1721570120927657,0.009983642812298485,0.9999501621961949,0.0
47.488,4.9804954780979305,-0.04531426647995792,9.803263897481937,0.0,0.0,-0.1242120513174559,0.007996405936473733,0.9999680282349527,0.0
47.504,4.9875147468880145,-0.043356478122225865,9.765033979297467,0.0,0.0,-0.07620398078089505,0.006777121262439166,0.9999770350500027,0.0
47.52,4.989542723520482,-0.03431635192686474,9.843919257833619,0.0,0.0,-0.028209548056492176,0.00632581279312681,0.9999799918460901,0.0
47.536,5.04274859968452,-0.016747413961935128,9.782033078829572,0.0,0.0,0.01208767536642758,0.006519209105681816,0.9999787497305312,0.0
47.552,5.0352838772665445,0.006793726710917432,9.823814623435087,0.0,0.0,0.011922335820969687,0.006709954097306142,0.9999774880046111,0.0
47.568,5.015584057581544,0.0076806220628869125,9.796959985954063,0.0,0.0,0.011761721752756795,0.006898140031682228,0.9999762075490113,0.0
47.584,4.98948431289413,0.00845791662482998,9.847800612251538,0.0,0.0,0.011607002276295861,0.007083856849117262,0.999974909171296,0.0
47.6,5.0309935266116605,0.009289878579037238,9.845986296436621,0.0,0.0,0.011458929429312936,0.0072671923123583115,0.999973593609299,0.0
47.616,4.996545231227523,0.010011555008256947,9.786697752510126,0.0,0.0,0.011313873319208034,0.00744823214608632,0.9999722615342378,0.0
47.632,5.004651641585474,0.010831809475982846,9.78778191712911,0.0,0.0,0.01117729234884899,0.007627060173938737,0.9999709135535411,0.0
47.648,4.989197807298795,0.011581536598359242,9.844034875743521,0.0,0.0,0.011044152039019586,0.007803758451389212,0.9999695502134215,0.0
47.664,4.976096090053647,0.01242816873390412,9.82647252616381,0.0,0.0,0.010916531545571706,0.007978407395883192,0.9999681720012019,0.0
47.68,4.990535965825327,0.013081363685842295,9.878052842383216,0.0,0.0,0.010793478266151457,0.008151085914781206,0.9999667793473991,0.0
47.696,5.007897068349736,0.013884237064695855,9.760616242773887,0.0,0.0,0.010674469196230397,0.008321871530722535,0.9999653726275857,0.0
47.712,4.980121810423915,0.014469106369589334,9.830655321205661,0.0,0.0,0.010562374633672643,0.008490840506764628,0.9999639521640211,0.0
47.728,4.976082196621021,0.01526605122020657,9.802643534477697,0.0,0.0,0.010453045805319276,0.008658067969612214,0.9999625182270752,0.0
47.744,4.951466631780951,0.015916249444648305,9.759391069152485,0.0,0.0,0.0103475400057663,0.008823628033460743,0.9999610710364315,0.0
47.76,5.026895432715025,0.016587518273347004,9.822116633737005,0.0,0.0,0.010248098203498566,0.008987593923176803,0.999959610762091,0.0
47.776,4.985858754795293,0.017221340653851194,9.737829870149493,0.0,0.0,0.010152560611372187,0.009150038099302125,0.9999581375251573,0.0
47.792,5.0076823580306495,0.01788542851829761,9.803776342047604,0.0,0.0,0.010062904019021459,0.009311032383624537,0.9999566513984249,0.0
47.808,5.007848271200365,0.018475121266587808,9.810956692763204,0.0,0.0,0.009976065399172064,0.009470648087697361,0.9999551524067464,0.0
47.824,5.0054711226377835,0.01908184651044852,9.80924966473453,0.0,0.0,0.009894755268532023,0.009628956143464547,0.9999536405271933,0.0
47.84,5.035031509106968,0.019788198797029487,9.821669435491618,0.0,0.0,0.009817561977731471,0.00978602723784676,0.9999521156889964,0.0
47.856,4.987996381040925,0.020425622624551283,9.840715847045953,0.0,0.0,0.009744418783256915,0.009941931951570532,0.9999505777732569,0.0
47.872,4.971127862906487,0.02112918461769732,9.772913461467914,0.0,0.0,0.009675661244591178,0.010096740903459946,0.9999490266124211,0.0
47.888,5.044651642242469,0.021592388349872736,9.772383961030766,0.0,0.0,0.0096111508538094,0.010250524900487366,0.999947461989511,0.0
47.904,4.977041041092263,0.022396588558171438,9.757691071667766,0.0,0.0,0.009552232707352486,0.010403355095769467,0.9999458836370855,0.0
47.92,1.2510780263362804,0.023599612846499265,9.826512617027596,0.0,0.0,0.009496076880517366,0.010555303154635291,0.9999442912359239,0.0
47.936,5.3984169968081364e-06,0.02363476166627224,9.815844270891503,0.0,0.0,0.0094447595151128,0.010706403027892206,0.9999426848245875,0.0
47.952,5.30644873720578e-06,0.02378982203573054,9.834410972197784,0.0,0.0,0.009392858619875714,0.010856676024925049,0.9999410645561516,0.0
47.968,5.286242514493954e-06,0.023568745552691287,9.86305881044413,0.0,0.0,0.009342169510531882,0.011006143505564756,0.9999394305682394,0.0
47.984,5.21268915301676e-06,0.023246703611115055,9.805364807512182,0.0,0.0,0.009293047814243685,0.011154826892585611,0.9999377829830196,0.0
48.0,5.1774196213531955e-06,0.023261763222773728,9.861281037801106,0.0,0.0,0.009246692556153286,0.011302747684480951,0.9999361219071851,0.0
48.016,5.1270367190646135e-06,0.023200909774011708,9.812087356599537,0.0,0.0,0.009198419487568993,0.011449927468971225,0.9999344474319081,0.0
48.032000000000004,5.048558319586136e-06,0.023095770225751867,9.81635075707545,0.0,0.0,0.009154097445859431,0.011596387936924213,0.9999327596327747,0.0
48.048,5.006436065375479e-06,0.022798983079722526,9.836320701613365,0.0,0.0,0.009111375020258083,0.011742150896966062,0.999931058569696,0.0
48.064,4.977424304746094e-06,0.022676213618865203,9.794816963640509,0.0,0.0,0.009069042837878268,0.011887238290921809,0.9999293442867925,0.0
48.08,4.934404158845148e-06,0.02270446667931934,9.818278775124627,0.0,0.0,0.00902814327277868,0.012031672209619766,0.9999276168122574,0.0
48.096000000000004,4.9122767544461896e-06,0.0225868485253314,9.86156425348192,0.0,0.0,0.008987933194210292,0.01217547490995084,0.9999258761581866,0.0
48.112,4.82582954878951e-06,0.02241880898126312,9.810629197689845,0.0,0.0,0.008951478098701938,0.012318668832367813,0.9999241223203881,0.0
48.128,4.756120673932695e-06,0.022352572561853724,9.798393278079157,0.0,0.0,0.008913209439870206,0.01246127661925993,0.9999223552781578,0.0
48.144,4.720676865048088e-06,0.022338010831787786,9.796604834064999,0.0,0.0,0.008879239567769282,0.012603321134774144,0.9999205749940211,0.0
48.160000000000004,4.728348815380721e-06,0.022016134073010483,9.820206182817923,0.0,0.0,0.008845949718436023,0.01274482548503467,0.9999187814134486,0.0
48.176,4.655641513758648e-06,0.02224183280986644,9.748349061310789,0.0,0.0,0.008812577813520576,0.012885813039975038,0.9999169744645297,0.0
48.192,4.634516380093849e-06,0.021899580884288523,9.754063179066183,0.0,0.0,0.008781938976257276,0.0130263074560837,0.9999151540576128,0.0
48.208,4.6187513895757015e-06,0.021882786727811965,9.831456723037125,0.0,0.0,0.008753672107177464,0.013166332700468563,0.9999133200849066,0.0
48.224000000000004,4.6036825088588755e-06,0.021939037468093392,9.726610471132085,0.0,0.0,0.00872318253470394,0.01330591307661034,0.9999114724200326,0.0
48.24,4.598862203874344e-06,0.021858276184408942,9.824584105059836,0.0,0.0,0.008697572700032732,0.01344507325118486,0.999909610917542,0.0
48.256,4.501285212823294e-06,0.02172820892242907,9.779662997393133,0.0,0.0,0.008674276956239516,0.013583838282723951,0.9999077354123773,0.0
48.272,4.501952052976669e-06,0.02170491343896112,9.791253761992413,0.0,0.0,0.00865091864389773,0.013722233652302749,0.9999058457192815,0.0
48.288000000000004,4.500461220269846e-06,0.021454410069449138,9.863063969461145,0.0,0.0,0.008627827144665506,0.01386028529546325,0.9999039416321593,0.0
48.304,4.431379940235642e-06,0.02166426579678615,9.847874818608448,0.0,0.0,0.008609865376261176,0.013998019637023193,0.9999020229233672,0.0
48.32,4.411038360140092e-06,0.021611771179724768,9.834360562262587,0.0,0.0,0.00859019937638361,0.014135463627492503,0.9999000893429483,0.0
48.336,4.4124203284336075e-06,0.02144517270999014,9.891576341001741,0.0,0.0,0.008573853746289939,0.014272644782186332,0.9998981406177939,0.0
48.352000000000004,4.423549988422788e-06,0.021345759203468505,9.838153157680837,0.0,0.0,0.008559579673721958,0.014409591223020563,0.999896176450728,0.0
48.368,4.35644680659176e-06,0.02142478803278241,9.800649692740468,0.0,0.0,0.008546624053935173,0.014546331723156374,0.9998941965195117,0.0
48.384,4.3942560146515745e-06,0.021448591378908786,9.750201532973824,0.0,0.0,0.008537269597248036,0.014682895754613581,0.9998922004757609,0.0
48.4,4.36578588015536e-06,0.021228244782190906,9.760033779071584,0.0,0.0,0.008526559871147974,0.014819313539558284,0.9998901879437643,0.0
48.416000000000004,4.354490039657448e-06,0.02131071347618567,9.838642508787848,0.0,0.0,0.00852079193473016,0.01495561610520093,0.9998881585191985,0.0
48.432,4.344958681933435e-06,0.021312895712050462,9.800219803142452,0.0,0.0,0.008515269626948117,0.015091835342827951,0.9998861117677278,0.0
48.448,4.315333840623126e-06,0.021404018031957368,9.868536325202781,0.0,0.0,0.008513512560363711,0.015228004071183309,0.9998840472234808,0.0
48.464,4.349357374755943e-06,0.02109775355299819,9.819889382517074,0.0,0.0,0.00851148152959513,0.015364156104942218,0.9998819643873885,0.0
48.480000000000004,4.336449061624467e-06,0.02128467117799397,9.828963916767718,0.0,0.0,0.008510405334406175,0.015500326328413805,0.999879862725374,0.0
48.496,4.3695229182288e-06,0.021395871808648815,9.816030597911533,0.0,0.0,0.008515351140807507,0.015636550775242807,0.9998777416663766,0.0
48.512,4.353834916847041e-06,0.02132640019391829,9.83539265027411,0.0,0.0,0.008522054182101405,0.015772866714562045,0.999875600600197,0.0
48.528,4.357720328737659e-06,0.021342256779880272,9.855784687942904,0.0,0.0,0.008528772063901804,0.01590931274436573,0.9998734388751418,0.0
48.544000000000004,4.367962458513526e-06,0.021286323087545477,9.788608528290867,0.0,0.0,0.008540187164247487,0.01604592889272275,0.9998712557954498,0.0
48.56,4.382201467082838e-06,0.02139216986373336,9.768573179947898,0.0,0.0,0.008551155238315454,0.016182756727938136,0.999869050618472,0.0
48.576,4.38604643248941e-06,0.02145215815056553,9.760780770540608,0.0,0.0,0.008568978138805389,0.01631983947818634,0.9998668225515868,0.0
48.592,4.425312488263956e-06,0.021662369202905058,9.85239394585628,0.0,0.0,0.00858883638807601,0.01645722216199856,0.9998645707488143,0.0
48.608000000000004,4.437442060512263e-06,0.02150040620535184,9.865180636876035,0.0,0.0,0.008607654785064058,0.01659495173084073,0.9998622943070966,0.0
48.624,4.423611872580479e-06,0.021614118884853255,9.776652865303301,0.0,0.0,0.008634281728532488,0.016733077224799324,0.9998599922622111,0.0
48.64,4.4924070379074336e-06,0.02159856039196588,9.784858327933094,0.0,0.0,0.008663128615809909,0.016871649943315182,0.9998576635842675,0.0
48.656,4.494386341923531e-06,0.02161130003709537,9.827633721257145,0.0,0.0,0.00869349650925337,0.01701072363247502,0.9998553071727426,0.0
48.672000000000004,4.542698577209045e-06,0.021704962825781292,9.802609576764064,0.0,0.0,0.008728985672245034,0.017150354691051063,0.9998529218509946,0.0
48.688,4.583823809964723e-06,0.0218322623407835,9.827736689114403,0.0,0.0,0.008766540437362637,0.017290602397099526,0.9998505063601986,0.0
48.704,4.630971784541794e-06,0.021884806349976325,9.820832524766496,0.0,0.0,0.008808274049567156,0.01743152915875597,0.9998480593526136,0.0
48.72,4.6756462046497014e-06,0.021943111644251286,9.685882693076493,0.0,0.0,0.008856158788866633,0.01757320079090998,0.9998455793841179,0.0
48.736000000000004,4.7104936332981684e-06,0.022199284187565265,9.818486306476826,0.0,0.0,0.00890715773930885,0.01771568682239692,0.9998430649058935,0.0
48.752,4.782112163520181e-06,0.022312066286360236,9.725883398572286,0.0,0.0,0.008962186171314484,0.017859060837092464,0.9998405142551573,0.0
48.768,4.8442695510388675e-06,0.02252569857721668,9.833965047240923,0.0,0.0,0.009024243880014651,0.018003400853648998,0.9998379256448031,0.0
48.784,4.925669817109941e-06,0.02248953620715962,9.812350154964268,0.0,0.0,0.009089332622805405,0.018148789749647527,0.9998352971517976,0.0
48.800000000000004,4.9716690295769315e-06,0.022860690182262527,9.804823084384008,0.0,0.0,0.00916077700996995,0.018295315735845693,0.999832626704153,0.0
48.816,-4.309298318892672,0.023325714083181705,9.79547314301072,0.0,0.0,0.009236874435458505,0.018443072888723887,0.999829912066258,0.0
48.832,-2.623780913337246,0.022798052812253784,9.879949794620345,0.0,0.0,0.00931326391115595,0.018592058022527364,0.999827152751158,0.0
48.848,-3.1698957590500245,0.022681315146767612,9.879015299555409,0.0,0.0,0.009391576039010172,0.018742305844188692,0.9998243475589315,0.0
48.864000000000004,-2.8972639501174666,0.022301904602883192,9.821110156921625,0.0,0.0,0.00947285188080153,0.018893837207922617,0.9998214955258566,0.0
48.88,-2.9181849911844613,0.022199443707902698,9.803331550788071,0.0,0.0,0.009553149284596451,0.0190466796366411,0.9998185955436212,0.0
48.896,-2.8311173505095106,0.021942428421788878,9.78151884697821,0.0,0.0,0.009636913503817426,0.019200859256980167,0.999815646508792,0.0
48.912,-2.8031009606511055,0.02154844857437309,9.826611723790645,0.0,0.0,0.009721899552410247,0.01935640404870724,0.9998126472606271,0.0
48.928000000000004,-2.7152791942142764,0.02138927814988928,9.784209441568253,0.0,0.0,0.009809278734827393,0.01951334261921506,0.9998095966031858,0.0
48.944,-2.649042295413749,0.021115508923216054,9.81657442055686,0.0,0.0,0.009900152119876288,0.01967170475332397,0.9998064932936264,0.0
48.96,-2.6228340295002526,0.021022782157474076,9.84706406945352,0.0,0.0,0.009990586334878435,0.0198315212639736,0.9998033360438227,0.0
48.976,-2.568922771995422,0.020704375072984203,9.824721800816775,0.0,0.0,0.010084272870812665,0.019992824123764522,0.9998001235164737,0.0
48.992000000000004,-2.5109027610872974,0.020423526757183872,9.861451810583665,0.0,0.0,0.010180390468892379,0.020155646489657102,0.999796854323209,0.0
49.008,-2.4503112693350126,0.020352578941579366,9.76142711871034,0.0,0.0,0.01027573455943575,0.020320022774858535,0.9997935270216692,0.0
49.024,-2.408782090901082,0.02012622035415091,9.832152350815509,0.0,0.0,0.010374146647990235,0.020485988706968536,0.999790140112763,0.0
49.04,-2.3546899501884027,0.01984093260360721,9.806903760983255,0.0,0.0,0.010476586947475759,0.020653581397116226,0.999786692037593,0.0
49.056000000000004,-2.294547842213287,0.019574824022297335,9.8509389732725,0.0,0.0,0.01058027425399074,0.02082283941059004,0.9997831811742388,0.0
49.072,-2.273218328017955,0.01938892264223215,9.820940523054105,0.0,0.0,0.010687886029950338,0.020993802843285832,0.9997796058342945,0.0
49.088,-2.296569605627011,0.019096612794820896,9.840504582363403,0.0,0.0,0.01079672546403878,0.021166513402527773,0.9997759642591837,0.0
49.104,-2.2454206955202305,0.019008298038842856,9.801615239873314,0.0,0.0,0.010907352814654266,0.021341011247178375,0.9997722546855098,0.0
49.120000000000005,-2.2077636081782144,0.01878667364396727,9.809752121541946,0.0,0.0,0.011023048655118528,0.021517338454457923,0.9997684752710683,0.0
49.136,-2.14630423720418,0.01874107938619996,9.803289123354608,0.0,0.0,0.011139431458953339,0.021695538658145448,0.9997646241002596,0.0
49.152,-2.1061733430548917,0.018431722577477917,9.815524402648439,0.0,0.0,0.011261389782675088,0.021875657316588165,0.9997606991760414,0.0
49.168,-2.065494572160264,0.018274199928074848,9.81463723625358,0.0,0.0,0.011381703022001503,0.022057741738858324,0.9997566984168608,0.0
49.184,-2.015186245510845,0.017828605540371825,9.782349329741672,0.0,0.0,0.011508606574366372,0.022241841216012127,0.9997526196511424,0.0
49.2,-1.963328225822087,0.017699149163474568,9.707075889898658,0.0,0.0,0.011638715251322465,0.02242800712055047,0.9997484606122685,0.0
49.216,-1.938005411464631,0.017761387388470808,9.835248126640472,0.0,0.0,0.011771175086195499,0.022616293028986465,0.9997442189328364,0.0
49.232,-1.8969641847454193,0.017351251128113233,9.844936913438184,0.0,0.0,0.011907060524000063,0.02280675484689146,0.9997398921386271,0.0
49.248,-1.8536343235621635,0.01737882097024848,9.83823260761357,0.0,0.0,0.01204617919422387,0.022999450945369263,0.999735477642067,0.0
49.264,-1.8090259230756465,0.01717594119153024,9.793040220461325,0.0,0.0,0.012191045485519367,0.023194442306709695,0.9997309727352057,0.0
49.28,-1.7780896521036196,0.016961621894796816,9.722669713737666,0.0,0.0,0.012338522425863896,0.02339179268127883,0.9997263745821434,0.0
49.296,-1.7340195910379796,0.016793205479180267,9.839936017672057,0.0,0.0,0.012489237105186238,0.02359156875602136,0.9997216802108625,0.0
49.312,-1.7014964974184912,0.01676213638118998,9.86375633158579,0.0,0.0,0.012645287435015902,0.023793840336146472,0.9997168865044035,0.0
49.328,-1.6659030113232622,0.01676001203760841,9.824176114936652,0.0,0.0,0.012805993455839808,0.023998680540853346,0.9997119901913241,0.0
49.344,-1.6368575876040323,0.016357636385879327,9.778222129022803,0.0,0.0,0.012971317368243496,0.02420616601463786,0.9997069878353716,0.0
49.36,-1.5951045310865017,0.016350586226128,9.80160386510811,0.0,0.0,0.013141194250758164,0.02441637715567136,0.9997018758242839,0.0
49.376,-1.5723784897878887,0.01606849993898735,9.856339185940397,0.0,0.0,0.013318931351594667,0.024629398362826887,0.9996966503576399,0.0
49.392,-1.5286165559200415,0.016114397914379356,9.803788606850834,0.0,0.0,0.013498988014078584,0.024845318303258927,0.9996913074336546,0.0
49.408,-1.5097816886383366,0.015951125836143252,9.82530215967357,0.0,0.0,0.013685571638646414,0.02506423020280258,0.9996858428348084,0.0
49.424,-1.4644115787480232,0.015779246134038194,9.831019313172584,0.0,0.0,0.013881056759458816,0.025286232161155272,0.9996802521121902,0.0
49.44,-1.4430983881048263,0.015591559235459991,9.724170859220568,0.0,0.0,0.014079159671379035,0.02551142749484334,0.9996745305684123,0.0
49.456,-1.4047214065383,0.0155264430340254,9.820741588418421,0.0,0.0,0.014285706427398334,0.02573992511083845,0.9996686732389329,0.0
49.472,-1.390689477490182,0.015397076573769293,9.77700016612854,0.0,0.0,0.01449701990513757,0.025971839913908924,0.9996626748716221,0.0
49.488,-1.3584972229481833,0.015320490550865554,9.801111562399301,0.0,0.0,0.014722602501372412,0.0262072932518573,0.9996565299043523,0.0
49.504,-1.3191256703591252,0.015281215668717736,9.83152397219658,0.0,0.0,0.014949058337799852,0.0264464134026134,0.9996502324403962,0.0
49.52,-1.2911543685388562,0.015284315857218305,9.782704667451007,0.0,0.0,0.015188586905935086,0.0266893361081524,0.9996437762213628,0.0
49.536,-1.2661338794162507,0.015110030216489954,9.817160451580877,0.0,0.0,0.015436117247353952,0.02693620516064582,0.9996371545973787,0.0
49.552,-1.2397666830344642,0.015080097792255427,9.774622435157436,0.0,0.0,0.015690701679967008,0.027187173047344932,0.9996303604941648,0.0
49.568,-1.2139914792735587,0.014984219720163313,9.791294974461096,0.0,0.0,0.015957889821991277,0.027442401660929865,0.9996233863766296,0.0
49.584,-1.1942153912757538,0.0148792224395031,9.867126520339239,0.0,0.0,0.016235751697736472,0.02770206308394928,0.9996162242085174,0.0
49.6,-1.1754456692170079,0.014873199938238567,9.847963332183909,0.0,0.0,0.016523328903192663,0.02796634045656258,0.9996088654075993,0.0
49.616,-1.1403728795424657,0.014814945026758711,9.798929348591356,0.0,0.0,0.016824469883358156,0.02823542893842415,0.9996013007958039,0.0
49.632,-1.1215794065998737,0.014799372994624568,9.816667843550919,0.0,0.0,0.017136496429735245,0.028509536777304337,0.9995935205435975,0.0
49.648,-1.0893968257987448,0.014804332713568775,9.891425351069065,0.0,0.0,0.01746860835965937,0.028788886499017625,0.999585514107796,0.0
49.664,-1.0621926364930567,0.014681577930917514,9.859983464229453,0.0,0.0,0.017813478646666894,0.029073716235368037,0.9995772701618748,0.0
49.68,-1.0544096689692488,0.014607870410331594,9.802580718659696,0.0,0.0,0.018167280742436304,0.02936428120999923,0.9995687765176644,0.0
49.696,-1.0243779054977717,0.014584131232801984,9.85707115755656,0.0,0.0,0.018544148468332803,0.029660855405004807,0.9995600200371378,0.0
49.712,-1.0040469043387081,0.014740454226741959,9.828182835218357,0.0,0.0,0.018939616336490307,0.02996373343571266,0.9995509865327499,0.0
49.728,-0.9923230815492466,0.014647443156095088,9.81107690575412,0.0,0.0,0.019352480073908412,0.030273232664793138,0.9995416606545339,0.0
49.744,-0.9645142992231034,0.014702296907527137,9.770056791810438,0.0,0.0,0.019789142244086257,0.03058969559451804,0.9995320257617736,0.0
49.76,-0.9440407454193299,0.014632922374165368,9.828631726409016,0.0,0.0,0.020245797600280672,0.03091349258110711,0.9995220637767022,0.0
49.776,-0.9201038977766899,0.01480021274128829,9.805122008496374,0.0,0.0,0.02072936243676902,0.031245024925330538,0.9995117550171261,0.0
49.792,-0.9065358478329388,0.014624012823244402,9.796853934231386,0.0,0.0,0.02124320444188974,0.031584728403270625,0.9995010780042669,0.0
49.808,-0.8869582109760514,0.014862928791542463,9.83392652229865,0.0,0.0,0.021782657784761118,0.03193307731498984,0.9994900092413105,0.0
49.824,-0.8698159459483044,0.014896122351227763,9.82998902357071,0.0,0.0,0.022354578082069244,0.03229058914466673,0.9994785229571921,0.0
49.84,-0.8472838223975464,0.014837080088514283,9.797927301439797,0.0,0.0,0.022971231150305874,0.032657829946593366,0.9994665908089071,0.0
49.856,-0.830006875725882,0.014997949513985871,9.838939284104367,0.0,0.0,0.023614438062224803,0.0330354205967844,0.9994541815340979,0.0
49.872,-0.8195888542635847,0.01516364373484318,9.8407362135956,0.0,0.0,0.02430128847743608,0.03342404408290075,0.9994412605436823,0.0
49.888,-0.7972327231958715,0.01523597121001842,9.867650299987467,0.0,0.0,0.025040157428181307,0.03382445404596778,0.9994277894417847,0.0
49.904,-0.7836729877714546,0.015474979113035999,9.867604073177123,0.0,0.0,0.025829276677549147,0.03423748484117035,0.9994137254569554,0.0
49.92,-0.7649274548849445,0.01545527944464266,9.759961403182821,0.0,0.0,0.026679184877109643,0.03466406345349625,0.9993990207644252,0.0
49.936,-0.7526730187431668,0.015778641209599098,9.77102195513221,0.0,0.0,0.027586444502653143,0.03510522369393698,0.9993836216735786,0.0
49.952,-0.7378418886175279,0.01593155901561512,9.764082363943366,0.0,0.0,0.028576916446345364,0.035562123220598665,0.999367467647433,0.0
49.968,-0.7206337773754291,0.016144537917408934,9.826171961890514,0.0,0.0,0.029639101880164654,0.03603606408659615,0.9993504901110254,0.0
49.984,-0.7070247113967434,0.01634062691429112,9.764296834752706,0.0,0.0,0.030796750585942126,0.036528517728888384,0.9993326109922213,0.0
50.0,-0.6871702790225716,0.016614314647643104,9.883388991169555,0.0,0.0,0.03206288025961249,0.03704115560083514,0.999313740920115,0.0
50.016,-0.6774768550242466,0.016928849562460817,9.744786826534583,0.0,0.0,0.03344365143847134,0.037575887049044396,0.9992937769807623,0.0
50.032000000000004,-0.6623608543492754,0.01727858423869429,9.78499505581679,0.0,0.0,0.0349672853706467,0.03813490659060305,0.9992725998942062,0.0
50.048,-0.6475300704809789,0.017747446726737014,9.899371144351887,0.0,0.0,0.03664738366613557,0.03872075353368504,0.9992500704257088,0.0
50.064,-0.6351604744237662,0.018148375721392628,9.843736217175243,0.0,0.0,0.03850592742299891,0.03933638801807588,0.9992260247700174,0.0
50.08,-0.6216022194022754,0.018873381187752725,9.772424268701148,0.0,0.0,0.04058518789085064,0.03998528921258298,0.9992002685380876,0.0
50.096000000000004,-0.6022029232879755,0.019370312608236597,9.776701301192949,0.0,0.0,0.04292598629306498,0.04067158388737315,0.9991725688108598,0.0
50.112,-4.999428165324219,0.019245719163561856,9.785560354602769,0.0,0.0,-0.005071198499355987,0.040590504382719814,0.9991758658784531,0.0
50.128,-5.020254025925695,-0.0061470532930171596,9.80935726759703,0.0,0.0,-0.05307160716048351,0.039742043198367744,0.9992099729298237,0.0
50.144,-5.031573523376548,-0.02384160520815557,9.810218895748232,0.0,0.0,-0.10107815613426312,0.03812612336436828,0.9992729350468796,0.0
50.160000000000004,-4.989482159447257,-0.03411070126707566,9.798604128546426,0.0,0.0,-0.14907878846653896,0.0357426059483792,0.9993610289179876,0.0
50.176,-5.015146217885248,-0.03623043970356152,9.833451291444408,0.0,0.0,-0.19705626939639737,0.03259130435416399,0.999468762333518,0.0
50.192,-3.589878281928169,-0.025638456823080094,9.796700869199455,0.0,0.0,-0.24502045418830432,0.028672005414029388,0.999588873540286,0.0
50.208,0.0,0.0,9.783400087839622,0.0,0.0,-0.29310952691047515,0.023984497278157452,0.9997123305683061,0.0
50.224000000000004,0.0,0.0,9.817678756535765,0.0,0.0,-0.3410713133859232,0.018528604103555956,0.9998283306798091,0.0
50.24,0.0,0.0,9.734568631768052,0.0,0.0,-0.3890270652750047,0.012304227544254847,0.9999243001270343,0.0
50.256,0.0,0.0,9.808468827271833,0.0,0.0,-0.4371026220633314,0.005311395041477832,0.9999858944418735,0.0
50.272,0.0,0.0,9.883834050313547,0.0,0.0,-0.48508386848343454,-0.002449685091278589,0.9999969995169755,0.0
50.288000000000004,0.0,0.0,9.815251179406662,0.0,0.0,-0.533092507699205,-0.010978561799824416,0.9999397337743949,0.0
50.304,0.0,0.0,9.876123022089269,0.0,0.0,-0.5811263403508757,-0.020274472655807035,0.999794451754224,0.0
50.32,0.0,0.0,9.793932037336349,0.0,0.0,-0.6291103890857074,-0.03033626848883476,0.9995397494918216,0.0
50.336,0.0,0.0,9.802929916547852,0.0,0.0,-0.6770949870675093,-0.04116233132525472,0.9991524720881543,0.0
50.352000000000004,0.0,0.0,9.769321069470509,0.0,0.0,-0.7250243150991167,-0.05275048569211537,0.9986077239132721,0.0
50.368,0.0,0.0,9.857918016256638,0.0,0.0,-0.7731630013849288,-0.065097903362532,0.9978788819179424,0.0
50.384,0.0,0.0,9.772354536747414,0.0,0.0,-0.8211862606571441,-0.07820100164083071,0.9969376125627776,0.0
50.4,0.0,0.0,9.806877501841502,0.0,0.0,-0.8691933372052291,-0.09205533531124405,0.9957538929076474,0.0
50.416000000000004,0.0,0.0,9.79008949360904,0.0,0.0,-0.9171537917353969,-0.10665548240300418,0.9942960364365245,0.0
50.432,0.0,0.0,9.78283885081684,0.0,0.0,-0.9651969543319775,-0.12199492395768473,0.9925307242239702,0.0
50.448,0.0,0.0,9.733149848241023,0.0,0.0,-1.0128957859806156,-0.138065918021967,0.9904230420788641,0.0
50.464,0.0,0.0,9.802120921412913,0.0,0.0,-1.0609702560410823,-0.15485936813013543,0.9879365243285295,0.0
50.480000000000004,0.0,0.0,9.861724070940394,0.0,0.0,-1.1090771983881778,-0.1723646865868727,0.9850332049315947,0.0
50.496,0.0,0.0,9.874881328876167,0.0,0.0,-1.156869027066633,-0.19056965291113157,0.9816736766305445,0.0
50.512,0.0,0.0,9.794193985375827,0.0,0.0,-1.2052280033601377,-0.20946026785727107,0.977817158874378,0.0
50.528,0.0,0.0,9.843204545678276,0.0,0.0,-1.2531442884690613,-0.2290206034895067,0.9734215752577616,0.0
50.544000000000004,0.0,0.0,9.79078705030511,0.0,0.0,-1.3009232089189804,-0.2492326498506259,0.9684436412349638,0.0
50.56,0.0,0.0,9.91684371344499,0.0,0.0,-1.3491363139362822,-0.2700761588354764,0.9628389628742051,0.0
50.576,0.0,0.0,9.777954100979688,0.0,0.0,-1.396970054985481,-0.291528485954282,0.9565621474202312,0.0
50.592,0.0,0.0,9.833400803566892,0.0,0.0,-1.4453400291450689,-0.3135644307498498,0.9495669264293711,0.0
50.608000000000004,0.0,0.0,9.791086424587347,0.0,0.0,-1.492885982654773,-0.3361560767165042,0.9418062922313527,0.0
50.624,0.0,0.0,9.839836627591065,0.0,0.0,-1.500045169544261,-0.358659374305109,0.9334685068190935,0.0
50.64,0.0,0.0,9.800904041399873,0.0,0.0,-1.4999792110187642,-0.3809561138384739,0.9245931209613708,0.0
50.656,0.0,0.0,9.824825880957265,0.0,0.0,-1.499920185528079,-0.40303345424374376,0.9151852461443837,0.0
50.672000000000004,0.0,0.0,9.76294412786896,0.0,0.0,-1.4999982610403682,-0.42487868080376173,0.9052503005238137,0.0
50.688,0.0,0.0,9.849228906015172,0.0,0.0,-1.4997148151493465,-0.44647921247970085,0.894794005804412,0.0
50.704,0.0,0.0,9.756432521430133,0.0,0.0,-1.500018438001021,-0.4678226091566907,0.8838223839447757,0.0
50.72,0.0,0.0,9.863733860978638,0.0,0.0,-1.5000001436671178,-0.4888965788082974,0.8723417536891962,0.0
50.736000000000004,0.0,0.0,9.741148833921345,0.0,0.0,-1.4999679690042529,-0.5096889845757118,0.8603587269285875,0.0
50.752,0.0,0.0,9.871707954644254,0.0,0.0,-1.4997039606369682,-0.5301878517575661,0.8478802048925881,0.0
50.768,0.0,0.0,9.792871091555673,0.0,0.0,-1.49995099074384,-0.550381374706377,0.834913374175021,0.0
50.784,0.0,0.0,9.841668213986562,0.0,0.0,-1.5000779969670923,-0.5702579236276173,0.8214657025950134,0.0
50.800000000000004,0.0,0.0,9.873304424031987,0.0,0.0,-1.500080590354362,-0.5898060512775118,0.8075449348961514,0.0
50.816,0.0,0.0,9.847040237717254,0.0,0.0,-1.5001513568149354,-0.6090144995556993,0.793159088286153,0.0
50.832,0.0,0.0,9.87831450787488,0.0,0.0,-1.500172464911357,-0.6278722059889678,0.7783164478196174,0.0
50.848,0.0,0.0,9.794789342741218,0.0,0.0,-1.5000506408838974,-0.6463683101023221,0.7630255616265214,0.0
50.864000000000004,0.0,0.0,9.841123426387806,0.0,0.0,-1.4998771481218216,-0.6644921596737108,0.7472952359892091,0.0
50.88,0.0,0.0,9.818768221428595,0.0,0.0,-1.4998841106682717,-0.6822333168688299,0.7311345302706983,0.0
50.896,0.0,0.0,9.82386950021408,0.0,0.0,-1.499961993141102,-0.6995815642524449,0.7145527516972433,0.0
50.912,0.0,0.0,9.795961713660562,0.0,0.0,-1.5003144931078487,-0.7165269106727894,0.6975594499981407,0.0
50.928000000000004,0.0,0.0,9.746632836411925,0.0,0.0,-1.4997635765165849,-0.7330595970156378,0.6801644119058793,0.0
50.944,0.0,0.0,9.828461606997493,0.0,0.0,-1.4944859848284262,-0.7491104988730107,0.6624450622340159,0.0
50.96,0.0,0.0,9.809717335125502,0.0,0.0,-1.4464381739584489,-0.7642381885863986,0.6449340982660016,0.0
50.976,0.0,0.0,9.780234422982799,0.0,0.0,-1.4181580460870569,-0.7786736559537789,0.6274291494053937,0.0
50.992000000000004,0.0,0.0,9.796062256175448,0.0,0.0,-1.3827940150345563,-0.7923638652502761,0.610048772677761,0.0
51.008,0.0,0.0,9.833457285851683,0.0,0.0,-1.353443797015816,-0.8053875550108286,0.5927485860241928,0.0
51.024,0.0,0.0,9.789084582699758,0.0,0.0,-1.3215589544367183,-0.8177373367384737,0.5755915636142247,0.0
51.04,0.0,0.0,9.808965185129944,0.0,0.0,-1.2920213444582422,-0.8294608319249157,0.5585648828045197,0.0
51.056000000000004,0.0,0.0,9.83512540422273,0.0,0.0,-1.262320518306556,-0.8405691827578896,0.5417042080302991,0.0
51.072,0.0,0.0,9.868350293636915,0.0,0.0,-1.2337753672144993,-0.8510962111616669,0.525009751667772,0.0
51.088,0.0,0.0,9.792981130127469,0.0,0.0,-1.2052622412366745,-0.8610600986077396,0.5085032021390128,0.0
51.104,0.0,0.0,9.81778953295708,0.0,0.0,-1.1776770322357997,-0.8704881185831905,0.49218943040814805,0.0
51.120000000000005,0.0,0.0,9.816500853817914,0.0,0.0,-1.1506566596047976,-0.8794006258568411,0.47608249205636216,0.0
51.136,0.0,0.0,9.795606029221323,0.0,0.0,-1.1244834395501682,-0.8878213699748969,0.4601882386761934,0.0
51.152,0.0,0.0,9.809439539681886,0.0,0.0,-1.0984322956778807,-0.8957708239604716,0.4445161762424152,0.0
51.168,0.0,0.0,9.81410451440408,0.0,0.0,-1.0729650134469852,-0.9032704756007205,0.4290716116314946,0.0
51.184000000000005,0.0,0.0,9.756385295810315,0.0,0.0,-1.0484278394153632,-0.9103400575389877,0.41386106320830973,0.0
51.2,0.0,0.0,9.753980900969582,0.0,0.0,-1.0241507973674218,-0.9169993310814227,0.3988887398714375,0.0
51.216,0.0,0.0,9.820988705259905,0.0,0.0,-1.000533968289847,-0.9232669429508086,0.3841590192280645,0.0
51.232,0.0,0.0,9.893761128690688,0.0,0.0,-0.9773450189925327,-0.9291611687634903,0.3696748875188374,0.0
51.248,0.0,0.0,9.832126813848566,0.0,0.0,-0.9548543857072053,-0.9346994470211688,0.3554390858337355,0.0
51.264,0.0,0.0,9.833353841235308,0.0,0.0,-0.9325132342882156,-0.9398986928351608,0.3414534334382304,0.0
51.28,0.0,0.0,9.818878136150879,0.0,0.0,-0.9109309392073272,-0.9447751136586681,0.32771936868493284,0.0
51.296,0.0,0.0,9.810358735721904,0.0,0.0,-0.8896511676620322,-0.9493443464564628,0.31423766777894646,0.0
51.312,0.0,0.0,9.77773265723153,0.0,0.0,-0.8690154138972578,-0.9536213906622042,0.3010087096272863,0.0
51.328,0.0,0.0,9.839019428127653,0.0,0.0,-0.8486061302531909,-0.9576206733159387,0.28803236977452423,0.0
51.344,0.0,0.0,9.798412734675308,0.0,0.0,-0.8287963130237262,-0.9613560308396061,0.27530815819426485,0.0
51.36,0.0,0.0,9.800339936565827,0.0,0.0,-0.8095824105756463,-0.9648407450162946,0.2628351893419177,0.0
51.376,0.0,0.0,9.871242691153096,0.0,0.0,-0.7904234703712562,-0.9680875450937256,0.2506122603433521,0.0
51.392,0.0,0.0,9.733670010460346,0.0,0.0,-0.7718708642024387,-0.9711086320200587,0.2386378528568555,0.0
51.408,0.0,0.0,9.867527916711293,0.0,0.0,-0.7538049529373022,-0.9739156889459964,0.22691018228551388,0.0
51.424,0.0,0.0,9.792482797566995,0.0,0.0,-0.7359407793867759,-0.9765199006757976,0.21542721180048402,0.0
51.44,0.0,0.0,9.84663657527724,0.0,0.0,-0.7184409599480449,-0.9789319675131137,0.20418668659073747,0.0
51.456,0.0,0.0,9.75738979964277,0.0,0.0,-0.701500902008869,-0.9811621226272645,0.19318615147458368,0.0
51.472,0.0,0.0,9.810286307201183,0.0,0.0,-0.6848871768964411,-0.983220147052251,0.1824229767067456,0.0
51.488,0.0,0.0,9.8245424165056,0.0,0.0,-0.668581769325047,-0.9851153859581393,0.1718943755582088,0.0
51.504,0.0,0.0,9.76783190193534,0.0,0.0,-0.6527495710892665,-0.9868567638181646,0.16159742481345227,0.0
51.52,0.0,0.0,9.81398903928122,0.0,0.0,-0.6370532136585078,-0.9884527999059448,0.15152908089900852,0.0
51.536,0.0,0.0,9.832273362131756,0.0,0.0,-0.6218933174433469,-0.9899116231639307,0.14168619666344395,0.0
51.552,0.0,0.0,9.788273155237615,0.0,0.0,-0.6069630217655366,-0.9912409869989431,0.13206553560017473,0.0
51.568,0.0,0.0,9.80411085281265,0.0,0.0,-0.5924629206965271,-0.9924482836173194,0.12266378579286058,0.0
51.584,0.0,0.0,9.8174624039803,0.0,0.0,-0.5782500255612492,-0.9935405581101011,0.1134775721905826,0.0
51.6,0.0,0.0,9.78932288064643,0.0,0.0,-0.5642130471259625,-0.9945245221313448,0.10450346826503054,0.0
51.616,0.0,0.0,9.723174543751586,0.0,0.0,-0.550549867174773,-0.9954065672470438,0.09573800646272339,0.0
51.632,0.0,0.0,9.853373592883052,0.0,0.0,-0.5374053396262182,-0.9961927778915028,0.08717768795288659,0.0
51.648,0.0,0.0,9.822785908332698,0.0,0.0,-0.524193932444492,-0.9968889439593945,0.07881899143939326,0.0
51.664,0.0,0.0,9.846103785783441,0.0,0.0,-0.511384603265235,-0.9975005730092533,0.0706583812877942,0.0
51.68,0.0,0.0,9.832401212104248,0.0,0.0,-0.49891109177590076,-0.9980329020897315,0.06269231489065072,0.0
51.696,0.0,0.0,9.888859606346097,0.0,0.0,-0.4867511615977332,-0.9984909091812005,0.054917249407626864,0.0
51.712,0.0,0.0,9.909456910719769,0.0,0.0,-0.47494040112342323,-0.9988793242592249,0.04732964786932905,0.0
51.728,0.0,0.0,9.820154472603638,0.0,0.0,-0.4631284322409214,-0.9992026399802776,0.03992598472729083,0.0
51.744,0.0,0.0,9.831034570859229,0.0,0.0,-0.451710020342304,-0.9994651219956745,0.032702750865508785,0.0
51.76,0.0,0.0,9.808822066751949,0.0,0.0,-0.44049293957687896,-0.9996708188980342,0.025656458129173273,0.0
51.776,0.0,0.0,9.804654525638504,0.0,0.0,-0.42964570632844984,-0.9998235718069476,0.018783643395195528,0.0
51.792,0.0,0.0,9.750076332243603,0.0,0.0,-0.41897297324634325,-0.9999270236003538,0.012080872225856869,0.0
51.808,5.013298317655966,0.029766000552825377,9.764307805182517,0.0,0.0,-0.3710101509562277,-0.9999811160047332,0.006145537724923761,0.0
51.824,4.993405844771553,-0.0038302336105820465,9.852893210554273,0.0,0.0,-0.3229490427094964,-0.9999995217768307,0.0009779806285518055,0.0
51.84,4.978351146659212,-0.029620890902966813,9.802927562274661,0.0,0.0,-0.2749634516367995,-0.9999941462665879,-0.003421612566927979,0.0
51.856,5.00705954954694,-0.04794741330750494,9.812504145184981,0.0,0.0,-0.22697879047096273,-0.9999751261301721,-0.007053163896177441,0.0
51.872,5.00279824490309,-0.05811939722666654,9.784891860027544,0.0,0.0,-0.17892634245049496,-0.9999508286687039,-0.009916665002535168,0.0
51.888,4.988530493449071,-0.06099657223033645,9.80124788109619,0.0,0.0,-0.1309791537469238,-0.9999278515834588,-0.0120121450078122,0.0
51.904,5.020964357187767,-0.05649877673940627,9.73596627679772,0.0,0.0,-0.08297410487890976,-0.9999110229748244,-0.013339645176711018,0.0
51.92,4.9871649986361595,-0.04344298532409017,9.797960934997374,0.0,0.0,-0.03497736953596713,-0.9999034014488063,-0.013899200376544083,0.0
51.936,5.003934665631604,-0.02321874542658184,9.84915477603484,0.0,0.0,0.013023747407823857,-0.9999062762314106,-0.013690827331992686,0.0
51.952,4.97605662643176,0.007614904976932234,9.780174529916854,0.0,0.0,0.0214368544606119,-0.9999109128360915,-0.013347898384925347,0.0
51.968,4.993277737922615,0.015474477665430445,9.799902470208396,0.0,0.0,0.021121995668394927,-0.9999153662069649,-0.013010012420875247,0.0
51.984,4.9715448412503465,0.016903842802880018,9.801598226409759,0.0,0.0,0.020816040916760894,-0.9999196429594163,-0.012677051073246836,0.0
52.0,5.023653489249344,0.018377390735104478,9.815511716543028,0.0,0.0,0.020513203691662246,-0.9999237494419985,-0.012348898811451669,0.0
52.016,5.035858254971662,0.019734434176251807,9.863855227813708,0.0,0.0,0.02021765527444642,-0.9999276917479535,-0.01202544284465639,0.0
52.032000000000004,5.013418484949684,0.02110321786449545,9.765118151202339,0.0,0.0,0.019929131442512824,-0.9999314757261736,-0.011706573028722814,0.0
52.048,5.026320097748065,0.022340665831290362,9.777108707848837,0.0,0.0,0.019648502768261213,-0.999935106991638,-0.011392181776173318,0.0
52.064,4.994875840124465,0.02363111853979347,9.81965856638063,0.0,0.0,0.01937574045420791,-0.9999385909353451,-0.011082163969040297,0.0
52.08,4.990417686456886,0.024843462748810285,9.76621416778468,0.0,0.0,0.019108900291875296,-0.9999419327337705,-0.010776416874448838,0.0
52.096000000000004,4.979212583835187,0.02624009879540272,9.795273705543808,0.0,0.0,0.01885083364654822,-0.9999451373578746,-0.010474840062799445,0.0
52.112,5.009429799415107,0.027100760315852904,9.800428253264245,0.0,0.0,0.018594531679181424,-0.9999482095816827,-0.010177335328417733,0.0
52.128,5.012465265241865,0.028240984031138287,9.78576861542464,0.0,0.0,0.018346468078269722,-0.9999511539904569,-0.009883806612533793,0.0
52.144,5.005124745814653,0.02939839661479801,9.787296614604843,0.0,0.0,0.01810518361954904,-0.9999539749884827,-0.009594159928483045,0.0
52.160000000000004,5.015942301831079,0.030541480515782322,9.874157671719159,0.0,0.0,0.01786876505132086,-0.9999566768064907,-0.00930830328899209,0.0
52.176,4.9921738986144915,0.031604828860095455,9.75006434569093,0.0,0.0,0.017637661821214203,-0.999959263508727,-0.009026146635444035,0.0
52.192,4.995291593047081,0.032583171646012335,9.894106377539407,0.0,0.0,0.017407809193004074,-0.9999617389996935,-0.008747601769008084,0.0
52.208,4.954991719347805,0.033412437135171204,9.76217372142433,0.0,0.0,0.017193637144108,-0.999964107030572,-0.008472582283521728,0.0
52.224000000000004,5.045102877496499,0.03455583190904717,9.842155447215129,0.0,0.0,0.016974119027214803,-0.9999663712053485,-0.008201003500017505,0.0
52.24,4.98168236200549,0.03528781724820721,9.781388156639068,0.0,0.0,0.01676482154305163,-0.9999685349866516,-0.007932782402794644,0.0
52.256,5.022119801153077,0.03631584445838379,9.830720115407903,0.0,0.0,0.016559666399327853,-0.999970601701317,-0.007667837576924269,0.0
52.272,5.0110842509760625,0.03702807140028865,9.824187320469557,0.0,0.0,0.016360411348367097,-0.9999725745456949,-0.00740608914709601,0.0
52.288000000000004,5.013658226758578,0.037932624228162924,9.809404711276214,0.0,0.0,0.016162403642454432,-0.9999744565907067,-0.007147458717698584,0.0
52.304,1.2435148197828285,0.03990970683514526,9.844484133614865,0.0,0.0,0.015973061347797062,-0.9999762507866665,-0.006891869314037441,0.0
52.32,1.5116972736329305e-05,0.039814471672867585,9.816780932249673,0.0,0.0,0.015785357080554053,-0.9999779597922872,-0.006639271771450688,0.0
52.336,1.4858260673790525e-05,0.03938785739366819,9.733657430816768,0.0,0.0,0.015605549966007314,-0.9999795861287827,-0.006389626413875523,0.0
52.352000000000004,1.443496217804976e-05,0.03879713396298136,9.756237839460926,0.0,0.0,0.015420544816102558,-0.9999811322480553,-0.006142894097867337,0.0
52.368,1.4244321024246551e-05,0.03852234982097151,9.83257153815168,0.0,0.0,0.015242244997063418,-0.9999826005345548,-0.005899036205125014,0.0
52.384,1.3857971210653947e-05,0.03784289822007762,9.858371367509182,0.0,0.0,0.015060183972428625,-0.9999839933070874,-0.005658014635117507,0.0
52.4,1.350898227989032e-05,0.03760729076819451,9.757457005162172,0.0,0.0,0.014887751832802434,-0.9999853128205778,-0.005419791797806712,0.0
52.416000000000004,1.3208959353095089e-05,0.036929813567323444,9.84267494306991,0.0,0.0,0.014716762888655937,-0.9999865612677816,-0.005184330606480054,0.0
52.432,1.292170368225314e-05,0.036907899721783134,9.775525988642299,0.0,0.0,0.014545764920635154,-0.9999877407809548,-0.004951594470670912,0.0
52.448,1.2601672123860749e-05,0.036570845599657606,9.780250504983508,0.0,0.0,0.014379865386904897,-0.9999888534334751,-0.0047215472891818855,0.0
52.464,1.2277242761230852e-05,0.03583730404870541,9.769160777057065,0.0,0.0,0.014212816978930265,-0.9999899012414221,-0.0044941534432047505,0.0
52.480000000000004,1.1965099104706454e-05,0.03527666371160107,9.826591330461495,0.0,0.0,0.014048257416787991,-0.9999908861651143,-0.004269377789525247,0.0
52.496,1.1686301838291899e-05,0.03513605553660029,9.810208579639868,0.0,0.0,0.013887685004146626,-0.9999918101106048,-0.004047185653831405,0.0
52.512,1.1531927894085659e-05,0.0347789875808279,9.857990161359195,0.0,0.0,0.013728112581739168,-0.9999926749311365,-0.003827542824109091,0.0
52.528,1.1161652393573948e-05,0.03447726551196736,9.749130643752713,0.0,0.0,0.01357191755105642,-0.99999348242856,-0.0036104155441244075,0.0
52.544000000000004,1.0906942920809858e-05,0.03382091337152686,9.831705403525074,0.0,0.0,0.013414378694071688,-0.9999942343547106,-0.0033957705069996755,0.0
52.56,1.0692723988416332e-05,0.03330996211444785,9.904775919061349,0.0,0.0,0.013260549989295798,-0.9999949324127506,-0.003183574848873775,0.0
52.576,1.0483210803911353e-05,0.03316290571958761,9.858397515862416,0.0,0.0,0.013110514221729224,-0.9999955782584752,-0.0029737961426493393,0.0
52.592,1.0182284798368184e-05,0.03263417221800048,9.846467672068508,0.0,0.0,0.012965058750454676,-0.9999961735015822,-0.002766402391829324,0.0
52.608000000000004,9.94705803220604e-06,0.032352496744586866,9.759974838582888,0.0,0.0,0.012815722646348358,-0.99999671970691,-0.002561362024424823,0.0
52.624,9.781155049998058e-06,0.03204703050194078,9.775738995854354,0.0,0.0,0.012670303985351999,-0.9999972183956386,-0.0023586438869630344,0.0
52.64,9.560087231267934e-06,0.03166889176765428,9.841159965439306,0.0,0.0,0.012526292512807645,-0.9999976710464638,-0.002158217238559057,0.0
52.656,9.372858420317098e-06,0.03127954030659772,9.862385508963726,0.0,0.0,0.012387866108149263,-0.9999980790967335,-0.0019600517450817515,0.0
52.672000000000004,9.21145787777036e-06,0.030977297071296386,9.86312624168487,0.0,0.0,0.012247155809681656,-0.9999984439435595,-0.0017641174733893123,0.0
52.688,8.927763472643822e-06,0.03060284695672638,9.843750286216824,0.0,0.0,0.012110543817974133,-0.9999987669448954,-0.001570384885645257,0.0
52.704,8.694719597601909e-06,0.030309270540231685,9.8774117714204,0.0,0.0,0.011972815616785993,-0.9999990494205871,-0.0013788248337135585,0.0
52.72,8.522714794765164e-06,0.02993639756061142,9.797887243339751,0.0,0.0,0.011839005637580113,-0.9999992926533962,-0.001189408553625644,0.0
52.736000000000004,8.36350319482124e-06,0.029604738475533098,9.838836797462644,0.0,0.0,0.011704939063919237,-0.9999994978899928,-0.001002107660120856,0.0
52.752,8.179762997307914e-06,0.02903428902910288,9.851706468417397,0.0,0.0,0.011574993591862776,-0.9999996663419255,-0.0008168941412657646,0.0
52.768,8.00374882643885e-06,0.02901727981806241,9.771681452191292,0.0,0.0,0.011446880437709958,-0.9999997991865622,-0.0006337403531392649,0.0
52.784,7.766165664445307e-06,0.028577735062060537,9.764281558292183,0.0,0.0,0.011319442593636755,-0.9999998975680086,-0.0004526190145910583,0.0
52.800000000000004,7.607940075486499e-06,0.02825711169807984,9.759110745807897,0.0,0.0,0.011194958682951981,-0.9999999625979985,-0.0002735032020702242,0.0
52.816,7.461179604363165e-06,0.028052223897592994,9.810373535988528,0.0,0.0,0.011070890908396953,-0.999999995356764,-9.636634452259373e-05,0.0
52.832,7.311889100513531e-06,0.027786104828120422,9.811432145229528,0.0,0.0,0.01095018097044775,-0.9999999968938786,7.88177816459247e-05,0.0
52.848,7.210207032001162e-06,0.027537862680024495,9.747986201347208,0.0,0.0,0.010827820885435916,-0.9999999682290822,0.00025207505753670087,0.0
52.864000000000004,7.0001659608391866e-06,0.02714242741185265,9.78672925328588,0.0,0.0,0.010708717021598198,-0.999999910353079,0.000423431026663267,0.0
52.88,6.8092461976575345e-06,0.026721850996139634,9.7730287175428,0.0,0.0,0.010592656421494647,-0.999999824228317,0.0005929108997877014,0.0
52.896,6.671797706205056e-06,0.026348781721453763,9.783934183452098,0.0,0.0,0.01047757836205658,-0.9999997107897473,0.0007605395596982502,0.0
52.912,6.548096922412915e-06,0.026191478230491564,9.811257213206378,0.0,0.0,0.010363231477055234,-0.9999995709455597,0.0009263415659217154,0.0
52.928000000000004,6.3667867081138694e-06,0.025807740927737386,9.828951057294214,0.0,0.0,0.010249521373735916,-0.9999994055779016,0.0010903411593730225,0.0
52.944,6.244442235496028e-06,0.025557486768432496,9.750995709110937,0.0,0.0,0.010140264436228903,-0.9999992155435762,0.001252562266947047,0.0
52.96,6.0996513250637695e-06,0.02538995765687062,9.857800439441865,0.0,0.0,0.010029617618335228,-0.9999990016747222,0.0014130285060522268,0.0
52.976,6.0218485824735566e-06,0.02497482808802416,9.832842482748472,0.0,0.0,0.009920858919104634,-0.999998764779476,0.0015717631890770543,0.0
52.992000000000004,5.832728455847406e-06,0.02472635215568369,9.71340407726841,0.0,0.0,0.00981388234202722,-0.9999985056426136,0.0017287893278125105,0.0
53.008,5.7108087067099225e-06,0.024420572817726017,9.845070523553467,0.0,0.0,0.00970771871254882,-0.9999982250261787,0.0018841296378053353,0.0
53.024,5.583311078032136e-06,0.0241540872324871,9.82418669623541,0.0,0.0,0.009605879938662257,-0.9999979236700918,0.00203780654266364,0.0
53.04,5.51779259841714e-06,0.024134165874340547,9.821869302696658,0.0,0.0,0.00950199559584084,-0.9999976022927426,0.002189842178304407,0.0
53.056000000000004,5.370407544324981e-06,0.023829180843363072,9.8268535688279,0.0,0.0,0.009400914213752583,-0.9999972615915679,0.002340258397146409,0.0
53.072,5.2544879044448155e-06,0.02350937003086324,9.862545530577341,0.0,0.0,0.00930151536447083,-0.999996902243613,0.002489076772255633,0.0
53.088,5.174354514580288e-06,0.023399261639087145,9.913475159322903,0.0,0.0,0.0092029953527213,-0.9999965249060779,0.002636318601428307,0.0
53.104,5.057232833473175e-06,0.023094892456094685,9.824311125584359,0.0,0.0,0.009106229692671223,-0.9999961302168493,0.002782004911237944,0.0
53.120000000000005,4.957809473618936e-06,0.02266530252010838,9.797228854847969,0.0,0.0,0.00900880369038391,-0.9999957187950185,0.002926156461016844,0.0
53.136,4.801770595090648e-06,0.02254331155472341,9.849675753760035,0.0,0.0,0.008915175117833293,-0.9999952912413836,0.0030687937467984627,0.0
53.152,4.726776450833121e-06,0.022275207615229737,9.895783939013082,0.0,0.0,0.008822270121084793,-0.9999948481389405,0.0032099370052079746,0.0
53.168,4.672116706954415e-06,0.0220950469760529,9.750472005671595,0.0,0.0,0.008728787898092467,-0.9999943900533588,0.003349606217305679,0.0
53.184000000000005,4.509385798118934e-06,0.021837957077559398,9.839350556531725,0.0,0.0,0.008639329971540346,-0.9999939175334458,0.003487821112385673,0.0
53.2,4.444255845148248e-06,0.021497958325252486,9.799400101159923,0.0,0.0,0.0085495240084753,-0.999993431111598,0.003624601171725339,0.0
53.216,4.372006238122589e-06,0.021321964116106356,9.73786608966062,0.0,0.0,0.00846062119651609,-0.9999929313042389,0.0037599656322922863,0.0
53.232,4.273180419654537e-06,0.021168533923063722,9.784675328016021,0.0,0.0,0.008372370739795708,-0.9999924186122474,0.003893933490409636,0.0
53.248000000000005,4.157956670969237e-06,0.020939281533519292,9.775308417900321,0.0,0.0,0.008286130963025688,-0.999991893521373,0.004026523505371632,0.0
53.264,4.076229961495367e-06,0.02074073639788722,9.876925127115875,0.0,0.0,0.008202060914833763,-0.9999913565026386,0.0041577542030273185,0.0
53.28,3.980815251111489e-06,0.020484887515387816,9.831760217700252,0.0,0.0,0.008119549918949148,-0.9999908080127358,0.004287643879310992,0.0
53.296,3.910729411483119e-06,0.02030487142409956,9.840392743581873,0.0,0.0,0.008034140350721284,-0.9999902484944058,0.004416210603743575,0.0
53.312,3.869392232790257e-06,0.020068330167876448,9.914241425599734,0.0,0.0,0.007953203506757316,-0.9999896783768121,0.004543472222886282,0.0
53.328,3.776266907378191e-06,0.019900032733688493,9.820608241340214,0.0,0.0,0.007873837998243713,-0.9999890980759021,0.004669446363760312,0.0
53.344,3.685587391704641e-06,0.01973861045072355,9.743768807062903,0.0,0.0,0.007793207729822661,-0.9999885079947596,0.004794150437226579,0.0
53.36,3.6324509578052618e-06,0.019544051477549545,9.79621861182794,0.0,0.0,0.007715712001788117,-0.9999879085239467,0.004917601641329689,0.0
53.376,3.5501253574629858e-06,0.01913513972119426,9.782988583909288,0.0,0.0,0.007637689285466627,-0.9999873000418372,0.0050398169646052385,0.0
53.392,3.482442092077331e-06,0.019014494082758855,9.863454149598889,0.0,0.0,0.00756235452947856,-0.99998668291494,0.005160813189352687,0.0
53.408,3.4061238934778363e-06,0.01903819083703102,9.822348316424387,0.0,0.0,0.007485865959380461,-0.9999860574982142,0.005280606894873325,0.0
53.424,3.334989697931345e-06,0.018698700307247497,9.772985638353394,0.0,0.0,0.007413260848290187,-0.9999854241353759,0.005399214460673772,0.0
53.44,3.282918740512915e-06,0.018499796314974306,9.844466085263265,0.0,0.0,0.00734005278305034,-0.9999847831591951,0.005516652069641681,0.0
53.456,3.225583032805192e-06,0.018397739720715903,9.781679108649747,0.0,0.0,0.0072683025285221045,-0.9999841348917862,0.005632935711183398,0.0
53.472,3.1371340599029723e-06,0.01813383229677322,9.80874894392119,0.0,0.0,0.0071961680038064345,-0.9999834796448881,0.0057480811843358,0.0
53.488,3.100186046934732e-06,0.018008829105596477,9.804453508151118,0.0,0.0,0.007125821141233827,-0.9999828177201401,0.0058621041008458715,0.0
53.504,3.033929104390839e-06,0.01790343762609306,9.860555064491281,0.0,0.0,0.007056541622417896,-0.9999821494093459,0.005975019888221985,0.0
53.52,2.9771277423758784e-06,0.017719606863489175,9.795063308905982,0.0,0.0,0.006990456061531122,-0.9999814749947334,0.006086843792758236,0.0
53.536,2.9084993740487974e-06,0.017517673036693472,9.79979965733732,0.0,0.0,0.006922530292244184,-0.9999807947492058,0.006197590882529808,0.0
53.552,2.87277085784176e-06,0.01726441928293336,9.809244926335872,0.0,0.0,0.006856438310860448,-0.9999801089365851,0.0063072760503656055,0.0
53.568,2.8019808851328203e-06,0.017076718361268527,9.791519327322774,0.0,0.0,0.006790692837905683,-0.9999794178118515,0.006415914016790798,0.0
53.584,2.751653514709825e-06,0.01688264762770351,9.833000344822988,0.0,0.0,0.00672607541928922,-0.9999787216213718,0.006523519332947696,0.0
53.6,2.6934470250261595e-06,0.01672140172902775,9.81372149826073,0.0,0.0,0.006661989341449493,-0.9999780206031248,0.006630106383497672,0.0
53.616,2.6397185548875564e-06,0.016626982013688292,9.765454910427131,0.0,0.0,0.006599417604294421,-0.9999773149869193,0.006735689389491633,0.0
53.632,2.595312944711349e-06,0.016511472382663196,9.915268975363537,0.0,0.0,0.006536112584079626,-0.9999766049946042,0.006840282411227694,0.0
53.648,2.5604945362899817e-06,0.016389373971798092,9.879389971448791,0.0,0.0,0.006475142717804721,-0.9999758908402753,0.006943899351083675,0.0
53.664,2.506554274675812e-06,0.01622782101734905,9.843968481425561,0.0,0.0,0.006415977912200253,-0.9999751727304738,0.007046553956333432,0.0
53.68,2.4442241551950915e-06,0.016087339857047685,9.793111579953825,0.0,0.0,0.006356364600993156,-0.99997445086438,0.007148259821942861,0.0
53.696,2.409887889887794e-06,0.015913894298088597,9.816586994016985,0.0,0.0,0.006297878482721267,-0.9999737254340018,0.0072490303933484485,0.0
53.712,2.3573564317864456e-06,0.015878835615347118,9.806008328996267,0.0,0.0,0.00623975952662829,-0.9999729966243568,0.007348878969225454,0.0
53.728,2.314350768395317e-06,0.015622845981635165,9.791402332185207,0.0,0.0,0.0061833794424482535,-0.9999722646136486,0.007447818704231942,0.0
53.744,2.2644581975538875e-06,0.015485784198788956,9.845629190701668,0.0,0.0,0.006128179094073591,-0.9999715295734397,0.007545862611747153,0.0
53.76,2.250854581206885e-06,0.015173147907707601,9.815035497731781,0.0,0.0,0.006072423896651405,-0.999970791668817,0.007643023566591685,0.0
53.776,2.2024555773548778e-06,0.015152018433600823,9.792304774763661,0.0,0.0,0.006018454819197974,-0.9999700510585534,0.007739314307745544,0.0
53.792,2.1511252023996083e-06,0.015088725451914526,9.805703575639606,0.0,0.0,0.005965101225496146,-0.999969307895265,0.007834747441040268,0.0
53.808,2.1085147745532496e-06,0.01495395557809914,9.840911479709558,0.0,0.0,0.0059126768114945525,-0.9999685623255615,0.007929335441860875,0.0
53.824,2.0881149914626073e-06,0.014747492909552547,9.823312802901958,0.0,0.0,0.005859444102615292,-0.9999678144901947,0.008023090657824986,0.0
53.84,2.039778530885833e-06,0.014647727687948588,9.813929788405074,0.0,0.0,0.005808601445183491,-0.9999670645241993,0.008116025311465566,0.0
53.856,2.017937889411036e-06,0.014473227901127402,9.79105120936454,0.0,0.0,0.00575696029818505,-0.9999663125570308,0.008208151502903476,0.0
53.872,1.9731541280875756e-06,0.014353768214039558,9.758196866539699,0.0,0.0,0.00570829072171608,-0.9999655587127005,0.00829948121252099,0.0
53.888,1.950183814273191e-06,0.014217184526030319,9.827417611981575,0.0,0.0,0.005659177776069133,-0.9999648031099017,0.008390026303629313,0.0
53.904,1.9087635728133937e-06,0.0142171930160408,9.774734636802329,0.0,0.0,0.005611818431157698,-0.9999640458621365,0.008479798525139299,0.0
53.92,1.8757021163463625e-06,0.01401520585753167,9.808141489775267,0.0,0.0,0.005563872693567874,-0.9999632870778352,0.008568809514232606,0.0
53.936,1.8406211156335805e-06,0.013914249702458128,9.83190125578913,0.0,0.0,0.005517316192424998,-0.9999625268604722,0.00865707079903335,0.0
53.952,1.8207481189517803e-06,0.013776762041793789,9.810721939674611,0.0,0.0,0.005471005492334193,-0.9999617653086794,0.008744593801289795,0.0
53.968,1.7776327917169257e-06,0.013731545466028632,9.799101882054936,0.0,0.0,0.005424957207150452,-0.9999610025163536,0.00883138983905671,0.0
53.984,1.7670264597206162e-06,0.013507943007612922,9.83135591824162,0.0,0.0,0.005380805499558935,-0.9999602385727602,0.008917470129390875,0.0
54.0,1.7286072231314016e-06,0.013418232145552324,9.768872553133294,0.0,0.0,0.005337137954637721,-0.9999594735626354,0.00900284579105351,0.0
54.016,1.7123140942317243e-06,0.013326209821061053,9.803041223124508,0.0,0.0,0.005292571052218265,-0.9999587075662806,0.00908752784722601,0.0
54.032000000000004,1.6583885673990751e-06,0.013208270388799691,9.778462121976181,0.0,0.0,0.005248980581801225,-0.9999579406596569,0.009171527228243511,0.0
54.048,1.6511712225725974e-06,0.01319404381501558,9.864535609669467,0.0,0.0,0.005208298892349582,-0.9999571729144735,0.009254854774339332,0.0
54.064,1.6082709162468668e-06,0.0130441603497951,9.853676048400926,0.0,0.0,0.005166972578777879,-0.999956404398273,0.009337521238411863,0.0
54.08,1.5966999551216223e-06,0.012877906650448872,9.849777841342123,0.0,0.0,0.005126033274463925,-0.9999556351745135,0.009419537288813243,0.0
54.096000000000004,1.5690801428588648e-06,0.012790960893095,9.816489855098556,0.0,0.0,0.005086302951044073,-0.9999548653026468,0.00950091351215937,0.0
54.112,1.5489555554310135e-06,0.012751560892816816,9.8523130317047,0.0,0.0,0.005046692400876106,-0.9999540948381928,0.009581660416169887,0.0
54.128,1.5272895631716397e-06,0.012653903186077104,9.82597835019301,0.0,0.0,0.005008385499261602,-0.9999533238328103,0.009661788432533274,0.0
54.144,1.5082765279562997e-06,0.012483164186015885,9.828335384249707,0.0,0.0,0.004970036435179048,-0.9999525523343653,0.00974130791980839,0.0
54.160000000000004,1.4781737963646345e-06,0.012492661392417162,9.812147005108704,0.0,0.0,0.004932848565615517,-0.9999517803869946,0.009820229166357528,0.0
54.176,1.4591263072276445e-06,0.012343266180806443,9.824397812985186,0.0,0.0,0.0048958475005253,-0.9999510080311663,0.009898562393321684,0.0
54.192,1.4366279357522446e-06,0.012298276694908935,9.84410671066181,0.0,0.0,0.004860169311767144,-0.9999502353037368,0.009976317757634667,0.0
54.208,1.409959098495548e-06,0.01211549378822976,9.8222139191121,0.0,0.0,0.004824891708792534,-0.999949462238005,0.01005350535508344,0.0
54.224000000000004,1.3962888326370844e-06,0.012039594651181703,9.804147678688746,0.0,0.0,0.0047892883056496645,-0.9999486888637614,0.010130135223420605,0.0
54.24,1.37342913860971e-06,0.011926696464990701,9.814474322279652,0.0,0.0,0.0047540717530184465,-0.9999479152073352,0.010206217345523754,0.0
54.256,1.3466189221860554e-06,0.011915449640267422,9.784840960672998,0.0,0.0,0.004721455583637211,-0.9999471412916379,0.010281761652621015,0.0
54.272,1.3403418417109437e-06,0.0118270309938994,9.84030184604444,0.0,0.0,0.00468887637916569,-0.9999463671362018,0.010356778027569399,0.0
54.288000000000004,1.3035189584836853e-06,0.011811510788648253,9.769254916376807,0.0,0.0,0.004656012310314678,-0.9999455927572171,0.010431276308208018,0.0
54.304,1.2939079245897606e-06,0.011702921312825118,9.85438627589076,0.0,0.0,0.004624077634712188,-0.9999448181675626,0.010505266290776987,0.0
54.32,1.2790404902437027e-06,0.011585060544369152,9.8939562828121,0.0,0.0,0.00459372811642608,-0.9999440433768372,0.010578757733417403,0.0
54.336,1.2633207535708789e-06,0.011473977313826881,9.775020429344178,0.0,0.0,0.004562856948694797,-0.9999432683913816,0.010651760359751437,0.0
54.352000000000004,1.2457895413611156e-06,0.01130535754165345,9.879008006508338,0.0,0.0,0.004533278638307752,-0.9999424932143025,0.010724283862550607,0.0
54.368,1.2270204387617883e-06,0.011347313531271852,9.810774636264359,0.0,0.0,0.004503579055616247,-0.9999417178454888,0.010796337907502162,0.0
54.384,1.2119410305990073e-06,0.011339995049171835,9.777828870527213,0.0,0.0,0.004474857257644897,-0.9999409422816249,0.010867932137077816,0.0
54.4,1.1982295818660783e-06,0.011222471986781082,9.817716888455823,0.0,0.0,0.00444693401734999,-0.9999401665162013,0.010939076174505515,0.0
54.416000000000004,1.1913632079317294e-06,0.011144539545872897,9.76779233906046,0.0,0.0,0.004419366513301377,-0.9999393905395196,0.011009779627862398,0.0
54.432,1.1721777930719546e-06,0.011013893368911228,9.79243298568674,0.0,0.0,0.0043915116930949875,-0.9999386143386941,0.011080052094295233,0.0
54.448,1.1475506649133393e-06,0.011026480539404785,9.854963247103655,0.0,0.0,0.004366203787724889,-0.9999378378976491,0.01114990316436869,0.0
54.464,1.1431361774038845e-06,0.010945714912469819,9.8564626859005,0.0,0.0,0.004340275435931651,-0.9999370611971113,0.011219342426561953,0.0
54.480000000000004,1.1277162671502465e-06,0.010857228352485242,9.795868788734898,0.0,0.0,0.004315537813219255,-0.9999362842145983,0.011288379471913388,0.0
54.496,1.1085243864358215e-06,0.010834056637119808,9.881374924429968,0.0,0.0,0.0042907480237283436,-0.9999355069244023,0.011357023898836185,0.0
54.512,1.1023817397300475e-06,0.010774039472357434,9.772554426835983,0.0,0.0,0.004265874144486649,-0.9999347292975679,0.011425285318101809,0.0
54.528,1.08324430056581e-06,0.010669313333028225,9.859775309732447,0.0,0.0,0.0042427102656563895,-0.9999339513018661,0.011493173358017073,0.0
54.544000000000004,1.0864940489436916e-06,0.010578627976633323,9.796421100957687,0.0,0.0,0.004220418658579824,-0.9999331729017633,0.011560697669798779,0.0
54.56,1.0738912519823006e-06,0.010536604531488388,9.788891121570597,0.0,0.0,0.004198921583415485,-0.9999323940583827,0.011627867933165049,0.0
54.576,1.0513794242852997e-06,0.010516559455630136,9.787499205591475,0.0,0.0,0.004177358309659587,-0.9999316147294626,0.01169469386215666,0.0
54.592,1.0408587137783823e-06,0.01047312304876587,9.825681170671107,0.0,0.0,0.004156319026826966,-0.9999308348693062,0.01176118521120567,0.0
54.608000000000004,1.0378551177482286e-06,0.010360120188141652,9.71686457890233,0.0,0.0,0.004135404672138414,-0.9999300544287274,0.011827351781469169,0.0
54.624,1.023895398272555e-06,0.010297455871102559,9.757264878051533,0.0,0.0,0.004115746922977215,-0.9999292733549876,0.011893203427444028,0.0
54.64,1.016785958434552e-06,0.010326667222685949,9.716324420580802,0.0,0.0,0.004097390969489879,-0.9999284915917285,0.011958750063889205,0.0
54.656,1.00310963542168e-06,0.010294586424610404,9.818323170997775,0.0,0.0,0.004078341416379724,-0.9999277090788944,0.012024001673074106,0.0
54.672000000000004,9.950151990827614e-07,0.010200507675210685,9.804993868219531,0.0,0.0,0.004060924532946106,-0.9999269257526484,0.012088968312375077,0.0
54.688,9.932537510967366e-07,0.010099982946652776,9.815899511163355,0.0,0.0,0.00404343096288112,-0.9999261415452808,0.012153660122249357,0.0
54.704,9.782920517297653e-07,0.010092785406942098,9.782895486187499,0.0,0.0,0.0040273822647676465,-0.9999253563851073,0.01221808733461588,0.0
54.72,9.71874952557761e-07,0.010091086053860823,9.766489153036046,0.0,0.0,0.004010761700043131,-0.999924570196359,0.012282260281667725,0.0
54.736000000000004,9.617248627624129e-07,0.010041055033776664,9.8611726050398,0.0,0.0,0.003995437218184668,-0.9999237828990628,0.012346189405155202,0.0
54.752,9.531925682270929e-07,0.009934138360300462,9.787466723294923,0.0,0.0,0.003981675442851491,-0.9999229944089097,0.012409885266169323,0.0
54.768,9.416200792539045e-07,0.009873940217173948,9.836051381741868,0.0,0.0,0.003967260864677209,-0.999922204637114,0.012473358555475872,0.0
54.784,9.489727463000222e-07,0.009908901286014562,9.8412883145442,0.0,0.0,0.00395465618400634,-0.999921413490259,0.012536620104424901,0.0
54.800000000000004,9.368202172539298e-07,0.009960341390266364,9.846460144136305,0.0,0.0,0.003941272977630498,-0.9999206208701302,0.012599680896501151,0.0
54.816,9.295669086326419e-07,0.009826558820338947,9.870938407956682,0.0,0.0,0.00392983353791034,-0.9999198266735353,0.01266255207955029,0.0
54.832,9.201666984126555e-07,0.009827985236875997,9.752198044070438,0.0,0.0,0.003917786940752402,-0.9999190307921092,0.01272524497874684,0.0
54.848,9.13093908270354e-07,0.009823326593956358,9.873928672952298,0.0,0.0,0.003908479245779591,-0.9999182331121026,0.01278777111035667,0.0
54.864000000000004,9.186573862616959e-07,0.009794602393558852,9.84158458924114,0.0,0.0,0.003898680373606956,-0.9999174335141544,0.012850142196368004,0.0
54.88,9.077599779620352e-07,0.009789558461841189,9.892479774171257,0.0,0.0,0.0038890822249882688,-0.9999166318730444,0.012912370180051017,0.0
54.896,9.064616866706589e-07,0.009640525744161504,9.73196698529978,0.0,0.0,0.0038810374647698567,-0.9999158280574282,0.012974467242540526,0.0
54.912,9.022329231263936e-07,0.009675962155314521,9.828104117973945,0.0,0.0,0.003873872855812165,-0.9999150219295482,0.0130364458205164,0.0
54.928000000000004,8.957178979823551e-07,0.009692918168005963,9.786695585599197,0.0,0.0,0.0038674405365956024,-0.9999142133449228,0.013098318625084877,0.0
54.944,8.943897693331774e-07,0.009628672849038076,9.81914720636497,0.0,0.0,0.003862073122391388,-0.9999134021520103,0.013160098661959461,0.0
54.96,8.971233237817755e-07,0.009661574829738711,9.83769910294429,0.0,0.0,0.0038564890310582196,-0.9999125881918438,0.013221799253071537,0.0
54.976,8.925421864274978e-07,0.009683841525857169,9.791867667682999,0.0,0.0,0.0038533647887693786,-0.9999117712976386,0.013283434059718175,0.0
54.992000000000004,8.84185212657357e-07,0.009633365722067026,9.842372655753943,0.0,0.0,0.0038491174275409254,-0.9999109512943655,0.013345017107412488,0.0
55.008,8.88510350443549e-07,0.009607406663461722,9.79896645055993,0.0,0.0,0.003846816896370206,-0.9999101279982879,0.01340656281257527,0.0
55.024,8.942595421362125e-07,0.009630868824407111,9.822597860408145,0.0,0.0,0.003845036329054847,-0.9999093012164622,0.013468086011255147,0.0
55.04,8.84579600187231e-07,0.009618284321803498,9.79511554365383,0.0,0.0,0.0038450085369996904,-0.9999084707461933,0.013529601990064968,0.0
55.056000000000004,8.902353631818123e-07,0.00959865427604505,9.789316877345907,0.0,0.0,0.0038459151000124346,-0.999907636374445,0.013591126519557403,0.0
55.072,8.859974103107876e-07,0.00960197787910235,9.856050146836553,0.0,0.0,0.0038473787487316685,-0.9999067978771997,0.013652675890270572,0.0
55.088,8.837299001851465e-07,0.009596267260469584,9.796241216170717,0.0,0.0,0.003849513484734665,-0.9999059550187592,0.01371426695172346,0.0
55.104,8.91104643319614e-07,0.009637011183499343,9.826156880507156,0.0,0.0,0.0038539738465901796,-0.9999051075509857,0.013775917154660167,0.0
55.120000000000005,8.92160309358824e-07,0.00963034974228389,9.82538371008232,0.0,0.0,0.003858367750311836,-0.9999042552124732,0.013837644596873972,0.0
55.136,8.990607852389199e-07,0.00966672925015249,9.784919799849321,0.0,0.0,0.0038653126622272484,-0.9999033977276442,0.013899468073004875,0.0
55.152,8.977773940587249e-07,0.009613315898207866,9.785856034145114,0.0,0.0,0.0038713994698482807,-0.999902534805761,0.01396140712872147,0.0
55.168,9.022821894858951e-07,0.009662493412757912,9.819512067353084,0.0,0.0,0.0038796683779243413,-0.9999016661398441,0.01402348211978074,0.0
55.184000000000005,9.007908416184336e-07,0.009717591980597061,9.761239447549812,0.0,0.0,0.0038897641589372466,-0.9999007914054877,0.014085714276506974,0.0
55.2,9.152579711800867e-07,0.00971356153840142,9.763580419075243,0.0,0.0,0.0039006957492868674,-0.9998999102595593,0.014148125774303895,0.0
55.216,9.093858860284019e-07,0.00977895832102703,9.868867660793997,0.0,0.0,0.003913932629694992,-0.9998990223387694,0.01421073981090104,0.0
55.232,9.168801955634415e-07,0.00979128238360347,9.877029196070223,0.0,0.0,0.003927823889186652,-0.9998981272580991,0.014273580691130609,0.0
55.248000000000005,9.271475862435484e-07,0.00979656419090688,9.796385571653563,0.0,0.0,0.003943804920347321,-0.9998972246090633,0.014336673920145256,0.0
55.264,9.364761335153321e-07,0.009853291701314597,9.784274240914701,0.0,0.0,0.003960561652599194,-0.9998963139577933,0.014400046306103797,0.0
55.28,9.380691198514861e-07,0.009830737610446382,9.830334934511875,0.0,0.0,0.003980365641448748,-0.9998953948429155,0.014463726073532152,0.0
55.296,9.533577746163696e-07,0.009952896166590739,9.849492637445204,0.0,0.0,0.004001474167232586,-0.9998944667731963,0.014527742988704502,0.0
55.312,9.62747435634297e-07,0.010052600120132923,9.85890069660594,0.0,0.0,0.004023747678524831,-0.9998935292249267,0.014592128498641485,0.0
55.328,9.686105652675839e-07,0.010026932755620943,9.79334721896255,0.0,0.0,0.00404849618530859,-0.9998925816390101,0.01465691588553081,0.0
55.344,9.915128161986403e-07,0.010230708140959313,9.870262818438992,0.0,0.0,0.004077850643795045,-0.99989162341771,0.014722140438691248,0.0
55.36,1.0017296932444634e-06,0.01012294907084356,9.805370802673245,0.0,0.0,0.00410661232099795,-0.9998906539210117,0.014787839646532054,0.0
55.376,1.0101874465251808e-06,0.01021514620925771,9.793222458955185,0.0,0.0,0.004138403639890479,-0.9998896724625432,0.014854053411377414,0.0
55.392,-2.399426730090781,0.01049391413930232,9.837056169686667,0.0,0.0,0.0041729228661453385,-0.9998886783049861,0.01492082429051618,0.0
55.408,-3.556853389268026,0.010508905656908402,9.844369141055926,0.0,0.0,0.004209562237205791,-0.9998876710499142,0.014988171415441776,0.0
55.424,-2.9956828819182224,0.010300947885543804,9.778650533986657,0.0,0.0,0.004246195972561561,-0.9998866504771043,0.015056101675976147,0.0
55.44,-3.0859924314941543,0.010185191574597645,9.832402642726802,0.0,0.0,0.004283358801795995,-0.9998856162830168,0.015124627279105627,0.0
55.456,-2.9804752903583047,0.010148571430648347,9.756092014989884,0.0,0.0,0.004320378669076884,-0.9998845681841975,0.015193758820691685,0.0
55.472,-2.9469805077086884,0.009902864591982403,9.801891488478317,0.0,0.0,0.0043589456795980475,-0.999883505875564,0.01526350804996768,0.0
55.488,-2.8898512192472174,0.009920891552705962,9.808131481282956,0.0,0.0,0.004399615612335981,-0.9998824290463636,0.015333886798331952,0.0
55.504,-2.819764987154915,0.009720446767046864,9.818492756868839,0.0,0.0,0.004438948088812298,-0.9998813373731568,0.015404907428073699,0.0
55.52,-2.7628694050141633,0.009609860583664656,9.807866951726158,0.0,0.0,0.004480493071668558,-0.9998802305219012,0.015476582680617672,0.0
55.536,-2.7026277841146467,0.009516993131768625,9.841788786301267,0.0,0.0,0.0045216386744192155,-0.9998791081463715,0.015548925764089309,0.0
55.552,-2.6345424069540737,0.009430989781567131,9.722951656730826,0.0,0.0,0.004564799880858614,-0.9998779698879934,0.015621950347668648,0.0
55.568,-2.5846696875028425,0.009261157317707642,9.914509672977962,0.0,0.0,0.004608881989965858,-0.9998768153750672,0.01569567059458441,0.0
55.584,-2.531816902719143,0.00915712184445047,9.771787244804218,0.0,0.0,0.004652046173589225,-0.9998756442221811,0.01577010118162456,0.0
55.6,-2.4969472836824878,0.009093563721998944,9.840078358631883,0.0,0.0,0.004697730458715249,-0.9998744560294931,0.015845257325953547,0.0
55.616,-2.4413041067634413,0.00895491467073522,9.87265687411666,0.0,0.0,0.004744340064337107,-0.9998732503820074,0.015921154811132113,0.0
55.632,-2.3872215559695875,0.008829597698206348,9.79291949589042,0.0,0.0,0.0047919440852161625,-0.9998720268487867,0.015997810015721373,0.0
55.648,-2.330709579979051,0.008841121932941967,9.790543715309221,0.0,0.0,0.004840965064439919,-0.9998707849821226,0.016075239943282926,0.0
55.664,-2.2760179053619267,0.008704499854870726,9.818932447619623,0.0,0.0,0.00488921254589071,-0.9998695243166451,0.0161534622544463,0.0
55.68,-2.240547548725225,0.008589044427230895,9.820042993669757,0.0,0.0,0.004940817488829582,-0.999868244368379,0.01623249530096114,0.0
55.696,-2.207748673599035,0.008560893585341869,9.916017416825623,0.0,0.0,0.004991499247143925,-0.999866944633732,0.016312358162002286,0.0
55.712,-2.143689683551392,0.008347485106672109,9.793889075076294,0.0,0.0,0.005044961262555176,-0.9998656245884181,0.01639307068284975,0.0
55.728,-2.1073255897891894,0.008328329351363274,9.804078420337195,0.0,0.0,0.0050995239707870175,-0.9998642836863024,0.016474653516154736,0.0
55.744,-2.065427289029155,0.008246574637044297,9.851155285643763,0.0,0.0,0.005156307310708697,-0.9998629213581702,0.016557128166004312,0.0
55.76,-2.0218343909936323,0.008120943850577232,9.719562774283967,0.0,0.0,0.005213401331713676,-0.9998615370104044,0.016640517035001533,0.0
55.776,-1.9779771256994843,0.008055825159706705,9.826045044689845,0.0,0.0,0.005271201121862101,-0.9998601300235695,0.01672484347462499,0.0
55.792,-1.9260470380490209,0.008010419832362186,9.823150773783388,0.0,0.0,0.005330616956701089,-0.9998586997508954,0.016810131839138993,0.0
55.808,-1.8930415631539925,0.007926058491027978,9.736582190339659,0.0,0.0,0.005392284025380226,-0.9998572455166431,0.016896407543358583,0.0
55.824,-1.8560849451626749,0.007861678591918143,9.801263506249844,0.0,0.0,0.0054559223666641775,-0.9998557666143552,0.016983697124610245,0.0
55.84,-1.807479305226186,0.007804283186134436,9.821777338569312,0.0,0.0,0.00552205636783383,-0.9998542623049662,0.017072028309251683,0.0
55.856,-1.771100384613085,0.007675959109087023,9.796426667751842,0.0,0.0,0.005588003531732395,-0.9998527318147741,0.017161430084163216,0.0
55.872,-1.7361325199990985,0.007631887979712353,9.89266834116153,0.0,0.0,0.0056572876572074104,-0.9998511743332469,0.017251932773665168,0.0
55.888,-1.7060009716829951,0.007537839848002378,9.782476108834096,0.0,0.0,0.005727995000771909,-0.9998495890106597,0.017343568122359702,0.0
55.904,-1.665631489606358,0.0074991651639315995,9.87002317811765,0.0,0.0,0.00580040792514141,-0.9998479749555375,0.017436369384450492,0.0
55.92,-1.624409873197037,0.007402382481530502,9.87189113525292,0.0,0.0,0.005876240757046405,-0.9998463312318905,0.017530371420164653,0.0
55.936,-1.5885515274665156,0.007343886570969182,9.816642888718935,0.0,0.0,0.005952830715283104,-0.999844656856218,0.017625610799956476,0.0
55.952,-1.5703265394504273,0.007289246106886196,9.878103459433282,0.0,0.0,0.006033866702913265,-0.9998429507942597,0.017722125917272544,0.0
55.968,-1.5233606033897626,0.0072642220799529434,9.827405807217634,0.0,0.0,0.006113840559703242,-0.9998412119574649,0.017819957110713443,0.0
55.984,-1.5019554056133293,0.007185623885633493,9.829163056523434,0.0,0.0,0.006199921694536555,-0.9998394391991561,0.017919146796573075,0.0
56.0,-1.4812551573449038,0.0071784614337598,9.78711461517526,0.0,0.0,0.006287651512780241,-0.9998376313103475,0.018019739612810066,0.0
56.016,-1.4390779700272838,0.007084793089654495,9.789739020215102,0.0,0.0,0.006378639020393454,-0.9998357870151878,0.018121782575671173,0.0
56.032000000000004,-1.4131880297100765,0.007072313944228809,9.797718480998487,0.0,0.0,0.006472406857906064,-0.99983390496598,0.018225325250310325,0.0
56.048,-1.3703693420438774,0.007032946207928334,9.770653261276873,0.0,0.0,0.006570554513065347,-0.9998319837377355,0.01833041993694132,0.0
56.064,-1.3441414886994605,0.006972573476662079,9.830210708448453,0.0,0.0,0.006670900215875873,-0.9998300218222068,0.018437121874244955,0.0
56.08,-1.3191508686189208,0.006937989163227314,9.82404334317323,0.0,0.0,0.0067739359902772404,-0.9998280176213383,0.018545489461990958,0.0
56.096000000000004,-1.291620377990884,0.006826315851924647,9.88381516753552,0.0,0.0,0.006881634494150086,-0.999825969440069,0.0186555845050891,0.0
56.112,-1.2694576462282243,0.006839200071700109,9.777368909591075,0.0,0.0,0.006994909948077117,-0.9998238754784027,0.018767472481596582,0.0
56.128,-1.2420777370355764,0.006833011353400372,9.816770099662682,0.0,0.0,0.007110624439499776,-0.9998217338226644,0.018881222837553408,0.0
56.144,-1.2211885764034165,0.006795517864895102,9.81380301709354,0.0,0.0,0.00723236275449678,-0.9998195424358309,0.01899690931194035,0.0
56.160000000000004,-1.1975485533676762,0.006717471022024947,9.88756920825747,0.0,0.0,0.007356977469573314,-0.9998172991468243,0.0191146102955221,0.0
56.176,-1.1680276552717845,0.006694548218982415,9.84389156212784,0.0,0.0,0.0074881385658316195,-0.9998150016386299,0.01923440922790281,0.0
56.192,-1.1398531780144558,0.006734962090116968,9.911362957450962,0.0,0.0,0.007625324575259996,-0.9998126474350788,0.019356395037789194,0.0
56.208,-1.1239746746952355,0.006663729618719817,9.78687307130317,0.0,0.0,0.0077683152906274444,-0.999810233886116,0.019480662632219384,0.0
56.224000000000004,-1.0965330051606146,0.006689321305004128,9.736367273922413,0.0,0.0,0.007915282032691697,-0.9998077581513404,0.0196073134414416,0.0
56.24,-1.0764843898142504,0.006673377915545241,9.823835704946813,0.0,0.0,0.008072466752016325,-0.9998052171815701,0.01973645602720594,0.0
56.256,-1.0447894361878485,0.006631459735640201,9.684016522689735,0.0,0.0,0.008235695602385174,-0.9998026076981401,0.01986820676354525,0.0
56.272,-1.0223573474691456,0.006640668132523437,9.75362002835641,0.0,0.0,0.00840689664012722,-0.9997999261695988,0.02000269060064356,0.0
56.288000000000004,-1.0060298765406164,0.006618760831232259,9.804070316957775,0.0,0.0,0.008586581739066615,-0.9997971687853935,0.020140041924272833,0.0
56.304,-0.986272160289057,0.006638758018267893,9.844827361828914,0.0,0.0,0.008774570472964932,-0.9997943314260795,0.020280405525496797,0.0
56.32,-0.9679167432625257,0.006639038069983447,9.814932802628032,0.0,0.0,0.008971172032269215,-0.9997914096294815,0.020423937698062323,0.0
56.336,-0.9405002820380179,0.006636765612528079,9.78123339478856,0.0,0.0,0.009181513762766325,-0.9997883985521379,0.020570807484190077,0.0
56.352000000000004,-0.9171131100105464,0.0066619989173046,9.784186616157644,0.0,0.0,0.009402579615015387,-0.999785292925221,0.02072119809349957,0.0
56.368,-0.9016498448644853,0.006664377869103904,9.80015315788622,0.0,0.0,0.009635385282185811,-0.9997820870039612,0.020875308524755953,0.0
56.384,-0.8854988041758607,0.006701907488422518,9.822524263743164,0.0,0.0,0.00988098872961722,-0.9997787745093983,0.02103335542622588,0.0
56.4,-0.8641082649679296,0.00672597019167026,9.88644886692194,0.0,0.0,0.010141564541019192,-0.99977534856103,0.021195575238035006,0.0
56.416000000000004,-0.8498702320131963,0.006729346889006441,9.811879290592257,0.0,0.0,0.010418352095224835,-0.9997718015986078,0.021362226669383963,0.0
56.432,-0.8281494523651928,0.006780531888016018,9.815644638143294,0.0,0.0,0.010712180789305914,-0.9997681252909236,0.02153359357543743,0.0
56.448,-0.8137449278287983,0.006864109670864003,9.823008136327266,0.0,0.0,0.011028585951795834,-0.9997643104289209,0.021709988313783103,0.0
56.464,-0.7938944269674492,0.006880076418293977,9.834305616644366,0.0,0.0,0.011363728928979333,-0.9997603467998032,0.02189175567965269,0.0
56.480000000000004,-0.7826704962153744,0.006966382462991477,9.890863717516478,0.0,0.0,0.011721992227621466,-0.9997562230379669,0.02207927754386397,0.0
56.496,-0.7632077041386409,0.007044387940208103,9.85784092188594,0.0,0.0,0.012110666733196827,-0.9997519264474765,0.022272978349551956,0.0
56.512,-0.7513095627677973,0.007144848161403714,9.806265169949954,0.0,0.0,0.012524956551955714,-0.999747442789349,0.022473331665717883,0.0
56.528,-0.7291875300519096,0.007148358829946168,9.844111841638602,0.0,0.0,0.012975716770204268,-0.9997427560249946,0.022680868051025913,0.0
56.544000000000004,-0.7176481365935939,0.007295622819862534,9.776401147796381,0.0,0.0,0.013460977490932181,-0.9997378480045757,0.022896184555073678,0.0
56.56,-0.6998071629062173,0.00739087180871756,9.815403537808079,0.0,0.0,0.013989201513708093,-0.999732698085561,0.023119956283796844,0.0
56.576,-0.6855269886827637,0.007582038682508239,9.85589671989494,0.0,0.0,0.01456845254231483,-0.9997272826619692,0.023352950591207997,0.0
56.592,-0.6741182499894104,0.007673554253985895,9.826572349516097,0.0,0.0,0.015196623736944512,-0.9997215745781581,0.023596044646682676,0.0
56.608000000000004,-0.6644777480971502,0.00789743612472817,9.775304702296914,0.0,0.0,0.015892033804808494,-0.9997155423916839,0.023850247388680464,0.0
56.624,-0.6478141710436665,0.008062609720889817,9.768736501604941,0.0,0.0,0.016658710161788496,-0.999709149436414,0.024116727247322303,0.0
56.64,-0.6355365396091675,0.008282942328519914,9.777694433482743,0.0,0.0,0.017513916252976977,-0.9997023526177213,0.024396847554414347,0.0
56.656,-0.6198105440702392,0.008596139505164723,9.815942044062336,0.0,0.0,0.018466382556486048,-0.9996951008429533,0.024692212347164642,0.0
56.672000000000004,-0.6059282540533286,0.008804342987335347,9.804190046660908,0.0,0.0,0.01954048088035801,-0.9996873329471907,0.02500472645187134,0.0
56.688,-5.006444183800337,0.014333780897746902,9.801916793613467,0.0,0.0,0.06754068180073806,-0.9996597289048381,0.026084984299508146,0.0
56.704,-5.010512196543262,0.034838801843230766,9.8243966063414,0.0,0.0,0.11553247644990802,-0.999609799868919,0.027932919754659,0.0
56.72,-4.993061052025608,0.04744667697812834,9.845537145347356,0.0,0.0,0.1635370290718926,-0.9995332884352015,0.0305484092861206,0.0
56.736000000000004,-5.020144036141653,0.052394940277163314,9.742768712689482,0.0,0.0,0.21152132186525333,-0.9994241691554563,0.03393125561964768,0.0
56.752,-4.980650597020109,0.049783540540035316,9.829863422089922,0.0,0.0,0.2595912710276197,-0.9992746493844723,0.038081164603253,0.0
56.768,-3.5129068276334867,0.03196364506080252,9.848094096274576,0.0,0.0,0.30752255594763594,-0.9990751705851908,0.04299771529013993,0.0
56.784,0.0,0.0,9.735707694616302,0.0,0.0,0.35555049473833483,-0.9988144102527455,0.04868032324728536,0.0
56.800000000000004,0.0,0.0,9.826640955895455,0.0,0.0,0.40357273020157775,-0.9984792846545741,0.05512819710175482,0.0
56.816,0.0,0.0,9.811215257403118,0.0,0.0,0.4515643263761372,-0.9980549526200491,0.06234028834222448,0.0
56.832,0.0,0.0,9.843492613908948,0.0,0.0,0.49946857550677465,-0.9975248206492112,0.07031523440022837,0.0
56.848,0.0,0.0,9.80455228415218,0.0,0.0,0.5475988518365987,-0.9968705496461332,0.07905129504452339,0.0
56.864000000000004,0.0,0.0,9.810044523980263,0.0,0.0,0.5954321241864815,-0.9960720636181046,0.08854628213296459,0.0
56.88,0.0,0.0,9.825965676830164,0.0,0.0,0.6435139852192938,-0.995107560717137,0.0987974827796228,0.0
56.896,0.0,0.0,9.831162288844927,0.0,0.0,0.6915721199605056,-0.9939535270351121,0.10980157601082388,0.0
56.912,0.0,0.0,9.826670817286418,0.0,0.0,0.7395244772859518,-0.9925847535981203,0.12155454300255031,0.0
56.928000000000004,0.0,0.0,9.783853924049854,0.0,0.0,0.787651809174153,-0.99097435703898,0.13405157101347367,0.0
56.944,0.0,0.0,9.760323085821192,0.0,0.0,0.8354985888271088,-0.9890938044594435,0.1472869511529931,0.0
56.96,0.0,0.0,9.83560857154443,0.0,0.0,0.8834548168699629,-0.9869129430249328,0.1612539701522591,0.0
56.976,0.0,0.0,9.87479348160619,0.0,0.0,0.9315517558883868,-0.9844000348645976,0.1759447963384513,0.0
56.992000000000004,0.0,0.0,9.792947674034828,0.0,0.0,0.9794706137687641,-0.9815217978777676,0.191350360048773,0.0
57.008,0.0,0.0,9.719936263924575,0.0,0.0,1.0274839387993833,-0.9782434530741818,0.2074602287608425,0.0
57.024,0.0,0.0,9.765019750458144,0.0,0.0,1.075566020782407,-0.9745287790993805,0.22426247726062246,0.0
57.04,0.0,0.0,9.76313030578623,0.0,0.0,1.1234499951852313,-0.9703401746179728,0.24174355321778898,0.0
57.056000000000004,0.0,0.0,9.804455700190193,0.0,0.0,1.1715794390238996,-0.9656387292457543,0.2598881385916733,0.0
57.072,0.0,0.0,9.772948663314768,0.0,0.0,1.21932678281753,-0.9603843037363662,0.27867900734862544,0.0
57.088,0.0,0.0,9.87737743203636,0.0,0.0,1.2672818668375345,-0.954535620138942,0.298096880033934,0.0
57.104,0.0,0.0,9.821982098618856,0.0,0.0,1.31527735625986,-0.948050362649412,0.31812027580825264,0.0
57.120000000000005,0.0,0.0,9.742900830416662,0.0,0.0,1.3635825795486185,-0.9408852898793246,0.3387253626298144,0.0
57.136,0.0,0.0,9.792121053593466,0.0,0.0,1.4116116338715148,-0.9329963592616008,0.3598858063394523,0.0
57.152,0.0,0.0,9.888720712193296,0.0,0.0,1.4596173262963072,-0.9243388643019599,0.38157261948541776,0.0
57.168,0.0,0.0,9.805907093486097,0.0,0.0,1.4999159842740002,-0.9149162686951583,0.40364368108138265,0.0
57.184000000000005,0.0,0.0,9.72463872680217,0.0,0.0,1.5002435407947756,-0.904966757193477,0.4254822773920467,0.0
57.2,0.0,0.0,9.863298127074314,0.0,0.0,1.499767235762823,-0.8944960598904079,0.4470758311970529,0.0
57.216,0.0,0.0,9.741458451293528,0.0,0.0,1.4998665933780622,-0.8835102070392407,0.4684119064002089,0.0
57.232,0.0,0.0,9.832758613564367,0.0,0.0,1.500072424879574,-0.8720155255801386,0.4894782151916413,0.0
57.248000000000005,0.0,0.0,9.80835550084964,0.0,0.0,1.4999569576118648,-0.860018635496344,0.5102626251245593,0.0
57.264,0.0,0.0,9.83163908513263,0.0,0.0,1.5000338100497346,-0.8475264460016191,0.530753166102535,0.0
57.28,0.0,0.0,9.781706040031745,0.0,0.0,1.4999215953600462,-0.8345461515611089,0.5509380372732878,0.0
57.296,0.0,0.0,9.837033620817804,0.0,0.0,1.5000141082326202,-0.8210852277479296,0.5708056138249961,0.0
57.312000000000005,0.0,0.0,9.849352534260735,0.0,0.0,1.5001337994651083,-0.8071514269378551,0.5903444536812256,0.0
57.328,0.0,0.0,9.745971636529895,0.0,0.0,1.4998132320611097,-0.792752773844593,0.6095433040906147,0.0
57.344,0.0,0.0,9.756398535763235,0.0,0.0,1.4998908474530745,-0.7778975608982152,0.6283911081075286,0.0
57.36,0.0,0.0,9.816609224728143,0.0,0.0,1.5000305508646181,-0.7625943434694057,0.6468770109599401,0.0
57.376,0.0,0.0,9.83063678687277,0.0,0.0,1.4999576977081337,-0.7468519349422756,0.6649903663008803,0.0
57.392,0.0,0.0,9.794536646006824,0.0,0.0,1.4999696190854013,-0.7306794016385872,0.6827207423398503,0.0
57.408,0.0,0.0,9.798397646866245,0.0,0.0,1.4999052873949683,-0.7140860575963006,0.7000579278506692,0.0
57.424,0.0,0.0,9.865657265267009,0.0,0.0,1.5000383336415828,-0.6970814592054655,0.71699193805229,0.0
57.44,0.0,0.0,9.86071473683564,0.0,0.0,1.499960746315573,-0.6796753997045274,0.7335130203592101,0.0
57.456,0.0,0.0,9.857940251264726,0.0,0.0,1.5003444767345537,-0.6618779035402389,0.7496116599981476,0.0
57.472,0.0,0.0,9.78713129669312,0.0,0.0,1.5000764222005687,-0.643699220594408,0.7652785854877632,0.0
57.488,0.0,0.0,9.794395503522317,0.0,0.0,1.500399045907042,-0.6251498202808153,0.7805047739782661,0.0
57.504,0.0,0.0,9.856420977133485,0.0,0.0,1.500175562944379,-0.6062403855157026,0.7952814564478241,0.0
57.52,0.0,0.0,9.82848682863124,0.0,0.0,1.5000557692303662,-0.5869818065652949,0.8096001227527962,0.0
57.536,0.0,0.0,9.817786397795942,0.0,0.0,1.5001975121119262,-0.567385174773915,0.8234525265288667,0.0
57.552,0.0,0.0,9.802461752605755,0.0,0.0,1.4998811326883956,-0.547461776176286,0.8368306899402687,0.0
57.568,0.0,0.0,9.830271714722034,0.0,0.0,1.5001812145730726,-0.5272230849977096,0.8497269082743572,0.0
57.584,0.0,0.0,9.88481340810415,0.0,0.0,1.4999967026851264,-0.5066807570458713,0.8621337543788798,0.0
57.6,0.0,0.0,9.792480040828531,0.0,0.0,1.4999163672091158,-0.48584662299805165,0.874044082939407,0.0
57.616,0.0,0.0,9.785073190452344,0.0,0.0,1.4998968631639293,-0.4647326815876456,0.8854510345944356,0.0
57.632,0.0,0.0,9.83951497399854,0.0,0.0,1.4997684603562174,-0.4433510926938824,0.8963480398858138,0.0
57.648,0.0,0.0,9.82009137504935,0.0,0.0,1.5000678339603177,-0.42171417033874675,0.9067288230422051,0.0
57.664,0.0,0.0,9.774862497908863,0.0,0.0,1.4998397467900364,-0.3998343755951192,0.9165874055934118,0.0
57.68,0.0,0.0,9.877233469430653,0.0,0.0,1.4997254905602069,-0.3777243094102365,0.9259181098134759,0.0
57.696,0.0,0.0,9.805916754780386,0.0,0.0,1.5001011220508915,-0.355396705348588,0.9347155619905817,0.0
57.712,0.0,0.0,9.74156425003847,0.0,0.0,1.5003075293304744,-0.3328644222584383,0.9429746955218661,0.0
57.728,0.0,0.0,9.774130888867676,0.0,0.0,1.5002187912357534,-0.3101404368661988,0.950690753831362,0.0
57.744,0.0,0.0,9.802467288178555,0.0,0.0,1.4999437640218742,-0.28723783630291067,0.9578592931093912,0.0
57.76,0.0,0.0,9.859470336126053,0.0,0.0,1.5000744063033353,-0.2641698105671359,0.9644761848718316,0.0
57.776,0.0,0.0,9.763300491607966,0.0,0.0,1.5000844734443626,-0.24094964492862098,0.9705376183377806,0.0
57.792,0.0,0.0,9.858741316927944,0.0,0.0,1.4999510125888744,-0.21759071227707555,0.9760401026242492,0.0
57.808,0.0,0.0,9.724332957678806,0.0,0.0,1.5000372709113563,-0.19410646542050264,0.9809804687566207,0.0
57.824,0.0,0.0,9.835050772445355,0.0,0.0,1.5005423080125038,-0.17051042933750266,0.985355871493716,0.0
57.84,0.0,0.0,9.813808134452648,0.0,0.0,1.5002496836697272,-0.14681619338797916,0.9891637909664223,0.0
57.856,0.0,0.0,9.849269242991568,0.0,0.0,1.4996674257976392,-0.12303740348683503,0.99240203412892,0.0
57.872,0.0,0.0,9.88899432037588,0.0,0.0,1.500010638368424,-0.09918775424502849,0.9950687360217021,0.0
57.888,0.0,0.0,9.759471058848426,0.0,0.0,1.50001012241685,-0.07528098108261788,0.997162360845634,0.0
57.904,0.0,0.0,9.808696031102972,0.0,0.0,1.4999960344284056,-0.051330852318313816,0.9986817028464452,0.0
57.92,0.0,0.0,9.82850655008002,0.0,0.0,1.5000494638365107,-0.027351161240042453,0.9996258870091457,0.0
57.936,0.0,0.0,9.819226947783285,0.0,0.0,1.5000685586526603,-0.0033557181612174935,0.9999943695619603,0.0
57.952,0.0,0.0,9.797725573922161,0.0,0.0,1.4998698836753752,0.020641657533036296,0.9997869382894982,0.0
57.968,0.0,0.0,9.809054258390326,0.0,0.0,1.4998701989858718,0.0446271453443579,0.99900371265497,0.0
57.984,0.0,0.0,9.756886090535032,0.0,0.0,1.4998736728138158,0.06858693162099216,0.9976451437313858,0.0
58.0,0.0,0.0,9.746194598969824,0.0,0.0,1.4996917982188445,0.09250721751307135,0.9957120139417769,0.0
58.016,0.0,0.0,9.794078059611067,0.0,0.0,1.5000012520427495,0.11637422691967529,0.993205436608584,0.0
58.032000000000004,0.0,0.0,9.757265004839509,0.0,0.0,1.5000117335481638,0.14017421442272843,0.9901268553124751,0.0
58.048,0.0,0.0,9.828121084993121,0.0,0.0,1.499996552290128,0.16389347320320835,0.9864780430609641,0.0
58.064,0.0,0.0,9.75545542258409,0.0,0.0,1.4998080114872365,0.1875183429351482,0.9822611012673036,0.0
58.08,0.0,0.0,9.822134583849406,0.0,0.0,1.500010117955913,0.21103521765283825,0.977478458540248,0.0
58.096000000000004,0.0,0.0,9.865960722574918,0.0,0.0,1.4999457474615432,0.2344305535867458,0.9721328692853729,0.0
58.112,0.0,0.0,9.811508160774405,0.0,0.0,1.500113973469324,0.2576908769635954,0.9662274121187688,0.0
58.128,0.0,0.0,9.793853219360695,0.0,0.0,1.5000934213808959,0.2808027917661483,0.9597654880940121,0.0
58.144,0.0,0.0,9.850460636723396,0.0,0.0,1.500117585810208,0.30375298744819873,0.9527508187434396,0.0
58.160000000000004,0.0,0.0,9.733126392316407,0.0,0.0,1.4999984121081105,0.32652824660033836,0.9451874439348571,0.0
58.176,0.0,0.0,9.733175016221212,0.0,0.0,1.5000189727297135,0.3491154525620952,0.9370797195449082,0.0
58.192,0.0,0.0,9.808601039556306,0.0,0.0,1.5000094957186787,0.37150159697603924,0.9284323149504505,0.0
58.208,0.0,0.0,9.77460006612531,0.0,0.0,1.4995413028012268,0.39367378727951785,0.9192502103393836,0.0
58.224000000000004,0.0,0.0,9.844444471976116,0.0,0.0,1.500001074058654,0.41561925412969936,0.9095386938424733,0.0
58.24,0.0,0.0,9.779407816057157,0.0,0.0,1.4999953223921785,0.43732535875766354,0.8993033584878247,0.0
58.256,0.0,0.0,9.798743129324682,0.0,0.0,1.4997297413873767,0.4587796002472748,0.8885500989797653,0.0
58.272,0.0,0.0,9.81523223399197,0.0,0.0,1.5002686203092974,0.47996962273467847,0.8772851083039828,0.0
58.288000000000004,0.0,0.0,9.825681537592756,0.0,0.0,1.4999517481563878,0.5008832225242581,0.8655148741608746,0.0
58.304,0.0,0.0,9.742343117739386,0.0,0.0,1.4999690861749562,0.521508355116938,0.8532461752291807,0.0
58.32,0.0,0.0,9.85294927572252,0.0,0.0,1.500215354942322,0.5418331421468328,0.8404860772620152,0.0
58.336,0.0,0.0,9.800662926230869,0.0,0.0,1.5000215004238018,0.5618458782221871,0.8272419290175875,0.0
58.352000000000004,0.0,0.0,9.81272017206539,0.0,0.0,1.5000834944642327,0.5815350376667224,0.8135213580269197,0.0
58.368,0.0,0.0,9.838803772227024,0.0,0.0,1.5001899597508794,0.6008892811574575,0.7993322662010298,0.0
58.384,0.0,0.0,9.768133499240866,0.0,0.0,1.4998909522501471,0.6198974622552307,0.7846828252800777,0.0
58.4,0.0,0.0,9.850480214102411,0.0,0.0,1.4997767398091395,0.638548633824117,0.7695814721271256,0.0
58.416000000000004,0.0,0.0,9.804885512539887,0.0,0.0,1.4999709854995227,0.6568320543360731,0.7540369038692032,0.0
58.432,0.0,0.0,9.824570026326489,0.0,0.0,1.499992344102415,0.6747371940571654,0.7380580728884842,0.0
58.448,0.0,0.0,9.870807821316149,0.0,0.0,1.4999616533327058,0.6922537411118249,0.7216541816664561,0.0
58.464,0.0,0.0,9.854135906735051,0.0,0.0,1.4999723913183467,0.7093716074216306,0.704834677484055,0.0
58.480000000000004,0.0,0.0,9.78126278182494,0.0,0.0,1.499784506812723,0.7260809345152093,0.6876092469808127,0.0
58.496,0.0,0.0,9.932796290213915,0.0,0.0,1.4999242039839007,0.7423720992058928,0.6699878105761599,0.0
58.512,0.0,0.0,9.843049452818912,0.0,0.0,1.4999931578648311,0.7582357191338799,0.6519805167560825,0.0
58.528,0.0,0.0,9.788093541039357,0.0,0.0,1.5000306260064877,0.7736626581696939,0.6335977362284396,0.0
58.544000000000004,0.0,0.0,9.781295464986234,0.0,0.0,1.499744530402117,0.7886440316758391,0.6148500559502929,0.0
58.56,0.0,0.0,9.820236539585357,0.0,0.0,1.4961734507223867,0.803133522930494,0.5957990805172946,0.0
58.576,0.0,0.0,9.798593351967783,0.0,0.0,1.4480520598896958,0.8167200511200647,0.5770341047966219,0.0
58.592,0.0,0.0,9.721375141217408,0.0,0.0,1.4072388794284154,0.8295047331464617,0.5584996845904372,0.0
58.608000000000004,0.0,0.0,9.84161963218961,0.0,0.0,1.3752856389398744,0.8415917118150761,0.5401142384756861,0.0
58.624,0.0,0.0,9.870682724278662,0.0,0.0,1.3386269829483244,0.8529678436726766,0.5219634639133132,0.0
58.64,0.0,0.0,9.843076937239845,0.0,0.0,1.306852454061739,0.8636941007363795,0.5040163691321711,0.0
58.656,0.0,0.0,9.820842899206,0.0,0.0,1.273345099666477,0.8737821310522769,0.48631757880395576,0.0
58.672000000000004,0.0,0.0,9.784878386163731,0.0,0.0,1.2419922860598989,0.8832737372800687,0.46885765967007526,0.0
58.688,0.0,0.0,9.778557930971534,0.0,0.0,1.2108214951644822,0.8921896942752194,0.451660878789707,0.0
58.704,0.0,0.0,9.817173503991674,0.0,0.0,1.1809863005119705,0.900562655419505,0.4347262399071052,0.0
58.72,0.0,0.0,9.82298470805677,0.0,0.0,1.1511372993936713,0.9084160019065451,0.41806741977835077,0.0
58.736000000000004,0.0,0.0,9.820544473717305,0.0,0.0,1.1224307131712956,0.9157774299594137,0.40168606993139694,0.0
58.752,0.0,0.0,9.773879748059784,0.0,0.0,1.094273391443168,0.922670245987474,0.3855899598918702,0.0
58.768,0.0,0.0,9.824813380905214,0.0,0.0,1.0672907214740865,0.9291189659011259,0.3697809448887583,0.0
58.784,0.0,0.0,9.907498443311237,0.0,0.0,1.040453817815467,0.935145753188552,0.354263207648517,0.0
58.800000000000004,0.0,0.0,9.841493922520607,0.0,0.0,1.014387992307452,0.9407727269599747,0.33903786839863903,0.0
58.816,0.0,0.0,9.756537555607746,0.0,0.0,0.9890950878297106,0.9460205189574423,0.3241067381457712,0.0
58.832,0.0,0.0,9.838967971390085,0.0,0.0,0.9645522460058512,0.9509092306093393,0.3094699260702959,0.0
58.848,0.0,0.0,9.845771264461446,0.0,0.0,0.9405146148711424,0.9554578603960967,0.2951275605688379,0.0
58.864000000000004,0.0,0.0,9.775838047019342,0.0,0.0,0.9168767182438484,0.9596847085905494,0.28107874358882495,0.0
58.88,0.0,0.0,9.855624852693344,0.0,0.0,0.8939626871800949,0.9636071608884983,0.26732235126230625,0.0
58.896,0.0,0.0,9.79824629023983,0.0,0.0,0.8717145442465297,0.9672418682321994,0.25385659010292544,0.0
58.912,0.0,0.0,9.842894896026458,0.0,0.0,0.8499559961595179,0.9706046755754031,0.24067937957200855,0.0
58.928000000000004,0.0,0.0,9.900757143473896,0.0,0.0,0.8287628524994094,0.973710710328466,0.22778817482835792,0.0
58.944,0.0,0.0,9.847151373733665,0.0,0.0,0.8081563357213151,0.976574369729016,0.21518015798017998,0.0
58.96,0.0,0.0,9.813885275358038,0.0,0.0,0.7878861917747505,0.9792093720292849,0.2028521770403605,0.0
58.976,0.0,0.0,9.869532331561938,0.0,0.0,0.7682687974526502,0.9816287670498371,0.19080084826912194,0.0
58.992000000000004,0.0,0.0,9.798000888825776,0.0,0.0,0.7491940101088317,0.9838449718553581,0.17902254426448522,0.0
59.008,0.0,0.0,9.869597511292124,0.0,0.0,0.7302048165482418,0.9858697899839124,0.16751345377932048,0.0
59.024,0.0,0.0,9.74848174960346,0.0,0.0,0.712096868250253,0.9877144402450367,0.15626958927262125,0.0
59.04,0.0,0.0,9.80440665040632,0.0,0.0,0.6944277701210847,0.9893895786672005,0.14528682536534254,0.0
59.056000000000004,0.0,0.0,9.754267851172571,0.0,0.0,0.6770894754923041,0.9909053237896237,0.1345609129182066,0.0
59.072,0.0,0.0,9.716394874999192,0.0,0.0,0.6602335658179671,0.9922712788706449,0.12408750593196238,0.0
59.088,0.0,0.0,9.808734638977171,0.0,0.0,0.6436976339313903,0.9934965549624253,0.11386217667773932,0.0
59.104,0.0,0.0,9.781150672570051,0.0,0.0,0.6274966333237805,0.9945897923642584,0.10388043571732575,0.0
59.120000000000005,0.0,0.0,9.785015239124823,0.0,0.0,0.6120292923176532,0.9955591819648543,0.09413774591241374,0.0
59.136,0.0,0.0,9.790328141792305,0.0,0.0,0.596691407926796,0.9964124855267229,0.08462953790762656,0.0
59.152,0.0,0.0,9.869177937845267,0.0,0.0,0.5816676383096654,0.997157055483289,0.07535122228535376,0.0
59.168,0.0,0.0,9.83179358948014,0.0,0.0,0.5673240728746802,0.9977998538990697,0.06629820177799112,0.0
59.184000000000005,0.0,0.0,9.866495731556721,0.0,0.0,0.5531625741073155,0.9983474708083999,0.05746588144691738,0.0
59.2,0.0,0.0,9.77803214149187,0.0,0.0,0.5391353285158622,0.9988061418123984,0.04884967838001784,0.0
59.216,0.0,0.0,9.734384423953156,0.0,0.0,0.5259143709288543,0.999181765019162,0.040445030018436454,0.0
59.232,0.0,0.0,9.807315980107905,0.0,0.0,0.512706214328,0.9994799172942279,0.03224740184144684,0.0
59.248000000000005,0.0,0.0,9.794677111441612,0.0,0.0,0.49994013238554175,0.9997058698604047,0.02425229404925863,0.0
59.264,0.0,0.0,9.879706088792213,0.0,0.0,0.48749939712188595,0.999864603247056,0.016455247600926048,0.0
59.28,0.0,0.0,9.717369784945314,0.0,0.0,0.4752152677453469,0.9999608216129399,0.008851849477610077,0.0
59.296,4.998116538843261,-0.034153132773384144,9.77403499272158,0.0,0.0,0.4272885433916565,0.9999979680141323,0.00201592847254138,0.0
59.312000000000005,5.033539066626566,0.00385660824965598,9.804415320778723,0.0,0.0,0.3792858614885539,0.9999917901997062,-0.004052102316960477,0.0
59.328,4.9766076030658795,0.03401286751398777,9.801374680495671,0.0,0.0,0.3312165309116954,0.9999562688436353,-0.00935202653521666,0.0
59.344,4.9874916624265815,0.05693152695638973,9.81585360159151,0.0,0.0,0.28330454922501574,0.9999036158079405,-0.01388377089290067,0.0
59.36,4.999075023511513,0.07146363663753429,9.814855666663076,0.0,0.0,0.23526417078518103,0.9998442732475338,-0.017647358275702848,0.0
59.376000000000005,5.006221699428033,0.07935097224458085,9.864535335987243,0.0,0.0,0.18723611402179458,0.9997869133047228,-0.02064286764514793,0.0
59.392,4.987268612429079,0.07876826277666034,9.866651255003024,0.0,0.0,0.13924555780311468,0.9997384381778074,-0.022870400735415613,0.0
59.408,5.000396422177371,0.0710994177620557,9.789786081141894,0.0,0.0,0.09124753942860406,0.999703980384731,-0.024330055547117452,0.0
59.424,4.993975607097237,0.054956908264120634,9.874230736335193,0.0,0.0,0.043252081087879736,0.9996869030792749,-0.025021906637353066,0.0
59.44,5.0075415223429065,0.03156465506124871,9.765431595683689,0.0,0.0,-0.004745622573293842,0.9996888003138389,-0.024945992204711272,0.0
59.456,4.979619691748647,-0.0017707906189332746,9.789509709815539,0.0,0.0,-0.025313293154485984,0.9996988229601754,-0.024541054827373072,0.0
59.472,5.002150723280212,-0.02029572865666037,9.835432426416068,0.0,0.0,-0.024935375711664636,0.999708535082465,-0.02414218058237101,0.0
59.488,4.98147425203913,-0.021898018054738462,9.777472145230046,0.0,0.0,-0.02456226791257277,0.9997179469889034,-0.02374924142562481,0.0
59.504,5.008030821011717,-0.02359425291716001,9.857313115454945,0.0,0.0,-0.024202223840962874,0.9997270686107895,-0.02336211220925302,0.0
59.52,4.987638725229847,-0.025069252065960165,9.873774234478164,0.0,0.0,-0.02384512075206535,0.9997359095175311,-0.022980670598459797,0.0
59.536,4.99817595409493,-0.026705987528344792,9.85851767103848,0.0,0.0,-0.02350224774288237,0.9997444789309906,-0.02260479699095876,0.0
59.552,4.993774012437056,-0.028231369841465334,9.815623885229453,0.0,0.0,-0.02315760115682701,0.9997527857392117,-0.02223437443882785,0.0
59.568,5.0045871235949,-0.029748959260445303,9.761608326715063,0.0,0.0,-0.022820718111840076,0.9997608385095528,-0.021869288572707053,0.0
59.584,5.003335842504707,-0.03098406988336864,9.805200456238149,0.0,0.0,-0.022494023265281753,0.9997686455012517,-0.02150942752823927,0.0
59.6,5.019345287599435,-0.032499041433123384,9.851666817796483,0.0,0.0,-0.022179702038985685,0.9997762146774554,-0.02115468187467379,0.0
59.616,4.989194855630596,-0.03368037022008555,9.812752150440083,0.0,0.0,-0.021863498048854665,0.9997835537167318,-0.020804944545540337,0.0
59.632,5.035264656962126,-0.035234793227779684,9.74566563922618,0.0,0.0,-0.0215587633274531,0.9997906700240933,-0.020460110771319387,0.0
59.648,5.038890724077779,-0.03606216041224543,9.80459520223051,0.0,0.0,-0.021252679956458683,0.9997975707415525,-0.020120078014023157,0.0
59.664,4.992743687064103,-0.037398953297325455,9.82357411877955,0.0,0.0,-0.020957939494259042,0.9998042627582309,-0.019784745903613305,0.0
59.68,4.97467398665268,-0.03879229045578326,9.876001723740574,0.0,0.0,-0.020676293981781075,0.9998107527200419,-0.019454016176184877,0.0
59.696,5.015426252755886,-0.039747336638966395,9.79811761082777,0.0,0.0,-0.020394607911942527,0.9998170470389681,-0.019127792613841905,0.0
59.712,5.015164714769718,-0.040705104976748015,9.80505833636451,0.0,0.0,-0.02011495499907686,0.9998231519019486,-0.018805980986198737,0.0
59.728,5.034091638145153,-0.04184098328315734,9.770928445660703,0.0,0.0,-0.01984604172302665,0.9998290732793981,-0.018488488993435383,0.0
59.744,5.00637276121914,-0.04299163828904586,9.789856015524618,0.0,0.0,-0.019579049300130612,0.9998348169333695,-0.018175226210852817,0.0
59.76,4.993107954888036,-0.043801330063317066,9.840374184097275,0.0,0.0,-0.019320689043574545,0.9998403884253805,-0.017866104034854634,0.0
59.776,5.001429837352969,-0.04474174267668432,9.760552687218679,0.0,0.0,-0.01906914153991477,0.9998457931239153,-0.017561035630302375,0.0
59.792,1.2508363969968364,-0.0467173300758381,9.84708373898026,0.0,0.0,-0.018824257974477517,0.9998510362116182,-0.017259935879180822,0.0
59.808,2.1132142050740992e-05,-0.047199273064804134,9.806853155369666,0.0,0.0,-0.01857511413271696,0.9998561223209428,-0.016962743213532618,0.0
59.824,2.0653068602145334e-05,-0.04646363827961927,9.759718877988561,0.0,0.0,-0.01833669989996906,0.9998610558280252,-0.01666940426251266,0.0
59.84,2.0159696008211675e-05,-0.046098905624641084,9.82906300009469,0.0,0.0,-0.018095404494059053,0.9998658409890455,-0.016379866399603805,0.0
59.856,1.946137881094034e-05,-0.04519790923685514,9.854268542646288,0.0,0.0,-0.017865663369450356,0.999870481943513,-0.016094077732106415,0.0
59.872,1.9025401441006578e-05,-0.044688940879106104,9.826991421844813,0.0,0.0,-0.017632408790215538,0.9998749827174601,-0.01581198709077511,0.0
59.888,1.852378163050562e-05,-0.043693427542691225,9.770280890987845,0.0,0.0,-0.017405912094050995,0.9998793472265498,-0.015533544019600637,0.0
59.904,1.820007833766935e-05,-0.043669588344805436,9.833561703582372,0.0,0.0,-0.01718100942025151,0.9998835792790963,-0.015258698765736394,0.0
59.92,1.7659476152546236e-05,-0.042991976406016416,9.837769819924528,0.0,0.0,-0.0169588911089963,0.9998876825790036,-0.014987402269564177,0.0
59.936,1.702486886179636e-05,-0.04233508445622086,9.816611498192007,0.0,0.0,-0.016737690723102435,0.9998916607286235,-0.014719606154901265,0.0
59.952,1.6618297331961182e-05,-0.04165176475412208,9.82229964475532,0.0,0.0,-0.016523888353680637,0.9998955172315329,-0.014455262719346102,0.0
59.968,1.6158504770156805e-05,-0.04143987320143824,9.773057059251906,0.0,0.0,-0.016308174823000066,0.9998992554952376,-0.014194324924757121,0.0
59.984,1.5837941015368452e-05,-0.04054527771900477,9.817533515035421,0.0,0.0,-0.016102379853149506,0.9999028788337997,-0.013936746387867075,0.0
60.0,1.5406038886577282e-05,-0.04007985014158018,9.84298665937146,0.0,0.0,-0.01589541724231633,0.9999063904703936,-0.013682481371031336,0.0
60.016,1.5026808102889543e-05,-0.039839075547670647,9.810088588526718,0.0,0.0,-0.015687785293176538,0.9999097935397923,-0.013431484773103245,0.0
60.032000000000004,1.4724504485915689e-05,-0.039488113478920124,9.724436278902413,0.0,0.0,-0.015487911858568645,0.9999130910907834,-0.013183712120439596,0.0
60.048,1.4355752732295573e-05,-0.03865619082522465,9.765161440623695,0.0,0.0,-0.015290403951857767,0.999916286088522,-0.01293911955803398,0.0
60.064,1.3825224650635726e-05,-0.03816120955044096,9.826407103720852,0.0,0.0,-0.01509148774847151,0.9999193814168154,-0.01269766384077508,0.0
60.08,1.3555634208343304e-05,-0.03799522084602722,9.864808393678551,0.0,0.0,-0.014898595580426706,0.999922379880348,-0.01245930232482316,0.0
60.096000000000004,1.3318944600564533e-05,-0.0372135149435992,9.796900511414632,0.0,0.0,-0.014708578133797355,0.9999252842068429,-0.012223992959118933,0.0
60.112,1.285519041045894e-05,-0.036744380205392065,9.833866551588676,0.0,0.0,-0.014518152845493574,0.9999280970491664,-0.011991694277002104,0.0
60.128,1.2515781214496873e-05,-0.035889365435448135,9.79235968795866,0.0,0.0,-0.014332015296539897,0.9999308209873724,-0.0117623653879541,0.0
60.144,1.2154503628066184e-05,-0.035900422081319695,9.87435659510409,0.0,0.0,-0.014151290991976874,0.9999334585306923,-0.011535965969452089,0.0
60.160000000000004,1.1866485870585658e-05,-0.0352988289588761,9.805144468111632,0.0,0.0,-0.013971457843317422,0.9999360121194703,-0.011312456258947981,0.0
60.176,1.1617019092807661e-05,-0.03494382132048044,9.743743310893823,0.0,0.0,-0.013794200148662448,0.9999384841270444,-0.011091797045950695,0.0
60.192,1.138401250638853e-05,-0.03457576988311543,9.737854780451713,0.0,0.0,-0.0136163557755959,0.9999408768615772,-0.010873949664225233,0.0
60.208,1.1029315745124828e-05,-0.034098115442678885,9.789326397983814,0.0,0.0,-0.01344467046636491,0.9999431925678356,-0.010658875984100423,0.0
60.224000000000004,1.0813197650215262e-05,-0.03372404133161431,9.752739279624665,0.0,0.0,-0.013271296891927504,0.9999454334289223,-0.010446538404888548,0.0
60.24,1.0430314104092049e-05,-0.03335316096053885,9.77594815249931,0.0,0.0,-0.013102997795177877,0.9999476015679594,-0.010236899847408101,0.0
60.256,1.0134899345916947e-05,-0.03306113150881083,9.825135341619426,0.0,0.0,-0.012935388448470413,0.9999496990497257,-0.010029923746617543,0.0
60.272,9.935159362619359e-06,-0.03228513365856691,9.813229659048497,0.0,0.0,-0.012772508770080272,0.9999517278822508,-0.009825574044345519,0.0
60.288000000000004,9.693216049313763e-06,-0.03215568450199833,9.816427502307095,0.0,0.0,-0.012609796654906727,0.9999536900183629,-0.00962381518213247,0.0
60.304,9.476078581372985e-06,-0.031488021081801355,9.806927556780085,0.0,0.0,-0.012449785392211482,0.9999555873571958,-0.009424612094169798,0.0
60.32,9.274044688972122e-06,-0.030991481910027305,9.801419748491885,0.0,0.0,-0.012293116866023182,0.9999574217456552,-0.009227930200337292,0.0
60.336,9.042575297502996e-06,-0.030711815183389224,9.82108228260074,0.0,0.0,-0.01213828509587377,0.9999591949798425,-0.009033735399343813,0.0
60.352000000000004,8.73343712341968e-06,-0.030227825798576503,9.720623901521192,0.0,0.0,-0.01198387390739136,0.9999609088064436,-0.008841994061959776,0.0
60.368,8.551491902191827e-06,-0.030017851378150422,9.847128579971796,0.0,0.0,-0.011833291939033734,0.9999625649240744,-0.008652673024351682,0.0
60.384,8.315220970803613e-06,-0.029521505622191874,9.805568210010756,0.0,0.0,-0.011681614505756345,0.999964164984595,-0.008465739581504641,0.0
60.4,8.140554615213129e-06,-0.029310746689330622,9.81523037015474,0.0,0.0,-0.011536883131706881,0.9999657105943832,-0.008281161480742852,0.0
60.416000000000004,7.891108532923162e-06,-0.02892434301427322,9.81031597074402,0.0,0.0,-0.011392598510019293,0.9999672033155772,-0.008098906915340872,0.0
60.432,7.751437911610115e-06,-0.02859654837087345,9.806450479155133,0.0,0.0,-0.011247589892281392,0.9999686446672802,-0.007918944518225017,0.0
60.448,7.469957691357179e-06,-0.0279628278089525,9.878948113670377,0.0,0.0,-0.011105700227948065,0.9999700361267366,-0.007741243355761663,0.0
60.464,7.307454384599846e-06,-0.027506371081386042,9.758037790827268,0.0,0.0,-0.010966370852932556,0.9999713791304722,-0.0075657729216402425,0.0
60.480000000000004,7.151279307423095e-06,-0.027506612049120985,9.788303795497328,0.0,0.0,-0.010829164373561188,0.9999726750754045,-0.007392503130835484,0.0
60.496,6.939087701592904e-06,-0.02703122540013232,9.826761327188263,0.0,0.0,-0.01069459719783287,0.9999739253199249,-0.007221404313660283,0.0
60.512,6.7580280482230115e-06,-0.026820923299751227,9.812984106196895,0.0,0.0,-0.010562214255696407,0.9999751311849469,-0.007052447209900768,0.0
60.528,6.633182128010267e-06,-0.026189127526829857,9.802124940153602,0.0,0.0,-0.010428340753061385,0.9999762939549296,-0.006885602963035227,0.0
60.544000000000004,6.449996475691117e-06,-0.02609504480807169,9.843168375076766,0.0,0.0,-0.01029861402499016,0.999977414878871,-0.006720843114534018,0.0
60.56,6.291195029155325e-06,-0.02570114662828385,9.793960203456903,0.0,0.0,-0.010171614303497641,0.9999784951712763,-0.006558139598243883,0.0
60.576,6.130629771709269e-06,-0.025525187114646235,9.841077104062252,0.0,0.0,-0.010042885234541344,0.9999795360130959,-0.006397464734845756,0.0
60.592,5.962280698872256e-06,-0.025103983511722983,9.85250252489415,0.0,0.0,-0.009917040875954748,0.9999805385526428,-0.00623879122639665,0.0
60.608000000000004,5.83446429997674e-06,-0.024674167103618656,9.83054421202572,0.0,0.0,-0.009794603062386309,0.999981503906481,-0.006082092150946239,0.0
60.624,5.7125127663803295e-06,-0.024474345944593835,9.898794618864267,0.0,0.0,-0.009672348409964041,0.9999824331602915,-0.005927340957232012,0.0
60.64,5.555364389298929e-06,-0.024297922401618894,9.759045994212684,0.0,0.0,-0.00955250285700135,0.9999833273697141,-0.005774511459445914,0.0
60.656,5.39875276009535e-06,-0.023902243452409017,9.833742123691136,0.0,0.0,-0.009433630156959062,0.9999841875611667,-0.005623577832078058,0.0
60.672000000000004,5.289696094702294e-06,-0.023522424772775434,9.865104033645155,0.0,0.0,-0.009316314059814784,0.9999850147326418,-0.005474514604834661,0.0
60.688,5.1579191373288034e-06,-0.023325677694534308,9.751174816031785,0.0,0.0,-0.009200680719445362,0.9999858098544807,-0.005327296657623801,0.0
60.704,5.02193561737367e-06,-0.022991419189749167,9.856815177123817,0.0,0.0,-0.009088194186088833,0.9999865738701291,-0.005181899215615907,0.0
60.72,4.9175873928530496e-06,-0.022736063742587166,9.811188073064708,0.0,0.0,-0.008974797287507235,0.9999873076968684,-0.005038297844373907,0.0
60.736000000000004,4.7457569692792985e-06,-0.022401458557844943,9.81331126091323,0.0,0.0,-0.008862919916571172,0.99998801222653,-0.004896468445050627,0.0
60.752,4.664665903234589e-06,-0.022245680148469765,9.855665664213385,0.0,0.0,-0.008756635133866366,0.9999886883261887,-0.004756387249654566,0.0
60.768,4.532057473566897e-06,-0.021864560553163017,9.843378666947656,0.0,0.0,-0.008647065325584173,0.9999893368388381,-0.004618030816385877,0.0
60.784,4.4801230130858e-06,-0.021398951034252933,9.812181018654965,0.0,0.0,-0.008541044478876623,0.9999899585840462,-0.004481376025032553,0.0
60.800000000000004,4.335576893518076e-06,-0.021363389125197158,9.830541927942184,0.0,0.0,-0.008435462879460938,0.9999905543585952,-0.004346400072438427,0.0
60.816,4.210069921419641e-06,-0.0211207130349568,9.84355351330857,0.0,0.0,-0.008333460073741104,0.9999911249371016,-0.004213080468030539,0.0
60.832,4.135272616440498e-06,-0.02100851590728356,9.750742874347592,0.0,0.0,-0.008231480480112182,0.9999916710726214,-0.0040813950294121505,0.0
60.848,4.033715073600268e-06,-0.020609882325153435,9.857587535428422,0.0,0.0,-0.008129978587230502,0.9999921934972374,-0.003951321878016505,0.0
60.864000000000004,3.91926588094332e-06,-0.020347521944837497,9.86571809029975,0.0,0.0,-0.008030344936855512,0.9999926929226313,-0.0038228394348244904,0.0
60.88,3.8402967927199735e-06,-0.019940520414276876,9.843197370786065,0.0,0.0,-0.007933467569053056,0.999993170040639,-0.0036959264161417734,0.0
60.896,3.7442726917154146e-06,-0.0198624640389277,9.821461209006653,0.0,0.0,-0.00783544349799029,0.9999936255237941,-0.003570561829431882,0.0
60.912,3.638121770910419e-06,-0.019527911424809273,9.747366263031724,0.0,0.0,-0.007739938507533242,0.9999940600258518,-0.0034467249692181124,0.0
60.928000000000004,3.553411335065913e-06,-0.01933416523193139,9.790125114708104,0.0,0.0,-0.007645773798295104,0.9999944741823016,-0.0033243954130307636,0.0
60.944,3.4909896439344145e-06,-0.019239252900549786,9.830965467189136,0.0,0.0,-0.0075522712571906014,0.9999948686108667,-0.0032035530174216982,0.0
60.96,3.4092463818375787e-06,-0.018765496631955838,9.845822011929352,0.0,0.0,-0.007460376289214851,0.9999952439119871,-0.0030841779140320155,0.0
60.976,3.3162471850078745e-06,-0.018690395014770957,9.8336340610877,0.0,0.0,-0.007369287343644778,0.9999956006692918,-0.0029662505057110986,0.0
60.992000000000004,3.238207401870268e-06,-0.018316054562812035,9.809226741366233,0.0,0.0,-0.007281539011303215,0.9999959394500564,-0.0028497514627003596,0.0
61.008,3.1818731550435135e-06,-0.018192648720708905,9.87215917818743,0.0,0.0,-0.00719351576155789,0.999996260805651,-0.0027346617188572894,0.0
61.024,3.081593329203942e-06,-0.01799417780321143,9.828965527639971,0.0,0.0,-0.007105485249754406,0.9999965652719722,-0.00262096246794622,0.0
61.04,3.007639481782163e-06,-0.01773233755194866,9.822533578409638,0.0,0.0,-0.007020316256449019,0.9999968533698664,-0.0025086351599743063,0.0
61.056000000000004,2.921466581260127e-06,-0.01755339423482642,9.84079674587023,0.0,0.0,-0.0069352648298032,0.9999971256055404,-0.0023976614975782756,0.0
61.072,2.8605457120087378e-06,-0.017219356104922572,9.780668912335393,0.0,0.0,-0.006851586579339479,0.9999973824709607,-0.002288023432466619,0.0
61.088,2.794617319700963e-06,-0.017081213509251313,9.762584963370958,0.0,0.0,-0.006771033497386639,0.9999976244442413,-0.0021797031619088026,0.0
61.104,2.727216685187351e-06,-0.017028390461053117,9.798596033209396,0.0,0.0,-0.006687988494832479,0.9999978519900241,-0.002072683125275291,0.0
61.120000000000005,2.665721965770123e-06,-0.01668351680249407,9.79227484660975,0.0,0.0,-0.006608374297747749,0.9999980655598445,-0.0019669460006250493,0.0
61.136,2.5997920012776385e-06,-0.01641203892327625,9.785573617773377,0.0,0.0,-0.006528776656106414,0.9999982655924894,-0.0018624747013425418,0.0
61.152,2.526719503221088e-06,-0.016263571285324723,9.784912448982427,0.0,0.0,-0.006451847390812432,0.999998452514347,-0.0017592523728229106,0.0
61.168,2.478719912629066e-06,-0.016171430011189637,9.86667071095183,0.0,0.0,-0.006374575975525233,0.9999986267397439,-0.0016572623891984437,0.0
61.184000000000005,2.4404769138083017e-06,-0.01591523149715735,9.781884705042888,0.0,0.0,-0.0062982618704574495,0.9999987886712743,-0.0015564883501205684,0.0
61.2,2.3720419794592543e-06,-0.015720673651400705,9.82243517927903,0.0,0.0,-0.006222863243575102,0.9999989387001221,-0.0014569140775756138,0.0
61.216,2.308076915673677e-06,-0.015548252926580831,9.861785688318248,0.0,0.0,-0.006148585797751966,0.999999077206371,-0.001358523612756328,0.0
61.232,2.2377039753325226e-06,-0.01531844870663134,9.843917988714038,0.0,0.0,-0.0060767827768635685,0.9999992045593089,-0.0012613012129691812,0.0
61.248000000000005,2.191581355484927e-06,-0.01534015494571163,9.819741175077572,0.0,0.0,-0.0060044910771717705,0.9999993211177217,-0.00116523134859167,0.0
61.264,2.1487172286124252e-06,-0.015003198682123969,9.784728557186213,0.0,0.0,-0.005933150137079012,0.9999994272301823,-0.0010702987000625354,0.0
61.28,2.0835522046168713e-06,-0.01489136878775904,9.800222894986243,0.0,0.0,-0.005862326317637826,0.999999523235328,-0.0009764881549275462,0.0
61.296,2.045403818041387e-06,-0.014616803891051236,9.885887332362671,0.0,0.0,-0.005794623277439789,0.9999996094621331,-0.000883784804915101,0.0
61.312000000000005,1.9982769036832716e-06,-0.014478355860593746,9.78762088496664,0.0,0.0,-0.005725811197587739,0.9999996862301728,-0.0007921739430607509,0.0
61.328,1.948750145297355e-06,-0.014185501926538046,9.822727690638672,0.0,0.0,-0.0056579376067439225,0.9999997538498806,-0.0007016410608651042,0.0
61.344,1.9042593249409623e-06,-0.01413725377720016,9.842862194704853,0.0,0.0,-0.005592226845578358,0.9999998126227984,-0.000612171845497557,0.0
61.36,1.859445622591904e-06,-0.013924856441906292,9.835452486017472,0.0,0.0,-0.005526540867834245,0.9999998628418193,-0.0005237521770347486,0.0
61.376000000000005,1.8264835497455238e-06,-0.013878375610860574,9.783240933895849,0.0,0.0,-0.005461232721194276,0.9999999047914249,-0.00043636812574174635,0.0
61.392,1.7799728552870656e-06,-0.013719010188932351,9.826104489195059,0.0,0.0,-0.005397130962428032,0.9999999387479159,-0.00035000594938596955,0.0
61.408,1.7424827203984498e-06,-0.013456151025809427,9.863638186737626,0.0,0.0,-0.005334426744002472,0.9999999649796348,-0.0002646520905949599,0.0
61.424,1.7009229122116886e-06,-0.013341052487444325,9.855075820938549,0.0,0.0,-0.005272299636994852,0.9999999837471857,-0.0001802931742440175,0.0
61.44,1.6532472888160668e-06,-0.013326909968398358,9.816766441006738,0.0,0.0,-0.005211815985893365,0.999999995303644,-9.691600488525021e-05,0.0
61.456,1.6174522415742295e-06,-0.01304637754036853,9.795218271839248,0.0,0.0,-0.0051497474400788255,0.9999999998947653,-1.4507564212269922e-05,0.0
61.472,1.5692634083876637e-06,-0.012880965208793256,9.798624422231356,0.0,0.0,-0.00509102483150128,0.9999999977591842,6.694499144412419e-05,0.0
61.488,1.5488888561503383e-06,-0.012721551931404904,9.761791749323335,0.0,0.0,-0.005031984282004984,0.9999999891286099,0.00014745433358016635,0.0
61.504,1.5099690939455646e-06,-0.012637536912238203,9.774098253985775,0.0,0.0,-0.0049729364935939555,0.9999999742280163,0.00022703296395123926,0.0
61.52,1.4755270937454201e-06,-0.012422835913983148,9.94755256014504,0.0,0.0,-0.004915932400567859,0.9999999532758275,0.0003056932169738776,0.0
61.536,1.440266494037437e-06,-0.0122407613927879,9.871423103994657,0.0,0.0,-0.004859216759365535,0.9999999264840959,0.0003834472620885526,0.0
61.552,1.402441316451704e-06,-0.01204393190412321,9.799012560379742,0.0,0.0,-0.004804684821331062,0.9999998940586786,0.00046030710609145005,0.0
61.568,1.3697990482243667e-06,-0.011903541574135052,9.801069486898099,0.0,0.0,-0.004748159062580722,0.999999856199406,0.0005362845954372357,0.0
61.584,1.3404150319414804e-06,-0.011944332847574908,9.83420992791288,0.0,0.0,-0.004694933430820683,0.9999998131002492,0.0006113914185070343,0.0
61.6,1.3120746032505352e-06,-0.011774754067110985,9.724930507602703,0.0,0.0,-0.004639869675855248,0.9999997649494793,0.0006856391078447238,0.0
61.616,1.2721298708741266e-06,-0.011560001849100764,9.768448942794544,0.0,0.0,-0.004587927639848089,0.9999997119298246,0.0007590390423646536,0.0
61.632,1.253376291450193e-06,-0.011433048534743459,9.813021924349393,0.0,0.0,-0.0045354611925840695,0.9999996542186234,0.0008316024495276751,0.0
61.648,1.2344204919774401e-06,-0.011318279866302785,9.833830189070524,0.0,0.0,-0.0044840798095053735,0.9999995919879711,0.0009033404074876994,0.0
61.664,1.1997434659503684e-06,-0.011191268098659087,9.855907872830118,0.0,0.0,-0.004432733086939189,0.9999995254048654,0.0009742638472063407,0.0
61.68,1.167577211099211e-06,-0.011042223897660014,9.783531399245907,0.0,0.0,-0.00438230891001222,0.9999994546313469,0.001044383554543858,0.0
61.696,1.138503279675965e-06,-0.010846470196734709,9.767840795436998,0.0,0.0,-0.004331978964948998,0.9999993798246339,0.0011137101723161734,0.0
61.712,1.1142734445601131e-06,-0.01090956251821957,9.790887779954074,0.0,0.0,-0.004283866099144335,0.9999993011372563,0.0011822542023275215,0.0
61.728,1.0977030661047009e-06,-0.0107251898213842,9.835586457390319,0.0,0.0,-0.004235833066699411,0.9999992187171852,0.0012500260073731694,0.0
61.744,1.0660050505798942e-06,-0.010611967435862506,9.853398694528142,0.0,0.0,-0.004188702189487724,0.9999991327079573,0.0013170358132135397,0.0
61.76,1.04818337506716e-06,-0.010488453217631071,9.844545401584408,0.0,0.0,-0.004140832201351607,0.9999990432487975,0.0013832937105270641,0.0
61.776,1.02456121746346e-06,-0.010423394607568765,9.758403190485264,0.0,0.0,-0.004093756383050905,0.9999989504747384,0.0014488096568313247,0.0
61.792,1.0001646737048536e-06,-0.010250571606486602,9.784441514146444,0.0,0.0,-0.004049276928727653,0.9999988545167351,0.0015135934783780378,0.0
61.808,9.735655731984624e-07,-0.010198472439802554,9.887753487199262,0.0,0.0,-0.004004517617176744,0.9999987555017782,0.0015776548720269818,0.0
61.824,9.585477788467033e-07,-0.009979781998544086,9.79849000960989,0.0,0.0,-0.003959776538409515,0.9999986535530025,0.0016410034070897625,0.0
61.84,9.349456769235595e-07,-0.009878785405823737,9.844256679303273,0.0,0.0,-0.003915524710691866,0.999998548789795,0.0017036485271525266,0.0
61.856,9.128032572337208e-07,-0.009810475146974596,9.769773713844863,0.0,0.0,-0.003872591012965167,0.9999984413278965,0.0017655995518707228,0.0
61.872,8.930003996685866e-07,-0.009648789887775634,9.767334269824158,0.0,0.0,-0.0038285882280169126,0.9999983312795038,0.0018268656787432534,0.0
61.888,8.772604280279397e-07,-0.009604816629621801,9.734761176239665,0.0,0.0,-0.0037877319320158624,0.9999982187533663,0.0018874559848591189,0.0
61.904,8.581932705611185e-07,-0.009463720246604067,9.800191127965906,0.0,0.0,-0.0037449131076837203,0.999998103854883,0.0019473794286238905,0.0
61.92,8.350673301804216e-07,-0.009351678861203116,9.863315977857024,0.0,0.0,-0.003704338940481907,0.9999979866861933,0.0020066448514642252,0.0
61.936,8.211305973221293e-07,-0.009242605475764432,9.854295595188065,0.0,0.0,-0.0036636536492713947,0.9999978673462692,0.0020652609795039907,0.0
61.952,8.001175490224266e-07,-0.009145434645346937,9.863650519092849,0.0,0.0,-0.0036240532355263258,0.999997745931001,0.0021232364252235366,0.0
61.968,7.820347563014846e-07,-0.00910229116239503,9.825971558048785,0.0,0.0,-0.0035836692547586493,0.9999976225332836,0.002180579689097009,0.0
61.984,7.669429292909278e-07,-0.00904268982436604,9.852201661602333,0.0,0.0,-0.003544865019435311,0.9999974972430999,0.0022372991612039403,0.0
62.0,7.471033962874993e-07,-0.008791371948514018,9.77959554631469,0.0,0.0,-0.0035064979837713746,0.9999973701476,0.0022934031228233048,0.0
62.016,7.22161299235399e-07,-0.008744319755763444,9.759386651825723,0.0,0.0,-0.00346869568402218,0.999997241331182,0.0023488997480080724,0.0
62.032000000000004,7.180530033652387e-07,-0.008614344263703373,9.893252569989077,0.0,0.0,-0.003430666810953146,0.9999971108755652,0.002403797105133569,0.0
62.048,7.03288914747833e-07,-0.008626412546469958,9.826022643319716,0.0,0.0,-0.0033945373406580287,0.9999969788598678,0.002458103158430102,0.0
62.064,6.853381158515044e-07,-0.008470479977732186,9.820196083528575,0.0,0.0,-0.00335729106041122,0.999996845360676,0.0025118257694982755,0.0
62.08,6.742884963325405e-07,-0.008356558853403162,9.859927651814987,0.0,0.0,-0.0033220158191357915,0.9999967104521168,0.002564972698795691,0.0
62.096000000000004,6.58787967657318e-07,-0.00833202731390659,9.792571427578476,0.0,0.0,-0.003286376238731472,0.9999965742059241,0.0026175516071149938,0.0
62.112,6.435819680228256e-07,-0.008206277627208559,9.822398037152288,0.0,0.0,-0.003250933270928949,0.9999964366915068,0.0026695700570370778,0.0
62.128,6.275763522253798e-07,-0.008055397548235886,9.825800580681404,0.0,0.0,-0.0032166115330412885,0.9999962979760123,0.00272103551436609,0.0
62.144,6.172111980099215e-07,-0.008004746735518882,9.812414627297239,0.0,0.0,-0.003182353781738641,0.9999961581243902,0.0027719553495489154,0.0
62.160000000000004,6.038114303606965e-07,-0.007958514055405853,9.82539908444371,0.0,0.0,-0.0031487841644674093,0.9999960171994521,0.0028223368390753478,0.0
62.176,5.939982682284053e-07,-0.007888797164133278,9.728271936049266,0.0,0.0,-0.0031158817426306627,0.9999958752619326,0.002872187166858967,0.0
62.192,5.798736962578913e-07,-0.007734776310734924,9.830997639405496,0.0,0.0,-0.003083227662621479,0.9999957323705458,0.002921513425605367,0.0
62.208,5.636188686152998e-07,-0.007700197114646292,9.800626759088408,0.0,0.0,-0.0030504578541685366,0.9999955885820417,0.0029703226181590787,0.0
62.224000000000004,5.526082925378192e-07,-0.007606254689722739,9.819937703271878,0.0,0.0,-0.0030189786781321132,0.9999954439512616,0.0030186216588367447,0.0
62.24,5.43505681535404e-07,-0.007513525867525215,9.78360960447546,0.0,0.0,-0.0029872850220260664,0.9999952985311901,0.0030664173747420916,0.0
62.256,5.334203296747937e-07,-0.007440180639223855,9.791007195251948,0.0,0.0,-0.002956254887054797,0.9999951523730071,0.003113716507064927,0.0
62.272,5.217428394916631e-07,-0.007475544015941617,9.80065889072322,0.0,0.0,-0.002926019807055289,0.9999950055261383,0.003160525712370601,0.0
62.288000000000004,5.083622712942516e-07,-0.007316374044525102,9.752403687415427,0.0,0.0,-0.0028956021388836244,0.9999948580383038,0.0032068515638621654,0.0
62.304,5.007311092678882e-07,-0.007182198469451251,9.808512127544171,0.0,0.0,-0.002865602615151715,0.9999947099555652,0.003252700552639876,0.0
62.32,4.927016848676247e-07,-0.007178456029913936,9.855015113701887,0.0,0.0,-0.002835873165807368,0.999994561322372,0.00329807908893717,0.0
62.336,4.801407657918279e-07,-0.00708418684274094,9.874969540770387,0.0,0.0,-0.002807442776412923,0.9999944121816065,0.003342993503349098,0.0
62.352000000000004,4.7025244241024684e-07,-0.007044812397041584,9.783400397514958,0.0,0.0,-0.0027787841248779438,0.9999942625746272,0.003387450048039678,0.0
62.368,4.600108686966329e-07,-0.006895760681095217,9.852549884874678,0.0,0.0,-0.0027501215969524856,0.9999941125413107,0.0034314548979425805,0.0
62.384,4.506703818293124e-07,-0.006859046987078636,9.847972683851019,0.0,0.0,-0.0027220888146876226,0.999993962120094,0.003475014151941417,0.0
62.4,4.465652476883617e-07,-0.006802138420319362,9.822196370654074,0.0,0.0,-0.002694628881376441,0.9999938113480132,0.0035181338340435696,0.0
62.416000000000004,4.309427233464432e-07,-0.006734606819360408,9.916235264116708,0.0,0.0,-0.002667918454020687,0.9999936602607432,0.0035608198945345014,0.0
62.432,4.250201906147092e-07,-0.006645293145956866,9.798529401930564,0.0,0.0,-0.00264158659773741,0.9999935088926352,0.003603078211127196,0.0
62.448,4.163999635151236e-07,-0.00659948807441041,9.719284866100619,0.0,0.0,-0.0026149122357141674,0.9999933572767525,0.003644914590091373,0.0
62.464,4.0764661454211313e-07,-0.00657515546666315,9.814167747261324,0.0,0.0,-0.0025887981946906844,0.9999932054449084,0.003686334767375853,0.0
62.480000000000004,4.002462286896622e-07,-0.006468732901362154,9.80257636709878,0.0,0.0,-0.002562791014383476,0.9999930534276983,0.0037273444097182503,0.0
62.496,3.916433998463945e-07,-0.006459853008262762,9.822022469353175,0.0,0.0,-0.0025379223501013678,0.9999929012545345,0.0037679491157415817,0.0
62.512,3.8126682342711625e-07,-0.006337875025483423,9.817435730750367,0.0,0.0,-0.0025128921817273693,0.9999927489536792,0.003808154417042661,0.0
62.528,3.782837776517617e-07,-0.006269300180905516,9.82375976886089,0.0,0.0,-0.0024880552009190664,0.9999925965522755,0.0038479657792682863,0.0
62.544000000000004,3.6684478574399426e-07,-0.006259190330078077,9.77595600718076,0.0,0.0,-0.002464287197694177,0.9999924440763781,0.0038873886031801025,0.0
62.56,3.6192639466956584e-07,-0.0061206185807905,9.770107080244037,0.0,0.0,-0.0024399939419756495,0.9999922915509842,0.003926428225711486,0.0
62.576,3.5437660129907365e-07,-0.006118086663682244,9.787060187588796,0.0,0.0,-0.0024165546909136896,0.9999921390000616,0.003965089921011765,0.0
62.592,3.475809498762738e-07,-0.0059983923528104275,9.740249313535047,0.0,0.0,-0.002392876948745776,0.999991986446577,0.004003378901484453,0.0
62.608000000000004,3.432893014312949e-07,-0.005970544574435331,9.833626965344672,0.0,0.0,-0.0023704846283643007,0.9999918339125242,0.004041300318814165,0.0
62.624,3.366782405631949e-07,-0.005889535160205586,9.785549968191182,0.0,0.0,-0.0023473865497022355,0.999991681418949,0.004078859264985309,0.0
62.64,3.2744986310053515e-07,-0.0058691325631267405,9.767906727436422,0.0,0.0,-0.0023251565130620704,0.9999915289859764,0.004116060773291475,0.0
62.656,3.2208926633191185e-07,-0.00582312255209821,9.815321141756257,0.0,0.0,-0.002302707831811605,0.9999913766328351,0.004152909819338589,0.0
62.672000000000004,3.150351282184241e-07,-0.005801925533145561,9.790748161088567,0.0,0.0,-0.002281382530718803,0.9999912243778818,0.004189411322038759,0.0
62.688,3.113552420841687e-07,-0.0056934707949135846,9.84087097869493,0.0,0.0,-0.0022599375445125696,0.9999910722386243,0.0042255701445956745,0.0
62.704,3.0437778383542254e-07,-0.005657933979116696,9.796734264925709,0.0,0.0,-0.0022387299944757666,0.9999909202317447,0.004261391095487134,0.0
62.72,2.9876214445605636e-07,-0.0056022384885882695,9.836831904616595,0.0,0.0,-0.002218125551031681,0.9999907683731214,0.004296878929433793,0.0
62.736000000000004,2.9289138046425627e-07,-0.005530982267478329,9.809762570893334,0.0,0.0,-0.002197263071297734,0.9999906166778509,0.004332038348371263,0.0
62.752,2.876956820476937e-07,-0.0055074860163850615,9.763451619990656,0.0,0.0,-0.0021770735869983807,0.999990465160267,0.004366874002405097,0.0
62.768,2.8111403744389184e-07,-0.005444140028859254,9.817317406315931,0.0,0.0,-0.002157069525687744,0.999990313833963,0.0044013904907695646,0.0
62.784,2.7811407874432905e-07,-0.005400861635690626,9.812484892450094,0.0,0.0,-0.002137637001911414,0.9999901627118095,0.004435592362775543,0.0
62.800000000000004,2.722518534882017e-07,-0.00533622118556177,9.839772654980116,0.0,0.0,-0.0021186362673606992,0.9999900118059741,0.004469484118755078,0.0
62.816,2.6892445810112014e-07,-0.00527790851730734,9.803663090395524,0.0,0.0,-0.002099166731192226,0.999989861127939,0.004503070211003955,0.0
62.832,2.631556601098653e-07,-0.005244393391715229,9.7680602890262,0.0,0.0,-0.002080556568784655,0.9999897106885193,0.004536355044715603,0.0
62.848,2.5688656486431226e-07,-0.005221097400002977,9.761898900310069,0.0,0.0,-0.002061737968591059,0.9999895604978791,0.0045693429789147805,0.0
62.864000000000004,2.5309012430103485e-07,-0.005174351203324998,9.850349021489144,0.0,0.0,-0.002043629841208008,0.9999894105655486,0.004602038327387936,0.0
62.88,2.486262356826525e-07,-0.005079528331330084,9.757166535845379,0.0,0.0,-0.0020254873741193495,0.9999892609004403,0.004634445359609353,0.0
62.896,2.4597762932164193e-07,-0.005087560232945524,9.782826033638763,0.0,0.0,-0.002007340611751499,0.9999891115108633,0.004666568301665279,0.0
62.912,2.4040327335049686e-07,-0.0050142307851456045,9.771420700753213,0.0,0.0,-0.001990139760318773,0.999988962404539,0.0046984113371776395,0.0
62.928000000000004,2.3641832814661684e-07,-0.0049621018746438825,9.821047337008698,0.0,0.0,-0.001972807649112423,0.9999888135886151,0.004729978608226174,0.0
62.944,2.3227230027540493e-07,-0.004962873551884443,9.87469940572735,0.0,0.0,-0.0019561227764124793,0.9999886650696784,0.004761274216267478,0.0
62.96,2.275988902747749e-07,-0.004906398521782124,9.80470232772053,0.0,0.0,-0.0019389245349197674,0.9999885168537701,0.0047923022230573755,0.0
62.976,2.2380103217309093e-07,-0.004829314598691827,9.81710133950377,0.0,0.0,-0.0019224538378109963,0.9999883689463965,0.004823066651570616,0.0
62.992000000000004,2.202278806553571e-07,-0.004816356714804987,9.873915311621756,0.0,0.0,-0.001906423256214335,0.9999882213525424,0.004853571486923922,0.0
63.008,2.15820172572726e-07,-0.00478067780908476,9.793175643244833,0.0,0.0,-0.0018903588188331007,0.9999880740766822,0.0048838206772976855,0.0
63.024,2.142633537183335e-07,-0.004718362362293476,9.827889789925816,0.0,0.0,-0.0018751749113177778,0.9999879271227916,0.004913818134862339,0.0
63.04,2.1035797864543083e-07,-0.004712468699464743,9.881877304059175,0.0,0.0,-0.0018594226821909378,0.9999877804943583,0.004943567736706059,0.0
63.056000000000004,2.061436151875108e-07,-0.004676037074246469,9.803324474103713,0.0,0.0,-0.001844141608929759,0.9999876341943919,0.0049730733257664595,0.0
63.072,2.0367263383182854e-07,-0.004657086504010341,9.818785041865532,0.0,0.0,-0.0018288699910804995,0.9999874882254342,0.005002338711764955,0.0
63.088,1.9937037089884604e-07,-0.004602086377520689,9.834648433539465,0.0,0.0,-0.0018145982970374217,0.9999873425895688,0.0050313676721489035,0.0
63.104,1.95624647401006e-07,-0.004543710000250491,9.76994140660908,0.0,0.0,-0.0017998553385768707,0.9999871972884297,0.005060163953034838,0.0
63.120000000000005,1.9343189881639583e-07,-0.0045092354625776475,9.772893917148659,0.0,0.0,-0.0017851877464893598,0.9999870523232088,0.0050887312701625945,0.0
63.136,1.9013069958445842e-07,-0.004466596830139496,9.812468212812474,0.0,0.0,-0.0017713717532782658,0.9999869076946666,0.005117073309853667,0.0
63.152,1.873230585430281e-07,-0.004422307831159468,9.855914439774773,0.0,0.0,-0.0017575816043244083,0.9999867634031367,0.0051451937299779715,0.0
63.168,1.837656447782535e-07,-0.004388341809951264,9.75583293804186,0.0,0.0,-0.0017438788861982876,0.9999866194485355,0.005173096160930633,0.0
63.184000000000005,1.8114942492240163e-07,-0.004382556196993137,9.850213299938497,0.0,0.0,-0.0017305736094904427,0.9999864758303667,0.005200784206616296,0.0
63.2,1.7936839869503837e-07,-0.004312765256367378,9.767013879016144,0.0,0.0,-0.0017174712706214924,0.9999863325477294,0.005228261445448554,0.0
63.216,1.7653116587631842e-07,-0.004269358988300803,9.78748366879469,0.0,0.0,-0.0017041460951686166,0.9999861895993235,0.005255531431356251,0.0
63.232,1.7294252817156898e-07,-0.004279989449764581,9.877193295187178,0.0,0.0,-0.0016919214291573306,0.9999860469834541,0.0052825976948044345,0.0
63.248000000000005,1.7068903866434555e-07,-0.004235806620616488,9.689396980040126,0.0,0.0,-0.0016795281718240372,0.9999859046980377,0.005309463743832644,0.0
63.264,1.6826117975127446e-07,-0.004179793378536854,9.877621190722046,0.0,0.0,-0.0016670156694008438,0.999985762740606,0.0053361330651027225,0.0
63.28,1.6571422058263908e-07,-0.004183260293923536,9.822983788941938,0.0,0.0,-0.0016548391565342512,0.9999856211083101,0.00536260912496841,0.0
63.296,1.635775878537493e-07,-0.004155100777583222,9.817675298314903,0.0,0.0,-0.0016429055157741732,0.9999854797979246,0.005388895370560244,0.0
63.312000000000005,1.6073596348938415e-07,-0.004116275268565651,9.815460711386265,0.0,0.0,-0.0016316221571775898,0.9999853388058494,0.005414995230891115,0.0
63.328,1.5904171751704803e-07,-0.004076783375729741,9.867438646447026,0.0,0.0,-0.0016199009102043998,0.9999851981281145,0.005440912117980694,0.0
63.344,1.5704498991332675e-07,-0.004032145151515168,9.79339542923561,0.0,0.0,-0.001608660415430051,0.9999850577603804,0.00546664942800517,0.0
63.36,1.5455276565961554e-07,-0.004008362069511719,9.840635628282884,0.0,0.0,-0.001597552110261059,0.9999849176979408,0.005492210542468752,0.0
63.376000000000005,1.525419014046742e-07,-0.004008274018752114,9.805888005617277,0.0,0.0,-0.001586619003410694,0.9999847779357233,0.005517598829403359,0.0
63.392,1.5021857291868125e-07,-0.003954277910210012,9.862583979108056,0.0,0.0,-0.0015759640425202113,0.9999846384682911,0.005542817644594971,0.0
63.408,1.478809628439151e-07,-0.003921415877601086,9.786197544561603,0.0,0.0,-0.001565460554260511,0.9999844992898423,0.005567870332839052,0.0
63.424,1.4650245175906817e-07,-0.0039090109530947326,9.804021658538794,0.0,0.0,-0.0015556742751070914,0.9999843603942106,0.00559276022923128,0.0
63.440000000000005,1.4507873102672326e-07,-0.0038876822919654843,9.767068788718957,0.0,0.0,-0.0015456850402357195,0.9999842217748635,0.005617490660489146,0.0
63.456,1.4226043027237083e-07,-0.0038597983194554744,9.810139696263414,0.0,0.0,-0.0015356611780300814,0.9999840834249023,0.005642064946313069,0.0
63.472,1.4112212638864637e-07,-0.0038258999112083703,9.847620528311918,0.0,0.0,-0.0015264401527796735,0.9999839453370588,0.0056664864007848125,0.0
63.488,1.3959811796373138e-07,-0.0038464356578478175,9.837016262063967,0.0,0.0,-0.0015169377637123957,0.9999838075036948,0.005690758333810319,0.0
63.504,1.37237288344502e-07,-0.003802309661339395,9.794382545813157,0.0,0.0,-0.0015080627462558936,0.999983669916797,0.005714884052607379,0.0
63.52,1.3678579535815493e-07,-0.0037789205771527733,9.801746733706636,0.0,0.0,-0.0014990063953221487,0.999983532567975,0.005738866863238386,0.0
63.536,1.3333090483965308e-07,-0.0037381797061531146,9.770809198234492,0.0,0.0,-0.0014900063638233914,0.9999833954484564,0.005762710072203701,0.0
63.552,1.3233752323734424e-07,-0.0037021535968162988,9.854691251463414,0.0,0.0,-0.001481725067076273,0.999983258549082,0.005786416988076544,0.0
63.568,1.3106736071817147e-07,-0.003747708289633472,9.792838328284631,0.0,0.0,-0.0014733776108431604,0.9999831218603005,0.005809990923211818,0.0
63.584,1.293113641251589e-07,-0.0036933279347378684,9.877694861183874,0.0,0.0,-0.0014652632983798845,0.9999829853721611,0.005833435195509105,0.0
63.6,1.282179923825063e-07,-0.0036650731062826993,9.84331109908034,0.0,0.0,-0.0014573879456641775,0.9999828490743087,0.0058567531302454,0.0
63.616,1.270591746140323e-07,-0.0036217461510029843,9.83847153914855,0.0,0.0,-0.0014495935345224266,0.9999827129559734,0.0058799480619857545,0.0
63.632,1.2634091505431624e-07,-0.0036364460408653152,9.820686525172325,0.0,0.0,-0.0014421001915016207,0.9999825770059638,0.005903023336562772,0.0
63.648,1.2502010461257936e-07,-0.0035985888522710174,9.755556512133017,0.0,0.0,-0.001435462941423469,0.9999824412126567,0.00592598231314846,0.0
63.664,1.227453950325843e-07,-0.0035842901579969046,9.715899760269723,0.0,0.0,-0.0014278043859355311,0.999982305563987,0.005948828366409579,0.0
63.68,1.2176097862724852e-07,-0.003572512733418288,9.858815196870106,0.0,0.0,-0.0014210158541155455,0.9999821700474361,0.005971564888761988,0.0
63.696,1.206458442540908e-07,-0.003557602067507104,9.77396798860998,0.0,0.0,-0.0014143921741971526,0.9999820346500194,0.005994195292727626,0.0
63.712,1.1985631206149494e-07,-0.003524537072102823,9.778505535800017,0.0,0.0,-0.0014079628206161146,0.9999818993582734,0.006016723013400676,0.0
63.728,1.1807255057592781e-07,-0.0035125013693954733,9.79734418492148,0.0,0.0,-0.0014018532157819795,0.9999817641582406,0.0060391515110307875,0.0
63.744,1.1777433388717585e-07,-0.0035095801058199643,9.83564136357286,0.0,0.0,-0.0013957460713487143,0.9999816290354534,0.0060614842737399316,0.0
63.76,1.1662198984898183e-07,-0.0034980725813153002,9.839879265589811,0.0,0.0,-0.0013901730583694978,0.9999814939749185,0.006083724820367407,0.0
63.776,1.1577284275611024e-07,-0.0034664582586225504,9.765680760177855,0.0,0.0,-0.001384386954996525,0.9999813589610969,0.0061058767034677915,0.0
63.792,1.1495427271973179e-07,-0.0034560760939565155,9.797653952133473,0.0,0.0,-0.0013791605572423312,0.9999812239778847,0.006127943512465233,0.0
63.808,1.1413332554113118e-07,-0.003455390645160832,9.864911050106608,0.0,0.0,-0.00137414916373896,0.9999810890085913,0.006149928876976916,0.0
63.824,1.1340739211553312e-07,-0.0034121361647207146,9.74574527727647,0.0,0.0,-0.0013695589995152927,0.9999809540359176,0.006171836470321958,0.0
63.84,1.1217836877080347e-07,-0.0034159043412466564,9.732172702261346,0.0,0.0,-0.0013645684017021165,0.999980819041929,0.006193670013226977,0.0
63.856,1.1113167568657586e-07,-0.003405335739904815,9.837906067872268,0.0,0.0,-0.0013601069719583973,0.9999806840080312,0.00621543327774377,0.0
63.872,1.1059946470695493e-07,-0.003398609826143843,9.835420543013463,0.0,0.0,-0.0013558315380748209,0.9999805489149391,0.006237130091399407,0.0
63.888,1.1053688490631789e-07,-0.003398381411025399,9.787930546706404,0.0,0.0,-0.0013521792743460053,0.9999804137426476,0.006258764341593929,0.0
63.904,1.102249202220552e-07,-0.0033835413509972967,9.826981905616268,0.0,0.0,-0.0013486824397989572,0.9999802784703969,0.006280339980266255,0.0
63.92,1.0914761000051541e-07,-0.003385833531072028,9.722993082454229,0.0,0.0,-0.00134513123969248,0.9999801430766379,0.006301861028854729,0.0
63.936,1.0824986550499168e-07,-0.0033644051782222816,9.764023876588755,0.0,0.0,-0.0013419777349649076,0.9999800075389931,0.006323331583566987,0.0
63.952,1.0805609174938204e-07,-0.003353154619636196,9.826880490251913,0.0,0.0,-0.0013389089354476963,0.9999798718342144,0.0063447558210008165,0.0
63.968,1.0752841806355106e-07,-0.003348120968365309,9.814683106532312,0.0,0.0,-0.00133643023712436,0.9999797359381402,0.006366138004127884,0.0
63.984,1.0690888937619751e-07,-0.003355554689259657,9.793650890280928,0.0,0.0,-0.0013342296190507429,0.999979599825645,0.006387482488685731,0.0
64.0,1.0691434178720256e-07,-0.0033590358133969195,9.770566481644208,0.0,0.0,-0.0013319852364679476,0.9999794634705886,0.00640879373000856,0.0
64.016,1.0632804660230044e-07,-0.0033283603700554575,9.790263400519697,0.0,0.0,-0.001330235331983451,0.9999793268457606,0.006430076290335823,0.0
64.032,1.0515749908730276e-07,-0.003307751772868428,9.822022220278344,0.0,0.0,-0.0013290004150672736,0.9999791899228186,0.006451334846640812,0.0
64.048,1.0637680574128821e-07,-0.003318825068828507,9.817607978831086,0.0,0.0,-0.001327633739075456,0.9999790526722239,0.006472574199030794,0.0
64.06400000000001,1.055993860706387e-07,-0.003322874072273828,9.802213625869978,0.0,0.0,-0.0013265166179558434,0.9999789150631698,0.0064937992797661605,0.0
64.08,1.0553972429945837e-07,-0.003322502194259655,9.822190523911702,0.0,0.0,-0.0013257799270845836,0.9999787770635068,0.0065150151629625955,0.0
64.096,1.0535192732084306e-07,-0.0033265127541098026,9.783064774320419,0.0,0.0,-0.0013258358598135366,0.999978638639658,0.0065362270750372415,0.0
64.112,1.0586658816198545e-07,-0.0033288229304273974,9.769496199526387,0.0,0.0,-0.0013257249139742439,0.9999784997565309,0.006557440405972902,0.0
64.128,1.0546233231546844e-07,-0.003312337828377831,9.76328871337662,0.0,0.0,-0.001326192259149829,0.9999783603774192,0.006578660721483223,0.0
64.144,1.0572014507737404e-07,-0.0033157313878294926,9.795141281623573,0.0,0.0,-0.0013268094097602114,0.9999782204638976,0.006599893776160419,0.0
64.16,1.0585842181329384e-07,-0.0033195373886804234,9.813324227253473,0.0,0.0,-0.0013282425966369197,0.9999780799757066,0.006621145527722505,0.0
64.176,1.0616769657226882e-07,-0.0033179702217662603,9.78107696900237,0.0,0.0,-0.0013298300110202907,0.9999779388706276,0.006642422152450441,0.0
64.19200000000001,1.0641362487099579e-07,-0.003312774535725945,9.844276751831655,0.0,0.0,-0.0013317318887574468,0.9999777971043463,0.006663730061968361,0.0
64.208,1.0722634810207222e-07,-0.003333667049725018,9.812075936562206,0.0,0.0,-0.0013342459621900299,0.9999776546303044,0.006685075921480817,0.0
64.224,1.0696058821339821e-07,-0.0033285918100595746,9.788542631777489,0.0,0.0,-0.0013368915623582483,0.9999775113995358,0.006706466669654417,0.0
64.24,1.0732675084331732e-07,-0.003364818173807824,9.843908236979749,0.0,0.0,-0.001340034256521008,0.9999773673604907,0.006727909540304648,0.0
64.256,1.0803093718877804e-07,-0.0033462129118660183,9.838896766329201,0.0,0.0,-0.001343912535242214,0.9999772224588378,0.0067494120861080675,0.0
64.272,1.0831510060353179e-07,-0.0033671898001826506,9.824649317362434,0.0,0.0,-0.001348064211352367,0.9999770766372527,0.006770982204559574,0.0
64.288,1.0969215597396968e-07,-0.0033681080589888198,9.852944358759451,0.0,0.0,-0.0013526035122164118,0.99997692983518,0.00679262816644995,0.0
64.304,1.1066536577668411e-07,-0.003373304321860761,9.823753050951076,0.0,0.0,-0.0013581801577346412,0.9999767819885761,0.006814358647159329,0.0
64.32000000000001,1.1100484432398238e-07,-0.003406466091979971,9.81874961996439,0.0,0.0,-0.0013641206795913844,0.9999766330296207,0.00683618276111531,0.0
64.336,1.1186530091037805e-07,-0.0033889829785451794,9.790925796686789,0.0,0.0,-0.0013705112806973662,0.9999764828864022,0.006858110099805026,0.0
64.352,1.131099481710295e-07,-0.003444082234505084,9.800961872010054,0.0,0.0,-0.0013777084811458767,0.9999763314825656,0.006880150773797156,0.0
64.368,1.1431236574065669e-07,-0.0034269438441523747,9.852379921743632,0.0,0.0,-0.0013853679633268098,0.9999761787369239,0.00690231545930085,0.0
64.384,1.1599466596488434e-07,-0.0034746071432100807,9.782887338594982,0.0,0.0,-0.0013938653300837934,0.9999760245630253,0.006924615449852336,0.0
64.4,1.1665021776278568e-07,-0.003491800249522148,9.784866187984678,0.0,0.0,-0.001402862938516016,0.9999758688686694,0.006947062713840664,0.0
64.416,1.1781783253432494e-07,-0.003491054590031784,9.82066518576383,0.0,0.0,-0.0014129733078103125,0.9999757115553695,0.006969669958675448,0.0
64.432,1.2015098432645504e-07,-0.0035395150399135777,9.856650140471144,0.0,0.0,-0.0014238488156197379,0.9999755525177467,0.006992450702549362,0.0
64.44800000000001,-1.148593696079683,-0.003595500841176021,9.811092351162875,0.0,0.0,-0.0014356206538339742,0.9999753916428519,0.00701541935489382,0.0
64.464,-4.019009337264671,-0.0036432755587270473,9.803911420774273,0.0,0.0,-0.0014483100621953374,0.9999752288394909,0.00703858703205862,0.0
64.48,-2.850775939511722,-0.0036029762670226543,9.776420010986662,0.0,0.0,-0.001460377212397762,0.9999750640899867,0.007061954278168966,0.0
64.496,-3.205946579446642,-0.003551134620999132,9.830583245332589,0.0,0.0,-0.001473301945364534,0.9999748973457075,0.007085525982003924,0.0
64.512,-2.975628215943479,-0.00348333441646674,9.826363422453575,0.0,0.0,-0.0014863112126094228,0.9999747285684675,0.007109305480838066,0.0
64.528,-2.981675043006588,-0.003442646939184846,9.819298187912224,0.0,0.0,-0.0014995354789194477,0.9999745577140007,0.007133296901772202,0.0
64.544,-2.907646852754796,-0.0034108733474639977,9.753208906663952,0.0,0.0,-0.0015129882798492393,0.9999743847384368,0.007157504242739504,0.0
64.56,-2.8108797023468344,-0.0033643675016618896,9.795823792856279,0.0,0.0,-0.001526862448425915,0.9999742095956348,0.0071819317447252805,0.0
64.57600000000001,-2.7622622018209957,-0.0033139380251685667,9.773600346029832,0.0,0.0,-0.0015409924867119955,0.999974032238142,0.007206583753177337,0.0
64.592,-2.703655222827093,-0.0032718143529113504,9.81969806506023,0.0,0.0,-0.001554895618172787,0.9999738526167089,0.007231464782219842,0.0
64.608,-2.6560319272902793,-0.0032194015664335565,9.818643103254358,0.0,0.0,-0.0015697457567532909,0.9999736706803705,0.0072565794990725975,0.0
64.624,-2.6040050744499297,-0.003199723022566767,9.781579162206585,0.0,0.0,-0.001584759464673133,0.9999734863762942,0.007281932740668142,0.0
64.64,-2.5649574812170672,-0.0031708796911573195,9.832043278868754,0.0,0.0,-0.0015998926941810053,0.9999732996497166,0.007307529518118891,0.0
64.656,-2.4929615494077653,-0.003150850143680325,9.818111904745894,0.0,0.0,-0.0016157459045866567,0.999973110443835,0.007333375026674822,0.0
64.672,-2.4411516267012074,-0.003107311547321359,9.775159747246729,0.0,0.0,-0.0016310247653402961,0.9999729186997088,0.007359474654203911,0.0
64.688,-2.3886470748468356,-0.0030528181765310403,9.78501122537518,0.0,0.0,-0.0016472829785772896,0.999972724356148,0.007385833991033424,0.0
64.70400000000001,-2.345708043981933,-0.0030444010600914053,9.75674014223017,0.0,0.0,-0.0016640728452062576,0.9999725273495991,0.0074124588400640914,0.0
64.72,-2.3013627105109724,-0.0030180942997861063,9.822313588494804,0.0,0.0,-0.0016809977401662758,0.9999723276140179,0.007439355227665341,0.0
64.736,-2.253534583401224,-0.0029728743191038192,9.814165002701287,0.0,0.0,-0.0016985729747151382,0.9999721250807405,0.007466529415205821,0.0
64.752,-2.225572659179846,-0.0029419668104948547,9.740162549737027,0.0,0.0,-0.0017161373076081201,0.99997191967834,0.007493987911359845,0.0
64.768,-2.1667374074300496,-0.0029104073964888216,9.756942186449395,0.0,0.0,-0.0017342366833895187,0.9999717113324774,0.007521737485209886,0.0
64.784,-2.0967736914985786,-0.0028662130397097783,9.827303036435035,0.0,0.0,-0.0017528922527809468,0.9999714999657403,0.007549785180223138,0.0
64.8,-2.056256310549384,-0.0028397420060135067,9.801292219528058,0.0,0.0,-0.0017720887151330656,0.9999712854974706,0.007578138329174856,0.0
64.816,-2.031320610416959,-0.002810376615125804,9.861669637561354,0.0,0.0,-0.0017913567115026838,0.9999710678435815,0.007606804570082791,0.0
64.83200000000001,-1.9775411696849363,-0.00277453347612868,9.78865299778818,0.0,0.0,-0.0018115612469580386,0.9999708469163594,0.007635791863255342,0.0
64.848,-1.9296110911615554,-0.002760733808365615,9.843413855680568,0.0,0.0,-0.001831939418932823,0.9999706226242536,0.007665108509531112,0.0
64.864,-1.8955984782875577,-0.0027240847989008035,9.800772475682026,0.0,0.0,-0.0018536704312972444,0.9999703948716484,0.0076947631698191,0.0
64.88,-1.8593293285406078,-0.0027097667771279737,9.767256311120557,0.0,0.0,-0.0018750734163457327,0.999970163558621,0.0077247648860548045,0.0
64.896,-1.8208525251252792,-0.0026755243999669336,9.86333678888389,0.0,0.0,-0.0018973581298546616,0.9999699285806782,0.007755123103687624,0.0
64.912,-1.78351097319009,-0.0026555605520583356,9.778621577118047,0.0,0.0,-0.0019201976159141359,0.9999696898284753,0.007785847695846606,0.0
64.928,-1.735315154560851,-0.0026393837568295035,9.805358596130654,0.0,0.0,-0.0019436382651291826,0.9999694471875121,0.00781694898933082,0.0
64.944,-1.7179760542054157,-0.0025990256578115414,9.827851382854412,0.0,0.0,-0.0019683245878726933,0.9999692005378045,0.007848437792590656,0.0
64.96000000000001,-1.6738481386748558,-0.002587855409737549,9.887273812986558,0.0,0.0,-0.001992668359682407,0.9999689497535321,0.007880325425891474,0.0
64.976,-1.6450676310355397,-0.002564181951140655,9.82460568106839,0.0,0.0,-0.002018410761569054,0.9999686947026543,0.007912623753864033,0.0
64.992,-1.6062305298701456,-0.0025469080358483305,9.784185074603041,0.0,0.0,-0.0020453296145163478,0.9999684352464954,0.007945345220669097,0.0
65.008,-1.57893876925168,-0.0025322843702246774,9.81726551873904,0.0,0.0,-0.002072446482361914,0.9999681712392979,0.00797850288803934,0.0
65.024,-1.5483294036645256,-0.0025220151597584134,9.779091311154218,0.0,0.0,-0.0021005546236847455,0.9999679025277326,0.008012110476475785,0.0
65.04,-1.5115694125695305,-0.0024743087236784754,9.840157514802117,0.0,0.0,-0.0021297568725966135,0.9999676289503706,0.008046182409928805,0.0
65.056,-1.4794368232519666,-0.002463261990911205,9.777645027323699,0.0,0.0,-0.0021595734151498673,0.9999673503371068,0.008080733864314653,0.0
65.072,-1.4559431965550538,-0.002453410983428724,9.76200272971805,0.0,0.0,-0.0021904789169921546,0.9999670665085314,0.008115780820272506,0.0
65.08800000000001,-1.4088483187780887,-0.0024468697559857397,9.829430017652674,0.0,0.0,-0.0022221881859228222,0.9999667772752443,0.008151340120614092,0.0
65.104,-1.3736991542262373,-0.002420690395698612,9.75859231814666,0.0,0.0,-0.0022553753039676323,0.9999664824371077,0.008187429532980331,0.0
65.12,-1.359521306411352,-0.0024068517615239266,9.791227794226002,0.0,0.0,-0.0022898314437613215,0.9999661817824245,0.008224067818272035,0.0
65.136,-1.331890433904811,-0.002383862930019888,9.897699137188065,0.0,0.0,-0.0023252388036240556,0.999965875087039,0.008261274805513646,0.0
65.152,-1.2942291888080881,-0.0023782485907305573,9.827683803146163,0.0,0.0,-0.0023626821332032024,0.9999655621133519,0.008299071473882752,0.0
65.168,-1.275942609731416,-0.0023554801920270835,9.76962325908443,0.0,0.0,-0.0024002218925708017,0.9999652426092303,0.008337480042749873,0.0
65.184,-1.2486374545034664,-0.002347854313552634,9.81144775720664,0.0,0.0,-0.0024400751542013616,0.9999649163068138,0.008376524070684685,0.0
65.2,-1.2176790111877673,-0.0023420877461904147,9.8357884212185,0.0,0.0,-0.0024815090478519314,0.9999645829211902,0.008416228564514294,0.0
65.21600000000001,-1.2018626976349953,-0.002316928904328041,9.80906792200287,0.0,0.0,-0.0025247843208835753,0.999964242148933,0.00845662009969319,0.0
65.232,-1.1758797012898838,-0.002311950508644757,9.785436227767518,0.0,0.0,-0.0025689683171749435,0.999963893666479,0.00849772695341513,0.0
65.248,-1.1442275195282927,-0.0023102676829022347,9.728042636495632,0.0,0.0,-0.002615545794208743,0.999963537128328,0.008539579252124667,0.0
65.264,-1.125309303025229,-0.00230139574206593,9.772791896747586,0.0,0.0,-0.002664638984169807,0.9999631721650342,0.008582209135330993,0.0
65.28,-1.105837694013505,-0.0022941274805993715,9.816385517823656,0.0,0.0,-0.0027151366436384853,0.9999627983809681,0.008625650937943607,0.0
65.296,-1.0782208127670565,-0.0022984776700931716,9.903417447186651,0.0,0.0,-0.0027679513564165185,0.9999624153518122,0.008669941393692763,0.0
65.312,-1.0545032233649294,-0.002310672563533747,9.870160309258873,0.0,0.0,-0.002823518337062791,0.9999620226217495,0.008715119862626804,0.0
65.328,-1.027139720566557,-0.0023019424920364398,9.765809617695236,0.0,0.0,-0.0028821675789902643,0.9999616197003065,0.008761228586199715,0.0
65.34400000000001,-1.003425906293795,-0.0022960837537783474,9.844217114633198,0.0,0.0,-0.002943175550679804,0.9999612060587908,0.008808312974041714,0.0
65.36,-0.9990429314103302,-0.002278978946612552,9.793469571037452,0.0,0.0,-0.0030064641979838146,0.999960781126263,0.00885642192727681,0.0
65.376,-0.9659087749120187,-0.002265117711181355,9.86812664394459,0.0,0.0,-0.0030741752110402757,0.9999603442849697,0.008905608204096327,0.0
65.392,-0.9539878698194365,-0.002287681759248617,9.86776994401295,0.0,0.0,-0.0031461875034314865,0.9999598948651456,0.00895592883441208,0.0
65.408,-0.9259135485065514,-0.002286575278658323,9.806102930632123,0.0,0.0,-0.003219656983140518,0.9999594321390809,0.009007445591689896,0.0
65.424,-0.9114612077677074,-0.0023043465183801974,9.8552910301732,0.0,0.0,-0.0032991144122599732,0.9999589553143242,0.009060225531705228,0.0
65.44,-0.8933348684008344,-0.0022974438213323243,9.801428561277499,0.0,0.0,-0.003382832142305682,0.9999584635258696,0.009114341609928819,0.0
65.456,-0.8678494070930316,-0.002327475155321105,9.720556611302785,0.0,0.0,-0.0034708137116448196,0.9999579558271339,0.009169873391721293,0.0
65.47200000000001,-0.855688365440498,-0.0023298860414308325,9.776137730849983,0.0,0.0,-0.003565066806557319,0.9999574311795033,0.00922690787259018,0.0
65.488,-0.8387277110749599,-0.0023336944350456092,9.822257698981591,0.0,0.0,-0.0036650619723611814,0.9999568884401618,0.009285540429618351,0.0
65.504,-0.8218486522770053,-0.002341084715925996,9.845712042637249,0.0,0.0,-0.0037705079083347405,0.9999563263478563,0.009345875930054145,0.0
65.52,-0.8048907444555903,-0.0023587609741430805,9.858267148086659,0.0,0.0,-0.0038847653822710847,0.9999557435061658,0.009408030029261296,0.0
65.536,-0.7832795447838731,-0.0023952161425628013,9.7840911186293,0.0,0.0,-0.004006964100943919,0.999955138363735,0.00947213069819604,0.0
65.552,-0.771750020000329,-0.0024107809198146337,9.806673811279719,0.0,0.0,-0.004137127517362828,0.9999545091907877,0.009538320030864314,0.0
65.568,-0.7570601856856705,-0.0024549576619309604,9.72564163942412,0.0,0.0,-0.004277443274431467,0.9999538540510529,0.009606756395664835,0.0
65.584,-0.73685446575822,-0.0024689196401500423,9.773550819349916,0.0,0.0,-0.004428540290326324,0.9999531707679944,0.00967761701216541,0.0
65.6,-0.7212391341206573,-0.0025118789289147172,9.76516292012035,0.0,0.0,-0.004593093596935056,0.9999524568839008,0.009751101058388532,0.0
65.616,-0.703443680048297,-0.002554948143890994,9.825393699426007,0.0,0.0,-0.004771674563293211,0.9999517096099593,0.009827433445192803,0.0
65.632,-0.6940039469579791,-0.0025887705509532563,9.829338704506727,0.0,0.0,-0.004964994113001707,0.9999509257648368,0.009906869437223879,0.0
65.648,-0.6815708746354152,-0.002633188788931117,9.800177440280521,0.0,0.0,-0.005177886010845275,0.9999501016984503,0.009989700358832296,0.0
65.664,-0.6584715536354783,-0.002710610845033148,9.841216183228228,0.0,0.0,-0.005410724877982228,0.9999492331964633,0.010076260705508398,0.0
65.68,-0.6492749718326563,-0.002752772883583841,9.827994434916722,0.0,0.0,-0.0056684814012725486,0.9999483153593766,0.01016693709753329,0.0
65.696,-0.6387046636083569,-0.0028195249949938116,9.784421967346866,0.0,0.0,-0.005952614692343834,0.9999473424477051,0.010262179679392927,0.0
65.712,-0.6215999214496899,-0.0029314936527221305,9.78394142185133,0.0,0.0,-0.006271770542623444,0.9999463076812237,0.01036251681242002,0.0
65.728,-0.6105810237192631,-0.0030218419020309564,9.797228941095074,0.0,0.0,-0.006628744969413319,0.9999452029750042,0.01046857427148216,0.0
65.744,-4.997121650229953,-0.007426610761478205,9.8495775592837,0.0,0.0,-0.05463686275387303,0.99993567080885,0.011342585421986347,0.0
65.76,-5.000929016657104,-0.02880300903661581,9.82894530494317,0.0,0.0,-0.10262523206604074,0.9999156974809896,0.01298452660308099,0.0
65.776,-5.00686971058529,-0.04298281796963105,9.760234811733246,0.0,0.0,-0.15062247922993677,0.9998815000432385,0.015394345432114293,0.0
65.792,-5.010327524406545,-0.04886443971591995,9.784695535291146,0.0,0.0,-0.19863395645283305,0.9998275265321643,0.01857194627857213,0.0
65.808,-4.989773275981878,-0.04699237067438201,9.827031015930114,0.0,0.0,-0.2466294104400573,0.9997464564091552,0.022517168945876364,0.0
65.824,-3.672839778637327,-0.03221170879798468,9.78651582937037,0.0,0.0,-0.2946902912955551,0.9996292013239887,0.027229760563846624,0.0
65.84,0.0,0.0,9.84518049264757,0.0,0.0,-0.3425918272071372,0.9994649063529855,0.03270934069678426,0.0
65.856,0.0,0.0,9.746248616668073,0.0,0.0,-0.3906090079427751,0.9992409518992726,0.03895535967534507,0.0
65.872,0.0,0.0,9.815701678047501,0.0,0.0,-0.43857894328548624,0.9989429564790676,0.04596705016487121,0.0
65.888,0.0,0.0,9.791513939154209,0.0,0.0,-0.4866103148372692,0.9985547806541542,0.053743371988870324,0.0
65.904,0.0,0.0,9.86659819854154,0.0,0.0,-0.5346199746162388,0.9980585324068534,0.06228295023421759,0.0
65.92,0.0,0.0,9.856555960953806,0.0,0.0,-0.5826108853390634,0.9974345742896744,0.07158400667451066,0.0
65.936,0.0,0.0,9.777167990202965,0.0,0.0,-0.6306015931183342,0.9966615327174293,0.08164428456018812,0.0
65.952,0.0,0.0,9.793422296363028,0.0,0.0,-0.6787486440048608,0.9957163098047765,0.09246096683875976,0.0
65.968,0.0,0.0,9.808471580399914,0.0,0.0,-0.7266531383931125,0.994574098186808,0.10403058788595795,0.0
65.984,0.0,0.0,9.782433578581093,0.0,0.0,-0.7747718963143636,0.9932083992942682,0.11634893884912544,0.0
66.0,0.0,0.0,9.795843990361975,0.0,0.0,-0.8226911743243888,0.9915910455881259,0.1294109667278906,0.0
66.016,0.0,0.0,9.803809202550823,0.0,0.0,-0.8706635733590747,0.9896922272902753,0.14321066734435028,0.0
66.032,0.0,0.0,9.829311012244625,0.0,0.0,-0.918624217301144,0.9874805241779565,0.15774097238583337,0.0
66.048,0.0,0.0,9.801572456060383,0.0,0.0,-0.9667719040140933,0.9849229430387314,0.17299363073802423,0.0
66.06400000000001,0.0,0.0,9.869442468125545,0.0,0.0,-1.014694339296947,0.9819849614102861,0.18895908436494718,0.0
66.08,0.0,0.0,9.811962017217496,0.0,0.0,-1.0624633312530474,0.9786305782546098,0.20562633903527167,0.0
66.096,0.0,0.0,9.80902449451753,0.0,0.0,-1.1104545868185498,0.9748223722388716,0.22298283024165622,0.0
66.112,0.0,0.0,9.83827017826179,0.0,0.0,-1.158477669420999,0.9705215683151779,0.2410142847116071,0.0
66.128,0.0,0.0,9.813061819525016,0.0,0.0,-1.2067214545442648,0.9656881133079377,0.25970457796457075,0.0
66.144,0.0,0.0,9.869415586106214,0.0,0.0,-1.2546577352595851,0.9602807612302898,0.2790355884308937,0.0
66.16,0.0,0.0,9.832784362206981,0.0,0.0,-1.3025618890880768,0.9542571690594991,0.29898704871373716,0.0
66.176,0.0,0.0,9.820202602187917,0.0,0.0,-1.3506656383808453,0.9475740037048225,0.3195363946451381,0.0
66.19200000000001,0.0,0.0,9.806264467125658,0.0,0.0,-1.3987666374951035,0.9401870608995614,0.3406586128619742,0.0
66.208,0.0,0.0,9.80166473938806,0.0,0.0,-1.4465623562180954,0.9320513967411966,0.36232608770661884,0.0
66.224,0.0,0.0,9.799389634321194,0.0,0.0,-1.4945550888112993,0.9231214725890734,0.38450844834018993,0.0
66.24,0.0,0.0,9.781593288707972,0.0,0.0,-1.499999796635201,0.913628777792854,0.4065494513447729,0.0
66.256,0.0,0.0,9.829474357371916,0.0,0.0,-1.4998043436893504,0.9036099085897402,0.4283563155813642,0.0
66.272,0.0,0.0,9.77678660500943,0.0,0.0,-1.500102883544351,0.8930706350175079,0.4499164821046514,0.0
66.288,0.0,0.0,9.859359542086084,0.0,0.0,-1.5000080190147074,0.8820170268236913,0.4712175340467456,0.0
66.304,0.0,0.0,9.793012597542033,0.0,0.0,-1.5001630507863972,0.8704554499699112,0.49224720376826864,0.0
66.32000000000001,0.0,0.0,9.786659318857314,0.0,0.0,-1.4997943448429671,0.85839256296561,0.5129933799234951,0.0
66.336,0.0,0.0,9.767510171232185,0.0,0.0,-1.4997825800648894,0.8458353130333021,0.5334441144354826,0.0
66.352,0.0,0.0,9.778766191005559,0.0,0.0,-1.4999529494905826,0.8327909321075506,0.5535876293771722,0.0
66.368,0.0,0.0,9.806144712907567,0.0,0.0,-1.5002263054777631,0.8192669326699701,0.5734123237545028,0.0
66.384,0.0,0.0,9.788430943716468,0.0,0.0,-1.5002754568045935,0.8052711034226648,0.5929067801876142,0.0
66.4,0.0,0.0,9.800485339196843,0.0,0.0,-1.5001143146201157,0.7908115048025777,0.6120597714863171,0.0
66.416,0.0,0.0,9.848107595867429,0.0,0.0,-1.500041380527653,0.7758964643393497,0.6308602671160204,0.0
66.432,0.0,0.0,9.860770487544485,0.0,0.0,-1.5000473710128555,0.7605345718593525,0.6492974395504046,0.0
66.44800000000001,0.0,0.0,9.833245727212184,0.0,0.0,-1.5001385108191574,0.7447346745386613,0.6673606705071811,0.0
66.464,0.0,0.0,9.811193978908266,0.0,0.0,-1.4998367759392817,0.7285058718078153,0.6850395570633384,0.0
66.48,0.0,0.0,9.751493442673675,0.0,0.0,-1.5000638516791813,0.7118575101112993,0.7023239176463676,0.0
66.496,0.0,0.0,9.834908431136958,0.0,0.0,-1.4584822704889433,0.695278160198149,0.7187407599068507,0.0
66.512,0.0,0.0,9.83025861031142,0.0,0.0,-1.4305928090423752,0.6786465637155137,0.7344650036299383,0.0
66.528,0.0,0.0,9.824531043154982,0.0,0.0,-1.394529498977524,0.6620889151340175,0.7494252921116686,0.0
66.544,0.0,0.0,9.69923819931372,0.0,0.0,-1.3654810660224133,0.6455592348556083,0.7637102030827149,0.0
66.56,0.0,0.0,9.78362437125543,0.0,0.0,-1.3329860441912667,0.6291254009193644,0.7773038208564582,0.0
66.57600000000001,0.0,0.0,9.869564772193762,0.0,0.0,-1.3036624360288043,0.6127747846550897,0.7902575929979467,0.0
66.592,0.0,0.0,9.753912381966048,0.0,0.0,-1.2736087882844758,0.5965464671070446,0.8025785398215577,0.0
66.608,0.0,0.0,9.82454570597342,0.0,0.0,-1.2451033084591931,0.5804417109050318,0.814301799237629,0.0
66.624,0.0,0.0,9.741254710779675,0.0,0.0,-1.216304671062268,0.5644848045475449,0.8254434598656167,0.0
66.64,0.0,0.0,9.805135713675613,0.0,0.0,-1.1888909374222196,0.5486820330770771,0.8360311157955816,0.0
66.656,0.0,0.0,9.809076185549504,0.0,0.0,-1.1617588407076112,0.5330495831966947,0.8460840040172312,0.0
66.672,0.0,0.0,9.730396041924257,0.0,0.0,-1.1354792260820146,0.5175948345168107,0.8556258453795768,0.0
66.688,0.0,0.0,9.807634187019513,0.0,0.0,-1.1093106268032744,0.5023291315024871,0.8646764965256989,0.0
66.70400000000001,0.0,0.0,9.791604848084043,0.0,0.0,-1.0839291142746363,0.4872593004520732,0.8732573355677905,0.0
66.72,0.0,0.0,9.84075104138039,0.0,0.0,-1.0591648579863522,0.47239349463803465,0.8813877615576842,0.0
66.736,0.0,0.0,9.809542062141063,0.0,0.0,-1.0347198665988484,0.4577373762940884,0.8890874503351198,0.0
66.752,0.0,0.0,9.784928122746297,0.0,0.0,-1.0110548676643132,0.4432968002162393,0.8963748919498157,0.0
66.768,0.0,0.0,9.810525287484074,0.0,0.0,-0.9877522261153708,0.4290761150255982,0.9032683363843436,0.0
66.784,0.0,0.0,9.819336049286715,0.0,0.0,-0.9649100863801424,0.4150794062841542,0.9097851869967957,0.0
66.8,0.0,0.0,9.832378837281626,0.0,0.0,-0.9428301672347557,0.40130975597725727,0.915942399803325,0.0
66.816,0.0,0.0,9.752472878280981,0.0,0.0,-0.9209656124139399,0.38776982933692056,0.9217562364616881,0.0
66.83200000000001,0.0,0.0,9.821898395986432,0.0,0.0,-0.8998313674986926,0.37446156485141896,0.9272424367170792,0.0
66.848,0.0,0.0,9.854117459797543,0.0,0.0,-0.8789529304106248,0.3613864612282518,0.9324161225766752,0.0
66.864,0.0,0.0,9.760069378265726,0.0,0.0,-0.8584611180334738,0.3485454589237183,0.937291877199229,0.0
66.88,0.0,0.0,9.799734931157264,0.0,0.0,-0.8386103942784929,0.3359390889940109,0.9418837128254602,0.0
66.896,0.0,0.0,9.797809141509406,0.0,0.0,-0.8190556267767726,0.3235674383088353,0.9462051114141469,0.0
66.912,0.0,0.0,9.778199770413538,0.0,0.0,-0.799978436545617,0.3114302336754978,0.9502690195691033,0.0
66.928,0.0,0.0,9.82569889956324,0.0,0.0,-0.7813836429689478,0.29952684233148236,0.9540878736903282,0.0
66.944,0.0,0.0,9.770140094111335,0.0,0.0,-0.763026875409835,0.2878563247081738,0.9576736063636203,0.0
66.96000000000001,0.0,0.0,9.755888280712579,0.0,0.0,-0.7451936860034355,0.276417448649455,0.9610376652775509,0.0
66.976,0.0,0.0,9.801738847441134,0.0,0.0,-0.7277344076221715,0.26520872608629525,0.9641910244384587,0.0
66.992,0.0,0.0,9.79844044001195,0.0,0.0,-0.7105183103280547,0.25422843152411073,0.9671442005227509,0.0
67.008,0.0,0.0,9.718167511724703,0.0,0.0,-0.694088288649405,0.24347462972129175,0.9699072660219017,0.0
67.024,0.0,0.0,9.82933012724233,0.0,0.0,-0.6776422562162466,0.23294519441530825,0.9724898644195806,0.0
67.04,0.0,0.0,9.831392462142798,0.0,0.0,-0.6615669009953418,0.22263783039730758,0.9749012239586019,0.0
67.056,0.0,0.0,9.741642285607272,0.0,0.0,-0.6459556260042263,0.21255009086720383,0.9771501721190778,0.0
67.072,0.0,0.0,9.867136266696594,0.0,0.0,-0.6307478214037283,0.20267939561359907,0.979245149384824,0.0
67.08800000000001,0.0,0.0,9.79836291747872,0.0,0.0,-0.6156864304960111,0.19302304645545418,0.9811942231470057,0.0
67.104,0.0,0.0,9.87821747640607,0.0,0.0,-0.601110280688306,0.18357824246254578,0.983005101153785,0.0
67.12,0.0,0.0,9.78156973659088,0.0,0.0,-0.5867026480694694,0.17434209340163134,0.9846851448398809,0.0
67.136,0.0,0.0,9.842644747111493,0.0,0.0,-0.5727334794570469,0.1653116325679815,0.9862413822881846,0.0
67.152,0.0,0.0,9.772198441923296,0.0,0.0,-0.5590564082422111,0.15648382834310942,0.9876805209515293,0.0
67.168,0.0,0.0,9.797565431525738,0.0,0.0,-0.545534445122619,0.1478555950281558,0.9890089600296198,0.0
67.184,0.0,0.0,9.81657082084162,0.0,0.0,-0.5324911685027082,0.1394238026891167,0.9902328025488281,0.0
67.2,0.0,0.0,9.79020846660438,0.0,0.0,-0.5196717595187305,0.13118528628736015,0.9913578671003238,0.0
67.21600000000001,0.0,0.0,9.785987910261577,0.0,0.0,-0.5071031281954449,0.12313685400459011,0.9923896992542054,0.0
67.232,0.0,0.0,9.81401502502151,0.0,0.0,-0.4948005241537721,0.11527529490928816,0.9933335826315232,0.0
67.248,0.0,0.0,9.819703337320055,0.0,0.0,-0.48286621751635117,0.1075973859477968,0.9941945496416689,0.0
67.264,0.0,0.0,9.832020232699659,0.0,0.0,-0.47113285166030555,0.10009989834771972,0.9949773918792206,0.0
67.28,0.0,0.0,9.796211994876996,0.0,0.0,-0.4596657423112497,0.09277960344701883,0.9956866701850607,0.0
67.296,0.0,0.0,9.894822095589143,0.0,0.0,-0.44835558924546093,0.085633278007274,0.9963267243719448,0.0
67.312,0.0,0.0,9.758393667762594,0.0,0.0,-0.43742301205058753,0.078657709035492,0.9969016826193483,0.0
67.328,0.0,0.0,9.788540303052576,0.0,0.0,-0.42667006359150245,0.07184969815748955,0.9974154705410768,0.0
67.34400000000001,0.0,0.0,9.729712196033438,0.0,0.0,-0.41621477271580853,0.06520606556982347,0.9978718199312494,0.0
67.36,0.0,0.0,9.868566082054576,0.0,0.0,-0.40596200362992374,0.058723653604413624,0.998274277194073,0.0
67.376,0.0,0.0,9.811630424410273,0.0,0.0,-0.39598085510427417,0.052399329931805384,0.9986262114638781,0.0
67.392,0.0,0.0,9.785349356265662,0.0,0.0,-0.38605277610720734,0.046229990431496934,0.9989308224220053,0.0
67.408,5.000279663820239,0.027045221159521345,9.815772538324874,0.0,0.0,-0.33801998534555927,0.04082625229942736,0.9991662610012327,0.0
67.424,4.995147571039429,-0.003826191207814317,9.907340779516346,0.0,0.0,-0.29011216901755205,0.03618882244178215,0.9993449700330099,0.0
67.44,5.024004020162569,-0.027153883584973715,9.838253952276233,0.0,0.0,-0.24206716657442276,0.03231821794885271,0.9994776299590754,0.0
67.456,5.044223033414352,-0.04261050158695921,9.818196945927689,0.0,0.0,-0.1940661478221986,0.029214807088131494,0.9995731564256833,0.0
67.47200000000001,5.013547147108556,-0.0504696819869579,9.807327475330856,0.0,0.0,-0.146043258231871,0.0268788435299665,0.9996386986159007,0.0
67.488,5.012546944605012,-0.05031420443960818,9.781555765511452,0.0,0.0,-0.09805247817385786,0.02531049379536208,0.9996796381360555,0.0
67.504,4.990345435886069,-0.04333648197388317,9.884247641634644,0.0,0.0,-0.05006022515742405,0.024509857919288672,0.9996995883087962,0.0
67.52,5.027660931925084,-0.027929517675874524,9.85449180007844,0.0,0.0,-0.0020550574163850656,0.024476983324895087,0.9997003937617076,0.0
67.536,4.995299137182534,-0.0024931937239724253,9.783440240857265,0.0,0.0,0.014636214577840593,0.024711078819384974,0.9996946346677981,0.0
67.552,4.993893802914258,0.009408979520744418,9.819956994267324,0.0,0.0,0.014488697547025422,0.024942813655585122,0.9996888796255277,0.0
67.568,4.9979944853538125,0.010385065881450222,9.790313346876633,0.0,0.0,0.014351095922204186,0.025172374206505956,0.999683125583706,0.0
67.584,4.9838891870641415,0.011520536965824876,9.798575402279896,0.0,0.0,0.014229832715227922,0.02539994518480105,0.9996773693470354,0.0
67.6,5.009992658808075,0.012501823633348196,9.73519540468083,0.0,0.0,0.014116801226997001,0.025625710363962467,0.9996716075633749,0.0
67.616,5.016016602279235,0.01352991937856956,9.76469380563726,0.0,0.0,0.014014359119436772,0.025849853319421176,0.9996658367091299,0.0
67.632,4.999768212537773,0.014545808410426601,9.840429845906167,0.0,0.0,0.013923889837523547,0.026072558198575638,0.9996600530725342,0.0
67.648,5.029662242077998,0.015515342046431872,9.81409628003373,0.0,0.0,0.013846835598483912,0.026294010529207084,0.9996542527345592,0.0
67.664,5.000127159542597,0.016610870055192673,9.751696626946488,0.0,0.0,0.01377825205850561,0.026514398076711892,0.9996484315471263,0.0
67.68,4.999792958742361,0.017574735837636923,9.801546361775449,0.0,0.0,0.013726618131977085,0.0267339117630169,0.9996425851082213,0.0
67.696,5.025555241453972,0.018508788021309314,9.781257550716278,0.0,0.0,0.013680474322995214,0.026952746660386256,0.9996367087334583,0.0
67.712,4.985765007449907,0.01973270698522979,9.790436248098043,0.0,0.0,0.013652707483826437,0.027171103077094413,0.9996307974235157,0.0
67.728,4.984712527610587,0.020781354438596484,9.790178017691312,0.0,0.0,0.013635855116108746,0.027389187753766333,0.9996248458267678,0.0
67.744,5.029693211365555,0.021746826778405472,9.822218972443071,0.0,0.0,0.013631872367709881,0.027607215193405258,0.9996188481962838,0.0
67.76,4.992915084128987,0.022922653559308274,9.814511281374495,0.0,0.0,0.013643805593134191,0.02782540915222862,0.9996127983401929,0.0
67.776,5.031730194676096,0.02403450532320769,9.788746729271905,0.0,0.0,0.013668805136097481,0.028044004324037187,0.9996066895641874,0.0
67.792,5.013137136886661,0.02505923503978059,9.788328497167424,0.0,0.0,0.013707140242511386,0.028263248258184354,0.9996005146046576,0.0
67.808,4.977881309221058,0.026406969020615307,9.797314942777215,0.0,0.0,0.013764745908857332,0.02848340355975565,0.9995942655506044,0.0
67.824,0.5393286020488642,0.028549025649804403,9.781022885378851,0.0,0.0,0.013838839456527276,0.028704750432199038,0.9995879337520163,0.0
67.84,-3.8105692412216037,0.029781380803163254,9.816924101766437,0.0,0.0,0.01392301463931229,0.028927419603338306,0.9995815146325449,0.0
67.856,-2.073937633194628,0.028711765980482085,9.843058746396606,0.0,0.0,0.014003052394006973,0.029151379129523928,0.9995750082384247,0.0
67.872,-2.670797853349499,0.02842151453955645,9.809362160426916,0.0,0.0,0.014086551846193972,0.029376661509777396,0.9995684127454909,0.0
67.888,-2.375302397258855,0.027986909310242,9.759793810305213,0.0,0.0,0.014170591028257238,0.029603274315985955,0.9995617270332896,0.0
67.904,-2.4095087309799106,0.027627187164007003,9.757382839717481,0.0,0.0,0.014254919533090984,0.029831235383256285,0.9995549496628531,0.0
67.92,-2.3550824659711393,0.027196971384175546,9.7721809985941,0.0,0.0,0.014338709207202661,0.030060558972286225,0.9995480792809689,0.0
67.936,-2.309345038240992,0.026867206205752586,9.8622920693508,0.0,0.0,0.014426958243309834,0.03029126123117603,0.9995411144585424,0.0
67.952,-2.262155405635207,0.02653281353045863,9.929981751441796,0.0,0.0,0.01451430576627254,0.030523358060373637,0.9995340537534068,0.0
67.968,-2.2202642298711823,0.02624422840339786,9.790113117463703,0.0,0.0,0.014597676440483006,0.030756865968957398,0.9995268956840371,0.0
67.984,-2.1560488689996085,0.02585409938207242,9.71414001702189,0.0,0.0,0.014690955812065382,0.030991801753935348,0.9995196387385517,0.0
68.0,-2.122741279549047,0.025418066808872604,9.819362207107627,0.0,0.0,0.014782715406171314,0.031228182643333383,0.9995122813696663,0.0
68.016,-2.0907975855153955,0.025112240397870904,9.75404294387205,0.0,0.0,0.014875705905633644,0.031466026257598395,0.9995048219951498,0.0
68.032,-2.022713718078993,0.024783296468303746,9.849617794809165,0.0,0.0,0.0149661994281133,0.03170535064313044,0.9994972589960396,0.0
68.048,-2.003380289062197,0.024360773173237933,9.785882726008845,0.0,0.0,0.015058120724885325,0.031946174278110896,0.9994895907156776,0.0
68.06400000000001,-1.960283486628527,0.02392613307006371,9.797279665341808,0.0,0.0,0.015155306239126054,0.032188516090101316,0.9994818154583492,0.0
68.08,-1.9254747549399553,0.023684963678886763,9.801856849807736,0.0,0.0,0.015250258567739905,0.03243239546968474,0.9994739314880093,0.0
68.096,-1.88571492253783,0.023397764115278864,9.812449557936867,0.0,0.0,0.015346854560521418,0.03267783228660554,0.9994659370268948,0.0
68.112,-1.8377643827895915,0.023098644273628195,9.77466034589659,0.0,0.0,0.015446627128585343,0.03292484690577299,0.9994578302540991,0.0
68.128,-1.8079550645041829,0.022681261351270614,9.748042496624043,0.0,0.0,0.015548567004059235,0.03317346020428682,0.9994496093040782,0.0
68.144,-1.7786981875098187,0.02222243514147457,9.74895438485825,0.0,0.0,0.01564854542801619,0.03342369358892597,0.9994412722650959,0.0
68.16,-1.7392204240009392,0.022159576824436977,9.77721417955032,0.0,0.0,0.01574667344387089,0.03367556901456213,0.9994328171775959,0.0
68.176,-1.710843030718974,0.02181224802805472,9.814927443818362,0.0,0.0,0.01585152182532987,0.03392910900330179,0.9994242420325025,0.0
68.19200000000001,-1.6655238961313692,0.02164691907068005,9.834496000535742,0.0,0.0,0.01596093571465538,0.034184336664391635,0.9994155447694495,0.0
68.208,-1.6374988629298377,0.021201216323430763,9.814586726820627,0.0,0.0,0.016067470961492705,0.03444127571505872,0.9994067232749234,0.0
68.224,-1.5971188247598505,0.02098227115729473,9.836739490793157,0.0,0.0,0.016180262341894115,0.03469995050220268,0.9993977753803263,0.0
68.24,-1.5676653353571097,0.020696392262359732,9.824511059606289,0.0,0.0,0.016287508514658534,0.034960386025099634,0.9993886988599463,0.0
68.256,-1.540218698873474,0.020413736697907334,9.796984152943171,0.0,0.0,0.01639994392393408,0.03522260795903978,0.9993794914288386,0.0
68.272,-1.5173471279646642,0.020119055069691322,9.805974065250064,0.0,0.0,0.0165122825927522,0.03548664268012194,0.9993701507406019,0.0
68.288,-1.4804456642528618,0.019792511013375737,9.779807621323544,0.0,0.0,0.01662911794157671,0.035752517291003184,0.9993606743850573,0.0
68.304,-1.448393037772813,0.019587539176994778,9.795237257669191,0.0,0.0,0.01674294177094989,0.036020259648050834,0.9993510598858076,0.0
68.32000000000001,-1.4194258862230764,0.0192440211347079,9.856095007857947,0.0,0.0,0.016865534740603292,0.03628989838950769,0.999341304697689,0.0
68.336,-1.3847929564754418,0.019004734663980765,9.900594599523119,0.0,0.0,0.016985201861557036,0.03656146296512602,0.9993314062040931,0.0
68.352,-1.3663030332794626,0.018699477329221326,9.858086860051857,0.0,0.0,0.017105359951511006,0.03683498366709304,0.9993213617141612,0.0
68.368,-1.3385951563015168,0.018664460158538104,9.748739947153657,0.0,0.0,0.01723022449364807,0.03711049166247178,0.9993111684598395,0.0
68.384,-1.3108182339453236,0.018262811370311688,9.816628617322026,0.0,0.0,0.017356496612773088,0.037388019027161996,0.9993008235927883,0.0
68.4,-1.2862093317940182,0.01796367564803865,9.728266989455493,0.0,0.0,0.017486601548067818,0.03766759878147526,0.999290324181135,0.0
68.416,-1.255522393821756,0.01776735868729396,9.815443147213992,0.0,0.0,0.017618143139428923,0.03794926492750209,0.9992796672060641,0.0
68.432,-1.235791530952675,0.017411993183557146,9.77076807986815,0.0,0.0,0.017750772835520904,0.038233052488200324,0.999268849558233,0.0
68.44800000000001,-1.2052022480286675,0.017398665552087883,9.797229407617035,0.0,0.0,0.017884690659823375,0.03851899754852534,0.9992578680340009,0.0
68.464,-1.1888472638797198,0.017204530143083527,9.776583386039354,0.0,0.0,0.018021905466525517,0.038807137298577335,0.9992467193314619,0.0
68.48,-1.1558895741535844,0.016874026823641548,9.768177002859836,0.0,0.0,0.018164891223387974,0.039097510078860934,0.9992354000462721,0.0
68.496,-1.131055198239116,0.016717002707637835,9.7268766606072,0.0,0.0,0.01830377791246042,0.03939015542801051,0.999223906667248,0.0
68.512,-1.1082243709436408,0.0166643345357073,9.7867998167727,0.0,0.0,0.01844982567883915,0.039685114132714173,0.9992122355717395,0.0
68.528,-1.0844982146369608,0.016308022059455144,9.862315592738424,0.0,0.0,0.018597337175989836,0.03998242828055352,0.9992003830207384,0.0
68.544,-1.065556307979254,0.016079453098175545,9.82108540029067,0.0,0.0,0.018748494166477465,0.04028214131533581,0.9991883451537311,0.0
68.56,-1.0495914776209179,0.01591843984181568,9.808620727863877,0.0,0.0,0.018901137752932704,0.04058429809556013,0.9991761179832568,0.0
68.57600000000001,-1.0237289205958389,0.015772311680274962,9.802236471395004,0.0,0.0,0.01905632519906524,0.040888944955885194,0.9991636973891689,0.0
68.592,-1.009252848580658,0.01558369396166026,9.86244408772498,0.0,0.0,0.019211320817661956,0.041196129772034136,0.9991510791125663,0.0
68.608,-0.9858654194181526,0.015400989123099142,9.804502452318811,0.0,0.0,0.019379155845334676,0.04150590202919319,0.99913825874938,0.0
68.624,-0.9724820250101913,0.015168473794734396,9.796311213172583,0.0,0.0,0.019541198547490018,0.041818312894210445,0.9991252317435899,0.0
68.64,-0.9440787532010134,0.015107283155887708,9.78453150223817,0.0,0.0,0.019711943674155862,0.042133415291870126,0.9991119933800429,0.0
68.656,-0.9248868164791323,0.014718190262753122,9.80533049164775,0.0,0.0,0.019882335426515994,0.04245126398547665,0.9990985387768493,0.0
68.672,-0.9089386170927262,0.014756535196339047,9.80805366325933,0.0,0.0,0.02005877302660697,0.042771915662015714,0.9990848628773242,0.0
68.688,-0.8924995999663505,0.014347403558274078,9.847561073021092,0.0,0.0,0.02023643344226779,0.043095429022343784,0.9990709604414394,0.0
68.70400000000001,-0.873053816560504,0.01430493227639006,9.844648462849486,0.0,0.0,0.020419123397269718,0.043421864876597625,0.9990568260367568,0.0
68.72,-0.8591572511223377,0.014047828017956784,9.817464226798828,0.0,0.0,0.020606098486823345,0.043751286245238066,0.9990424540288003,0.0
68.736,-0.8373956277357747,0.01392639986432978,9.803778170421117,0.0,0.0,0.020799111650279138,0.04408375846627763,0.9990278385708212,0.0
68.752,-0.8223454064213367,0.013852893171821487,9.831016277605688,0.0,0.0,0.02099679482531858,0.04441934930894614,0.9990129735929207,0.0
68.768,-0.8019032388085215,0.01371716105610958,9.787184679847922,0.0,0.0,0.021193938312525473,0.044758129094294836,0.9989978527904745,0.0
68.784,-0.7893096496556827,0.013577349825257603,9.81782189926076,0.0,0.0,0.02139862729839992,0.04510017082347804,0.9989824696118011,0.0
68.8,-0.7715870169778419,0.01337540448242176,9.827587475578664,0.0,0.0,0.021609732436964867,0.04544555031397631,0.9989668172450273,0.0
68.816,-0.7534170911161897,0.01323429246051271,9.78910330880824,0.0,0.0,0.021821267987203904,0.04579434634459656,0.9989508886040752,0.0
68.83200000000001,-0.7364740071600532,0.013147800184725632,9.81943282109688,0.0,0.0,0.0220408388443103,0.04614664080984436,0.9989346763137054,0.0
68.848,-0.7267180105277314,0.01302253597054245,9.778215559444675,0.0,0.0,0.02226700797514378,0.046502518884389304,0.998918172693543,0.0
68.864,-0.7175916521279275,0.012766740262620447,9.790251576377122,0.0,0.0,0.022493872737379097,0.04686206919849344,0.9989013697409949,0.0
68.88,-0.6988015990783654,0.012727997240569553,9.836686715574999,0.0,0.0,0.02273371984115444,0.04722538402524855,0.9988842591129704,0.0
68.896,-0.6856542100109342,0.01257218415278346,9.786117415497463,0.0,0.0,0.022975122850669164,0.04759255948054093,0.9988668321063081,0.0
68.912,-0.6743011183408852,0.012529755446022056,9.903094000417962,0.0,0.0,0.023222451803977178,0.04796369573691011,0.9988490796367874,0.0
68.928,-0.6582331772038645,0.012295416751506675,9.81912357194905,0.0,0.0,0.02347736326478875,0.04833889725240657,0.9988309922166119,0.0
68.944,-0.6438227828092712,0.01229733843113948,9.798790117470626,0.0,0.0,0.023737680776665104,0.048718273015652167,0.9988125599302266,0.0
68.96000000000001,-0.62832053241979,0.012069356622811962,9.806334289409527,0.0,0.0,0.02400894610713931,0.049101936808689406,0.9987937724083165,0.0
68.976,-0.6237652680300865,0.011960368786770145,9.82433047586276,0.0,0.0,0.02428075054126737,0.04949000748903904,0.9987746187998245,0.0
68.992,-0.6045520405508311,0.011938215630872235,9.801889546525063,0.0,0.0,0.02456914209005635,0.04988260929266598,0.9987550877418123,0.0
69.008,-0.5956527971912342,0.011807677673153816,9.808419999871004,0.0,0.0,0.02486076732548857,0.05027987215989666,0.998735167326947,0.0
69.024,-0.5803543237828134,0.011669927477071034,9.885890567306449,0.0,0.0,0.02516628926497137,0.05068193208623621,0.998714845068404,0.0
69.04,-0.5704415916107851,0.011616092359012373,9.80338890395433,0.0,0.0,0.025469737913911206,0.051088931500465486,0.9986941078619322,0.0
69.056,-0.5607184789503679,0.01152122207852495,9.833885385424916,0.0,0.0,0.025788507061413498,0.051501019672618734,0.9986729419447994,0.0
69.072,-0.5476513636869046,0.011417455484302796,9.792555724888352,0.0,0.0,0.026116456854750784,0.05191835315472218,0.9986513328513118,0.0
69.08800000000001,-0.5379335812296563,0.011316275950530998,9.772465635785997,0.0,0.0,0.026454529162663585,0.052341096257492684,0.9986292653645615,0.0
69.104,-0.5274856825338162,0.011265399652577831,9.825238960791857,0.0,0.0,0.02681076729149279,0.052769421566509274,0.9986067234640154,0.0
69.12,-0.5167792513678066,0.01120732580258087,9.76274315680896,0.0,0.0,0.027169988358638136,0.053203510501997,0.9985836902685044,0.0
69.136,-0.5064241132169754,0.011018843690316402,9.852047877743944,0.0,0.0,0.02754030250994772,0.05364355392652103,0.9985601479741381,0.0
69.152,-0.4978854580706065,0.01102774281062513,9.770056521350012,0.0,0.0,0.027928304106744278,0.05408975280578323,0.9985360777865812,0.0
69.168,-0.48724690295806566,0.010890537672162665,9.85805832446075,0.0,0.0,0.028326585897843364,0.0545423189280822,0.9985114598470805,0.0
69.184,-0.48258593578489517,0.010805371817467546,9.82641818747559,0.0,0.0,0.02874151812183336,0.055001475688771,0.9984862731515429,0.0
69.2,-0.46798253045606186,0.010845501429947654,9.8708061177153,0.0,0.0,0.029167550013004157,0.05546745894699735,0.9984604954618703,0.0
69.21600000000001,-0.45941580882434363,0.010769810445460633,9.732430132204051,0.0,0.0,0.029613195862421168,0.05594051796274997,0.9984341032086492,0.0
69.232,-0.4456767827306653,0.010586198850174512,9.777816363620817,0.0,0.0,0.03007310620380225,0.056420916423535784,0.9984070713841768,0.0
69.248,-0.4382982439216091,0.010629598397820083,9.81469468780423,0.0,0.0,0.030549751373227695,0.05690893357092636,0.9983793734246617,0.0
69.264,-0.4310264506028335,0.010578174984850836,9.801009982357808,0.0,0.0,0.03104563238711566,0.05740486543928866,0.9983509810802498,0.0
69.28,-0.41928207425839586,0.010507349465736272,9.83455365836211,0.0,0.0,0.031562575335467455,0.05790902621988509,0.9983218642713705,0.0
69.296,-0.4162068235392802,0.010513674305967937,9.77200761677107,0.0,0.0,0.03209413076185523,0.058421749766211395,0.9982919909296348,0.0
69.312,-0.4077003282534018,0.010421348989686713,9.777347193211716,0.0,0.0,0.03265822637434541,0.05894339125834542,0.9982613268212716,0.0
69.328,-0.39522376991339914,0.010363989158391486,9.852676833042029,0.0,0.0,0.03324389086600531,0.059474329046889415,0.9982298353507685,0.0
69.34400000000001,-0.3865570160387612,0.010373214556901373,9.783753497093288,0.0,0.0,0.03385245583843125,0.06001496670039125,0.9981974773420091,0.0
69.36,-0.3812811763582391,0.010395123013952824,9.832556044751582,0.0,0.0,0.0344883364583387,0.06056573528348421,0.9981642107937806,0.0
69.376,-0.37356461993084283,0.01031589957695664,9.825588759220295,0.0,0.0,0.035147735183569465,0.06112709589804391,0.998129990605969,0.0
69.392,-0.36748767261374826,0.010318839960469476,9.801908104648737,0.0,0.0,0.03584789746590974,0.06169954252427386,0.9980947682721794,0.0
69.408,-0.35889825149783366,0.010251155957493588,9.780621411170152,0.0,0.0,0.03657504785375242,0.06228360520543342,0.9980584915337446,0.0
69.424,-0.35031665200867607,0.010272783734569023,9.818614250142486,0.0,0.0,0.03733729050752262,0.06287985362719418,0.9980211039892007,0.0
69.44,-0.34169935580252214,0.010275002047157906,9.757014915315334,0.0,0.0,0.03814022868847211,0.06348890115175543,0.9979825446522312,0.0
69.456,-0.33870035500030404,0.010241938409343539,9.801770360174977,0.0,0.0,0.038986434621923416,0.06411140937785713,0.9979427474497649,0.0
69.47200000000001,-0.3305123631152277,0.01024073705784669,9.707224267328339,0.0,0.0,0.03988360050670598,0.06474809331104321,0.9979016406503121,0.0
69.488,-0.3245745202746919,0.010338735355450128,9.841998733441079,0.0,0.0,0.04081648678250844,0.06539972724481845,0.9978591462106781,0.0
69.504,-4.9772222185343065,0.009596082241488054,9.840135349086799,0.0,0.0,-0.00718679482000833,0.06528499104755515,0.9978666594009045,0.0
69.52,-5.00800232588022,-0.00565885121231593,9.747346919858952,0.0,0.0,-0.05518226501185207,0.06440386754571611,0.9979239158598986,0.0
69.536,-4.98765434992325,-0.01313341121839906,9.738758504213875,0.0,0.0,-0.10318830019564255,0.06275622654690341,0.9980288853683513,0.0
69.552,-0.561404322136467,-0.002312070357458663,9.762871127036904,0.0,0.0,-0.15116728167963606,0.06034183263649266,0.9981777713584237,0.0
69.568,0.0,0.0,9.92754265704733,0.0,0.0,-0.19917688224919833,0.05716035975827442,0.9983650100400678,0.0
69.584,0.0,0.0,9.772831072493577,0.0,0.0,-0.2471882135659541,0.05321141258362989,0.9985832692223793,0.0
69.60000000000001,0.0,0.0,9.784593607457357,0.0,0.0,-0.29519645460038774,0.0484945546751518,0.9988234469448838,0.0
69.616,0.0,0.0,9.811296299204097,0.0,0.0,-0.3432095527074485,0.04300934345107786,0.9990746700702141,0.0
69.632,0.0,0.0,9.845219404736559,0.0,0.0,-0.39114245371400297,0.03675537195678077,0.9993242930262022,0.0
69.648,0.0,0.0,9.751293193853149,0.0,0.0,-0.43919045395635525,0.029732317447472022,0.9995578969220358,0.0
69.664,0.0,0.0,9.715955865134989,0.0,0.0,-0.48721275788957974,0.02193999678319681,0.9997592892997561,0.0
69.68,0.0,0.0,9.803829851948446,0.0,0.0,-0.5351824279345452,0.013378428631860109,0.9999105048189776,0.0
69.696,0.0,0.0,9.838005750347577,0.0,0.0,-0.5831747883616757,0.004047902469385796,0.9999918072092383,0.0
69.712,0.0,0.0,9.813940396701973,0.0,0.0,-0.6312038570940425,-0.006050945644293686,0.9999816928608293,0.0
69.728,0.0,0.0,9.865374428064651,0.0,0.0,-0.6791733845852185,-0.016917050545620843,0.9998568964611072,0.0
69.744,0.0,0.0,9.765057347719512,0.0,0.0,-0.7273353164329259,-0.02854882875246434,0.9995923991191922,0.0
69.76,0.0,0.0,9.858455989310107,0.0,0.0,-0.7750964133305285,-0.04094408261847508,0.9991614394573739,0.0
69.776,0.0,0.0,9.766938307164077,0.0,0.0,-0.8231888670854216,-0.05409989794449513,0.9985355281823453,0.0
69.792,0.0,0.0,9.824904885049145,0.0,0.0,-0.8711002216476738,-0.06801253515768553,0.9976844666834422,0.0
69.808,0.0,0.0,9.72726762852095,0.0,0.0,-0.9192718318299423,-0.08267731419867931,0.9965763702380731,0.0
69.824,0.0,0.0,9.79472143933295,0.0,0.0,-0.9672540786087275,-0.09808849328890948,0.9951776964363257,0.0
69.84,0.0,0.0,9.820167676627586,0.0,0.0,-1.0152013041750156,-0.11423914178727808,0.9934532794669846,0.0
69.856,0.0,0.0,9.788747190435851,0.0,0.0,-1.06321725773358,-0.1311210073857865,0.9913663709356579,0.0
69.872,0.0,0.0,9.832623571937042,0.0,0.0,-1.1111621223084547,-0.1487243779397671,0.9888786879119348,0.0
69.888,0.0,0.0,9.861956025951965,0.0,0.0,-1.159243639576408,-0.16703793827800434,0.9859504689262203,0.0
69.904,0.0,0.0,9.838628581142267,0.0,0.0,-1.2071591277117115,-0.18604862239333203,0.9825405386575881,0.0
69.92,0.0,0.0,9.778091990327205,0.0,0.0,-1.2551362151994816,-0.20574146147378605,0.9786063820712754,0.0
69.936,0.0,0.0,9.793960073837136,0.0,0.0,-1.3033591801809281,-0.2260994282993936,0.974104228777746,0.0
69.952,0.0,0.0,9.847391597751457,0.0,0.0,-1.3513858116803057,-0.24710327859904843,0.9689891483941404,0.0
69.968,0.0,0.0,9.840340028473596,0.0,0.0,-1.3993091704278748,-0.26873139003675844,0.9632151576926682,0.0
69.984,0.0,0.0,9.756029269739669,0.0,0.0,-1.4472343356966744,-0.29095959957575673,0.9567353403186878,0.0
70.0,0.0,0.0,9.806484276682465,0.0,0.0,-1.4952807591845299,-0.31376104005319755,0.9495019798529837,0.0
70.016,0.0,0.0,9.824591419091774,0.0,0.0,-1.5000968126745258,-0.3364554563941811,0.941699381895615,0.0
70.032,0.0,0.0,9.73185887775972,0.0,0.0,-1.4999170602149001,-0.35895610229522373,0.9333544431913424,0.0
70.048,0.0,0.0,9.837572281530294,0.0,0.0,-1.4999687342004266,-0.38125001925031377,0.9244719697327959,0.0
70.06400000000001,0.0,0.0,9.788159255629523,0.0,0.0,-1.5000990380102601,-0.4033243678121642,0.915057077088046,0.0
70.08,0.0,0.0,9.749345317495594,0.0,0.0,-1.5001964866203155,-0.42516643498667456,0.9051151874544597,0.0
70.096,0.0,0.0,9.74980457713054,0.0,0.0,-1.5000095147488461,-0.4467636415545592,0.8946520265359652,0.0
70.112,0.0,0.0,9.8091458152367,0.0,0.0,-1.50008885519579,-0.46810354931593723,0.8836736202455193,0.0
70.128,0.0,0.0,9.854145925933707,0.0,0.0,-1.5000883367257283,-0.4891738682536991,0.8721862912346838,0.0
70.144,0.0,0.0,9.774066661709574,0.0,0.0,-1.500032608249715,-0.5099624636115434,0.8601966552523006,0.0
70.16,0.0,0.0,9.806491929914802,0.0,0.0,-1.5001608834507105,-0.5304573628825836,0.847711617334371,0.0
70.176,0.0,0.0,9.827495756950444,0.0,0.0,-1.499925747935596,-0.550646762704523,0.8347383678273266,0.0
70.19200000000001,0.0,0.0,9.764078403241946,0.0,0.0,-1.5000654194411835,-0.5705190356574154,0.8212843782469826,0.0
70.208,0.0,0.0,9.796568049257958,0.0,0.0,-1.5002896314315421,-0.5900627369600858,0.8073573969755727,0.0
70.224,0.0,0.0,9.827843669745198,0.0,0.0,-1.500108433949479,-0.6092666110613847,0.7929654447993152,0.0
70.24,0.0,0.0,9.782353797393236,0.0,0.0,-1.4999333470565857,-0.6281195981224457,0.7781168102891091,0.0
70.256,0.0,0.0,9.820977967994517,0.0,0.0,-1.5001121684778,-0.6466108403862393,0.7628200450270047,0.0
70.272,0.0,0.0,9.900724655225682,0.0,0.0,-1.5000327286267576,-0.6647296884307375,0.7470839586812013,0.0
70.288,0.0,0.0,9.799991560364798,0.0,0.0,-1.4998793458321802,-0.6824657073021009,0.7309176139324071,0.0
70.304,0.0,0.0,9.78789920638949,0.0,0.0,-1.5002341014618459,-0.6998086825243438,0.7143303212544896,0.0
70.32000000000001,0.0,0.0,9.854586053923022,0.0,0.0,-1.4998859826685338,-0.7167486259820267,0.697331633552413,0.0
70.336,0.0,0.0,9.7671562750799,0.0,0.0,-1.4998888564113093,-0.7332757816725823,0.6799313406605577,0.0
70.352,0.0,0.0,9.828955314326363,0.0,0.0,-1.5000117447300971,-0.7493806313249641,0.6621394637045871,0.0
70.368,0.0,0.0,9.774627751920054,0.0,0.0,-1.4614116336945415,-0.7646540821055623,0.6444409474259841,0.0
70.384,0.0,0.0,9.945983891840315,0.0,0.0,-1.4310701058778095,-0.7792088484822074,0.6267643659678112,0.0
70.4,0.0,0.0,9.81732644773758,0.0,0.0,-1.396669935274797,-0.7930174633401167,0.6091989025249526,0.0
70.416,0.0,0.0,9.819005693370348,0.0,0.0,-1.3661288191207255,-0.8061427765414108,0.5917210692802019,0.0
70.432,0.0,0.0,9.778406135866906,0.0,0.0,-1.334142615883077,-0.8185884104197442,0.5743805483531598,0.0
70.44800000000001,0.0,0.0,9.781761763055048,0.0,0.0,-1.304481855553668,-0.8303955579973497,0.5571743149663938,0.0
70.464,0.0,0.0,9.83766182862117,0.0,0.0,-1.2740900617704538,-0.8415802303955762,0.5401321281013831,0.0
70.48,0.0,0.0,9.73833414929988,0.0,0.0,-1.2453792547575058,-0.8521737965431634,0.5232588465427136,0.0
70.496,0.0,0.0,9.77047423065038,0.0,0.0,-1.2164828202444538,-0.8621967151942828,0.5065736119343258,0.0
70.512,0.0,0.0,9.794306431243168,0.0,0.0,-1.1889478949530157,-0.8716754665392763,0.4900835449528326,0.0
70.528,0.0,0.0,9.877971035778993,0.0,0.0,-1.1612552752510845,-0.8806315841647463,0.47380165995012025,0.0
70.544,0.0,0.0,9.836616289269749,0.0,0.0,-1.134941341028149,-0.8890887077991053,0.45773493384721803,0.0
70.56,0.0,0.0,9.755323138872896,0.0,0.0,-1.1086686289971397,-0.8970680167885963,0.4418924906071326,0.0
70.57600000000001,0.0,0.0,9.770745891334762,0.0,0.0,-1.0831838153414826,-0.9045911615829579,0.42628022518760467,0.0
70.592,0.0,0.0,9.713804948685041,0.0,0.0,-1.0582518412547621,-0.9116783701676012,0.4109045501920687,0.0
70.608,0.0,0.0,9.80045413589526,0.0,0.0,-1.033938800437026,-0.9183496661824118,0.39576999712289074,0.0
70.624,0.0,0.0,9.809923231027811,0.0,0.0,-1.0098664869488314,-0.92462408963564,0.380880943163955,0.0
70.64,0.0,0.0,9.743849709697663,0.0,0.0,-0.9864734431421358,-0.9305202056772945,0.366240558685525,0.0
70.656,0.0,0.0,9.82871943129048,0.0,0.0,-0.9635242062501628,-0.9360557893956021,0.35185161522860214,0.0
70.672,0.0,0.0,9.837666301845838,0.0,0.0,-0.9412299535236417,-0.941248042481544,0.33771603829942903,0.0
70.688,0.0,0.0,9.818612369598242,0.0,0.0,-0.9194005297767022,-0.9461134713425949,0.3238352966309651,0.0
70.70400000000001,0.0,0.0,9.781703743175667,0.0,0.0,-0.8980014374766581,-0.9506679843291583,0.31021022480172256,0.0
70.72,0.0,0.0,9.786180619562717,0.0,0.0,-0.8770156956363464,-0.9549268505096468,0.29684122047944544,0.0
70.736,0.0,0.0,9.7860237368523,0.0,0.0,-0.8563383925028194,-0.9589047485175621,0.2837281855411459,0.0
70.752,0.0,0.0,9.856440991819124,0.0,0.0,-0.8364605389674664,-0.9626157590811587,0.27087063400930894,0.0
70.768,0.0,0.0,9.813648310295703,0.0,0.0,-0.8168127486781352,-0.9660733944895628,0.25826768373029957,0.0
70.784,0.0,0.0,9.814338900002891,0.0,0.0,-0.7977488483617122,-0.969290605271398,0.2459181216027134,0.0
70.8,0.0,0.0,9.792824748014297,0.0,0.0,-0.7789192596233875,-0.9722798019525928,0.23382041552231347,0.0
70.816,0.0,0.0,9.77924388090567,0.0,0.0,-0.7603946934889795,-0.9750528676115413,0.22197275815403605,0.0
70.83200000000001,0.0,0.0,9.78078781931315,0.0,0.0,-0.7425188523524556,-0.9776211765143852,0.21037308580383896,0.0
70.848,0.0,0.0,9.76741962928582,0.0,0.0,-0.725135350176696,-0.9799956089892973,0.19901911054392826,0.0
70.864,0.0,0.0,9.804009264996834,0.0,0.0,-0.7077846192449783,-0.9821865686590875,0.18790834027708206,0.0
70.88,0.0,0.0,9.778513177811229,0.0,0.0,-0.6910577098142486,-0.9842039980528123,0.17703810385580787,0.0
70.896,0.0,0.0,9.83481218649128,0.0,0.0,-0.6745158647992842,-0.9860573950199789,0.16640556999816256,0.0
70.912,0.0,0.0,9.806096390680427,0.0,0.0,-0.6584172681481031,-0.9877558283391563,0.15600776769772448,0.0
70.928,0.0,0.0,9.80966537586748,0.0,0.0,-0.6427126571488117,-0.9893079534658056,0.14584160314978553,0.0
70.944,0.0,0.0,9.814413556737128,0.0,0.0,-0.6273973603264106,-0.9907220277678375,0.1359038766760696,0.0
70.96000000000001,0.0,0.0,9.835336208066028,0.0,0.0,-0.6122829981642122,-0.9920059256086311,0.1261912974707982,0.0
70.976,0.0,0.0,9.826967738958967,0.0,0.0,-0.597542852429972,-0.9931671530119649,0.11670049776289917,0.0
70.992,0.0,0.0,9.822932070033385,0.0,0.0,-0.5832417700817264,-0.9942128620411573,0.10742804546267602,0.0
71.008,0.0,0.0,9.828694712173073,0.0,0.0,-0.5692446811070258,-0.9951498647833531,0.09837045604079654,0.0
71.024,0.0,0.0,9.8303799236214,0.0,0.0,-0.5553690158145121,-0.9959846469854934,0.08952420325913081,0.0
71.04,0.0,0.0,9.755185093013854,0.0,0.0,-0.5419214254087907,-0.9967233812973553,0.08088572911933825,0.0
71.056,0.0,0.0,9.76664195216929,0.0,0.0,-0.5287460412382932,-0.9973719401377102,0.07245145289046785,0.0
71.072,0.0,0.0,9.790413408871787,0.0,0.0,-0.5158238535477417,-0.9979359081664437,0.06421777940738234,0.0
71.08800000000001,0.0,0.0,9.848545301426164,0.0,0.0,-0.5031516003836222,-0.9984205943692275,0.056181106605322766,0.0
71.104,0.0,0.0,9.828549467742905,0.0,0.0,-0.4908428971108726,-0.9988310437500095,0.04833783240140849,0.0
71.12,0.0,0.0,9.837722545105175,0.0,0.0,-0.47878406897965053,-0.9991720486360697,0.0406843609314404,0.0
71.136,0.0,0.0,9.803639430290211,0.0,0.0,-0.467045482074272,-0.9994481595970475,0.033217108213612075,0.0
71.152,0.0,0.0,9.794932746795686,0.0,0.0,-0.45552804863623136,-0.9996636959833131,0.025932507263707102,0.0
71.168,0.0,0.0,9.761896650029149,0.0,0.0,-0.4441767815978709,-0.9998227560884473,0.018827012713163723,0.0
71.184,0.0,0.0,9.78846084198492,0.0,0.0,-0.4331456724008067,-0.9999292269423825,0.011897104959175474,0.0
71.2,5.02256459363094,0.030613865316580217,9.82535494932029,0.0,0.0,-0.3852052271449646,-0.9999835570090891,0.005734606477348864,0.0
71.21600000000001,5.013584118482019,-0.0038448141202506742,9.83077622174629,0.0,0.0,-0.33716426702043856,-0.9999999422395139,0.00033988375827597014,0.0
71.232,4.97973610512358,-0.030904694306418925,9.73876770323564,0.0,0.0,-0.2891692219058025,-0.9999908113645415,-0.004286862079193248,0.0
71.248,4.986217000153807,-0.04980407242591328,9.775308873830017,0.0,0.0,-0.2411612018285044,-0.9999668244770816,-0.008145547570409379,0.0
71.264,4.988081351911694,-0.061926893183889706,9.812671781243331,0.0,0.0,-0.19320081583472337,-0.9999368722945611,-0.011236165972907988,0.0
71.28,4.989655960242127,-0.06597498392896665,9.849010780431787,0.0,0.0,-0.1451929697933871,-0.9999080758818097,-0.013558753126189498,0.0
71.296,4.9964513907989945,-0.061538194218863605,9.87520756370892,0.0,0.0,-0.09717608507054416,-0.9998857866508052,-0.015113360106229948,0.0
71.312,4.99913528292557,-0.050562576143862524,9.853433865799852,0.0,0.0,-0.049164437519543934,-0.9998735864902714,-0.015900032675495977,0.0
71.328,5.006819474466705,-0.031293196528051445,9.861239465553343,0.0,0.0,-0.0011728476655434921,-0.9998732879146519,-0.015918797528192252,0.0
71.34400000000001,4.98673683464595,-0.002515486266833784,9.84049964703452,0.0,0.0,0.020923195400075235,-0.9998785600639694,-0.015584130530871161,0.0
71.36,5.010791801129686,0.015045169792590246,9.827829035112455,0.0,0.0,0.02059622687785963,-0.9998836419708911,-0.015254590096984117,0.0
71.376,4.986813205546814,0.01654474604490343,9.734490112220943,0.0,0.0,0.020286460168799817,-0.999888540214428,-0.014930075279792124,0.0
71.392,4.983263370057987,0.017938563269804336,9.82983547616758,0.0,0.0,0.01997472091738751,-0.9998932611336951,-0.014610487309607425,0.0
71.408,4.979340931906989,0.01919303511387422,9.834708565538131,0.0,0.0,0.019672804972904873,-0.9998978108371728,-0.014295729538212901,0.0
71.424,5.003386905100912,0.02050314536739313,9.773616831185421,0.0,0.0,0.019376991681788806,-0.9999021952115844,-0.013985707384847978,0.0
71.44,4.975533154596405,0.021754897002131908,9.892724048793038,0.0,0.0,0.019086481055695746,-0.9999064199304103,-0.0136803282837072,0.0
71.456,5.013795483265563,0.02298995478804914,9.796222726666633,0.0,0.0,0.018804757203724272,-0.9999104904620489,-0.013379501632897825,0.0
71.47200000000001,4.990832165900569,0.023993405552860145,9.854402582488607,0.0,0.0,0.018527941011001484,-0.9999144120776458,-0.013083138744816493,0.0
71.488,5.0030764770772365,0.025309149314804887,9.803615746885564,0.0,0.0,0.018253328683825384,-0.9999181898586009,-0.012791152797888799,0.0
71.504,5.0121566594160125,0.026079267782881183,9.787176708335592,0.0,0.0,0.017980269937226498,-0.9999218287037722,-0.012503458789631623,0.0
71.52,5.006930140730451,0.027376914630261102,9.811657376899436,0.0,0.0,0.017720328112391215,-0.9999253333363843,-0.012219973490995302,0.0
71.536,4.987049022157651,0.02858812260680277,9.804072023846077,0.0,0.0,0.017460424820703063,-0.9999287083106592,-0.011940615401938727,0.0
71.552,4.990539939320938,0.029468687734525795,9.820823853217096,0.0,0.0,0.01720675868410974,-0.9999319580181769,-0.011665304708202782,0.0
71.568,5.016513619451967,0.030492839950100162,9.781260791796948,0.0,0.0,0.01696173748624423,-0.999935086693983,-0.011393963239237364,0.0
71.584,5.012704667564959,0.031229624054576306,9.797219921501087,0.0,0.0,0.016718835957525997,-0.9999380984224475,-0.011126514427247266,0.0
71.60000000000001,4.987875197714946,0.03231014256964089,9.840155357514599,0.0,0.0,0.016478394408680996,-0.9999409971428919,-0.01086288326732299,0.0
71.616,4.966028346325412,0.03273277379435283,9.813597573703035,0.0,0.0,0.016242081106180774,-0.9999437866549878,-0.010602996278610825,0.0
71.632,5.0247069880258195,0.033729681660185924,9.767889341955602,0.0,0.0,0.016015624958931017,-0.9999464706239451,-0.010346781466501052,0.0
71.648,5.0075967518832885,0.03451703034786178,9.790761780395895,0.0,0.0,0.015790349785797474,-0.9999490525854895,-0.010094168285793651,0.0
71.664,4.986728885528708,0.03536814108207069,9.8385684377311,0.0,0.0,0.015570964095847514,-0.999951535950645,-0.0098450876048052,0.0
71.68,4.994458024951864,0.03604215870075908,9.830875366179187,0.0,0.0,0.01535210268179652,-0.9999539240103263,-0.009599471670401167,0.0
71.696,1.2440885863168936,0.03769353903419489,9.780052661614961,0.0,0.0,0.015140108622826085,-0.9999562199397514,-0.009357254073904364,0.0
71.712,1.3599880980100041e-05,0.037750553952383456,9.84789703686823,0.0,0.0,0.014931766910047701,-0.9999584266866524,-0.009118382441803055,0.0
71.728,1.3160084866768621e-05,0.03753852118446022,9.798869537687718,0.0,0.0,0.014723247783777696,-0.9999605470700326,-0.008882809431791556,0.0
71.744,1.2878292709427915e-05,0.03680882126820064,9.864034352508531,0.0,0.0,0.014519454187726166,-0.9999625838254005,-0.008650488380945837,0.0
71.76,1.2637623947165762e-05,0.03620811462463591,9.82287410271656,0.0,0.0,0.014318974662414066,-0.999964539607186,-0.008421373295897342,0.0
71.776,1.21934459337183e-05,0.035784620171195956,9.729235550566669,0.0,0.0,0.014123235937772219,-0.9999664169910835,-0.00819541884315285,0.0
71.792,1.1870139312927412e-05,0.03532785367157055,9.780173174025371,0.0,0.0,0.01392741466781699,-0.9999682184763321,-0.007972580339548405,0.0
71.808,1.1573293261001696e-05,0.034790045276402726,9.836076229504657,0.0,0.0,0.013736152795339808,-0.9999699464879276,-0.0077528137428443155,0.0
71.824,1.1245026165482216e-05,0.03422249228877976,9.803827977118637,0.0,0.0,0.01354665626858173,-0.9999716033787716,-0.007536075642455171,0.0
71.84,1.0828437747694483e-05,0.0339558606386444,9.808297429380023,0.0,0.0,0.013361317226329163,-0.9999731914317593,-0.007322323250315234,0.0
71.856,1.0480196229609913e-05,0.033316643833258025,9.848569188273382,0.0,0.0,0.01317789838159248,-0.9999747128618074,-0.007111514391872259,0.0
71.872,1.0275473657451805e-05,0.03280919048648308,9.808382427249002,0.0,0.0,0.012991439524812218,-0.9999761698178234,-0.006903607497215623,0.0
71.888,1.0064785705967824e-05,0.032510598911121874,9.77802197320319,0.0,0.0,0.012812782384596787,-0.9999775643846186,-0.006698561592329585,0.0
71.904,9.803681524756154e-06,0.03188889843682129,9.804498728852417,0.0,0.0,0.012638457794571357,-0.9999788985847659,-0.006496336290475338,0.0
71.92,9.593443531659563e-06,0.03158770259960088,9.84525427774858,0.0,0.0,0.012466021342046564,-0.9999801743804048,-0.006296891783695319,0.0
71.936,9.248619490446478e-06,0.031214012153762526,9.852138476216385,0.0,0.0,0.012295430157964016,-0.9999813936749946,-0.00610018883444321,0.0
71.952,8.943464018418137e-06,0.030548485389798007,9.874151850177057,0.0,0.0,0.012123183335181495,-0.9999825583150161,-0.005906188767332852,0.0
71.968,8.701337164077052e-06,0.030575946550347365,9.724070334472062,0.0,0.0,0.011960991519453672,-0.9999836700916267,-0.005714853461008414,0.0
71.984,8.485298024781354e-06,0.03000538187420344,9.78712795223894,0.0,0.0,0.011793238550753083,-0.9999847307422648,-0.005526145340130104,0.0
72.0,8.238479257089053e-06,0.029540195331625566,9.815468906175084,0.0,0.0,0.011633354879046051,-0.9999857419522113,-0.0053400273674791094,0.0
72.016,8.051021365105033e-06,0.02895714746083143,9.866866472341824,0.0,0.0,0.011471218189897672,-0.9999867053561047,-0.005156463036172058,0.0
72.032,7.793611523029168e-06,0.028668602954353188,9.848963852468376,0.0,0.0,0.011313692882811414,-0.9999876225394118,-0.00497541636199642,0.0
72.048,7.631711182818233e-06,0.028250866719018605,9.823967561070035,0.0,0.0,0.011159410345959932,-0.9999884950398585,-0.004796851875845388,0.0
72.06400000000001,7.456307362794077e-06,0.02781079671866148,9.796620066249336,0.0,0.0,0.011007192595985265,-0.9999893243488183,-0.004620734616275202,0.0
72.08,7.204550602761628e-06,0.027455390753966368,9.802309324938872,0.0,0.0,0.010854781225229006,-0.9999901119126592,-0.004447030122160092,0.0
72.096,7.013526104079652e-06,0.02711228706819013,9.862066634045789,0.0,0.0,0.010708371891623174,-0.9999908591340555,-0.00427570442546093,0.0
72.112,6.8488030273074895e-06,0.026576209250833455,9.807530580150658,0.0,0.0,0.01056102353671058,-0.9999915673732582,-0.0041067240440920945,0.0
72.128,6.668922003068367e-06,0.026482128420755837,9.828993578283402,0.0,0.0,0.010417492244929534,-0.9999922379493327,-0.003940055974899508,0.0
72.144,6.407309176010285e-06,0.026156372241772016,9.77826374143041,0.0,0.0,0.010274080493094886,-0.9999928721413567,-0.0037756676867327947,0.0
72.16,6.307470185821118e-06,0.02558105661580132,9.858221913570418,0.0,0.0,0.010134532861869312,-0.999993471189587,-0.0036135271136249606,0.0
72.176,6.114064022263394e-06,0.02544411567306796,9.89653168541108,0.0,0.0,0.009992660106907938,-0.9999940362965918,-0.003453602648065421,0.0
72.19200000000001,5.961250849855068e-06,0.02488349596870616,9.926193557073464,0.0,0.0,0.009859889801794815,-0.9999945686283498,-0.0032958631343753338,0.0
72.208,5.7935446309019105e-06,0.024507030495275802,9.852796730338014,0.0,0.0,0.0097239694841394,-0.9999950693153183,-0.0031402778621741705,0.0
72.224,5.6239100180499125e-06,0.024361770274224488,9.845493539978188,0.0,0.0,0.009591436199590369,-0.9999955394534704,-0.002986816559945578,0.0
72.24,5.492282623360045e-06,0.024127042509092606,9.829994609979861,0.0,0.0,0.009459699187959162,-0.9999959801053024,-0.0028354493886959173,0.0
72.256,5.334112662889683e-06,0.023705987994475018,9.74861838094803,0.0,0.0,0.009330935353925495,-0.9999963923008122,-0.0026861469357010804,0.0
72.272,5.186286766906976e-06,0.023482599893588554,9.803957254720999,0.0,0.0,0.009204918062988478,-0.9999967770384501,-0.002538880208350072,0.0
72.288,5.036610720857219e-06,0.022948577328892175,9.845008571975818,0.0,0.0,0.009077533716686542,-0.9999971352860412,-0.0023936206280731776,0.0
72.304,4.8987569046827636e-06,0.022714042610139745,9.756294598024459,0.0,0.0,0.008956894708482327,-0.9999974679816819,-0.00225034002435943,0.0
72.32000000000001,4.78898083521326e-06,0.02240816073884098,9.838754353782816,0.0,0.0,0.008833817007250938,-0.9999977760346108,-0.0021090106288645136,0.0
72.336,4.612178085293382e-06,0.02219200249183587,9.83956299376123,0.0,0.0,0.008712092610730983,-0.9999980603260538,-0.001969605069597829,0.0
72.352,4.534326221427459e-06,0.02181654571623114,9.781655662914861,0.0,0.0,0.008594988289254327,-0.999998321710046,-0.0018320963652009579,0.0
72.368,4.355044461035422e-06,0.02140761192647822,9.77296374198309,0.0,0.0,0.008478022569979893,-0.9999985610142287,-0.0016964579193029055,0.0
72.384,4.267358593493641e-06,0.021091795285592844,9.80680126947575,0.0,0.0,0.008360900764841793,-0.9999987790406242,-0.001562663514964151,0.0
72.4,4.151577241637192e-06,0.021040614827704186,9.862874435428566,0.0,0.0,0.008249174418856548,-0.9999989765663881,-0.0014306873091926532,0.0
72.416,4.052906192759942e-06,0.02062694365218008,9.849608462994356,0.0,0.0,0.008137069248542073,-0.9999991543445399,-0.0013005038275500536,0.0
72.432,3.93870047503339e-06,0.020197282141703597,9.810179211078037,0.0,0.0,0.008025799538663636,-0.9999993131046725,-0.0011720879588263415,0.0
72.44800000000001,3.838930374348347e-06,0.02017291736499914,9.810814814730886,0.0,0.0,0.007918210268591555,-0.9999994535536421,-0.001045414949799218,0.0
72.464,3.7763944316798623e-06,0.01977592486085951,9.794968901196327,0.0,0.0,0.007810078461002873,-0.9999995763762363,-0.0009204604000653061,0.0
72.48,3.636516237394214e-06,0.019539241964361832,9.803109627810153,0.0,0.0,0.0077052084787651715,-0.9999996822358247,-0.0007972002569476718,0.0
72.496,3.511978432800692e-06,0.01928744928871529,9.796023132008884,0.0,0.0,0.0075989493193506,-0.9999997717749903,-0.0006756108104812346,0.0
72.512,3.420150076896512e-06,0.01901922065213738,9.788950717899336,0.0,0.0,0.007494897100524127,-0.9999998456161424,-0.0005556686884612128,0.0
72.528,3.3395803419051266e-06,0.01875465569080843,9.809842649646942,0.0,0.0,0.0073939048661361,-0.999999904362112,-0.00043735085157638285,0.0
72.544,3.264401730015241e-06,0.018453874317745554,9.811167010466987,0.0,0.0,0.007295594996194299,-0.999999948596729,-0.0003206345886016421,0.0
72.56,3.15940153305666e-06,0.01823175728940749,9.742542222223797,0.0,0.0,0.007195672802372872,-0.9999999788853862,-0.00020549751166698926,0.0
72.57600000000001,3.0857902603056916e-06,0.018036492241622758,9.814395729291997,0.0,0.0,0.007100452040433757,-0.999999995775582,-9.191755159627917e-05,0.0
72.592,3.00426280385429e-06,0.017709753006169268,9.725275826670426,0.0,0.0,0.007002338382676894,-0.999999999797451,2.0127046694885696e-05,0.0
72.608,2.9110492071628807e-06,0.017566997173314954,9.843094384930886,0.0,0.0,0.006908213866304592,-0.999999991464279,0.00013065772872212792,0.0
72.624,2.8652295676776263e-06,0.01727294364696247,9.841965349413822,0.0,0.0,0.006815032875848437,-0.999999971273001,0.0002396956348992084,0.0
72.64,2.7744373145056076e-06,0.016925720820473687,9.795279843364485,0.0,0.0,0.006722318786908017,-0.999999939704687,0.00034726160493642877,0.0
72.656,2.7022071287351752e-06,0.016798469420439315,9.878926732276788,0.0,0.0,0.006631298934381959,-0.9999998972250135,0.0004533761821756171,0.0
72.672,2.614447990396213e-06,0.01643451205048624,9.809325194944975,0.0,0.0,0.006542715250745576,-0.9999998442847193,0.000558059617859904,0.0
72.688,2.5374332833137196e-06,0.016357844080147472,9.792116270436354,0.0,0.0,0.006454634780100908,-0.9999997813200514,0.0006613318753444953,0.0
72.70400000000001,2.4849635920872545e-06,0.01611711297908143,9.874206859707222,0.0,0.0,0.006366839650695837,-0.9999997087531951,0.0007632126342457607,0.0
72.72,2.4078343210230896e-06,0.015933667774959564,9.8171622813331,0.0,0.0,0.006282634379205303,-0.9999996269926933,0.0008637212945288529,0.0
72.736,2.34946921801287e-06,0.015561711916510118,9.888116455492513,0.0,0.0,0.006197135262995237,-0.9999995364338528,0.000962876980534726,0.0
72.752,2.281925373102e-06,0.015540745191114922,9.788618858751343,0.0,0.0,0.006113707864663425,-0.9999994374591403,0.0010606985449536574,0.0
72.768,2.221412280719287e-06,0.015221944986879132,9.877571140035876,0.0,0.0,0.006032182671566634,-0.9999993304385643,0.0011572045727359247,0.0
72.784,2.1550258654996552e-06,0.015140100809428951,9.826525518632184,0.0,0.0,0.005949911294887462,-0.9999992157300492,0.0012524133849454132,0.0
72.8,2.1071674105855218e-06,0.014924849344783001,9.764916783199988,0.0,0.0,0.005870421762544603,-0.9999990936797953,0.0013463430425621258,0.0
72.816,2.0573553898449025e-06,0.014641887038040343,9.828283856564067,0.0,0.0,0.005791993242364826,-0.9999989646226309,0.0014390113502278261,0.0
72.83200000000001,1.9970566874813117e-06,0.014515742648889818,9.88162905299717,0.0,0.0,0.005713891437950526,-0.9999988288823536,0.0015304358599325751,0.0
72.848,1.9453774889278315e-06,0.014274888832008014,9.862627840764402,0.0,0.0,0.005637841306025942,-0.9999986867720598,0.0016206338746512607,0.0
72.864,1.8784021821095529e-06,0.014029919294988048,9.815208418253262,0.0,0.0,0.005561907654313218,-0.9999985385944681,0.0017096224519303346,0.0
72.88,1.848992817542969e-06,0.013887928897755135,9.7398306733073,0.0,0.0,0.005486671754840244,-0.9999983846422298,0.0017974184074169767,0.0
72.896,1.8001825638274403e-06,0.01375931112852425,9.850104779158334,0.0,0.0,0.005413085561973514,-0.9999982251982326,0.0018840383183391135,0.0
72.912,1.7533171319897192e-06,0.013505572833030366,9.889448519625699,0.0,0.0,0.005341729857581074,-0.9999980605358956,0.0019694985269369594,0.0
72.928,1.6932710935328053e-06,0.013390034050930855,9.7967098318212,0.0,0.0,0.005269083163480539,-0.9999978909194533,0.0020538151438425044,0.0
72.944,1.6590052484367235e-06,0.013172809917432209,9.772492849317436,0.0,0.0,0.005198395443332065,-0.9999977166042352,0.002137004051407851,0.0
72.96000000000001,1.6110437670993686e-06,0.013012030325888985,9.76976300366906,0.0,0.0,0.005130123161613506,-0.999997537836933,0.002219080906991036,0.0
72.976,1.569477786194592e-06,0.012777679560902255,9.77108205291724,0.0,0.0,0.005061607132580436,-0.9999973548558637,0.0023000611461880143,0.0
72.992,1.5215619162838967e-06,0.012652042084633702,9.78008469009694,0.0,0.0,0.004993306916169123,-0.9999971678912221,0.002379959986023235,0.0
73.008,1.4821409252485522e-06,0.012519450306338636,9.806217760002394,0.0,0.0,0.004926606810429496,-0.9999969771653291,0.0024587924280890365,0.0
73.024,1.436987051530574e-06,0.012246850749609062,9.817178709243613,0.0,0.0,0.004860619008776231,-0.9999967828928693,0.002536573261641832,0.0
73.04,1.4059706299685255e-06,0.012109726716043703,9.752811552730995,0.0,0.0,0.004795506558751542,-0.9999965852811245,0.0026133170666551124,0.0
73.056,1.3650113751405813e-06,0.011946053910595235,9.823799783382182,0.0,0.0,0.004732495151424492,-0.9999963845301986,0.0026890382168232277,0.0
73.072,1.3253768389562143e-06,0.01181190884861108,9.821065014134357,0.0,0.0,0.004669661407850029,-0.9999961808332368,0.002763750882527747,0.0
73.08800000000001,1.2975356018766507e-06,0.011674522723821171,9.798655724919882,0.0,0.0,0.0046071403225586135,-0.9999959743766385,0.002837469033753934,0.0
73.104,1.256769404769987e-06,0.011611406420639223,9.774973731991988,0.0,0.0,0.004545691459113321,-0.9999957653402635,0.0029102064429726657,0.0
73.12,1.2252495955056172e-06,0.011374865234906181,9.807839094267138,0.0,0.0,0.004485877046534953,-0.9999955538976323,0.0029819766879713547,0.0
73.136,1.2015060418964894e-06,0.011245523433882592,9.822416406506374,0.0,0.0,0.004425949918293059,-0.9999953402161207,0.0030527931546543026,0.0
73.152,1.1678830693167784e-06,0.011093505128342519,9.7833757781682,0.0,0.0,0.004366838151019409,-0.9999951244571486,0.003122669039792941,0.0
73.168,1.135444673356515e-06,0.010931558101436664,9.773097951766632,0.0,0.0,0.004309056185588145,-0.9999949067763634,0.0031916173537426084,0.0
73.184,1.1080487445489847e-06,0.010850558895739265,9.780598009270333,0.0,0.0,0.004252098396740456,-0.9999946873238175,0.0032596509231151947,0.0
73.2,1.0701420137658482e-06,0.010673944254675044,9.819933329130562,0.0,0.0,0.004195819513164236,-0.9999944662441422,0.003326782393418999,0.0
73.21600000000001,1.0528702209437663e-06,0.01054060409767071,9.841173943569055,0.0,0.0,0.004140703139085188,-0.9999942436767142,0.0033930242316519955,0.0
73.232,1.0127888494972079e-06,0.010296398128326454,9.802749569761337,0.0,0.0,0.004084645632410128,-0.9999940197558184,0.0034583887288676235,0.0
73.248,1.0008433387089067e-06,0.010211423120723427,9.797734095295668,0.0,0.0,0.00403166068370825,-0.999993794610807,0.0035228880026915723,0.0
73.264,9.688906734878818e-07,0.010031203497686127,9.804241853701702,0.0,0.0,0.003977373757954764,-0.9999935683662513,0.0035865339998159347,0.0
73.28,9.430291119651268e-07,0.009995162532586104,9.836600299404292,0.0,0.0,0.00392533706955389,-0.9999933411420917,0.003649338498442808,0.0
73.296,9.12808598943025e-07,0.009742796563128505,9.819014720543029,0.0,0.0,0.003874329910327922,-0.9999931130537822,0.0037113131107037243,0.0
73.312,8.898474005249828e-07,0.009719096545525501,9.809647935222959,0.0,0.0,0.003822497652632538,-0.9999928842124297,0.0037724692850391443,0.0
73.328,8.740818529914301e-07,0.009531302900713506,9.861791067860135,0.0,0.0,0.0037721116212892265,-0.9999926547249305,0.003832818308542479,0.0
73.34400000000001,8.46565409322664e-07,0.00940404867548684,9.754851486222007,0.0,0.0,0.003722395843527792,-0.9999924246941028,0.0038923713092726083,0.0
73.36,8.286296922531601e-07,0.009274315223608822,9.796150184571063,0.0,0.0,0.0036731000933109305,-0.9999921942188147,0.003951139258533352,0.0
73.376,8.006381149535941e-07,0.009238520576381092,9.766681647827172,0.0,0.0,0.0036241563631814575,-0.9999919633941085,0.004009132973117001,0.0
73.392,7.808765303846715e-07,0.00908989695189782,9.752179545516062,0.0,0.0,0.0035769802728202113,-0.999991732311321,0.004066363117517019,0.0
73.408,7.60709330068046e-07,0.00888476959924886,9.795738045738828,0.0,0.0,0.0035296387875832142,-0.9999915010582014,0.004122840206109453,0.0
73.424,7.37499760393721e-07,0.00881121881845138,9.831064067618984,0.0,0.0,0.003483723248618727,-0.9999912697190251,0.004178574605301986,0.0
73.44,7.24538638850745e-07,0.008709292985802163,9.778862625025377,0.0,0.0,0.003437615519928198,-0.999991038374703,0.004233576535651659,0.0
73.456,7.034104844282675e-07,0.008622527219331561,9.858786789278469,0.0,0.0,0.00339327383854941,-0.9999908071028899,0.004287856073952019,0.0
73.47200000000001,6.904646207129484e-07,0.008494079222626464,9.843104743527308,0.0,0.0,0.0033482372573584696,-0.9999905759780873,0.004341423155289627,0.0
73.488,6.698641240992424e-07,0.008364639251146624,9.839918151810412,0.0,0.0,0.0033039054152485823,-0.9999903450717451,0.0043942875750730605,0.0
73.504,6.513620154378646e-07,0.00829555461310139,9.789511373337815,0.0,0.0,0.0032604959585932165,-0.9999901144523585,0.004446458991029734,0.0
73.52,6.272057985791295e-07,0.008149929158722938,9.731935880607054,0.0,0.0,0.0032179614510244483,-0.9999898841855643,0.004497946925175225,0.0
73.536,6.176161458543593e-07,0.008104325494181719,9.864030690879542,0.0,0.0,0.003175754416903179,-0.9999896543342316,0.004548760765753945,0.0
73.552,6.003364198157348e-07,0.00797989970979481,9.77826132765857,0.0,0.0,0.003134387962552323,-0.9999894249585519,0.004598909769151218,0.0
73.568,5.871880263824704e-07,0.007811319412644169,9.783758984064123,0.0,0.0,0.00309307117074244,-0.9999891961161257,0.004648403061777809,0.0
73.584,5.688923640114557e-07,0.007753786982945282,9.854772327962204,0.0,0.0,0.0030526716391499355,-0.9999889678620468,0.004697249641931411,0.0
73.60000000000001,5.5773459727008e-07,0.007628509018760151,9.72199403890536,0.0,0.0,0.0030128921337627935,-0.9999887402489833,0.004745458381621697,0.0
73.616,5.403630067019204e-07,0.007549635556765128,9.822000860266195,0.0,0.0,0.0029739597971838298,-0.9999885133272575,0.004793038028378089,0.0
73.632,5.256705762549524e-07,0.00746576990998182,9.793727112784756,0.0,0.0,0.0029353588991096243,-0.9999882871449225,0.004839997207027564,0.0
73.648,5.121765187850267e-07,0.007320440309800843,9.890824370441672,0.0,0.0,0.0028971562800968087,-0.9999880617478366,0.0048863444214462546,0.0
73.664,4.998026359331163e-07,0.007285884979306225,9.800612285016612,0.0,0.0,0.002858694742202718,-0.9999878371797354,0.004932088056288651,0.0
73.68,4.860588867577785e-07,0.007120722771321585,9.844029826422888,0.0,0.0,0.002822003730717957,-0.9999876134823025,0.004977236378687054,0.0
73.696,4.7175575047235605e-07,0.007034326923321633,9.757376970782593,0.0,0.0,0.0027854117544457093,-0.9999873906952368,0.00502179753993239,0.0
73.712,4.578616040374808e-07,0.006954962338801006,9.760762103470192,0.0,0.0,0.0027483423225463026,-0.999987168856319,0.00506577957712438,0.0
73.72800000000001,4.5065670003133194e-07,0.006847618500239738,9.841108054314375,0.0,0.0,0.0027131164667939978,-0.9999869480014755,0.005109190414804645,0.0
73.744,4.3654223123837366e-07,0.006776816383511724,9.785705613301939,0.0,0.0,0.0026776801106984274,-0.9999867281648399,0.005152037866560263,0.0
73.76,4.2777659473520307e-07,0.00670489447861276,9.799838872330739,0.0,0.0,0.0026429915158869863,-0.9999865093788147,0.005194329636607147,0.0
73.776,4.136536258885539e-07,0.006597473323458438,9.768400076910893,0.0,0.0,0.0026095697111537496,-0.9999862916741277,0.00523607332135099,0.0
73.792,4.047672537805791e-07,0.0065548454801640735,9.825742170257342,0.0,0.0,0.002575345386645141,-0.9999860750798897,0.0052772764109233535,0.0
73.808,3.951710791445533e-07,0.00638523205224266,9.842250618855271,0.0,0.0,0.0025421390750943436,-0.9999858596236495,0.0053179462906993375,0.0
73.824,3.858059606433588e-07,0.006356440731024375,9.80163424649437,0.0,0.0,0.002508912340198281,-0.9999856453314468,0.005358090242787495,0.0
73.84,3.7322816387219683e-07,0.006279386221668747,9.813926087284088,0.0,0.0,0.0024762477683164443,-0.999985432227864,0.005397715447506429,0.0
73.856,3.641684897483254e-07,0.006202619444747243,9.747514027947947,0.0,0.0,0.0024446185762279724,-0.9999852203360756,0.005436828984830088,0.0
73.872,3.5658275479654456e-07,0.006141254440495606,9.837377518789609,0.0,0.0,0.002413150956210677,-0.9999850096778982,0.0054754378358228585,0.0
73.888,3.452632205179407e-07,0.006064682865563806,9.847246353830515,0.0,0.0,0.002381792066918923,-0.999984800273836,0.0055135488840449,0.0
73.904,3.3811850333560174e-07,0.005970569441959737,9.777146157505959,0.0,0.0,0.002351192140649085,-0.9999845921431267,0.0055511689169439335,0.0
73.92,3.294489929269239e-07,0.00588423679964985,9.789095084607613,0.0,0.0,0.0023213367280062705,-0.9999843853037873,0.005588304627220635,0.0
73.936,3.2005165194945693e-07,0.005787442824335744,9.784190860166214,0.0,0.0,0.002291171172741923,-0.9999841797726547,0.005624962614181569,0.0
73.952,3.113414716744535e-07,0.005711780355038622,9.836638122886342,0.0,0.0,0.002261624190802264,-0.9999839755654288,0.0056611493850657205,0.0
73.968,3.049286671402927e-07,0.005609476567960165,9.772348019641347,0.0,0.0,0.0022327437916057624,-0.9999837726967119,0.005696871356357699,0.0
73.984,2.966512608192186e-07,0.005588687188115197,9.853417194582358,0.0,0.0,0.0022041811481059415,-0.9999835711800485,0.005732134855077859,0.0
74.0,2.8857054432088833e-07,0.00545743869986834,9.77557014636511,0.0,0.0,0.0021758177611112565,-0.9999833710279629,0.005766946120054213,0.0
74.016,2.8185086852135235e-07,0.005403914158207015,9.791546192667035,0.0,0.0,0.002147949589245071,-0.9999831722519954,0.005801311303179907,0.0
74.032,2.7359802821193623e-07,0.005361702340600095,9.814603330104969,0.0,0.0,0.002120150872426152,-0.9999829748627383,0.00583523647064917,0.0
74.048,2.689638250177295e-07,0.005284175416123887,9.864604035140308,0.0,0.0,0.002093073251613211,-0.9999827788698705,0.0058687276041746094,0.0
74.06400000000001,2.6110394468036793e-07,0.005235319895275533,9.780108820933323,0.0,0.0,0.00206648364129532,-0.9999825842821903,0.005901790602189625,0.0
74.08,2.532790859484421e-07,0.0051895009731346255,9.72020768767351,0.0,0.0,0.0020400623781420086,-0.999982391107649,0.005934431281033526,0.0
74.096,2.4758692642999255e-07,0.005065412811742558,9.744215078110866,0.0,0.0,0.0020141525670826855,-0.9999821993533798,0.005966655376116407,0.0
74.112,2.4030689428192186e-07,0.005029324653071574,9.810939951087768,0.0,0.0,0.001988008152105639,-0.9999820090257313,0.005998468543070521,0.0
74.128,2.343623321769367e-07,0.00495292833762125,9.852527421564222,0.0,0.0,0.001963280815203399,-0.9999818201302945,0.00602987635888386,0.0
74.144,2.2638550300311417e-07,0.004886676032005948,9.853995163110433,0.0,0.0,0.0019379907524434657,-0.9999816326719323,0.0060608843230195416,0.0
74.16,2.2344614175540054e-07,0.004831008853313395,9.819288003058727,0.0,0.0,0.0019131589738863302,-0.9999814466548066,0.006091497858512311,0.0
74.176,2.1810839517121404e-07,0.004797597699926253,9.816347715931602,0.0,0.0,0.0018889236443337676,-0.9999812620824061,0.006121722313059297,0.0
74.19200000000001,2.1302212426009763e-07,0.004736399638632626,9.889356324821753,0.0,0.0,0.0018649184722181083,-0.9999810789575712,0.006151562960086754,0.0
74.208,2.051854165153662e-07,0.004657352590595625,9.862451759395485,0.0,0.0,0.0018413195321512323,-0.9999808972825192,0.006181024999805731,0.0
74.224,2.0309493324513695e-07,0.00458641722675092,9.75873308621621,0.0,0.0,0.001817947784060833,-0.9999807170588685,0.006210113560250619,0.0
74.24,1.9719597459481412e-07,0.0045498422398962774,9.807171254772939,0.0,0.0,0.00179507790656542,-0.9999805382876633,0.006238833698306181,0.0
74.256,1.9288414027327766e-07,0.00449144269701425,9.80658094758821,0.0,0.0,0.0017723009844763066,-0.999980360969395,0.006267190400713683,0.0
74.272,1.8668373705468212e-07,0.004392995653715688,9.779336859391966,0.0,0.0,0.0017499256654650492,-0.9999801851040242,0.006295188585068814,0.0
74.288,1.819472594332975e-07,0.004354348822171828,9.814061258625175,0.0,0.0,0.0017279110772232638,-0.9999800106910035,0.006322833100801203,0.0
74.304,1.7764982258619452e-07,0.00430727654827215,9.787233364150676,0.0,0.0,0.0017060748528070324,-0.9999798377292968,0.006350128730142793,0.0
74.32000000000001,1.7372073614334475e-07,0.004257439625597078,9.723680195991026,0.0,0.0,0.0016844951392048337,-0.9999796662173996,0.006377080189079812,0.0
74.336,1.7013083870180486e-07,0.004227570240681978,9.82472568482687,0.0,0.0,0.0016633323691112782,-0.9999794961533593,0.006403692128293193,0.0
74.352,1.6559270321703044e-07,0.004160558754298219,9.763031123527682,0.0,0.0,0.0016424572186305223,-0.9999793275347921,0.00642996913408166,0.0
74.368,1.6007228247350224e-07,0.0040975474102836725,9.784599989378119,0.0,0.0,0.0016219194157836069,-0.9999791603589031,0.00645591572927906,0.0
74.384,1.5590019218921866e-07,0.004045985659228993,9.765720747995234,0.0,0.0,0.001601241997645821,-0.9999789946225024,0.006481536374149478,0.0
74.4,1.5315753530584566e-07,0.0039833099985868,9.80654003269644,0.0,0.0,0.0015813807570995713,-0.9999788303220233,0.0065068354672770294,0.0
74.416,1.4840704017181529e-07,0.003958555767309779,9.854491217577605,0.0,0.0,0.0015616173707188753,-0.9999786674535377,0.006531817346438098,0.0
74.432,1.4429598475986807e-07,0.0039015835595079353,9.725375329548783,0.0,0.0,0.0015420202567516064,-0.9999785060127725,0.006556486289462928,0.0
74.44800000000001,1.416096869052606e-07,0.0038700519584002257,9.787360562835598,0.0,0.0,0.001522562370909309,-0.9999783459951245,0.0065808465150863325,0.0
74.464,1.3696300614204142e-07,0.003799356342574327,9.862072896322937,0.0,0.0,0.0015035147372331607,-0.9999781873956765,0.006604902183783086,0.0
74.48,1.3472512891251246e-07,0.0037551500622859594,9.768641526040048,0.0,0.0,0.0014848626264889612,-0.9999780302092104,0.006628657398592638,0.0
74.496,1.316039469030663e-07,0.00374010691869919,9.831966318014636,0.0,0.0,0.0014663770728226358,-0.999977874430221,0.0066521162059327375,0.0
74.512,1.2801081915623316e-07,0.003669929436468954,9.811739553615498,0.0,0.0,0.0014479701788316021,-0.9999777200529311,0.0066752825964030826,0.0
74.528,1.2512726217294846e-07,0.0036133084948990093,9.812789013705805,0.0,0.0,0.0014301743718291148,-0.9999775670713027,0.0066981605055724995,0.0
74.544,1.2127800221761459e-07,0.0035314215192482133,9.820336859845664,0.0,0.0,0.0014120146305452972,-0.9999774154790505,0.006720753814758602,0.0
74.56,1.1840498380669725e-07,0.0035233943584831056,9.867757805277414,0.0,0.0,0.0013946197559721514,-0.9999772652696538,0.006743066351795665,0.0
74.57600000000001,1.1569357861523794e-07,0.0034859619528748594,9.80435017113448,0.0,0.0,0.0013772982827866753,-0.9999771164363681,0.006765101891791855,0.0
74.592,1.1319255002161142e-07,0.0034521570980854265,9.800835500417241,0.0,0.0,0.0013602260434242392,-0.9999769689722373,0.006786864157874677,0.0
74.608,1.0997933965405172e-07,0.0034051236239099007,9.845210710187212,0.0,0.0,0.001343246954771773,-0.9999768228701031,0.006808356821925764,0.0
74.624,1.0719170325245499e-07,0.003378085237197446,9.790405999526104,0.0,0.0,0.001326290732533056,-0.9999766781226173,0.0068295835053063525,0.0
74.64,1.0473798220594223e-07,0.0033266479429003995,9.852803501055144,0.0,0.0,0.0013104622360656042,-0.9999765347222503,0.0068505477795714155,0.0
74.656,1.0238668464571308e-07,0.0032619094875196313,9.775676581050494,0.0,0.0,0.0012941005128872085,-0.9999763926613031,0.006871253167172928,0.0
74.672,9.940677252936154e-08,0.0032448225560358967,9.801968214856208,0.0,0.0,0.0012782714249437496,-0.999976251931915,0.006891703142155362,0.0
74.688,9.679738168834248e-08,0.003197479773506282,9.735587960752163,0.0,0.0,0.0012623610169572314,-0.9999761125260732,0.006911901130840273,0.0
74.70400000000001,9.513286034618687e-08,0.003157583405037457,9.870059658344273,0.0,0.0,0.0012471577971487318,-0.9999759744356224,0.006931850512498938,0.0
74.72,9.143449521256742e-08,0.003118669801035587,9.873047742418192,0.0,0.0,0.0012315245042659917,-0.9999758376522729,0.006951554620019414,0.0
74.736,9.001407249061158e-08,0.003088746974399488,9.764788903232319,0.0,0.0,0.001216424613195501,-0.9999757021676091,0.006971016740559158,0.0
74.752,8.83257192996799e-08,0.0030617800616259882,9.768883435251947,0.0,0.0,0.0012013198015675126,-0.9999755679730971,0.006990240116195231,0.0
74.768,8.684239902960386e-08,0.0030073038239393965,9.76353687946469,0.0,0.0,0.0011866285098649017,-0.9999754350600925,0.00700922794455537,0.0
74.784,8.404756239913362e-08,0.002967670706393355,9.801210469207447,0.0,0.0,0.0011722582995068423,-0.9999753034198485,0.007027983379451764,0.0
74.8,8.218373849396314e-08,0.0029316642534362447,9.817820222249004,0.0,0.0,0.0011577260607031137,-0.9999751730435226,0.00704650953149725,0.0
74.816,8.063738463322208e-08,0.002900565816427143,9.879944997746508,0.0,0.0,0.001143952501966533,-0.9999750439221825,0.007064809468713975,0.0
74.83200000000001,7.815934483316523e-08,0.0028695686333972546,9.807168460486471,0.0,0.0,0.0011297897076009888,-0.9999749160468153,0.0070828862171371885,0.0
74.848,7.62582535054523e-08,0.0028317178977983978,9.827739678343866,0.0,0.0,0.0011160594961494108,-0.9999747894083312,0.007100742761407224,0.0
74.864,7.437876408455365e-08,0.0027790947751174105,9.800021503488194,0.0,0.0,0.0011025144139807893,-0.9999746639975717,0.007118382045353984,0.0
74.88,7.267732418832182e-08,0.002774573503999459,9.816837067361044,0.0,0.0,0.0010890310799510628,-0.9999745398053144,0.007135806972572269,0.0
74.896,7.045131117645127e-08,0.002711007565735636,9.851337486989802,0.0,0.0,0.0010758226551912827,-0.999974416822279,0.007153020406991146,0.0
74.912,6.904768177513654e-08,0.0026758184390756473,9.82168700275705,0.0,0.0,0.0010628741234411435,-0.9999742950391337,0.007170025173431977,0.0
74.928,6.672939143253122e-08,0.002645878943455423,9.790617407278924,0.0,0.0,0.0010499207548735944,-0.999974174446499,0.007186824058163119,0.0
74.944,6.56895619335609e-08,0.0026403490455448476,9.86176148840159,0.0,0.0,0.0010373917922666307,-0.9999740550349538,0.007203419809441737,0.0
74.96000000000001,6.387441121436854e-08,0.002600160121147879,9.791528699179377,0.0,0.0,0.0010247633764965522,-0.9999739367950409,0.007219815138050091,0.0
74.976,6.250068404073064e-08,0.002569779834549059,9.861092473137013,0.0,0.0,0.0010124188173568397,-0.9999738197172702,0.007236012717826015,0.0
74.992,6.067606195778657e-08,0.002522676537608487,9.852386469255077,0.0,0.0,0.0010003783916508083,-0.9999737037921246,0.007252015186182755,0.0
75.008,5.984170746486544e-08,0.0024944211314145586,9.809828289129968,0.0,0.0,0.0009880859052961732,-0.9999735890100634,0.007267825144623476,0.0
75.024,5.774618696579322e-08,0.002486991811895944,9.800300278258408,0.0,0.0,0.0009764065246683582,-0.9999734753615279,0.007283445159248674,0.0
75.04,5.718633316883245e-08,0.0024499647963596573,9.799186091379626,0.0,0.0,0.0009646731169556061,-0.9999733628369439,0.007298877761253563,0.0
75.056,5.547345569306286e-08,0.0024023505778547165,9.813185481422146,0.0,0.0,0.0009529318982479002,-0.9999732514267266,0.007314125447422834,0.0
75.072,5.413024966118845e-08,0.0023790971679190443,9.807177486364301,0.0,0.0,0.0009414781221132027,-0.9999731411212839,0.00732919068061473,0.0
75.08800000000001,5.331464151059135e-08,0.0023454930081410904,9.86857023221409,0.0,0.0,0.0009304167433958456,-0.9999730319110205,0.007344075890239581,0.0
75.104,5.149040871285108e-08,0.002322273765031508,9.831327271903454,0.0,0.0,0.0009192964861649911,-0.9999729237863401,0.007358783472733221,0.0
75.12,5.0725701273347784e-08,0.002296450057562855,9.767465662947805,0.0,0.0,0.0009084388477462839,-0.9999728167376507,0.007373315792020436,0.0
75.136,4.8972013255191715e-08,0.0022586933155832327,9.845217474968832,0.0,0.0,0.0008974747825819777,-0.9999727107553663,0.007387675179973938,0.0
75.152,4.779973915663989e-08,0.0022428001209726356,9.81955461702945,0.0,0.0,0.0008868763078081816,-0.9999726058299098,0.007401863936866693,0.0
75.168,4.6969177970385616e-08,0.0022148823397086246,9.807399474522798,0.0,0.0,0.0008764794735000512,-0.9999725019517173,0.007415884331818715,0.0
75.184,4.5577730903631285e-08,0.0021902191015118807,9.805348911416282,0.0,0.0,0.0008659750383790536,-0.9999723991112394,0.007429738603234713,0.0
75.2,4.462477132609807e-08,0.0021603420713054533,9.84402732696316,0.0,0.0,0.0008557853562862629,-0.9999722972989445,0.00744342895923956,0.0
75.21600000000001,4.370618752276805e-08,0.002134839315589681,9.822722106583141,0.0,0.0,0.0008454717232144697,-0.9999721965053222,0.0074569575781033084,0.0
75.232,4.251236431439218e-08,0.0021223169596483117,9.781138779476978,0.0,0.0,0.0008356811749076886,-0.9999720967208835,0.0074703266086644056,0.0
75.248,4.1471642933398426e-08,0.002069490404885459,9.77789584347681,0.0,0.0,0.000825721606393113,-0.9999719979361658,0.007483538170743189,0.0
75.264,4.04100650171141e-08,0.0020744528446847883,9.804790826626668,0.0,0.0,0.0008159245411122595,-0.9999719001417331,0.007496594355554223,0.0
75.28,3.946105330051362e-08,0.002051814697433094,9.725910721127184,0.0,0.0,0.0008064874026127457,-0.9999718033281796,0.007509497226106006,0.0
75.296,3.8886681681693814e-08,0.0020231684427773496,9.790789013463288,0.0,0.0,0.0007968131453420905,-0.99997170748613,0.0075222488176024385,0.0
75.312,3.7744460973458906e-08,0.001989006429037567,9.80817554321692,0.0,0.0,0.0007876987599187914,-0.9999716126062432,0.007534851137834757,0.0
75.328,3.6795703636423316e-08,0.0019748745431756917,9.839725762279485,0.0,0.0,0.0007786615337131435,-0.9999715186792139,0.007547306167567024,0.0
75.34400000000001,3.630175300157639e-08,0.001942140311619174,9.75890449641315,0.0,0.0,0.0007694501721077804,-0.9999714256957724,0.00755961586091871,0.0
75.36,3.532265390969246e-08,0.001931613185110268,9.842456440429551,0.0,0.0,0.0007603846818267936,-0.999971333646689,0.007571782145742648,0.0
75.376,3.453968085655452e-08,0.0018943119626659312,9.832197959210784,0.0,0.0,0.0007516284993558254,-0.9999712425227736,0.007583806923992078,0.0
75.392,3.347037471270025e-08,0.001888753146213971,9.817276049107425,0.0,0.0,0.0007428438680498072,-0.9999711523148785,0.007595692072091044,0.0
75.408,3.304178887008533e-08,0.001848955067864619,9.820388880029256,0.0,0.0,0.0007342242341700912,-0.9999710630138989,0.00760743944129122,0.0
75.424,3.212932538974239e-08,0.0018311899552072549,9.79340855577352,0.0,0.0,0.0007255968338054999,-0.9999709746107748,0.007619050858031204,0.0
75.44,3.14213945998851e-08,0.0018059454453277254,9.850031233707291,0.0,0.0,0.0007173047975959664,-0.9999708870964918,0.007630528124284913,0.0
75.456,3.059802633960527e-08,0.0018044716436977923,9.778921948726422,0.0,0.0,0.0007089419233987389,-0.9999708004620828,0.007641873017908213,0.0
75.47200000000001,3.0099523745904494e-08,0.0017663136559983037,9.7570353561309,0.0,0.0,0.00070104717115382,-0.9999707146986287,0.007653087292979768,0.0
75.488,2.9142143501648255e-08,0.0017433026104316381,9.859520911149682,0.0,0.0,0.000692912729994585,-0.9999706297972601,0.007664172680138783,0.0
75.504,2.8529428446513432e-08,0.001734542116975379,9.817582955344271,0.0,0.0,0.0006848972687157428,-0.9999705457491579,0.007675130886914539,0.0
75.52,2.7755803637681965e-08,0.0017205291362338928,9.775402415584056,0.0,0.0,0.0006770033389082488,-0.9999704625455542,0.007685963598055457,0.0
75.536,2.7193456052263392e-08,0.0016979476418680357,9.777671823681848,0.0,0.0,0.0006693106330873989,-0.999970380177733,0.007696672475851755,0.0
75.552,2.6519508051648053e-08,0.0016617291605758031,9.816428113605058,0.0,0.0,0.0006616628230346892,-0.9999702986370314,0.007707259160451201,0.0
75.568,2.5896139771860054e-08,0.0016576770412866477,9.859379820298779,0.0,0.0,0.0006541226729551502,-0.9999702179148409,0.0077177252701751044,0.0
75.584,2.5424034602848063e-08,0.0016345248329180536,9.866736733567143,0.0,0.0,0.0006467428638655884,-0.9999701380026066,0.007728072401829608,0.0
75.60000000000001,2.4935441793430396e-08,0.001632231734926646,9.792773758121266,0.0,0.0,0.0006394402316404536,-0.9999700588918297,0.007738302131006154,0.0
75.616,2.425013359682063e-08,0.001595763777348109,9.760235811310224,0.0,0.0,0.0006322554989040133,-0.9999699805740666,0.007748416012386789,0.0
75.632,2.3694870357680245e-08,0.0015698540232847826,9.870662540701815,0.0,0.0,0.0006249761586312116,-0.9999699030409303,0.007758415580037711,0.0
75.648,2.3411214247910542e-08,0.0015695175822690365,9.79520661395972,0.0,0.0,0.0006178817683002228,-0.9999698262840909,0.007768302347706175,0.0
75.664,2.273345953294777e-08,0.0015591411507838075,9.829024362268964,0.0,0.0,0.0006110539133854333,-0.9999697502952755,0.007778077809104914,0.0
75.68,2.2365398955486e-08,0.0015386846885233204,9.766099453555304,0.0,0.0,0.0006041561536797587,-0.9999696750662695,0.007787743438200605,0.0
75.696,2.1786448823201845e-08,0.0015118837156360664,9.799847951780142,0.0,0.0,0.0005974090537688272,-0.9999696005889167,0.0077973006894918664,0.0
75.712,2.125030505441392e-08,0.0014989181191769419,9.826409412880468,0.0,0.0,0.0005905975184051215,-0.9999695268551191,0.007806750998291264,0.0
75.72800000000001,2.0703978667090834e-08,0.0014781213547459793,9.820898327481965,0.0,0.0,0.0005840445590968155,-0.9999694538568378,0.007816095780992887,0.0
75.744,2.0337247589152305e-08,0.0014669320838762024,9.815716396777592,0.0,0.0,0.000577619137819154,-0.9999693815860932,0.00782533643534613,0.0
75.76,1.9828145318259386e-08,0.0014446756708633153,9.850732453279356,0.0,0.0,0.0005712343880286692,-0.9999693100349654,0.007834474340720604,0.0
75.776,1.939742099177171e-08,0.0014360541477026572,9.777223308932808,0.0,0.0,0.0005648112313671943,-0.9999692391955938,0.007843510858368824,0.0
75.792,1.886796527729009e-08,0.0014111503182655243,9.768430802842136,0.0,0.0,0.0005584449910312129,-0.9999691690601783,0.007852447331685561,0.0
75.808,1.867542139378205e-08,0.001393009520486727,9.908774108457001,0.0,0.0,0.0005523728733903105,-0.9999690996209781,0.00786128508646164,0.0
75.824,1.8183001803338576e-08,0.0013766293888679722,9.757860841560255,0.0,0.0,0.0005462075151511056,-0.9999690308703131,0.007870025431140196,0.0
75.84,1.7763973321059035e-08,0.0013621009367813432,9.844767401144452,0.0,0.0,0.0005401639883239788,-0.9999689628005636,0.007878669657060484,0.0
75.856,1.7164958195631717e-08,0.0013521968730805915,9.777212191742535,0.0,0.0,0.0005343724472643383,-0.99996889540417,0.007887219038706123,0.0
75.872,1.715705284624912e-08,0.0013437856618548202,9.799626243953966,0.0,0.0,0.0005284640388698429,-0.9999688286736327,0.00789567483394691,0.0
75.888,1.668496311262733e-08,0.0013241179326699268,9.846943805141047,0.0,0.0,0.0005227052876500518,-0.9999687626015128,0.007904038284278861,0.0
75.904,1.6273964741541855e-08,0.0013021402020565566,9.7888459186165,0.0,0.0,0.0005170184427348327,-0.9999686971804324,0.007912310615057367,0.0
75.92,1.594092969416675e-08,0.0012974151693079703,9.86036975251004,0.0,0.0,0.0005114522601780265,-0.9999686324030724,0.007920493035732102,0.0
75.936,1.549453452163327e-08,0.0012748486543275594,9.784342546586162,0.0,0.0,0.0005059421654586506,-0.9999685682621755,0.007928586740077091,0.0
75.952,1.520196102627076e-08,0.0012645335514132534,9.84208189682066,0.0,0.0,0.000500478587257242,-0.9999685047505436,0.007936592906415187,0.0
75.968,1.496414699502201e-08,0.001248538749154751,9.797785768049147,0.0,0.0,0.0004950096935658583,-0.9999684418610388,0.007944512697844113,0.0
75.984,1.462120256357098e-08,0.0012395105071697056,9.778546510108036,0.0,0.0,0.0004897024933920341,-0.9999683795865835,0.007952347262456088,0.0
76.0,1.4232809567301727e-08,0.0012165566940141826,9.8357883091504,0.0,0.0,0.0004844064065128756,-0.999968317920159,0.007960097733555186,0.0
76.016,1.3954618927711934e-08,0.0012207658334994055,9.787944723817647,0.0,0.0,0.00047927258700300484,-0.9999682568548072,0.007967765229875856,0.0
76.032,1.3692808646833288e-08,0.0011979378558877997,9.793263920941737,0.0,0.0,0.0004740675460312695,-0.9999681963836285,0.007975350855790748,0.0
76.048,1.3369404028031573e-08,0.0011866031545151306,9.809665079474126,0.0,0.0,0.0004690181380474033,-0.999968136499783,0.007982855701523876,0.0
76.06400000000001,1.3261135126332852e-08,0.0011668627694605322,9.86083505633035,0.0,0.0,0.00046410575696399244,-0.9999680771964895,0.007990280843356463,0.0
76.08,1.2785393317640754e-08,0.001156536216674651,9.771365493773859,0.0,0.0,0.0004591886222800213,-0.9999680184670254,0.007997627343831228,0.0
76.096,1.2567768080750334e-08,0.001143068448323779,9.853577026939902,0.0,0.0,0.00045437065467791014,-0.9999679603047267,0.008004896251955322,0.0
76.112,1.227327356217722e-08,0.0011333578119129208,9.81171716399982,0.0,0.0,0.00044955970902915585,-0.9999679027029874,0.008012088603397754,0.0
76.128,1.2028805534940037e-08,0.0011238226526832597,9.848648789699816,0.0,0.0,0.0004448178959546527,-0.9999678456552596,0.00801920542068877,0.0
76.144,1.174911939268286e-08,0.0011098381295333855,9.88946608757236,0.0,0.0,0.00044011658028870766,-0.9999677891550522,0.008026247713413252,0.0
76.16,1.1542460202944721e-08,0.0011027015930342588,9.782651725043259,0.0,0.0,0.00043557687140002627,-0.9999677331959324,0.008033216478401486,0.0
76.176,1.13146055959667e-08,0.0010936091115313269,9.817654322628316,0.0,0.0,0.00043103418723180564,-0.9999676777715231,0.008040112699922084,0.0
76.19200000000001,1.1076384958925734e-08,0.0010813550419255479,9.810040949611079,0.0,0.0,0.00042654047519583135,-0.9999676228755047,0.008046937349866093,0.0
76.208,1.0855658191223928e-08,0.00106859592917062,9.799237554741854,0.0,0.0,0.00042220495933910335,-0.999967568501613,0.008053691387934376,0.0
76.224,1.0577246596888526e-08,0.0010544337840026738,9.82142407906104,0.0,0.0,0.0004177538378918421,-0.99996751464364,0.008060375761820159,0.0
76.24,1.0407980328651788e-08,0.0010451427443846607,9.801923355161227,0.0,0.0,0.0004134613164033012,-0.9999674612954329,0.0080669914073902,0.0
76.256,1.0156446621464555e-08,0.0010302973113694937,9.769787593354772,0.0,0.0,0.0004092373818840751,-0.999967408450894,0.008073539248862224,0.0
76.272,1.0021040948700142e-08,0.0010245364799646968,9.858772976068751,0.0,0.0,0.000405088018714728,-0.99996735610398,0.008080020198984093,0.0
76.288,9.80752520821467e-09,0.001005852285468741,9.802119327209834,0.0,0.0,0.0004009513036840716,-0.9999673042487021,0.008086435159204583,0.0
76.304,9.600455790530388e-09,0.0010021991362891187,9.819734109444614,0.0,0.0,0.00039688468653420944,-0.9999672528791242,0.008092785019851882,0.0
76.32000000000001,9.466581116795797e-09,0.0009870227987861064,9.783778037125911,0.0,0.0,0.00039290910198634405,-0.9999672019893652,0.00809907066029816,0.0
76.336,9.224714866460736e-09,0.0009853466314007843,9.875956354818847,0.0,0.0,0.0003889226860810827,-0.9999671515735948,0.008105292949132509,0.0
76.352,9.019153272279368e-09,0.0009693239537985779,9.821125294158833,0.0,0.0,0.00038501345499634845,-0.9999671016260367,0.008111452744326836,0.0
76.368,8.803749984642013e-09,0.0009639824726596081,9.852987729454322,0.0,0.0,0.00038113859370106834,-0.9999670521409658,0.008117550893401496,0.0
76.384,8.68376100843762e-09,0.0009506814440916306,9.863391899333253,0.0,0.0,0.0003773781734324005,-0.9999670031127083,0.008123588233585837,0.0
76.4,8.524170922693438e-09,0.0009397667536717197,9.76212935925825,0.0,0.0,0.00037359626549899824,-0.9999669545356414,0.00812956559198562,0.0
76.416,8.308637730789746e-09,0.000931810352539066,9.877434195240594,0.0,0.0,0.00036991741618722654,-0.999966906404193,0.008135483785738229,0.0
76.432,8.151428881609395e-09,0.0009279590428387162,9.760128022384754,0.0,0.0,0.000366277434309504,-0.9999668587128404,0.008141343622172764,0.0
76.44800000000001,8.029589901045822e-09,0.0009158247425829771,9.784620999595885,0.0,0.0,0.0003626393658734065,-0.9999668114561108,0.008147145898967029,0.0
76.464,7.858700513342736e-09,0.0009082413036047974,9.873236122032436,0.0,0.0,0.0003591420478173396,-0.99996676462858,0.008152891404303414,0.0
76.48,7.697179304851504e-09,0.0008977563942306722,9.782519778566943,0.0,0.0,0.0003555960124130445,-0.9999667182248722,0.008158580917020757,0.0
76.496,7.522966012249166e-09,0.000882496360804125,9.866088523252303,0.0,0.0,0.00035216043450624296,-0.999966672239659,0.008164215206770013,0.0
76.512,7.362846623689545e-09,0.0008792569895118743,9.83644305754849,0.0,0.0,0.0003487379940162725,-0.9999666266676603,0.008169795034161691,0.0
76.528,7.3197824236245294e-09,0.0008674776559551685,9.855253119363933,0.0,0.0,0.00034538575895122096,-0.9999665815036419,0.008175321150917717,0.0
76.544,7.121124562509472e-09,0.0008611270244712961,9.845443805210504,0.0,0.0,0.0003420556985086478,-0.9999665367424158,0.008180794300019336,0.0
76.56,7.020247909791211e-09,0.0008533971641910242,9.792641767494741,0.0,0.0,0.0003388604917226833,-0.9999664923788397,0.008186215215852758,0.0
76.57600000000001,6.868045919429665e-09,0.0008518322678277341,9.837370307480223,0.0,0.0,0.00033558258488400013,-0.9999664484078163,0.008191584624359266,0.0
76.592,6.71276772005703e-09,0.000843404517580803,9.803346158468075,0.0,0.0,0.00033242837117397937,-0.9999664048242931,0.008196903243173775,0.0
76.608,6.6035674023875015e-09,0.0008328496100216902,9.90391662525293,0.0,0.0,0.00032932146581098737,-0.9999663616232609,0.008202171781773371,0.0
76.624,6.4961616298826905e-09,0.000826987549404485,9.824615342045277,0.0,0.0,0.0003261794164578158,-0.9999663187997543,0.008207390941618096,0.0
76.64,6.362475394777059e-09,0.0008252752560622313,9.823972708209562,0.0,0.0,0.00032309247208849696,-0.9999662763488496,0.00821256141629171,0.0
76.656,6.262447753862561e-09,0.000807457984958268,9.83729956441132,0.0,0.0,0.00032013834165415834,-0.9999662342656662,0.00821768389164426,0.0
76.672,6.112004449565405e-09,0.0008003727357064333,9.807796850495805,0.0,0.0,0.00031719895722648843,-0.9999661925453643,0.00822275904592951,0.0
76.688,6.0166345223808094e-09,0.0007905617894058717,9.867111105615331,0.0,0.0,0.00031426056845844917,-0.9999661511831455,0.008227787549945513,0.0
76.70400000000001,5.868349517642256e-09,0.0007862592469276748,9.752739946296996,0.0,0.0,0.00031147131433937865,-0.9999661101742504,0.008232770067170917,0.0
76.72,5.7128710769164495e-09,0.000780751869968489,9.753460147751257,0.0,0.0,0.00030858588554521637,-0.9999660695139607,0.008237707253904663,0.0
76.736,5.691867322820564e-09,0.0007695466508456027,9.81091445315747,0.0,0.0,0.0003058160526298531,-0.9999660291975956,0.008242599759400736,0.0
76.752,5.596141365938109e-09,0.0007617052267902372,9.796012097497435,0.0,0.0,0.0003030872352470209,-0.9999659892205132,0.008247448226002742,0.0
76.768,5.495091360948136e-09,0.0007569221546091003,9.739036945086257,0.0,0.0,0.00030036290242198944,-0.9999659495781091,0.008252253289284901,0.0
76.784,5.412667022455565e-09,0.0007526428330694393,9.782523807997322,0.0,0.0,0.00029761851395075325,-0.999965910265816,0.008257015578179492,0.0
76.8,5.31761032432699e-09,0.0007466773086309636,9.860223631059931,0.0,0.0,0.0002950390289299108,-0.999965871279102,0.008261735715118077,0.0
76.816,5.20729654062978e-09,0.0007385559583854933,9.773897908196634,0.0,0.0,0.0002924327712371967,-0.9999658326134718,0.00826641431616118,0.0
76.83200000000001,5.068293897264061e-09,0.0007259999815911799,9.807316619474598,0.0,0.0,0.00028986809464309673,-0.9999657942644639,0.008271051991133722,0.0
76.848,4.992988164880199e-09,0.0007210807887854579,9.811345977871907,0.0,0.0,0.0002873788977858625,-0.9999657562276516,0.008275649343757808,0.0
76.864,4.938560303479676e-09,0.0007194736168735581,9.819458160159286,0.0,0.0,0.0002848795717695852,-0.9999657184986417,0.00828020697178795,0.0
76.88,4.814291787463576e-09,0.0007109313570830538,9.89846595707533,0.0,0.0,0.0002824249006472753,-0.9999656810730727,0.008284725467142958,0.0
76.896,4.775949993259705e-09,0.0007085554103043502,9.836950182478516,0.0,0.0,0.0002800078834889774,-0.9999656439466164,0.00828920541603917,0.0
76.912,4.681570430958607e-09,0.0007020285728814052,9.778736140283913,0.0,0.0,0.00027768093875709694,-0.9999656071149744,0.008293647399124552,0.0
76.928,4.577778909945426e-09,0.0006969444995397224,9.831141228566022,0.0,0.0,0.0002752619034267055,-0.9999655705738796,0.008298051991612385,0.0
76.944,4.540917600531804e-09,0.0006863743908687549,9.830181722013133,0.0,0.0,0.0002729795883711432,-0.9999655343190946,0.008302419763413593,0.0
76.96000000000001,4.428233137475066e-09,0.0006830147088696754,9.799552354304968,0.0,0.0,0.000270741420802742,-0.9999654983464101,0.00830675127927218,0.0
76.976,4.380924426728677e-09,0.0006808417834476831,9.825602677596644,0.0,0.0,0.00026850190486855556,-0.9999654626516458,0.00831104709890069,0.0
76.992,4.3311700832556745e-09,0.0006742351001820309,9.835597674571872,0.0,0.0,0.0002663259973326195,-0.9999654272306477,0.008315307777113423,0.0
77.008,4.248138496858599e-09,0.0006671467003935725,9.877392720759339,0.0,0.0,0.00026413587024447715,-0.9999653920792891,0.008319533863962546,0.0
77.024,4.149625255367501e-09,0.0006582679034961938,9.884895753362354,0.0,0.0,0.0002620053583227984,-0.9999653571934682,0.008323725904874872,0.0
77.04,4.1168823968404475e-09,0.0006536494907756121,9.788915561190503,0.0,0.0,0.0002599571337546006,-0.9999653225691083,0.008327884440789522,0.0
77.056,4.017649619787671e-09,0.0006446435418732474,9.756154051058546,0.0,0.0,0.0002578708431906578,-0.9999652882021564,0.00833201000829604,0.0
77.072,3.997242975065994e-09,0.0006460290500107674,9.864781558283713,0.0,0.0,0.0002557905588006939,-0.9999652540885825,0.00833610313977272,0.0
77.08800000000001,3.922534316310638e-09,0.0006352501338796048,9.832339682575006,0.0,0.0,0.0002538140713059699,-0.9999652202243783,0.008340164363528486,0.0
77.104,3.8285369249799425e-09,0.00063469170335549,9.805847998596255,0.0,0.0,0.00025186460413787615,-0.9999651866055572,0.00834419420394301,0.0
77.12,3.781216117688456e-09,0.0006327464243758476,9.811008890513161,0.0,0.0,0.00024996636312427366,-0.9999651532281525,0.008348193181611913,0.0
77.136,3.76803412282813e-09,0.0006227473289572065,9.858881918981691,0.0,0.0,0.0002480429020796508,-0.9999651200882167,0.008352161813490884,0.0
77.152,3.6864535600090584e-09,0.0006176577376602297,9.836220241458333,0.0,0.0,0.00024619087500439785,-0.99996508718182,0.008356100613042648,0.0
77.168,3.6346672378191515e-09,0.0006140937937753818,9.844688972167214,0.0,0.0,0.0002443240260196179,-0.9999650545050506,0.008360010090383313,0.0
77.184,3.552434332041186e-09,0.0006096957452601496,9.846230280631465,0.0,0.0,0.0002426040099706344,-0.9999650220540123,0.008363890752438674,0.0
77.2,3.512002205986962e-09,0.0006057730213828971,9.758352712413588,0.0,0.0,0.00024078059877127186,-0.9999649898248242,0.008367743103090098,0.0
77.21600000000001,3.4506066304547173e-09,0.0006016101128360321,9.850656417632155,0.0,0.0,0.00023901963014118805,-0.9999649578136192,0.008371567643335713,0.0
77.232,3.4300608399230917e-09,0.0005983461170619776,9.817708572079676,0.0,0.0,0.0002373157251237761,-0.9999649260165431,0.008375364871447405,0.0
77.248,3.3654511496630564e-09,0.0005933423706348833,9.808499849446246,0.0,0.0,0.00023572248822858972,-0.999964894429753,0.008379135283128007,0.0
77.264,3.293968129132005e-09,0.0005895401948466981,9.76396965652312,0.0,0.0,0.00023401620434971754,-0.9999648630494173,0.008382879371680066,0.0
77.28,3.2742503574174237e-09,0.0005809470793003936,9.82208964398098,0.0,0.0,0.00023237915296567838,-0.999964831871713,0.008386597628173904,0.0
77.296,3.2280536847161025e-09,0.0005835734493287905,9.874325300025781,0.0,0.0,0.0002308605890038784,-0.9999648008928251,0.008390290541612612,0.0
77.312,3.1638369303148968e-09,0.0005785735097954084,9.760597341211295,0.0,0.0,0.00022925726024205676,-0.9999647701089456,0.00839395859911456,0.0
77.328,3.1412933208686963e-09,0.0005737839772958263,9.82287907364105,0.0,0.0,0.00022775328495596562,-0.9999647395162715,0.008397602286086353,0.0
77.34400000000001,3.1028536958082753e-09,0.0005700917129994144,9.800480258804086,0.0,0.0,0.00022624099865588637,-0.999964709111004,0.008401222086412027,0.0
77.36,3.050833581355624e-09,0.0005633456507559064,9.834725987201953,0.0,0.0,0.00022479996646823343,-0.9999646788893466,0.008404818482636882,0.0
77.376,3.0056378466280984e-09,0.0005627848837246428,9.788216280382965,0.0,0.0,0.0002233481988407264,-0.9999646488475038,0.008408391956161988,0.0
77.392,2.9899002231318972e-09,0.0005543312785644482,9.89426224000296,0.0,0.0,0.0002219306631605502,-0.9999646189816798,0.008411942987445811,0.0
77.408,2.931635034682856e-09,0.0005539918385208365,9.783300307086826,0.0,0.0,0.00022055099181792802,-0.9999645892880764,0.00841547205620514,0.0
77.424,2.900287770385136e-09,0.0005542757099726469,9.798105156254104,0.0,0.0,0.00021923670067799795,-0.9999645597628919,0.008418979641629576,0.0
77.44,2.8688165162435096e-09,0.0005497045283498535,9.844991892882206,0.0,0.0,0.00021790310115668115,-0.9999645304023185,0.008422466222597583,0.0
77.456,2.829702483934354e-09,0.0005474368869348748,9.792421867420126,0.0,0.0,0.00021665940759169535,-0.9999645012025418,0.008425932277901414,0.0
77.47200000000001,2.8116512782876946e-09,0.0005421161849800619,9.845371035370823,0.0,0.0,0.000215405270245924,-0.9999644721597382,0.008429378286480464,0.0
77.488,2.75164768435703e-09,0.0005388109532047795,9.77242514367633,0.0,0.0,0.0002141396317908364,-0.9999644432700722,0.008432804727661957,0.0
77.504,2.751440111395979e-09,0.0005355428395952462,9.84732008798792,0.0,0.0,0.00021294272206254315,-0.9999644145296959,0.008436212081410965,0.0
77.52,2.7078099418591423e-09,0.0005294924331297271,9.799628567540504,0.0,0.0,0.00021183015348046275,-0.9999643859347462,0.008439600828589092,0.0
77.536,2.6812754272602303e-09,0.0005280866452169189,9.836940644812222,0.0,0.0,0.0002106264731144725,-0.9999643574813425,0.008442971451223783,0.0
77.552,2.6494467213770304e-09,0.0005307496394342856,9.814159717530817,0.0,0.0,0.00020957729634119726,-0.9999643291655839,0.00844632443278921,0.0
77.568,2.638915558983342e-09,0.0005254547413241611,9.788881099678246,0.0,0.0,0.00020845721273407013,-0.9999643009835482,0.008449660258496269,0.0
77.584,2.6108763531994855e-09,0.0005225242394140202,9.810717323627552,0.0,0.0,0.00020746302082708397,-0.9999642729312882,0.008452979415598073,0.0
77.60000000000001,2.5625081679380625e-09,0.0005164707104600396,9.777052487331048,0.0,0.0,0.00020646672100415437,-0.9999642450048293,0.008456282393706596,0.0
77.616,2.533678689444471e-09,0.0005221556118866855,9.746183533414385,0.0,0.0,0.00020547139054624634,-0.9999642172001669,0.008459569685124617,0.0
77.632,2.523031387039899e-09,0.0005132242588124544,9.831983507640178,0.0,0.0,0.00020451659747020966,-0.9999641895132639,0.008462841785192316,0.0
77.648,2.490825980233118e-09,0.000510664019867196,9.803907981834667,0.0,0.0,0.00020357084761867444,-0.999964161940047,0.008466099192650749,0.0
77.664,2.4560794376185508e-09,0.0005076863681099118,9.797407451407393,0.0,0.0,0.00020274248737386385,-0.999964134476403,0.008469342410022408,0.0
77.68,2.459404039536578e-09,0.0005059185807703664,9.79191923088626,0.0,0.0,0.00020185870280694726,-0.9999641071181775,0.008472571944009362,0.0
77.696,2.438514543357989e-09,0.0005035090945283989,9.83287162235912,0.0,0.0,0.0002010492821359285,-0.9999640798611686,0.00847578830591709,0.0
77.712,2.4244855855303244e-09,0.000504709919229921,9.783697635676294,0.0,0.0,0.00020026285768241341,-0.9999640527011253,0.00847899201209391,0.0
77.72800000000001,2.408110281561428e-09,0.0004980753259508232,9.806020884110508,0.0,0.0,0.00019948635369972407,-0.999964025633743,0.008482183584395266,0.0
77.744,2.3904955854091385e-09,0.000499991248339819,9.722464778810743,0.0,0.0,0.00019874058108319533,-0.999963998654658,0.008485363550677508,0.0
77.76,2.359572202471857e-09,0.0004954183355731559,9.855712420655966,0.0,0.0,0.00019805735051673482,-0.9999639717594454,0.008488532445312384,0.0
77.776,2.3598426192020905e-09,0.0004943947118527584,9.84907852930813,0.0,0.0,0.00019740403828200992,-0.9999639449436125,0.008491690809737669,0.0
77.792,2.355028987423903e-09,0.0004934132862995467,9.790171953079266,0.0,0.0,0.00019676160173627075,-0.9999639182025942,0.008494839193035349,0.0
77.808,2.314274643616935e-09,0.0004892579949669719,9.735710824884244,0.0,0.0,0.00019620616414436383,-0.9999638915317487,0.008497978152542676,0.0
77.824,2.3123759679907095e-09,0.0004920161857101948,9.83829592892366,0.0,0.0,0.00019561477148739379,-0.9999638649263508,0.008501108254506277,0.0
77.84,2.2983253769093997e-09,0.0004912773462052021,9.811569412761758,0.0,0.0,0.00019515684517915717,-0.9999638383815865,0.008504230074769808,0.0
77.856,2.2863837050753024e-09,0.00048736212410568593,9.83589748582361,0.0,0.0,0.00019466365839059958,-0.999963811892546,0.008507344199509327,0.0
77.872,2.285536650543364e-09,0.00048783463366192553,9.838221043548936,0.0,0.0,0.000194241473948475,-0.9999637854542182,0.0085104512260151,0.0
77.888,2.2540811039482936e-09,0.00048418082571982066,9.809211672134794,0.0,0.0,0.0001937990358932158,-0.9999637590614823,0.008513551763521558,0.0
77.904,2.2475293899447348e-09,0.00048501549849347414,9.857119604131563,0.0,0.0,0.00019345992032616637,-0.9999637327091001,0.008516646434095443,0.0
77.92,2.237541733152626e-09,0.00048598590497481213,9.782108141650337,0.0,0.0,0.00019313010180824002,-0.9999637063917092,0.008519735873584363,0.0
77.936,2.2487258573534515e-09,0.0004842840549727142,9.765178093155647,0.0,0.0,0.0001928125943167815,-0.9999636801038123,0.008522820732629036,0.0
77.952,2.2309721236778395e-09,0.0004796116781385459,9.816997271400112,0.0,0.0,0.00019257556570462394,-0.999963653839769,0.008525901677749274,0.0
77.968,2.2194536169856833e-09,0.00048224470238397563,9.823552343598653,0.0,0.0,0.00019242298881408517,-0.9999636275937852,0.008528979392503907,0.0
77.984,2.216062411180804e-09,0.00048154542749669657,9.775560182299015,0.0,0.0,0.00019222213204643347,-0.9999636013599024,0.008532054578740839,0.0
78.0,2.230069789836062e-09,0.00048442967039411157,9.84515019617425,0.0,0.0,0.00019207573370998604,-0.9999635751319853,0.008535127957936145,0.0
78.016,2.221685669545522e-09,0.00047884153040923273,9.806307112695562,0.0,0.0,0.0001920661110632238,-0.9999635489037111,0.008538200272636883,0.0
78.032,2.2061197328706444e-09,0.00047720648800828746,9.824698838867986,0.0,0.0,0.00019201665196319086,-0.9999635226685532,0.0085412722880162,0.0
78.048,2.217648547708867e-09,0.0004769925303992746,9.758111167332235,0.0,0.0,0.00019205856089508087,-0.999963496419769,0.008544344793547518,0.0
78.06400000000001,2.2166893248718262e-09,0.00048170176547821387,9.869820407189875,0.0,0.0,0.00019210655494905496,-0.9999634701503821,0.008547418604816101,0.0
78.08,2.198692130362408e-09,0.00047952574775765106,9.823828928256715,0.0,0.0,0.0001922600176517533,-0.9999634438531669,0.008550494565480097,0.0
78.096,2.2036056622057744e-09,0.00048170898989119594,9.813738427405143,0.0,0.0,0.0001924259022098343,-0.9999634175206287,0.008553573549391194,0.0
78.112,2.1983816073201895e-09,0.00048109128324583364,9.744672532405577,0.0,0.0,0.00019268317456862095,-0.999963391144984,0.008556656462899354,0.0
78.128,2.2181944112300446e-09,0.0004821612398026936,9.811537636310275,0.0,0.0,0.00019299689487276516,-0.9999633647181381,0.008559744247352272,0.0
78.144,2.2299437564620733e-09,0.0004806213181205087,9.82130542243024,0.0,0.0,0.00019336348332294427,-0.9999633382316622,0.008562837881824211,0.0
78.16,2.2488523306566093e-09,0.00048493782031751217,9.717722844538997,0.0,0.0,0.0001937823111721497,-0.9999633116767664,0.008565938386081282,0.0
78.176,2.2530192362419953e-09,0.0004857198117721028,9.81193164220874,0.0,0.0,0.0001942792592657512,-0.9999632850442717,0.008569046823822948,0.0
78.19200000000001,2.2794636581978564e-09,0.00048778562564297316,9.81929155036015,0.0,0.0,0.00019484962679155917,-0.9999632583245781,0.00857216430623127,0.0
78.208,2.2898304617709003e-09,0.0004882547169027208,9.762874614713242,0.0,0.0,0.00019549220979642862,-0.9999632315076319,0.008575291995853666,0.0
78.224,2.3006379192609806e-09,0.0004878552759349907,9.852717478355425,0.0,0.0,0.00019620467402877638,-0.9999632045828867,0.008578431110866199,0.0
78.24,2.3219770063607544e-09,0.0004950148952331353,9.781728819021613,0.0,0.0,0.00019700358241013532,-0.999963177539263,0.008581582929765444,0.0
78.256,2.334365218001161e-09,0.000493573349045369,9.787575415497608,0.0,0.0,0.00019786475782900958,-0.9999631503651025,0.008584748796535029,0.0
78.272,2.3750407948051245e-09,0.0004908502270839635,9.832130810094554,0.0,0.0,0.0001988568227729865,-0.9999631230481177,0.008587930126347516,0.0
78.288,2.398862051131754e-09,0.0004939494629094346,9.858170212882133,0.0,0.0,0.0001998924012039745,-0.999963095575337,0.008591128411878465,0.0
78.304,2.4070226844674637e-09,0.0004977688887440536,9.850723470958203,0.0,0.0,0.00020105105905608212,-0.9999630679330425,0.008594345230301646,0.0
78.32000000000001,2.4306336343666572e-09,0.0005020911564187767,9.826754752328865,0.0,0.0,0.00020233029293589122,-0.9999630401067012,0.008597582251064315,0.0
78.336,2.451511455769287e-09,0.0005020294678877031,9.807238760331275,0.0,0.0,0.00020372176505666981,-0.99996301208089,0.008600841244546386,0.0
78.352,2.5140775616727023e-09,0.0005087808388997512,9.782176016403831,0.0,0.0,0.00020517412776393463,-0.999962983839209,0.008604124091730775,0.0
78.368,2.5442397470758634e-09,0.0005108024533700014,9.89162942443546,0.0,0.0,0.00020681290448784092,-0.9999629553641871,0.00860743279502342,0.0
78.384,-2.7309758942704714,0.0005272708424647585,9.826342037505793,0.0,0.0,0.00020855897785140878,-0.9999629266371745,0.00861076949040022,0.0
78.4,-3.370055701231043,0.0005260861433056473,9.809174552278463,0.0,0.0,0.00021033081846733197,-0.9999628976512012,0.008614134954465332,0.0
78.416,-3.0501146986732723,0.0005175805911743744,9.800805789270509,0.0,0.0,0.00021218938921208305,-0.9999628684023848,0.008617529603948041,0.0
78.432,-3.086821226935013,0.0005079370084277226,9.746283731882006,0.0,0.0,0.00021404434176612678,-0.9999628388854038,0.008620954021683853,0.0
78.44800000000001,-2.977863998188207,0.0005058308454500788,9.791292850455815,0.0,0.0,0.00021592964872892842,-0.9999628090952791,0.008624408749493618,0.0
78.464,-2.9411629426244246,0.0004989513472998228,9.739725663280081,0.0,0.0,0.00021785597635900174,-0.9999627790266586,0.008627894371272878,0.0
78.48,-2.8930848968122613,0.0004933228031649949,9.768814291841545,0.0,0.0,0.00021982032407058877,-0.99996274867409,0.008631411481263299,0.0
78.496,-2.82815917379845,0.0004829183155091592,9.79906515202363,0.0,0.0,0.00022186356914779027,-0.9999627180319007,0.008634960697851125,0.0
78.512,-2.7315419413604176,0.00047880639288178746,9.84783227673482,0.0,0.0,0.00022390342658745223,-0.9999626870942345,0.00863854265940155,0.0
78.528,-2.701051780327456,0.00047376116630339847,9.833849559367145,0.0,0.0,0.0002260024253766586,-0.9999626558550233,0.00864215802728683,0.0
78.544,-2.6352391462975087,0.0004665528684494454,9.83782708442315,0.0,0.0,0.00022810723418390023,-0.9999626243079851,0.008645807486145187,0.0
78.56,-2.5922384391465627,0.00046552063580554236,9.774991997057592,0.0,0.0,0.0002302466631166722,-0.9999625924466113,0.008649491745318262,0.0
78.57600000000001,-2.545642776201071,0.00046024239952561374,9.829099826859332,0.0,0.0,0.00023245048374263236,-0.9999625602641558,0.00865321153991999,0.0
78.592,-2.4677198786484107,0.00045139385223438264,9.848908107954449,0.0,0.0,0.00023476108773089825,-0.9999625277536234,0.008656967632144163,0.0
78.608,-2.42850033536698,0.0004455997197511966,9.726076475524579,0.0,0.0,0.0002370929451713127,-0.9999624949077578,0.008660760812586212,0.0
78.624,-2.387262336655933,0.0004406778690557603,9.730896154098437,0.0,0.0,0.00023947944737638788,-0.9999624617190277,0.008664591901671544,0.0
78.64,-2.3438407685137546,0.0004393875649327792,9.78896652397938,0.0,0.0,0.00024189527051151838,-0.9999624281796134,0.008668461751164513,0.0
78.656,-2.275944729072693,0.0004348076689780621,9.808240909081322,0.0,0.0,0.00024436120668441596,-0.9999623942813927,0.008672371245776835,0.0
78.672,-2.221551104262291,0.00043214242305366263,9.792958108476434,0.0,0.0,0.00024692176316297405,-0.9999623600159231,0.008676321304876358,0.0
78.688,-2.1884900698160403,0.0004258882385966696,9.795750486509963,0.0,0.0,0.0002494976650383669,-0.9999623253744265,0.008680312884309763,0.0
78.70400000000001,-2.1520486192664627,0.0004191290178912052,9.83605957141108,0.0,0.0,0.0002521364620912725,-0.999962290347771,0.008684346978344925,0.0
78.72,-2.102164187262729,0.00041372755303371736,9.774285048440493,0.0,0.0,0.0002548439491196485,-0.9999622549264509,0.00868842462174027,0.0
78.736,-2.063976671936262,0.0004132991154047912,9.846404575354287,0.0,0.0,0.00025759542740319595,-0.9999622191005674,0.008692546891960478,0.0
78.752,-2.0064045057421396,0.0004081069895778457,9.796671333395153,0.0,0.0,0.0002605125708368914,-0.9999621828598056,0.00869671491153781,0.0
78.768,-1.962004532215002,0.0004033616269148103,9.854688082283955,0.0,0.0,0.00026343786662145254,-0.9999621461934122,0.008700929850600439,0.0
78.784,-1.9214272921927797,0.0003980485124445972,9.8090414542382,0.0,0.0,0.00026644188036864514,-0.9999621090901688,0.008705192929581704,0.0
78.8,-1.8895059961855838,0.00039405660584943534,9.710097527864983,0.0,0.0,0.00026953579482879935,-0.9999620715383671,0.00870950542211968,0.0
78.816,-1.8403677023217713,0.00039133924420338043,9.815092677132219,0.0,0.0,0.0002727108642394488,-0.9999620335257775,0.008713868658170101,0.0
78.83200000000001,-1.8186625948825093,0.0003864749885402225,9.900603356892326,0.0,0.0,0.00027595699507821796,-0.9999619950396208,0.008718284027344885,0.0
78.848,-1.7713670125711418,0.00038389990864323036,9.833724213179405,0.0,0.0,0.0002793548594107518,-0.9999619560665328,0.008722752982506878,0.0
78.864,-1.7339308681152765,0.00038104260945773515,9.828941128765981,0.0,0.0,0.00028275626551181924,-0.9999619165925289,0.008727277043631482,0.0
78.88,-1.703383517722912,0.00037745678915958764,9.753817801017544,0.0,0.0,0.0002863372549532231,-0.9999618766029664,0.00873185780196894,0.0
78.896,-1.6568366590970087,0.0003736454526394981,9.768799404227282,0.0,0.0,0.00028998395259151403,-0.9999618360825016,0.008736496924533198,0.0
78.912,-1.6160321922767453,0.0003713465698116056,9.762688430011222,0.0,0.0,0.0002937313598013557,-0.999961795015045,0.008741196158946501,0.0
78.928,-1.5879026963306577,0.00037071172978029947,9.802624533171747,0.0,0.0,0.00029758213532357706,-0.9999617533837133,0.008745957338676086,0.0
78.944,-1.556079312448942,0.00036409967160505564,9.865872029458641,0.0,0.0,0.00030156137501359575,-0.9999617111707756,0.00875078238870117,0.0
78.96000000000001,-1.5338034272816217,0.000361349221789231,9.80854022217374,0.0,0.0,0.0003057133830875505,-0.9999616683575975,0.008755673331654022,0.0
78.976,-1.5078199738229439,0.0003576334468239623,9.819227070675861,0.0,0.0,0.00030991069937033616,-0.9999616249245773,0.008760632294482972,0.0
78.992,-1.4728876507484936,0.0003568918460090262,9.838153896831631,0.0,0.0,0.0003143176695742137,-0.9999615808510809,0.008765661515689452,0.0
79.008,-1.4357045287740797,0.0003559053343523775,9.769740693260298,0.0,0.0,0.00031883294793729367,-0.9999615361153659,0.008770763353204893,0.0
79.024,-1.4113936550532853,0.00035054235477769525,9.756965132032718,0.0,0.0,0.0003235593881947596,-0.9999614906945038,0.008775940292968609,0.0
79.04,-1.3739169915599596,0.0003511196639169165,9.744536915948581,0.0,0.0,0.00032843223787076175,-0.9999614445642916,0.008781194958292111,0.0
79.056,-1.3454759386843536,0.0003482026549983413,9.857527812879198,0.0,0.0,0.00033339732632979606,-0.9999613976991556,0.008786530120088712,0.0
79.072,-1.3207091053114226,0.0003465110973079411,9.747387344924428,0.0,0.0,0.00033869526236586566,-0.999961350072049,0.00879194870807341,0.0
79.08800000000001,-1.2939821077852784,0.00034316138346692654,9.793997322717468,0.0,0.0,0.00034408947111422067,-0.9999613016543349,0.008797453823040527,0.0
79.104,-1.266179603815723,0.0003419544498793978,9.785761548925743,0.0,0.0,0.00034968436153835715,-0.999961252415662,0.008803048750352335,0.0
79.12,-1.2349099297884245,0.000340252367856107,9.761369725799108,0.0,0.0,0.000355524758837597,-0.9999612023238248,0.008808736974773879,0.0
79.136,-1.2156797881348878,0.00033681780054136074,9.848940091231416,0.0,0.0,0.00036155507235869255,-0.9999611513446119,0.008814522196832946,0.0
79.152,-1.183445366579396,0.00033512589388270015,9.816882608634618,0.0,0.0,0.00036791082476457857,-0.9999610994416352,0.00882040835088238,0.0
79.168,-1.160653409901992,0.00033526248717362497,9.802986857324566,0.0,0.0,0.0003744963017418449,-0.9999610465761445,0.008826399625092334,0.0
79.184,-1.1330114504492186,0.0003352850796369537,9.803401718267711,0.0,0.0,0.0003812679818965885,-0.9999609927068189,0.008832500483624,0.0
79.2,-1.1207032736369587,0.0003336028664556914,9.79856501766631,0.0,0.0,0.0003885127638520816,-0.9999609377895363,0.00883871569126771,0.0
79.21600000000001,-1.0930517180897408,0.00033318716074718437,9.741045346510141,0.0,0.0,0.0003959337887005397,-0.9999608817771158,0.008845050340895099,0.0
79.232,-1.062245936515863,0.0003334332072661462,9.909209941042224,0.0,0.0,0.0004038086152455089,-0.9999608246190306,0.00885150988410747,0.0
79.248,-1.047557176612876,0.0003302041676235027,9.830342967502729,0.0,0.0,0.000411930980281686,-0.9999607662610854,0.008858100165545944,0.0
79.264,-1.033008355815238,0.0003316573242700651,9.78044082409368,0.0,0.0,0.0004204736298625335,-0.9999607066450561,0.008864827461397634,0.0
79.28,-1.002887755404507,0.0003306163969029984,9.775580339491789,0.0,0.0,0.00042939431580660075,-0.9999606457082808,0.008871698522726172,0.0
79.296,-0.9776093665853699,0.0003295571404086399,9.856624866369087,0.0,0.0,0.0004388657187421643,-0.9999605833832024,0.008878720624375341,0.0
79.312,-0.9550326640551982,0.00033186017469008045,9.808731550827538,0.0,0.0,0.0004488573672093767,-0.999960519596846,0.008885901620324982,0.0
79.328,-0.9423432367698049,0.0003329060235875764,9.820813389569958,0.0,0.0,0.0004593261016472835,-0.9999604542702282,0.008893250006550843,0.0
79.34400000000001,-0.9241286719072581,0.0003310347738674134,9.812258555628825,0.0,0.0,0.000470402058879117,-0.999960387317683,0.00890077499263456,0.0
79.36,-0.9000328430474345,0.00033228234777502556,9.859147449932722,0.0,0.0,0.0004820221720527752,-0.9999603186460896,0.00890848658364052,0.0
79.376,-0.8906457764453285,0.0003365868832365033,9.828516963861057,0.0,0.0,0.0004942966581660792,-0.9999602481539872,0.0089163956740601,0.0
79.392,-0.8681806657026301,0.00033475272393139054,9.903953297439154,0.0,0.0,0.0005074543982896244,-0.9999601757305533,0.008924514156038057,0.0
79.408,-0.8509900352600515,0.00033857471853056774,9.80111193665792,0.0,0.0,0.0005213237754132017,-0.9999601012544216,0.008932855044552362,0.0
79.424,-0.8294660262019253,0.0003400576116924953,9.82220796423192,0.0,0.0,0.000536172377452973,-0.999960024592309,0.008941432622845389,0.0
79.44,-0.8116447154857753,0.000341985477096688,9.774363097886688,0.0,0.0,0.0005518444913487089,-0.9999599455974091,0.008950262612164533,0.0
79.456,-0.7968616231134218,0.0003434707078979883,9.811672330767305,0.0,0.0,0.0005687628799712824,-0.9999598641075091,0.008959362370849175,0.0
79.47200000000001,-0.7797968704562067,0.0003481839667100034,9.788811461678897,0.0,0.0,0.0005868125000955094,-0.9999597799427659,0.008968751129076125,0.0
79.488,-0.7604487581019176,0.00035203119524474007,9.784732478992172,0.0,0.0,0.0006062801069840865,-0.9999596929030687,0.008978450267198072,0.0
79.504,-0.7478831251614012,0.0003569214898732326,9.823380309130723,0.0,0.0,0.0006270270743436259,-0.9999596027648886,0.008988483647766126,0.0
79.52,-0.7298410973543736,0.0003612943525550776,9.847721589513363,0.0,0.0,0.0006496664213536271,-0.9999595092774939,0.008998878014150561,0.0
79.536,-0.7159493772972698,0.00036453942876399825,9.820469723452554,0.0,0.0,0.0006742463221912927,-0.9999594121583703,0.00900966347243936,0.0
79.552,-0.6985071821322212,0.00036851413722036264,9.794029134396219,0.0,0.0,0.0007006266720411499,-0.9999593110876369,0.009020874078412332,0.0
79.568,-0.6869342441092761,0.00037723201293258054,9.803966304963778,0.0,0.0,0.0007296507508534656,-0.9999592057011837,0.009032548558289923,0.0
79.584,-0.6763452333729354,0.00038592936320411687,9.802156161643197,0.0,0.0,0.0007615264146562297,-0.9999590955821599,0.009044731201592425,0.0
79.60000000000001,-0.6595393226712761,0.0003926625027900012,9.859185618435648,0.0,0.0,0.0007962699331575771,-0.999958980250318,0.00905747297785009,0.0
79.616,-0.6425188571070903,0.0004033339092129282,9.765169862944358,0.0,0.0,0.0008350193102556497,-0.9999588591485298,0.009070832948033703,0.0
79.632,-0.6328062422753495,0.00041260417661144206,9.813397091556917,0.0,0.0,0.0008780141196350284,-0.9999587316255252,0.009084880069157615,0.0
79.648,-0.6165669197905571,0.00042562702390207453,9.742253408416806,0.0,0.0,0.0009260130682553879,-0.9999585969135122,0.009099695531173492,0.0
79.664,-0.6056281715429556,0.00043791248427025784,9.813328077331159,0.0,0.0,0.0009798951187962029,-0.9999584540987426,0.009115375826204046,0.0
79.68,-5.027981678626933,0.004389241967074517,9.767163449576671,0.0,0.0,0.04897468694041686,-0.9999510034883874,0.009899021293412618,0.0
79.696,-5.005897568709854,0.02631280900881829,9.842341024629507,0.0,0.0,0.0969784357534461,-0.9999344395777452,0.011450613360896275,0.0
79.712,-4.989176770517297,0.040339568165644935,9.819703792066857,0.0,0.0,0.14495941960759193,-0.999905187564013,0.013770108299354546,0.0
79.72800000000001,-5.003814156593066,0.046548216811780216,9.778660973690528,0.0,0.0,0.19293418838811072,-0.99985790354085,0.01685742349520395,0.0
79.744,-5.00793156601894,0.045076021111836694,9.760295922134135,0.0,0.0,0.2409594051996308,-0.9997854748819234,0.02071241693108415,0.0
79.76,-3.4814624053690406,0.029386884009363026,9.785246146415881,0.0,0.0,0.2889917883014437,-0.9996790209237431,0.02533485987620408,0.0
79.776,0.0,0.0,9.76535264549647,0.0,0.0,0.3369554178456669,-0.9995278940945752,0.030724402791001828,0.0
79.792,0.0,0.0,9.823329623718282,0.0,0.0,0.384944818785035,-0.9993196816726952,0.036880534453597985,0.0
79.808,0.0,0.0,9.79576173414523,0.0,0.0,0.4329618436275442,-0.9990402083936168,0.04380253431981996,0.0
79.824,0.0,0.0,9.77332006220991,0.0,0.0,0.4810438617150818,-0.9986735401622413,0.05148941813437209,0.0
79.84,0.0,0.0,9.833622085725002,0.0,0.0,0.5289658720805073,-0.9982019891620167,0.05993987681830064,0.0
79.85600000000001,0.0,0.0,9.805044176489162,0.0,0.0,0.5768766106724788,-0.997606120689127,0.06915220866748426,0.0
79.872,0.0,0.0,9.844322845170327,0.0,0.0,0.6250076048161912,-0.9968647620753889,0.079124244908742,0.0
79.888,0.0,0.0,9.83616696437276,0.0,0.0,0.6730052808436763,-0.995955014098784,0.08985326867449549,0.0
79.904,0.0,0.0,9.86590530645339,0.0,0.0,0.7209542653225439,-0.9948522653152965,0.10133592747403562,0.0
79.92,0.0,0.0,9.84544447781506,0.0,0.0,0.7691088812521671,-0.9935302097798182,0.11356813925952336,0.0
79.936,0.0,0.0,9.766099636967216,0.0,0.0,0.8169890309366061,-0.9919608686571464,0.12654499220814577,0.0
79.952,0.0,0.0,9.79887762771581,0.0,0.0,0.8649116640897208,-0.9901146162563386,0.140260638368587,0.0
79.968,0.0,0.0,9.868288026580226,0.0,0.0,0.9128480967763735,-0.9879602110526926,0.15470818135030587,0.0
79.984,0.0,0.0,9.773184941520489,0.0,0.0,0.9609725138063232,-0.9854648322911117,0.16987955826835424,0.0
80.0,0.0,0.0,9.858434995333422,0.0,0.0,1.0090266316070573,-0.9825941227923307,0.18576541619464623,0.0
80.016,0.0,0.0,9.801607711995311,0.0,0.0,1.0570404266276552,-0.9793122386090835,0.20235498340902208,0.0
80.032,0.0,0.0,9.827150562294216,0.0,0.0,1.104905030139895,-0.9755819062024368,0.219635935790161,0.0
80.048,0.0,0.0,9.846791215327897,0.0,0.0,1.1529699431113316,-0.9713644878288137,0.23759425873759424,0.0
80.06400000000001,0.0,0.0,9.75455008780661,0.0,0.0,1.200821815755124,-0.9666200558452507,0.2562141050717632,0.0
80.08,0.0,0.0,9.806656197741153,0.0,0.0,1.2488823967421394,-0.9613074766537277,0.27547764941940917,0.0
80.096,0.0,0.0,9.812101108526866,0.0,0.0,1.2971002618428036,-0.9553845050144558,0.29536493965649196,0.0
80.112,0.0,0.0,9.790142668737904,0.0,0.0,1.3450429222344564,-0.9488078894623196,0.31585374605038113,0.0
80.128,0.0,0.0,9.771094372663349,0.0,0.0,1.3929659459773382,-0.9415334895596184,0.33691940881713556,0.0
80.144,0.0,0.0,9.73861254853165,0.0,0.0,1.441021321243734,-0.9335164057113009,0.35853468488816237,0.0
80.16,0.0,0.0,9.872609316455817,0.0,0.0,1.4891259541438508,-0.9247111222553596,0.3806695947632716,0.0
80.176,0.0,0.0,9.842436692660474,0.0,0.0,1.4999549969499522,-0.9153100889266309,0.4027498492974553,0.0
80.19200000000001,0.0,0.0,9.82618966784161,0.0,0.0,1.4999533250819836,-0.9053819128952296,0.4245981533193176,0.0
80.208,0.0,0.0,9.87152851816666,0.0,0.0,1.4998819486974764,-0.894932311967186,0.44620192401766673,0.0
80.224,0.0,0.0,9.760530324304607,0.0,0.0,1.499811449191189,-0.8839673042460271,0.46754871941222537,0.0
80.24,0.0,0.0,9.745933165474822,0.0,0.0,1.4998129283338695,-0.8724932046668503,0.4886262455191797,0.0
80.256,0.0,0.0,9.803447347475972,0.0,0.0,1.4999290054526249,-0.8605166213594421,0.5094223634314954,0.0
80.272,0.0,0.0,9.838616417645476,0.0,0.0,1.5000591855286134,-0.8480444518425451,0.5299250963099192,0.0
80.288,0.0,0.0,9.769767197796538,0.0,0.0,1.5000552262006703,-0.8350838790514585,0.5501226362806473,0.0
80.304,0.0,0.0,9.77097730300093,0.0,0.0,1.4999282152565316,-0.8216423672012625,0.5700033512356798,0.0
80.32000000000001,0.0,0.0,9.848133893952387,0.0,0.0,1.5000200547114404,-0.807727657488051,0.5895557915319515,0.0
80.336,0.0,0.0,9.801735439293402,0.0,0.0,1.5003347380940864,-0.793347763630643,0.6087686965853759,0.0
80.352,0.0,0.0,9.781148547343557,0.0,0.0,1.4999913212340923,-0.7785109672553462,0.627631001356008,0.0
80.368,0.0,0.0,9.847641802969406,0.0,0.0,1.5000000277896073,-0.7632258131264272,0.646131842720589,0.0
80.384,0.0,0.0,9.825731048681098,0.0,0.0,1.4997643503166251,-0.7475011042250345,0.6642605657288065,0.0
80.4,0.0,0.0,9.778648270067182,0.0,0.0,1.5000772625087344,-0.7313458966794132,0.6820067297396596,0.0
80.416,0.0,0.0,9.77968722629793,0.0,0.0,1.50006474908094,-0.7147694945493244,0.6993601144344045,0.0
80.432,0.0,0.0,9.862353367147225,0.0,0.0,1.5001512767114789,-0.6977814444676802,0.7163107257026086,0.0
80.44800000000001,0.0,0.0,9.776496655444586,0.0,0.0,1.5000466586832046,-0.6803915301424737,0.7328488013979306,0.0
80.464,0.0,0.0,9.758019495900163,0.0,0.0,1.5000552067247017,-0.662609766722175,0.7489648169603061,0.0
80.48,0.0,0.0,9.7739355962024,0.0,0.0,1.5000282300273322,-0.6444463950278357,0.7646494909013064,0.0
80.496,0.0,0.0,9.869970970722935,0.0,0.0,1.500120910700186,-0.625911875655226,0.7798937901495029,0.0
80.512,0.0,0.0,9.73983666018275,0.0,0.0,1.5000671419258411,-0.6070168829503982,0.7946889352527708,0.0
80.528,0.0,0.0,9.789955235283132,0.0,0.0,1.5002457808240677,-0.5877722988621511,0.8090264054345212,0.0
80.544,0.0,0.0,9.852284251910556,0.0,0.0,1.500051749307127,-0.5681892066749255,0.8228979435009661,0.0
80.56,0.0,0.0,9.832952267290453,0.0,0.0,1.4998826083765122,-0.548278884625755,0.8362955605965743,0.0
80.57600000000001,0.0,0.0,9.815208661232433,0.0,0.0,1.5001524923306575,-0.5280527994089359,0.8492115408049905,0.0
80.592,0.0,0.0,9.784364014663925,0.0,0.0,1.5001554514710849,-0.5075225995721627,0.861638445592764,0.0
80.608,0.0,0.0,9.813024637485707,0.0,0.0,1.4999789966152755,-0.4867001088079296,0.8735691180933249,0.0
80.624,0.0,0.0,9.761647953613146,0.0,0.0,1.5000840258131627,-0.46559731914406505,0.8849966872287487,0.0
80.64,0.0,0.0,9.80351915609212,0.0,0.0,1.5000708549536523,-0.4442263840373174,0.8959145716669251,0.0
80.656,0.0,0.0,9.84367328257088,0.0,0.0,1.500069782156889,-0.4225996113739717,0.9063164836118607,0.0
80.672,0.0,0.0,9.842851696342773,0.0,0.0,1.4998665674015417,-0.4007294563815301,0.9161964324249268,0.0
80.688,0.0,0.0,9.782301706184223,0.0,0.0,1.500161686979294,-0.37862851445553153,0.9255487280749715,0.0
80.70400000000001,0.0,0.0,9.868531250045361,0.0,0.0,1.5000795358916874,-0.3563095139056475,0.9343679844153058,0.0
80.72,0.0,0.0,9.799948697656909,0.0,0.0,1.49967817500711,-0.3337853086252369,0.942649122285676,0.0
80.736,0.0,0.0,9.82306038512683,0.0,0.0,1.5000160227563573,-0.3110688706885586,0.9503873724374419,0.0
80.752,0.0,0.0,9.76165107551424,0.0,0.0,1.4999272473831167,-0.28817328287994726,0.9575782782802638,0.0
80.768,0.0,0.0,9.785738902271813,0.0,0.0,1.5000738026796174,-0.26511173115919756,0.9642176984487338,0.0
80.784,0.0,0.0,9.827083106427189,0.0,0.0,1.4998409708083416,-0.2418974970675645,0.9703018091874547,0.0
80.8,0.0,0.0,9.717359764279898,0.0,0.0,1.5000531457778585,-0.21854395007867533,0.9758271065532098,0.0
80.816,0.0,0.0,9.843881191258244,0.0,0.0,1.5002438459475307,-0.19506453989884254,0.9807904084329399,0.0
80.83200000000001,0.0,0.0,9.870297824864602,0.0,0.0,1.5000001808744208,-0.17147278872112923,0.9851888563763798,0.0
80.848,0.0,0.0,9.783680367676453,0.0,0.0,1.499985363769472,-0.14778228343770575,0.9890199172422859,0.0
80.864,0.0,0.0,9.868202368434716,0.0,0.0,1.4997450982383065,-0.12400666781491257,0.9922813846573169,0.0
80.88,0.0,0.0,9.811449879738584,0.0,0.0,1.5002711348143745,-0.1001596346355807,0.9949713802867232,0.0
80.896,0.0,0.0,9.754276128755473,0.0,0.0,1.5001866796819892,-0.07625491781314728,0.9970883549161078,0.0
80.912,0.0,0.0,9.781435994817693,0.0,0.0,1.4997531791222243,-0.05230628448203408,0.9986310893436497,0.0
80.928,0.0,0.0,9.869510389520169,0.0,0.0,1.49985012955072,-0.02832752706891547,0.9995986950822614,0.0
80.944,0.0,0.0,9.808880127475303,0.0,0.0,1.4998459079689401,-0.004332455349477672,0.999990614871282,0.0
80.96000000000001,0.0,0.0,9.81137186808293,0.0,0.0,1.500299577014843,0.019665111504945595,0.9998066229974165,0.0
80.976,0.0,0.0,9.75691586161541,0.0,0.0,1.5003283095404052,0.043651352886010936,0.999046825424725,0.0
80.992,0.0,0.0,9.857717388500006,0.0,0.0,1.4999184353478632,0.06761245470791276,0.997711659733598,0.0
81.008,0.0,0.0,9.80447118092296,0.0,0.0,1.499799145014994,0.09153461736314093,0.9958018948687452,0.0
81.024,0.0,0.0,9.804065554898566,0.0,0.0,1.5003441088930316,0.1154040636699159,0.9933186306963491,0.0
81.04,0.0,0.0,9.733910025529513,0.0,0.0,1.4999832591519178,0.13920704680672055,0.9902632973706296,0.0
81.056,0.0,0.0,9.743629274472838,0.0,0.0,1.4997901100100766,0.16292985822929276,0.986637654510197,0.0
81.072,0.0,0.0,9.781319621615706,0.0,0.0,1.4997705305658824,0.18655883556563277,0.9824437901846574,0.0
81.08800000000001,0.0,0.0,9.772996466824422,0.0,0.0,1.4996553628089475,0.21008037048439313,0.9776841197120572,0.0
81.104,0.0,0.0,9.870428224551851,0.0,0.0,1.5000958446969332,0.23348091653215183,0.9723613842678587,0.0
81.12,0.0,0.0,9.815787999219035,0.0,0.0,1.5001595893886421,0.2567469969350418,0.9664786493062522,0.0
81.136,0.0,0.0,9.78460694389768,0.0,0.0,1.4999549122819908,0.27986521236025236,0.960039302794709,0.0
81.152,0.0,0.0,9.740281063648606,0.0,0.0,1.500057847686541,0.30282224863294377,0.9530470532627904,0.0
81.168,0.0,0.0,9.790088937113415,0.0,0.0,1.5000207951571425,0.32560488440409113,0.9455059276663464,0.0
81.184,0.0,0.0,9.871189304879207,0.0,0.0,1.4998748798864245,0.34819999876490726,0.9374202690683184,0.0
81.2,0.0,0.0,9.754405048044852,0.0,0.0,1.5000031563461118,0.3705945788033784,0.9287947341374987,0.0
81.21600000000001,0.0,0.0,9.816108411515083,0.0,0.0,1.500109492144178,0.39277572709862874,0.9196342904666746,0.0
81.232,0.0,0.0,9.77226518708831,0.0,0.0,1.5002298884364698,0.414730669148769,0.9099442137117056,0.0
81.248,0.0,0.0,9.794994965303818,0.0,0.0,1.4998602758533757,0.43644676072794786,0.899730084553185,0.0
81.264,0.0,0.0,9.778984040686938,0.0,0.0,1.5000919156687345,0.45791149516837515,0.8889977854824291,0.0
81.28,0.0,0.0,9.801965425866905,0.0,0.0,1.5001086232027045,0.4791125105631285,0.8777534974136509,0.0
81.296,0.0,0.0,9.833179773001909,0.0,0.0,1.500091297960868,0.5000375968855827,0.8660036961242669,0.0
81.312,0.0,0.0,9.754452256530515,0.0,0.0,1.499609764039863,0.5206747030213784,0.8537551485253834,0.0
81.328,0.0,0.0,9.819619427048996,0.0,0.0,1.499890780304892,0.5410119437088592,0.84101490876462,0.0
81.34400000000001,0.0,0.0,9.80761768533492,0.0,0.0,1.5000924311688308,0.5610376063839964,0.827790314163506,0.0
81.36,0.0,0.0,9.783922225141927,0.0,0.0,1.5000643809015426,0.58074015792586,0.8140889809917877,0.0
81.376,0.0,0.0,9.80924908407357,0.0,0.0,1.4997529599623913,0.6001082512987346,0.7999188000810925,0.0
81.392,0.0,0.0,9.735858043453169,0.0,0.0,1.4999569092131948,0.6191307320870729,0.7852879322804632,0.0
81.408,0.0,0.0,9.762532740122595,0.0,0.0,1.499943549291608,0.6377966449195155,0.7702048037563837,0.0
81.424,0.0,0.0,9.787061007507523,0.0,0.0,1.5001027126753956,0.6560952397782721,0.7546781011400103,0.0
81.44,0.0,0.0,9.803099604763403,0.0,0.0,1.4999339549223762,0.6740159781902451,0.7387167665243881,0.0
81.456,0.0,0.0,9.817083568419013,0.0,0.0,1.5000060344782564,0.6915485392963114,0.7223299923145502,0.0
81.47200000000001,0.0,0.0,9.789453040015438,0.0,0.0,1.50025254746502,0.708682825795288,0.7055272159334504,0.0
81.488,0.0,0.0,9.860973783379265,0.0,0.0,1.5000015561652011,0.7254089697591312,0.6883181143867971,0.0
81.504,0.0,0.0,9.836338776617263,0.0,0.0,1.4998508034229503,0.7417173383160514,0.6707125986898952,0.0
81.52,0.0,0.0,9.784760293403618,0.0,0.0,1.4999094578605165,0.7575985391982467,0.6527208081597238,0.0
81.536,0.0,0.0,9.804252496513504,0.0,0.0,1.499927988620035,0.7730434261510699,0.6343531045755316,0.0
81.552,0.0,0.0,9.859866542401209,0.0,0.0,1.5000801218696957,0.788043104200512,0.6156200662113126,0.0
81.568,0.0,0.0,9.854812867327237,0.0,0.0,1.4991106315397835,0.8025809531802439,0.5965432202215454,0.0
81.584,0.0,0.0,9.818098113890821,0.0,0.0,1.4511339059051482,0.8162136876959113,0.5777501328583505,0.0
81.60000000000001,0.0,0.0,9.862631564825165,0.0,0.0,1.4078354467712706,0.8290220642129716,0.5592158948456879,0.0
81.616,0.0,0.0,9.834390925084803,0.0,0.0,1.3775051000589487,0.8411446712527036,0.5408101718932264,0.0
81.632,0.0,0.0,9.746111595022832,0.0,0.0,1.3402314667302178,0.852546224025914,0.5226518304752759,0.0
81.648,0.0,0.0,9.7164616059952,0.0,0.0,1.3086942040713454,0.8633020473847818,0.5046876013745972,0.0
81.664,0.0,0.0,9.837692717835358,0.0,0.0,1.2747343480059319,0.8734146268555316,0.4869772988495587,0.0
81.68,0.0,0.0,9.803337626294168,0.0,0.0,1.2437251388394193,0.882931745117796,0.46950136683852545,0.0
81.696,0.0,0.0,9.80577402981415,0.0,0.0,1.2120481142133714,0.8918704144694203,0.45229101670732363,0.0
81.712,0.0,0.0,9.844252101479128,0.0,0.0,1.1821614383724326,0.9002657891021244,0.4353406815039565,0.0
81.72800000000001,0.0,0.0,9.890160783536611,0.0,0.0,1.1525490587454483,0.9081397269413516,0.41866721432527687,0.0
81.744,0.0,0.0,9.795610671784427,0.0,0.0,1.1238438843031813,0.915520982910457,0.4022702199401178,0.0
81.76,0.0,0.0,9.749081964422103,0.0,0.0,1.0958161791350833,0.9224322650668734,0.3861589263031445,0.0
81.776,0.0,0.0,9.78191687598458,0.0,0.0,1.0685380191727187,0.9288985512776985,0.37033428336327834,0.0
81.792,0.0,0.0,9.780035982458731,0.0,0.0,1.0417743419862662,0.9349417865614693,0.35480114957712305,0.0
81.808,0.0,0.0,9.759010835088548,0.0,0.0,1.015704781040436,0.9405843049189884,0.3395602528860872,0.0
81.824,0.0,0.0,9.8727616489668,0.0,0.0,0.9904590533801568,0.9458466741448802,0.32461372276764394,0.0
81.84,0.0,0.0,9.76521309752367,0.0,0.0,0.9656473621005345,0.9507491076419953,0.3099615045742772,0.0
81.85600000000001,0.0,0.0,9.822586118755316,0.0,0.0,0.9416245130083679,0.9553106015671646,0.2956038811202959,0.0
81.872,0.0,0.0,9.8805492861054,0.0,0.0,0.9180458914779531,0.9595495244715717,0.281539890755077,0.0
81.888,0.0,0.0,9.739568751590824,0.0,0.0,0.8950740199329771,0.9634832831929768,0.2677684877047373,0.0
81.904,0.0,0.0,9.773525502355518,0.0,0.0,0.872833985365392,0.967128577512649,0.25428785766992507,0.0
81.92,0.0,0.0,9.838719079889414,0.0,0.0,0.8512215583445569,0.9705012813986471,0.24109596181517443,0.0
81.936,0.0,0.0,9.863662634622692,0.0,0.0,0.8299064404124608,0.9736165615879329,0.22819025176744728,0.0
81.952,0.0,0.0,9.840773243008988,0.0,0.0,0.808965054992769,0.9764888458936131,0.21556793324926513,0.0
81.968,0.0,0.0,9.777631940117463,0.0,0.0,0.7889966179227267,0.9791318864676779,0.2032258568741848,0.0
81.984,0.0,0.0,9.806961736407976,0.0,0.0,0.7691414418552142,0.9815587627686417,0.19116065293907458,0.0
82.0,0.0,0.0,9.880180359065186,0.0,0.0,0.7499542442190058,0.9837819220549773,0.17936869804348518,0.0
82.016,0.0,0.0,9.775651755115215,0.0,0.0,0.7312657871728159,0.9858131956315765,0.16784618946719995,0.0
82.032,0.0,0.0,9.82437291011281,0.0,0.0,0.713067661752917,0.987663829567944,0.15658914318426972,0.0
82.048,0.0,0.0,9.827976761690216,0.0,0.0,0.6950426291037745,0.9893445054974427,0.14559343887009712,0.0
82.06400000000001,0.0,0.0,9.737509663409147,0.0,0.0,0.6778595373918179,0.990865366681101,0.13485482976863405,0.0
82.08,0.0,0.0,9.805345132350958,0.0,0.0,0.6609231732673742,0.9922360397933901,0.1243689725579891,0.0
82.096,0.0,0.0,9.770533989096911,0.0,0.0,0.6444211306663836,0.9934656583178718,0.11413144064208552,0.0
82.112,0.0,0.0,9.845533656002013,0.0,0.0,0.6282528996614376,0.9945628838621107,0.10413774552909172,0.0
82.128,0.0,0.0,9.856621120467302,0.0,0.0,0.6126387072522955,0.9955359276452627,0.09438335005437336,0.0
82.144,0.0,0.0,9.782336293473536,0.0,0.0,0.5973787668267895,0.9963925707537283,0.08486368449918091,0.0
82.16,0.0,0.0,9.811866031848671,0.0,0.0,0.5824514464941146,0.9971401840155747,0.07557415842327285,0.0
82.176,0.0,0.0,9.801169814507846,0.0,0.0,0.5679284343760294,0.997785746973155,0.06651017318593745,0.0
82.19200000000001,0.0,0.0,9.772030355464251,0.0,0.0,0.553715480807442,0.9983358662726227,0.057667132005085595,0.0
82.208,0.0,0.0,9.75538220199145,0.0,0.0,0.5399760039347995,0.9987967932878346,0.049040449813792075,0.0
82.224,0.0,0.0,9.900297536952415,0.0,0.0,0.5263882906328815,0.999174441100486,0.04062556155342936,0.0
82.24,0.0,0.0,9.804323189920078,0.0,0.0,0.5132390908068475,0.9994744007816965,0.03241792994731269,0.0
82.256,0.0,0.0,9.826162649315384,0.0,0.0,0.500554866634492,0.9997019570266993,0.02441305218500021,0.0
82.272,0.0,0.0,9.77162262590979,0.0,0.0,0.48808201045185745,0.9998621031354792,0.016606466014675313,0.0
82.288,0.0,0.0,9.81071991817847,0.0,0.0,0.47590135757617136,0.9999595553674295,0.008993755020714738,0.0
82.304,0.0,0.0,9.748288468526681,0.0,0.0,0.4639550218388981,0.9999987666803489,0.0015705533359698376,0.0
82.32000000000001,4.9788383316038916,-0.033274909316095086,9.770444931200398,0.0,0.0,0.4159399332447499,0.9999870725450503,-0.005084755921419864,0.0
82.336,5.050134861393005,0.0038613804276890554,9.813644643568388,0.0,0.0,0.36794880722770124,0.9999398069258714,-0.01097189705800415,0.0
82.352,5.009971929754466,0.03332376227253696,9.826189352729113,0.0,0.0,0.3199900953719205,0.999870535212425,-0.01609076797480286,0.0
82.368,4.9733429082303875,0.05514947898130392,9.804099665867671,0.0,0.0,0.2719843099458228,0.9997910529972659,-0.02044138807954241,0.0
82.384,5.006928789384436,0.0686485703298163,9.833144051285172,0.0,0.0,0.22394718743370545,0.9997113855946319,-0.024023852989510416,0.0
82.4,5.0455428788750565,0.07509567029672826,9.855222808947373,0.0,0.0,0.17597042565079482,0.9996397880567622,-0.02683829603070099,0.0
82.416,4.978369469356747,0.07434573350120628,9.848251297659255,0.0,0.0,0.12798802302513096,0.9995827454808057,-0.02888485653513121,0.0
82.432,5.042650895486351,0.06540012594039939,9.78158935996927,0.0,0.0,0.07995184777126574,0.999544973435869,-0.03016365493583727,0.0
82.44800000000001,4.983429975708298,0.04865831173269823,9.768037657806984,0.0,0.0,0.03195858497410702,0.9995294183763112,-0.030674774657902325,0.0
82.464,5.01930039866649,0.024244334898238323,9.756666115364673,0.0,0.0,-0.016039193197011088,0.9995372579439201,-0.030418250803576796,0.0
82.48,4.9808202277712965,-0.010341077549059299,9.85728511712484,0.0,0.0,-0.03058370429712185,0.9995520262123797,-0.029929030968712557,0.0
82.496,4.975738143620056,-0.024513770641597665,9.793683600272585,0.0,0.0,-0.030130018312881056,0.9995663381303912,-0.029447167548008836,0.0
82.512,5.000335979751541,-0.026534339752478677,9.746293447684119,0.0,0.0,-0.029672188215913498,0.9995802087759985,-0.028972508060768,0.0
82.528,5.017568875094213,-0.02840268017979016,9.819624631314388,0.0,0.0,-0.029233675679584816,0.9995936526811052,-0.028504903431625966,0.0
82.544,4.981969767429957,-0.030543997723300593,9.852111452546675,0.0,0.0,-0.02880455253869689,0.9996066838529504,-0.028044207895893968,0.0
82.56,5.006439145081831,-0.032245588685649695,9.837461914605855,0.0,0.0,-0.028385479119901223,0.9996193157946651,-0.027590278907716346,0.0
82.57600000000001,4.998908858974803,-0.03387273292485515,9.786036452412189,0.0,0.0,-0.027965813051529304,0.9996315615249509,-0.027142977050948147,0.0
82.592,4.997639055110065,-0.03576554448513447,9.811563001166842,0.0,0.0,-0.027560161861924722,0.9996434335969189,-0.026702165952646996,0.0
82.608,4.975305169243689,-0.037702542786410505,9.849072056631151,0.0,0.0,-0.027161368559308067,0.9996549441161316,-0.026267712199081486,0.0
82.624,4.996747472508555,-0.03903068036399408,9.728151832962126,0.0,0.0,-0.02677327727442105,0.9996661047578836,-0.025839485254163935,0.0
82.64,4.970195568272273,-0.04070189356169024,9.858604437456247,0.0,0.0,-0.026391361496772476,0.9996769267837519,-0.025417357380215007,0.0
82.656,4.972697924241914,-0.042317547719846985,9.768614206903548,0.0,0.0,-0.026018130527956203,0.999687421057454,-0.02500120356096993,0.0
82.672,4.999513098603781,-0.04385479087480631,9.791466777006885,0.0,0.0,-0.02565216457563027,0.9996975980600433,-0.024590901426750893,0.0
82.688,4.9929584714236634,-0.045147904170567,9.781172280083334,0.0,0.0,-0.02529459794305148,0.9997074679044707,-0.02418633118171506,0.0
82.70400000000001,5.000549620238211,-0.04652851428879491,9.802808801471778,0.0,0.0,-0.02493929247193132,0.9997170403495418,-0.023787375533100716,0.0
82.72,4.988268182369038,-0.047862614514655705,9.750441205075182,0.0,0.0,-0.024595108482749956,0.9997263248132965,-0.023393919622405432,0.0
82.736,4.994727476220241,-0.04900682807988334,9.794512503045791,0.0,0.0,-0.024262430533863438,0.9997353303858376,-0.023005850958407063,0.0
82.752,5.00493649398436,-0.05068095235591157,9.78878456642563,0.0,0.0,-0.023928790411775154,0.9997440658416319,-0.02262305935197248,0.0
82.768,5.0225295833515355,-0.05172473519426175,9.797585866092064,0.0,0.0,-0.023610635034509567,0.9997525396513071,-0.02224543685257215,0.0
82.784,5.015684552241063,-0.053423161597154184,9.771406711179209,0.0,0.0,-0.023292555018418787,0.9997607599929665,-0.021872877686444928,0.0
82.8,4.999658268461034,-0.05396037523464969,9.821862271811934,0.0,0.0,-0.022982642457805742,0.9997687347630442,-0.021505278196337477,0.0
82.816,1.2416124394984602,-0.0567099201706273,9.820792944231819,0.0,0.0,-0.022674690792400254,0.9997764715867189,-0.021142536782769457,0.0
82.83200000000001,3.053025229756672e-05,-0.05651198743311603,9.812277082887839,0.0,0.0,-0.02237823186527628,0.9997839773184476,-0.02078457835285421,0.0
82.848,2.9781606749284274e-05,-0.0560160089777249,9.757082356017492,0.0,0.0,-0.022082013621968974,0.999791258445829,-0.020431337090500525,0.0
82.864,2.888527519495354e-05,-0.05473806774199199,9.810518684215873,0.0,0.0,-0.02179065174840015,0.9997983212771832,-0.020082748101952957,0.0
82.88,2.8236317478347345e-05,-0.05478192153782713,9.842659735646217,0.0,0.0,-0.02150465011147732,0.9998051719464995,-0.019738747402774134,0.0
82.896,2.7681175748083477e-05,-0.05370218761807901,9.783994188535017,0.0,0.0,-0.021225495479547205,0.9998118164182476,-0.019399271905005244,0.0
82.912,2.672389081297146e-05,-0.052977083806384176,9.73604162563117,0.0,0.0,-0.02094046581904632,0.9998182604920545,-0.01906425940450502,0.0
82.928,2.624464140017524e-05,-0.052612484664952476,9.743666196678525,0.0,0.0,-0.020667202942629408,0.9998245098072529,-0.01873364856846617,0.0
82.944,2.546914697637039e-05,-0.0516924185885178,9.796165729453852,0.0,0.0,-0.020399698654635506,0.9998305698473023,-0.018407378923105885,0.0
82.96000000000001,2.471221552142753e-05,-0.05099857751260396,9.759201373147894,0.0,0.0,-0.020125099226609298,0.99983644594409,-0.018085390841525432,0.0
82.976,2.4298104397817902e-05,-0.05033248086511888,9.761000885001513,0.0,0.0,-0.019860330792146465,0.9998421432821103,-0.017767625531740477,0.0
82.992,2.3480364329791293e-05,-0.049322063912644494,9.79042796918895,0.0,0.0,-0.019605627615720454,0.9998476669025291,-0.017454025024880585,0.0
83.008,2.284410384934903e-05,-0.048923629602552046,9.765932804305512,0.0,0.0,-0.01934681504624323,0.9998530217071372,-0.017144532163550608,0.0
83.024,2.2310441278230368e-05,-0.04845632021889905,9.814211283655462,0.0,0.0,-0.019093237352132295,0.999858212462192,-0.016839090590355963,0.0
83.04,2.1746719981677835e-05,-0.04765762850849807,9.759509301940307,0.0,0.0,-0.01884322842306987,0.9998632438021545,-0.016537644736590983,0.0
83.056,2.115610139705265e-05,-0.04700461337295153,9.790153284679569,0.0,0.0,-0.018593063321722662,0.999868120233322,-0.016240139811079895,0.0
83.072,2.0452458319837885e-05,-0.0463380722224089,9.875234766989388,0.0,0.0,-0.01835545149458317,0.9998728461373614,-0.015946521789182204,0.0
83.08800000000001,1.9999715067937015e-05,-0.04572072107704984,9.803416142645611,0.0,0.0,-0.018113477649690887,0.9998774257747431,-0.015656737401942948,0.0
83.104,1.962509359502573e-05,-0.04529976668408152,9.808505691931833,0.0,0.0,-0.017878257534023733,0.9998818632880817,-0.015370734125405726,0.0
83.12,1.9033138977705767e-05,-0.04477083335837616,9.911276792053995,0.0,0.0,-0.01764567099262431,0.9998861627053833,-0.015088460170066797,0.0
83.136,1.8368625059756058e-05,-0.0439794185790125,9.77833971340983,0.0,0.0,-0.01741598474773265,0.999890327943203,-0.014809864470482485,0.0
83.152,1.808304467779107e-05,-0.04366499434266825,9.830959041680861,0.0,0.0,-0.01718605292877283,0.9998943628097152,-0.014534896675022687,0.0
83.168,1.7690725884483982e-05,-0.04320290276852288,9.897722680146982,0.0,0.0,-0.016964429403950626,0.9998982710077002,-0.014263507135764903,0.0
83.184,1.7204376841302148e-05,-0.042349219122466565,9.776093578259648,0.0,0.0,-0.01674308050362087,0.9999020561374456,-0.013995646898535713,0.0
83.2,1.670318676961935e-05,-0.041859193576512126,9.790447388477833,0.0,0.0,-0.016529266025342295,0.9999057216995715,-0.013731267693086668,0.0
83.21600000000001,1.627182409165091e-05,-0.041235571849860375,9.788179291388962,0.0,0.0,-0.016311554520154217,0.999909271097773,-0.01347032192341626,0.0
83.232,1.589260599546283e-05,-0.040652130163781164,9.882819223270422,0.0,0.0,-0.016096216056050314,0.9999127076414909,-0.013212762658221433,0.0
83.248,1.54413003594194e-05,-0.04016082602843822,9.772375287922316,0.0,0.0,-0.015890515752249968,0.9999160345485065,-0.012958543621486318,0.0
83.264,1.5045021057548086e-05,-0.0395247714722658,9.749416815505707,0.0,0.0,-0.01568273319184107,0.9999192549474656,-0.01270761918320576,0.0
83.28,1.4754302597159696e-05,-0.039238351992824924,9.823304440287265,0.0,0.0,-0.015481839762858291,0.9999223718803321,-0.012459944350237371,0.0
83.296,1.4290751545150418e-05,-0.03855926916083478,9.883469935491929,0.0,0.0,-0.015280419587969211,0.9999253883047747,-0.012215474757284328,0.0
83.312,1.3899241268324902e-05,-0.038455504883017244,9.854557627913453,0.0,0.0,-0.015082360585855178,0.999928307096487,-0.011974166658003691,0.0
83.328,1.3531665687768272e-05,-0.03776296354646597,9.817769057609144,0.0,0.0,-0.01488823433420239,0.9999311310514447,-0.011735976916242761,0.0
83.34400000000001,1.3112162717168372e-05,-0.0372096820472157,9.847544557842982,0.0,0.0,-0.01469598841937904,0.9999338628880987,-0.011500862997399688,0.0
83.36,1.2884562112446712e-05,-0.03672490503625601,9.805434030420786,0.0,0.0,-0.014505219310387478,0.9999365052495098,-0.011268782959902437,0.0
83.376,1.2465332668600942e-05,-0.03626307206898438,9.853901993857633,0.0,0.0,-0.014318011392038572,0.9999390607054222,-0.011039695446814813,0.0
83.392,1.2146382481777784e-05,-0.03583196275650876,9.788641660214685,0.0,0.0,-0.014133646924859852,0.9999415317542821,-0.010813559677553314,0.0
83.408,1.1970617028102065e-05,-0.03534582113238242,9.837090645070163,0.0,0.0,-0.013951391572534236,0.9999439208252001,-0.010590335439730683,0.0
83.424,1.1514447282334789e-05,-0.03484678051428966,9.847817748256318,0.0,0.0,-0.013771891771683599,0.9999462302798574,-0.010369983081105866,0.0
83.44,1.123192990869756e-05,-0.034364234465292784,9.818565741766937,0.0,0.0,-0.01359520176828076,0.9999484624143624,-0.010152463501654514,0.0
83.456,1.1019484096794944e-05,-0.034035277194519487,9.781063083238324,0.0,0.0,-0.013421406179370928,0.9999506194610545,-0.009937738145749466,0.0
83.47200000000001,1.0701627915576195e-05,-0.033518177099835705,9.820644113907424,0.0,0.0,-0.013249078031052231,0.9999527035902581,-0.009725768994452242,0.0
83.488,1.046670249659945e-05,-0.033093732564933705,9.824375074759335,0.0,0.0,-0.013079992737177495,0.9999547169119894,-0.00951651855791407,0.0
83.504,1.0133389541266462e-05,-0.03278142349832333,9.79792675042693,0.0,0.0,-0.012908449462934284,0.999956661477615,-0.009309949867885256,0.0
83.52,9.88832169570262e-06,-0.032092223543584944,9.796182426748247,0.0,0.0,-0.012745664140496908,0.9999585392814653,-0.009106026470329869,0.0
83.536,9.678496338762358e-06,-0.03193784761176272,9.803805890548515,0.0,0.0,-0.012581617311640732,0.9999603522624035,-0.008904712418144958,0.0
83.552,9.438631067000356e-06,-0.031539814961115145,9.765491292597593,0.0,0.0,-0.012423541638455871,0.9999621023053518,-0.008705972263986847,0.0
83.568,9.165613566490014e-06,-0.03108285925490904,9.771026828311138,0.0,0.0,-0.012263858138862221,0.9999637912427741,-0.00850977105319191,0.0
83.584,8.885282075439783e-06,-0.030926709354024754,9.813632393998452,0.0,0.0,-0.012106447790459654,0.9999654208561201,-0.008316074316807504,0.0
83.60000000000001,8.711085469038314e-06,-0.030428513805926368,9.844832134393403,0.0,0.0,-0.011951584252499804,0.9999669928772277,-0.008124848064713997,0.0
83.616,8.57597008051933e-06,-0.029974039355467587,9.807955653508824,0.0,0.0,-0.011800069211222038,0.9999685089896875,-0.007936058778846003,0.0
83.632,8.28105749662776e-06,-0.029502594627713496,9.790013189153301,0.0,0.0,-0.011648788480881973,0.9999699708301707,-0.0077496734065144405,0.0
83.648,8.018473530832067e-06,-0.02920522262708023,9.835029579004852,0.0,0.0,-0.01149958935704985,0.9999713799897185,-0.007565659353818592,0.0
83.664,7.879302868783222e-06,-0.028578085019194534,9.752378188339744,0.0,0.0,-0.011354874471858338,0.9999727380149981,-0.007383984479154037,0.0
83.68,7.653731779888379e-06,-0.02838795826643043,9.842849767429229,0.0,0.0,-0.011209577371336224,0.9999740464095218,-0.0072046170868124955,0.0
83.696,7.494974998431518e-06,-0.02807552248844137,9.808941312956286,0.0,0.0,-0.011070041531711495,0.999975306634836,-0.007027525920671478,0.0
83.712,7.286175829768268e-06,-0.027709716382782162,9.797094519777405,0.0,0.0,-0.010926444135094884,0.9999765201116738,-0.006852680157976835,0.0
83.72800000000001,7.0334351169231424e-06,-0.02747551416834152,9.852931619496749,0.0,0.0,-0.010791507576057551,0.9999776882210778,-0.006680049403209235,0.0
83.744,6.888181270605501e-06,-0.02697769317684901,9.750899130638814,0.0,0.0,-0.010655311895273334,0.9999788123054923,-0.006509603682042588,0.0
83.76,6.748383328247031e-06,-0.026566626987407006,9.80586247466036,0.0,0.0,-0.010518511818513366,0.9999798936698249,-0.006341313435383802,0.0
83.776,6.569493384583466e-06,-0.026260173595393652,9.779769391316666,0.0,0.0,-0.010383901525933834,0.9999809335824789,-0.006175149513501057,0.0
83.792,6.4036184443376015e-06,-0.02595404487882994,9.756535444922875,0.0,0.0,-0.010252105727283802,0.9999819332763572,-0.006011083170233954,0.0
83.808,6.292562728844607e-06,-0.025543693676691535,9.830737918614023,0.0,0.0,-0.010124506006889267,0.9999828939498387,-0.005849086057284946,0.0
83.824,6.109727022587801e-06,-0.025405210961540452,9.873990748950115,0.0,0.0,-0.009997638264988392,0.9999838167677294,-0.005689130218594323,0.0
83.84,5.955039582210292e-06,-0.025082563960855578,9.795012345136298,0.0,0.0,-0.009871454855181015,0.9999847028621841,-0.005531188084794087,0.0
83.85600000000001,5.785997745174464e-06,-0.02480252751176597,9.81555092454343,0.0,0.0,-0.009747278015338224,0.999985553333606,-0.005375232467739481,0.0
83.872,5.660737246339739e-06,-0.02436799298454737,9.782119805058288,0.0,0.0,-0.009625901394321481,0.9999863692515193,-0.0052212365551204,0.0
83.888,5.4940205527095665e-06,-0.02407742730522586,9.845236232549109,0.0,0.0,-0.00950198535339959,0.9999871516554197,-0.005069173905147855,0.0
83.904,5.3471343728950485e-06,-0.023917142318863195,9.794980731067419,0.0,0.0,-0.009384596624249163,0.9999879015556008,-0.0049190184413183975,0.0
83.92,5.20931988409418e-06,-0.023440036817542424,9.804823135570151,0.0,0.0,-0.009267866302655041,0.9999886199339566,-0.004770744447248115,0.0
83.936,5.093650720582458e-06,-0.023092848228109097,9.838401333704695,0.0,0.0,-0.0091511024195182,0.9999893077447638,-0.004624326561585111,0.0
83.952,4.998611117458251e-06,-0.022760075938592743,9.803973501730734,0.0,0.0,-0.009036165043160141,0.9999899659154418,-0.004479739772992951,0.0
83.968,4.842245833599629e-06,-0.022543075472158256,9.886835209397168,0.0,0.0,-0.008923153092308326,0.9999905953472917,-0.004336959415203327,0.0
83.984,4.732985654656025e-06,-0.022332960198081123,9.786062910493271,0.0,0.0,-0.008813159047601342,0.999991196916216,-0.0041959611621422005,0.0
84.0,4.597620143565762e-06,-0.02208189807790644,9.839444998222925,0.0,0.0,-0.008701784742530888,0.999991771473416,-0.004056721023122546,0.0
84.016,4.541545062200579e-06,-0.021774701805550807,9.828271766922482,0.0,0.0,-0.008594489018596217,0.9999923198460744,-0.00391921533810665,0.0
84.032,4.40223439902369e-06,-0.021386724521474502,9.904526293650429,0.0,0.0,-0.008486741223883505,0.9999928428380146,-0.003783420773036605,0.0
84.048,4.291801644406996e-06,-0.021254756569050192,9.767840627137446,0.0,0.0,-0.008382217251527291,0.9999933412303448,-0.003649314315229304,0.0
84.06400000000001,4.1510260182031565e-06,-0.02096189914853027,9.849321528697947,0.0,0.0,-0.008276742390422719,0.9999938157820834,-0.003516873268838141,0.0
84.08,4.0916342452592365e-06,-0.02064161206693582,9.837532836072478,0.0,0.0,-0.008174727820233018,0.9999942672307671,-0.003386075250378791,0.0
84.096,3.9784570015400135e-06,-0.020359573364638714,9.848601031198571,0.0,0.0,-0.00807465199913572,0.9999946962930438,-0.0032568981843179943,0.0
84.112,3.878022764695777e-06,-0.020280203166517973,9.86538802027263,0.0,0.0,-0.007973976205060372,0.9999951036652471,-0.0031293202987282207,0.0
84.128,3.7962452741099596e-06,-0.020037612542452916,9.83905318396069,0.0,0.0,-0.007874877610078964,0.9999954900239555,-0.0030033201209982746,0.0
84.144,3.698348558009804e-06,-0.019748143395462412,9.809310185753988,0.0,0.0,-0.0077795078386229816,0.9999958560265386,-0.002878876473609177,0.0
84.16,3.628568401019238e-06,-0.01939124275491902,9.811510999374487,0.0,0.0,-0.007681908261023165,0.9999962023116851,-0.0027559684699697724,0.0
84.176,3.517087846973557e-06,-0.019208555352406963,9.81816597599252,0.0,0.0,-0.007586922004014872,0.9999965294999182,-0.002634575510309449,0.0
84.19200000000001,3.422542757891819e-06,-0.018911421995079596,9.774742289527135,0.0,0.0,-0.007493986308549995,0.9999968381940963,-0.0025146772776315092,0.0
84.208,3.3598251431734654e-06,-0.01877621267923546,9.803017394636653,0.0,0.0,-0.0074017326472218484,0.9999971289799005,-0.002396253733720574,0.0
84.224,3.248510265916111e-06,-0.018446277994634445,9.860096518797096,0.0,0.0,-0.00731105358708186,0.9999974024263081,-0.0022792851152117852,0.0
84.24,3.1729071313012255e-06,-0.018232850715353723,9.764685536455335,0.0,0.0,-0.007219725434356706,0.9999976590860534,-0.0021637519297105093,0.0
84.256,3.0818554264312782e-06,-0.018080155441728103,9.83770377378288,0.0,0.0,-0.0071318394077834885,0.9999978994960758,-0.002049634951969885,0.0
84.272,3.043311955382768e-06,-0.01776268154229621,9.847806416440568,0.0,0.0,-0.007045335896249961,0.9999981241779556,-0.0019369152201228947,0.0
84.288,2.945540478669916e-06,-0.017587202665882127,9.78362710816894,0.0,0.0,-0.00695854089975567,0.9999983336383386,-0.0018255740319665288,0.0
84.304,2.878445187985503e-06,-0.01752289933710657,9.798136606204979,0.0,0.0,-0.006874263009196428,0.9999985283693472,-0.001715592941297618,0.0
84.32000000000001,2.811839371199973e-06,-0.017165629806102287,9.857240653355454,0.0,0.0,-0.0067903501761492685,0.9999987088489822,-0.0016069537543047798,0.0
84.336,2.7426553580091895e-06,-0.01685522534099707,9.817816606654649,0.0,0.0,-0.006707827005995991,0.9999988755415135,-0.001499638526008064,0.0
84.352,2.6610995953286197e-06,-0.01681865380476894,9.821795963141772,0.0,0.0,-0.006626046544539717,0.9999990288978577,-0.0013936295567474007,0.0
84.368,2.603653853681089e-06,-0.016547537112158367,9.73970767977066,0.0,0.0,-0.0065452844335191895,0.999999169355949,-0.0012889093887267667,0.0
84.384,2.5558368471975485e-06,-0.016402032059737708,9.778865128760101,0.0,0.0,-0.006466183580542705,0.9999992973410959,-0.0011854608026009626,0.0
84.4,2.489512350080591e-06,-0.016220177740492423,9.82769699595117,0.0,0.0,-0.006386953888461873,0.9999994132663326,-0.0010832668141132387,0.0
84.416,2.4450811999060646e-06,-0.016006562641989276,9.869197663245203,0.0,0.0,-0.006311168225425305,0.9999995175327566,-0.0009823106707839912,0.0
84.432,2.3850182974762936e-06,-0.015731404957701384,9.802851355678971,0.0,0.0,-0.006234224256668955,0.99999961052986,-0.0008825758486378885,0.0
84.44800000000001,2.3245462756580885e-06,-0.015561649991349165,9.868788396392068,0.0,0.0,-0.006157883784399118,0.9999996926358493,-0.0007840460489856433,0.0
84.464,2.2522396990258048e-06,-0.015398898504617297,9.860021143797761,0.0,0.0,-0.006083150055299374,0.9999997642179598,-0.0006867051952480048,0.0
84.48,2.204303907775993e-06,-0.015189968554652222,9.832058053439985,0.0,0.0,-0.006010740692791153,0.9999998256327568,-0.0005905374298224212,0.0
84.496,2.1393963876134585e-06,-0.015074763936165402,9.85808014445913,0.0,0.0,-0.005937374836131998,0.9999998772264336,-0.0004955271109986007,0.0
84.512,2.091669982150483e-06,-0.014828166778099117,9.771945386063216,0.0,0.0,-0.0058673885509833035,0.9999999193350969,-0.00040165880991254035,0.0
84.528,2.0573702417486614e-06,-0.014688003584003817,9.813642932327074,0.0,0.0,-0.005796471809545671,0.9999999522850475,-0.0003089173075474684,0.0
84.544,1.9988501997639614e-06,-0.014506014924481201,9.73535019617335,0.0,0.0,-0.005727032187068049,0.9999999763930509,-0.00021728759177571083,0.0
84.56,1.9522018300339095e-06,-0.014280627736273638,9.828493868109641,0.0,0.0,-0.005659095943801644,0.9999999919666034,-0.00012675485444148968,0.0
84.57600000000001,1.9026504826717797e-06,-0.014238989159865677,9.849380666903873,0.0,0.0,-0.005591114688369624,0.9999999993041876,-3.73044884871016e-05,0.0
84.592,1.8560166352914232e-06,-0.014009001907340397,9.803210914195725,0.0,0.0,-0.005524343160706939,0.9999999986955235,5.107791488417911e-05,0.0
84.608,1.8106206699652963e-06,-0.013769482206862289,9.788579370948275,0.0,0.0,-0.005457610366161145,0.9999999904218108,0.0001384065690013611,0.0
84.624,1.7774563996476806e-06,-0.013594628901650566,9.759724442106508,0.0,0.0,-0.005392907162018487,0.9999999747559671,0.00022469549448092858,0.0
84.64,1.7266079104184508e-06,-0.013522569108417247,9.818237355116432,0.0,0.0,-0.005328133299698307,0.9999999519628562,0.00030995852194551403,0.0
84.656,1.6865959479984385e-06,-0.013337313119742922,9.738912563668997,0.0,0.0,-0.005265320859724207,0.9999999222995132,0.0003942092947011624,0.0
84.672,1.6525148900630083e-06,-0.013183468180437188,9.830994241657612,0.0,0.0,-0.005203031538738148,0.9999998860153607,0.0004774612713789527,0.0
84.688,1.6100995059123136e-06,-0.013007261684133471,9.722543594668673,0.0,0.0,-0.005141011466203947,0.9999998433524229,0.0005597277285380894,0.0
84.70400000000001,1.5796995674313917e-06,-0.012902325467767798,9.823518379541781,0.0,0.0,-0.005081041574438361,0.9999997945455285,0.0006410217632328971,0.0
84.72,1.5481172747185764e-06,-0.012709055295436054,9.782924143485596,0.0,0.0,-0.005020234711533303,0.9999997398225136,0.0007213562955474931,0.0
84.736,1.4983965413091954e-06,-0.012615303974290611,9.831673216040342,0.0,0.0,-0.0049614278262407096,0.9999996794044149,0.0008007440710872514,0.0
84.752,1.4614479250267268e-06,-0.012474677911085467,9.72672530606958,0.0,0.0,-0.004903330457255175,0.9999996135056598,0.0008791976634412652,0.0
84.768,1.4249335808948477e-06,-0.012230699819794539,9.811612362647972,0.0,0.0,-0.0048450215583852475,0.9999995423342496,0.0009567294766104748,0.0
84.784,1.4065565593568925e-06,-0.012077377893372727,9.77498398484473,0.0,0.0,-0.004789444073227848,0.9999994660919406,0.001033351747397464,0.0
84.8,1.365317285927051e-06,-0.011969892793954634,9.77096401611282,0.0,0.0,-0.004732446499370513,0.9999993849744166,0.0011090765477670184,0.0
84.816,1.341029352781285e-06,-0.011822805658660236,9.88804422573491,0.0,0.0,-0.004676901858589854,0.9999992991714589,0.001183915787172563,0.0
84.83200000000001,1.297876135036501e-06,-0.011655836564069955,9.81778315736957,0.0,0.0,-0.004623049957847119,0.9999992088671117,0.0012578812148478107,0.0
84.848,1.2771762421250179e-06,-0.011630354545500968,9.791720038158065,0.0,0.0,-0.004569440604643681,0.9999991142398418,0.0013309844220707173,0.0
84.864,1.2416549097134092e-06,-0.011445622933136078,9.798513938349108,0.0,0.0,-0.004515805903419503,0.9999990154626948,0.0014032368443921976,0.0
84.88,1.2092827314808703e-06,-0.011261998532055614,9.809108416449705,0.0,0.0,-0.004463469331506083,0.9999989127034461,0.0014746497638340377,0.0
84.896,1.1810174326700218e-06,-0.011221681841635595,9.802894685036183,0.0,0.0,-0.004411845880867935,0.9999988061247493,0.0015452343110608838,0.0
84.912,1.1691504141248906e-06,-0.01110098496005261,9.816909109156914,0.0,0.0,-0.004360336549131731,0.9999986958842797,0.0016150014675141006,0.0
84.928,1.1290794710207257e-06,-0.010885488347253513,9.757368991094657,0.0,0.0,-0.004309874897831834,0.9999985821348725,0.0016839620675230252,0.0
84.944,1.1092294884150486e-06,-0.010865672200507008,9.725337866764322,0.0,0.0,-0.004260038831779824,0.9999984650246596,0.0017521268003845274,0.0
84.96000000000001,1.0797626009797237e-06,-0.010787971500198279,9.806791515565951,0.0,0.0,-0.004210362546031485,0.9999983446972015,0.0018195062124108637,0.0
84.976,1.0550164959806207e-06,-0.010514523483554245,9.764167079548043,0.0,0.0,-0.004163058135041344,0.9999982212916149,0.0018861107089549246,0.0
84.992,1.0284512993791184e-06,-0.010383636931880325,9.816646311728515,0.0,0.0,-0.004115516270575012,0.9999980949426981,0.0019519505564026707,0.0
85.008,1.0090490744372703e-06,-0.010256046829755262,9.817023458960316,0.0,0.0,-0.004067432713109855,0.999997965781052,0.0020170358841385162,0.0
85.024,9.83323456325146e-07,-0.010196783061250337,9.87668144350245,0.0,0.0,-0.004021216885165541,0.9999978339331987,0.002081376686488108,0.0
85.04,9.702796873715618e-07,-0.010021744836932665,9.793154940119106,0.0,0.0,-0.003975208329820239,0.9999976995216949,0.002144982824627608,0.0
85.056,9.345710290852743e-07,-0.009924130655479108,9.834877512465031,0.0,0.0,-0.003930312685456457,0.9999975626652458,0.002207864028471265,0.0
85.072,9.196344885220024e-07,-0.009788837716168335,9.776055447450831,0.0,0.0,-0.0038857420140960227,0.9999974234788108,0.0022700298985330256,0.0
85.08800000000001,8.973306097901545e-07,-0.009694617828284258,9.802038737993273,0.0,0.0,-0.003841172679693694,0.9999972820737116,0.0023314899077595485,0.0
85.104,8.75748058363717e-07,-0.009634436294582764,9.805393836539846,0.0,0.0,-0.0037966509475070302,0.9999971385577332,0.0023922534033403737,0.0
85.12,8.565354563749725e-07,-0.009468920714735837,9.838837490380854,0.0,0.0,-0.0037554696380339187,0.9999969930352247,0.0024523296084934796,0.0
85.136,8.414969040089543e-07,-0.009411952862750287,9.820827971409512,0.0,0.0,-0.0037115502723559066,0.9999968456071959,0.0025117276242253277,0.0
85.152,8.229338403050931e-07,-0.009243511874509431,9.821971089805979,0.0,0.0,-0.0036706186723960083,0.9999966963714112,0.0025704564310680706,0.0
85.168,8.033744716130514e-07,-0.009267830985981445,9.790781761028356,0.0,0.0,-0.0036291143457693764,0.9999965454224823,0.0026285248907905842,0.0
85.184,7.894318515393486e-07,-0.009090009034237493,9.815813993243463,0.0,0.0,-0.003588566313680835,0.9999963928519572,0.002685941748089983,0.0
85.2,7.671283947817539e-07,-0.009007837795236975,9.779866692500526,0.0,0.0,-0.003547970407040101,0.9999962387484068,0.0027427156322576292,0.0
85.21600000000001,7.483122821075749e-07,-0.008827084042338555,9.776067308734294,0.0,0.0,-0.0035082483174980954,0.9999960831975092,0.002798855058821399,0.0
85.232,7.333205255362244e-07,-0.008769777600008738,9.861041227200218,0.0,0.0,-0.003470250354622822,0.999995926282132,0.0028543684311708806,0.0
85.248,7.142320729148226e-07,-0.008650345711027813,9.882187848596404,0.0,0.0,-0.0034311205908278282,0.999995768082412,0.0029092640421537245,0.0
85.264,6.954529440891562e-07,-0.008561501467116477,9.792865110777411,0.0,0.0,-0.003392896337549451,0.9999956086758327,0.002963550075656914,0.0
85.28,6.829963343182276e-07,-0.008501408145582083,9.792994816096254,0.0,0.0,-0.0033558417308118685,0.9999954481373,0.003017234608160967,0.0
85.296,6.669899459587397e-07,-0.00839644447706665,9.918730305889781,0.0,0.0,-0.0033185090181791295,0.9999952865392151,0.0030703256102792764,0.0
85.312,6.529652680514931e-07,-0.008276859732643216,9.796042470738552,0.0,0.0,-0.0032811908894497554,0.9999951239515464,0.003122830948271054,0.0
85.328,6.348630992643899e-07,-0.008188774488834507,9.858939715364055,0.0,0.0,-0.003245554693982158,0.9999949604418982,0.0031747583855387287,0.0
85.34400000000001,6.270851565620568e-07,-0.00810907105992726,9.802531326537768,0.0,0.0,-0.003209804744398365,0.9999947960755786,0.0032261155841018484,0.0
85.36,6.145550512703619e-07,-0.007998663853872103,9.84878394339301,0.0,0.0,-0.003174692919267106,0.9999946309156649,0.003276910106055209,0.0
85.376,6.063619147420043e-07,-0.0079275784595651,9.807930550754158,0.0,0.0,-0.0031394878919896113,0.9999944650230673,0.003327149415002146,0.0
85.392,5.908301732390138e-07,-0.00784231487585298,9.785997042183629,0.0,0.0,-0.003105652107442479,0.9999942984565905,0.003376840877476724,0.0
85.408,5.760170739850723e-07,-0.007762685230774243,9.840739851288117,0.0,0.0,-0.003071805945917408,0.9999941312729945,0.003425991764339528,0.0
85.424,5.671605120766849e-07,-0.007714512168826267,9.746979448240763,0.0,0.0,-0.003039275849962737,0.9999939635270529,0.003474609252159691,0.0
85.44,5.50239365505557e-07,-0.007566215672390084,9.808165478889068,0.0,0.0,-0.003005506474667748,0.99999379527161,0.0035227004245760693,0.0
85.456,5.403829222972235e-07,-0.007512642272775916,9.852747667495253,0.0,0.0,-0.002973255089216778,0.9999936265576357,0.0035702722736448735,0.0
85.47200000000001,5.292965039963825e-07,-0.007412280715874055,9.7759302711422,0.0,0.0,-0.0029413645379437665,0.9999934574342793,0.0036173317011655597,0.0
85.488,5.143433327105268e-07,-0.007357456669624786,9.836743856674538,0.0,0.0,-0.002909424593594035,0.9999932879489224,0.0036638855199916296,0.0
85.504,5.019368041531072e-07,-0.0072701994895492264,9.753836171497019,0.0,0.0,-0.002878442859292495,0.999993118147229,0.0037099404553230064,0.0
85.52,4.914178902462502e-07,-0.007191258577469086,9.76299272676574,0.0,0.0,-0.002847746898770827,0.9999929480731956,0.003755503145985103,0.0
85.536,4.821782103766269e-07,-0.007161339881970945,9.85013980428016,0.0,0.0,-0.00281704127180612,0.9999927777691978,0.003800580145687683,0.0
85.552,4.7274213020988257e-07,-0.007034223972290928,9.76169303055043,0.0,0.0,-0.002787399101883645,0.9999926072760393,0.003845177924270871,0.0
85.568,4.6372737680806567e-07,-0.0069722431233837645,9.79116850797061,0.0,0.0,-0.0027580625218883766,0.9999924366329946,0.003889302868932936,0.0
85.584,4.536422786148982e-07,-0.0068258719452145115,9.76430785857934,0.0,0.0,-0.0027283762282196864,0.9999922658778553,0.003932961285445008,0.0
85.60000000000001,4.4342784181899335e-07,-0.006790230862380823,9.771774949103598,0.0,0.0,-0.002700035239271824,0.9999920950469714,0.003976159399347796,0.0
85.616,4.30526250637204e-07,-0.006774661533324437,9.778533321855425,0.0,0.0,-0.0026714887191081216,0.9999919241752937,0.004018903357137,0.0
85.632,4.242470732384865e-07,-0.006646139847200513,9.81730281986101,0.0,0.0,-0.002643522683797834,0.9999917532964135,0.004061199227430962,0.0
85.648,4.174353247271856e-07,-0.006626012931814598,9.802006315421945,0.0,0.0,-0.0026161606521114336,0.9999915824426033,0.004103053002125668,0.0
85.664,4.09315742325233e-07,-0.006561344092562421,9.810870098510664,0.0,0.0,-0.002588219254548238,0.9999914116448532,0.004144470597533984,0.0
85.68,3.9937790768644127e-07,-0.00645517718266957,9.81570374088578,0.0,0.0,-0.002561923023714704,0.9999912409329093,0.004185457855515809,0.0
85.696,3.9116469478793286e-07,-0.006425178142594852,9.855035467264761,0.0,0.0,-0.002535635458282058,0.9999910703353091,0.004226020544586233,0.0
85.712,3.831502949410793e-07,-0.006384715700298667,9.730150378656994,0.0,0.0,-0.0025092140546963825,0.9999908998794164,0.004266164361019043,0.0
85.72800000000001,3.772934147102073e-07,-0.00631832884147312,9.779485907291305,0.0,0.0,-0.002483742421383154,0.999990729591456,0.0043058949299329225,0.0
85.744,3.692808109544388e-07,-0.006211186519639447,9.809106622508347,0.0,0.0,-0.0024575353452453426,0.999990559496546,0.00434521780636499,0.0
85.76,3.599558562072134e-07,-0.006140152814407098,9.803943107826745,0.0,0.0,-0.0024325245787946443,0.9999903896187304,0.004384138476333239,0.0
85.776,3.5385646239034084e-07,-0.006094030695514735,9.798425874702541,0.0,0.0,-0.0024078359914705013,0.9999902199810097,0.004422662357883221,0.0
85.792,3.4641536888539124e-07,-0.006044455337425911,9.815557411460023,0.0,0.0,-0.002383582925055169,0.9999900506053714,0.004460794802130955,0.0
85.808,3.3917664784645025e-07,-0.005960583678666349,9.789446124556143,0.0,0.0,-0.002358948611313452,0.9999898815128196,0.00449854109428386,0.0
85.824,3.300896323217436e-07,-0.005943142767241965,9.809475249989047,0.0,0.0,-0.0023351325505287816,0.9999897127234033,0.00453590645465769,0.0
85.84,3.24827575514551e-07,-0.005831787154175358,9.774537538942464,0.0,0.0,-0.0023116976371757936,0.9999895442562439,0.004572896039678601,0.0
85.85600000000001,3.1819822237430676e-07,-0.0057783160006508955,9.839890895054953,0.0,0.0,-0.0022885829162292716,0.9999893761295624,0.004609514942876554,0.0
85.872,3.1003805893195704e-07,-0.005720016966663354,9.755888415094441,0.0,0.0,-0.0022659810357235997,0.9999892083607054,0.0046457681958674045,0.0
85.888,3.0778882144129076e-07,-0.005676049462156376,9.83444006228711,0.0,0.0,-0.002242959372785647,0.9999890409661705,0.004681660769322553,0.0
85.904,3.0074319470964724e-07,-0.005612643399522575,9.828112671645723,0.0,0.0,-0.002221493176908544,0.9999888739616299,0.004717197573931937,0.0
85.92,2.947932982607252e-07,-0.0055659057831999445,9.793226550100565,0.0,0.0,-0.002199122917071367,0.9999887073619563,0.0047523834613550425,0.0
85.936,2.883086739993151e-07,-0.005493322617335068,9.798301146685281,0.0,0.0,-0.0021776972211567983,0.9999885411812441,0.004787223225162587,0.0
85.952,2.8250180147295426e-07,-0.005412602932800584,9.755825169030757,0.0,0.0,-0.002156110714177468,0.9999883754328323,0.004821721601769311,0.0
85.968,2.751869785192168e-07,-0.005408410791488903,9.800483844270818,0.0,0.0,-0.002134861787416468,0.9999882101293271,0.004855883271357917,0.0
85.98400000000001,2.6995358742965364e-07,-0.005343073333289996,9.81144341774566,0.0,0.0,-0.002114330576156093,0.9999880452826216,0.004889712858793875,0.0
86.0,2.6659420862264447e-07,-0.005314035187453737,9.829180405767532,0.0,0.0,-0.0020939897343885626,0.999987880903918,0.004923214934531373,0.0
86.016,2.6130324838604984e-07,-0.005225371570794352,9.796067493310533,0.0,0.0,-0.0020739333758658203,0.9999877170037457,0.00495639401551215,0.0
86.032,2.567475175255624e-07,-0.005170778364149002,9.805169219456458,0.0,0.0,-0.0020539400200125266,0.999987553591981,0.00498925456605567,0.0
86.048,2.516066485470862e-07,-0.005135515275211378,9.767637940526669,0.0,0.0,-0.0020339353546526737,0.999987390677867,0.005021800998741535,0.0
86.06400000000001,2.472974824766415e-07,-0.005070924279084908,9.773613062682827,0.0,0.0,-0.002015012656128744,0.9999872282700298,0.005054037675284566,0.0
86.08,2.413779396235613e-07,-0.005038005538546794,9.766230222955736,0.0,0.0,-0.001995556468806861,0.9999870663764973,0.005085968907405441,0.0
86.096,2.3930205888698673e-07,-0.004993409491172112,9.779618418271436,0.0,0.0,-0.001976891088531306,0.9999869050047148,0.005117598957687128,0.0
86.112,2.3323675382964327e-07,-0.004924432484207231,9.760519452689547,0.0,0.0,-0.001958649389713269,0.9999867441615629,0.005148932040435981,0.0
86.128,2.295478386361301e-07,-0.004894184017260499,9.9077383998966,0.0,0.0,-0.0019400345554679232,0.9999865838533725,0.005179972322526851,0.0
86.144,2.2362063931230216e-07,-0.0048397376673954265,9.833341092481742,0.0,0.0,-0.0019217147691350661,0.99998642408594,0.005210723924246861,0.0
86.16,2.1871330451934883e-07,-0.0047951741798111375,9.751669101050366,0.0,0.0,-0.0019042041544193318,0.9999862648645423,0.0052411909201336305,0.0
86.176,2.17709264949707e-07,-0.004755080369736128,9.813762143710251,0.0,0.0,-0.0018865744440387663,0.9999861061939518,0.005271377339807736,0.0
86.19200000000001,2.1211087191213015e-07,-0.00474422259827113,9.790687696318654,0.0,0.0,-0.001869451730934051,0.9999859480784489,0.005301287168798277,0.0
86.208,2.095256814573166e-07,-0.004697463294397571,9.839182617441928,0.0,0.0,-0.001852593035325978,0.999985790521836,0.005330924349368673,0.0
86.224,2.043723807722751e-07,-0.004640767974168496,9.745938949446249,0.0,0.0,-0.0018356525134338192,0.9999856335274514,0.005360292781333356,0.0
86.24,2.0198792076911306e-07,-0.004598890364140213,9.833864724110121,0.0,0.0,-0.0018188638329286614,0.9999854770981803,0.005389396322872902,0.0
86.256,1.9692649823479987e-07,-0.004543705336232672,9.81094997969198,0.0,0.0,-0.0018027044298167334,0.9999853212364671,0.005418238791345841,0.0
86.272,1.9446362616431635e-07,-0.004519412248910782,9.79590511333319,0.0,0.0,-0.0017867220414863572,0.9999851659443275,0.005446823964097129,0.0
86.288,1.915738663726874e-07,-0.004494418526330238,9.78146123904917,0.0,0.0,-0.0017707275709368743,0.9999850112233599,0.005475155579262859,0.0
86.304,1.864085154628692e-07,-0.0044250946068096,9.820076054634532,0.0,0.0,-0.0017547698067649005,0.9999848570747546,0.00550323733657317,0.0
86.32000000000001,1.8330002222005107e-07,-0.004403360956128021,9.779389142436974,0.0,0.0,-0.0017395815882361146,0.9999847034993063,0.005531072898154964,0.0
86.336,1.800965380131358e-07,-0.004373004515665709,9.811683608151995,0.0,0.0,-0.001724668955131197,0.9999845504974219,0.005558665889330828,0.0
86.352,1.7798050737371728e-07,-0.004342279834960729,9.734115128435526,0.0,0.0,-0.0017097842395551659,0.9999843980691315,0.005586019899417073,0.0
86.368,1.7635626209596192e-07,-0.004260775785262628,9.785813776310565,0.0,0.0,-0.0016950537837072397,0.9999842462140971,0.0056131384825204465,0.0
86.384,1.7093194707988273e-07,-0.004273143161639939,9.843620227744866,0.0,0.0,-0.001680557273007715,0.9999840949316211,0.005640025158339276,0.0
86.4,1.690171585280419e-07,-0.004186003777525333,9.798115770565675,0.0,0.0,-0.0016663604239172088,0.9999839442206546,0.005666683412958178,0.0
86.416,1.6440620327218323e-07,-0.004166028128808988,9.819999651845455,0.0,0.0,-0.0016519468754282126,0.9999837940798062,0.005693116699647878,0.0
86.432,1.631879524757462e-07,-0.004093219267994772,9.789484389258503,0.0,0.0,-0.0016377968606953925,0.9999836445073486,0.005719328439666133,0.0
86.44800000000001,1.60341226436532e-07,-0.004108149913967746,9.84222005294158,0.0,0.0,-0.0016247393709990406,0.9999834955012264,0.005745322023056658,0.0
86.464,1.577404992900989e-07,-0.004063477304454819,9.786250228558416,0.0,0.0,-0.0016114467139990507,0.9999833470590633,0.005771100809455827,0.0
86.48,1.5517440351125597e-07,-0.004041656085716774,9.817946092756157,0.0,0.0,-0.0015978788325695572,0.9999831991781679,0.00579666812889848,0.0
86.496,1.5116874431555044e-07,-0.003988868421924289,9.79106309028775,0.0,0.0,-0.0015848608288086296,0.9999830518555404,0.005822027282628619,0.0
86.512,1.4939267575016015e-07,-0.003967596009944606,9.793832339978119,0.0,0.0,-0.0015725627646089556,0.9999829050878782,0.00584718154391343,0.0
86.528,1.4667727677348408e-07,-0.0039048702579985196,9.804697114813395,0.0,0.0,-0.0015596814610649243,0.999982758871582,0.0058721341588630835,0.0
86.544,1.446095501273537e-07,-0.0038986775522509443,9.842430163594264,0.0,0.0,-0.0015468907813164956,0.9999826132027596,0.00589688834725608,0.0
86.56,1.4328967997712928e-07,-0.003868036932946156,9.78386685733945,0.0,0.0,-0.0015347293443027515,0.9999824680772326,0.005921447303368373,0.0
86.57600000000001,1.3993096827204785e-07,-0.0038289130748049498,9.827105023598069,0.0,0.0,-0.0015229108431590727,0.9999823234905392,0.005945814196813814,0.0
86.592,1.3837349890881307e-07,-0.0037570696178895894,9.83284747003672,0.0,0.0,-0.001511154969865153,0.9999821794379387,0.0059699921733859275,0.0
86.608,1.3667278694094626e-07,-0.003783678962242211,9.764957757487634,0.0,0.0,-0.0014995133014571158,0.9999820359144164,0.005993984355916349,0.0
86.624,1.351833042822486e-07,-0.0037632390495491758,9.754335298067229,0.0,0.0,-0.0014881542077990661,0.9999818929146855,0.006017793845136133,0.0
86.64,1.3246503695573167e-07,-0.003718130223752341,9.749390299954975,0.0,0.0,-0.0014767225712850665,0.999981750433191,0.0060414237205475,0.0
86.656,1.3015515750335412e-07,-0.0036902029554034626,9.793341737216666,0.0,0.0,-0.00146594307736622,0.9999816084641128,0.006064877041311814,0.0
86.672,1.286697774121523e-07,-0.0036597583884755624,9.820877240282714,0.0,0.0,-0.001455089795248609,0.9999814670013663,0.006088156847145732,0.0
86.688,1.2673738863241908e-07,-0.003626896189088368,9.737292017916886,0.0,0.0,-0.0014444692087692142,0.9999813260386071,0.00611126615923006,0.0
86.70400000000001,1.252353461376141e-07,-0.0036226257283767495,9.815728422351699,0.0,0.0,-0.0014338983672334271,0.9999811855692307,0.006134207981135882,0.0
86.72,1.22463130174632e-07,-0.0035854578735585595,9.826239493215583,0.0,0.0,-0.0014234647596096139,0.9999810455863744,0.006156985299765149,0.0
86.736,1.2193309839547314e-07,-0.0035385858181926602,9.838874165581563,0.0,0.0,-0.0014134376786660338,0.9999809060829182,0.006179601086307021,0.0
86.752,1.1963595686729167e-07,-0.0035513217065339503,9.873701152625262,0.0,0.0,-0.0014034659753884345,0.9999807670514859,0.006202058297211979,0.0
86.768,1.1762708753123352e-07,-0.0035079895175531397,9.787702847685308,0.0,0.0,-0.001393797460591243,0.9999806284844444,0.006224359875189462,0.0
86.784,1.1666609500698877e-07,-0.003492810786536216,9.764545903855344,0.0,0.0,-0.001384563029092824,0.9999804903739041,0.006246508750220608,0.0
86.8,1.1511174581738607e-07,-0.0034454254608935492,9.797399584044335,0.0,0.0,-0.0013747391837079237,0.9999803527117183,0.006268507840598086,0.0
86.816,1.1244688603587298e-07,-0.0034204042195098163,9.814058781550719,0.0,0.0,-0.0013657787566324897,0.9999802154894823,0.006290360053987245,0.0
86.83200000000001,1.1156860042034995e-07,-0.0034283785050213404,9.812639282243051,0.0,0.0,-0.0013568194040434012,0.9999800786985316,0.006312068288516105,0.0
86.848,1.1027670488045868e-07,-0.003401087526413042,9.769001890794978,0.0,0.0,-0.0013479182742259237,0.9999799423299403,0.006333635433889803,0.0
86.864,1.0797041493013563e-07,-0.003373247505583075,9.780162199221841,0.0,0.0,-0.0013393399327147736,0.9999798063745192,0.006355064372537889,0.0
86.88,1.0731952060069941e-07,-0.0033397007068176926,9.832224489210294,0.0,0.0,-0.0013309988758256552,0.9999796708228127,0.006376357980792024,0.0
86.896,1.0500367782886631e-07,-0.003309484815891132,9.823296579482076,0.0,0.0,-0.0013226314200416927,0.9999795356650957,0.006397519130096118,0.0
86.912,1.0477123453896345e-07,-0.0032838108611426458,9.749838902540192,0.0,0.0,-0.0013144264962258899,0.9999794008913695,0.006418550688258634,0.0
86.928,1.0327150168053561e-07,-0.0033111878732797915,9.775748522448875,0.0,0.0,-0.0013066632890336319,0.9999792664913592,0.006439455520736899,0.0
86.944,1.0179778126650903e-07,-0.003255464060627409,9.828366631706675,0.0,0.0,-0.0012988067707293525,0.9999791324545069,0.006460236491970207,0.0
86.96000000000001,1.0063016915692733e-07,-0.0032451603776525546,9.809657522078007,0.0,0.0,-0.0012911466629805912,0.999978998769968,0.006480896466750947,0.0
86.976,1.0004057427477687e-07,-0.0032392124407818437,9.84021495876326,0.0,0.0,-0.0012840617624968913,0.9999788654266049,0.006501438311650981,0.0
86.992,9.845635732651952e-08,-0.003199917256634396,9.83596414454544,0.0,0.0,-0.0012767253476727663,0.9999787324129809,0.0065218648964931155,0.0
87.008,9.704071536155891e-08,-0.003200103650632739,9.797293229805575,0.0,0.0,-0.0012696983761382884,0.9999785997173527,0.006542179095880725,0.0
87.024,9.655855836825852e-08,-0.0031631944779327123,9.870814951927576,0.0,0.0,-0.0012628146862534403,0.9999784673276633,0.006562383790786458,0.0
87.04,9.478817367051785e-08,-0.0031505023231912727,9.813969646972321,0.0,0.0,-0.0012562065711839107,0.9999783352315331,0.0065824818702017686,0.0
87.056,9.447412766713714e-08,-0.0031281138571672092,9.81341515039723,0.0,0.0,-0.0012496193150679693,0.9999782034162518,0.006602476232856617,0.0
87.072,9.359808872428102e-08,-0.003125835649758099,9.816268176815884,0.0,0.0,-0.0012435296784383584,0.9999780718687675,0.006622369789010439,0.0
87.08800000000001,9.280389806373152e-08,-0.0030983525876996354,9.82988323190516,0.0,0.0,-0.001237370310677032,0.9999779405756767,0.006642165462317271,0.0
87.104,9.134423875828399e-08,-0.0031018838452666975,9.839663092473097,0.0,0.0,-0.0012316068065081843,0.9999778095232128,0.006661866191781479,0.0
87.12,9.126988987844117e-08,-0.0030799758721260016,9.830226446467313,0.0,0.0,-0.0012254796992090548,0.9999776786972343,0.0066814749337951946,0.0
87.136,8.973310331434055e-08,-0.0030676581136096694,9.80165841249936,0.0,0.0,-0.0012197901723539606,0.9999775480832106,0.006700994664273201,0.0
87.152,8.868625632230161e-08,-0.0030552827043891077,9.805421992144332,0.0,0.0,-0.0012146729184794659,0.9999774176662077,0.006720428380893535,0.0
87.168,8.847882924202692e-08,-0.0030395893756281394,9.837604345941076,0.0,0.0,-0.001209448578241068,0.9999772874308746,0.006739779105444444,0.0
87.184,8.73664692635441e-08,-0.003023719957628466,9.7841586064624,0.0,0.0,-0.0012043465188548432,0.9999771573614242,0.006759049886292108,0.0
87.2,8.683776771149184e-08,-0.0030198815907321016,9.806456833774089,0.0,0.0,-0.0011998545296014833,0.9999770274416181,0.0067782438009724956,0.0
87.21600000000001,8.605706484928802e-08,-0.003010244304654272,9.796242240893497,0.0,0.0,-0.0011949659522417914,0.9999768976547457,0.006797363958925103,0.0
87.232,8.560664181149948e-08,-0.0029951827467110605,9.81314446482681,0.0,0.0,-0.0011907489360663908,0.9999767679836055,0.0068164135043679,0.0
87.248,8.522701024440661e-08,-0.0029859428948635445,9.775812904090671,0.0,0.0,-0.001186529599975608,0.9999766384104817,0.006835395619336584,0.0
87.264,8.409104846178501e-08,-0.002961843435885857,9.826125851383322,0.0,0.0,-0.0011823986643787086,0.9999765089171221,0.006854313526891473,0.0
87.28,8.395349194210922e-08,-0.0029553676653093974,9.807078636160725,0.0,0.0,-0.0011783192206937252,0.9999763794847125,0.006873170494509581,0.0
87.296,8.279290042966188e-08,-0.0029261259947470776,9.75295064265685,0.0,0.0,-0.0011750988409319736,0.9999762500938494,0.0068919698376769525,0.0
87.312,8.231976590795568e-08,-0.002948637613986199,9.778284402836096,0.0,0.0,-0.001171390071342999,0.9999761207245119,0.006910714923694401,0.0
87.328,8.197001321469072e-08,-0.0029071174335775747,9.80627889344019,0.0,0.0,-0.0011683112162984024,0.9999759913560302,0.0069294091757205745,0.0
87.34400000000001,8.184478546237136e-08,-0.00292481894492889,9.815814869441017,0.0,0.0,-0.001165519392959427,0.9999758619670529,0.006948056077059295,0.0
87.36,8.122415590394093e-08,-0.0028962694852238476,9.79346932101068,0.0,0.0,-0.0011628254539105228,0.9999757325355099,0.0069666591757281664,0.0
87.376,8.061784687323007e-08,-0.002924447010956641,9.718211821898821,0.0,0.0,-0.0011602340276428496,0.9999756030385756,0.0069852220893183315,0.0
87.392,8.06712559619207e-08,-0.0028986957640725333,9.7649650694071,0.0,0.0,-0.0011579549288095365,0.9999754734526274,0.00700374851017703,0.0
87.408,8.040923585685199e-08,-0.0028954920690600432,9.79426187280477,0.0,0.0,-0.0011559823827315993,0.9999753437532002,0.0070222422109396465,0.0
87.424,8.019001755860636e-08,-0.002880267173453199,9.82389517274079,0.0,0.0,-0.0011540258522418263,0.9999752139149399,0.0070407070504412295,0.0
87.44,8.003221160066446e-08,-0.0028953610380569477,9.863566969211115,0.0,0.0,-0.0011525565374832325,0.9999750839115513,0.007059146980043432,0.0
87.456,7.955867176704235e-08,-0.002882039905678293,9.846833989846846,0.0,0.0,-0.001151229060339596,0.9999749537157431,0.007077566050409084,0.0
87.47200000000001,7.94983762260303e-08,-0.002889368742984226,9.742263569500992,0.0,0.0,-0.0011500446113672604,0.9999748232991668,0.007095968418772991,0.0
87.488,7.949097875112143e-08,-0.0028587646036081216,9.848060379833063,0.0,0.0,-0.0011495930866402826,0.9999746926323545,0.0071143583567483334,0.0
87.504,7.90378037368091e-08,-0.0028899761311590695,9.786748071952662,0.0,0.0,-0.0011488719511858168,0.9999745616846468,0.007132740258722736,0.0
87.52,7.873014692655083e-08,-0.0028856723555724727,9.821475491685854,0.0,0.0,-0.0011486507109154354,0.9999744304241188,0.0071511186508998355,0.0
87.536,7.886010074869029e-08,-0.0028677674362985422,9.667464273513867,0.0,0.0,-0.0011488211469641368,0.9999742988174972,0.007169498201045797,0.0
87.552,7.898546124203123e-08,-0.002868869888790567,9.857693047773651,0.0,0.0,-0.0011490702324691517,0.9999741668300729,0.007187883729018736,0.0
87.568,7.935352375327124e-08,-0.0028702435925664995,9.827945732515193,0.0,0.0,-0.001149753455467394,0.9999740344256033,0.0072062802181467505,0.0
87.584,7.993543462903345e-08,-0.002876065054956176,9.694286914508085,0.0,0.0,-0.0011507947282823003,0.9999739015662097,0.007224692827555184,0.0
87.60000000000001,7.97420308478202e-08,-0.0028902044678944805,9.831649015668845,0.0,0.0,-0.0011521904732685092,0.999973768212262,0.007243126905528754,0.0
87.616,7.99400755174636e-08,-0.0029035312256306335,9.756345957215599,0.0,0.0,-0.0011539201908057674,0.9999736343222556,0.007261588004025656,0.0
87.632,7.981539464783388e-08,-0.002885250322826511,9.797547585658963,0.0,0.0,-0.0011558695846709667,0.9999734998526761,0.007280081894467665,0.0
87.648,8.038123106560352e-08,-0.0028931218870413165,9.796435432363287,0.0,0.0,-0.0011583144055858949,0.9999733647578524,0.007298614584934861,0.0
87.664,8.076088665211224e-08,-0.0028857687964259746,9.847792265172135,0.0,0.0,-0.0011611982799576738,0.999973228989794,0.007317192338935916,0.0
87.68,8.089042111776554e-08,-0.00288475819134607,9.790025468526654,0.0,0.0,-0.0011642658396834803,0.999973092498016,0.0073358216959220285,0.0
87.696,8.141379796763217e-08,-0.0028914392394143603,9.827990027962253,0.0,0.0,-0.001168091584117681,0.9999729552293434,0.007354509493747445,0.0
87.712,8.10261398175156e-08,-0.002914178593991606,9.779445162316845,0.0,0.0,-0.001171998196712449,0.9999728171276988,0.0073732628933070535,0.0
87.72800000000001,8.247197335314052e-08,-0.002910684519213016,9.869678139049332,0.0,0.0,-0.001176555906440328,0.9999726781338677,0.007392089405613257,0.0
87.744,8.330571592388123e-08,-0.0029530834426720475,9.740316566234338,0.0,0.0,-0.0011816087421274047,0.9999725381852383,0.007410996921604102,0.0
87.76,8.361109728906516e-08,-0.0029508667621373306,9.803021356410087,0.0,0.0,-0.0011874287742932193,0.9999723972155176,0.007429993745029526,0.0
87.776,8.529709680715358e-08,-0.002981308898636628,9.773777746728179,0.0,0.0,-0.0011931573039815058,0.9999722551544119,0.007449088628806872,0.0
87.792,8.544546063033293e-08,-0.0029932767795430816,9.749798719556097,0.0,0.0,-0.001200273124837032,0.9999721119272769,0.007468290815292481,0.0
87.808,8.657865095368555e-08,-0.0030030503577114986,9.804093472609038,0.0,0.0,-0.0012074028507205324,0.9999719674547257,0.0074876100809984315,0.0
87.824,8.819803475645524e-08,-0.0030193206915176216,9.796402179727686,0.0,0.0,-0.001215495042358784,0.9999718216521937,0.007507056786349943,0.0
87.84,8.923739742670536e-08,-0.003061371925624482,9.832483243493128,0.0,0.0,-0.001224167204237207,0.9999716744294509,0.007526641931187733,0.0
87.85600000000001,9.01958006144292e-08,-0.0030466133232483696,9.777407822421823,0.0,0.0,-0.0012335790208006531,0.9999715256900574,0.007546377216840416,0.0
87.872,-1.0767023455409603,-0.003105553351245742,9.809113415045383,0.0,0.0,-0.0012436975047283325,0.9999713753307509,0.007566275115712596,0.0
87.888,-4.082833532692141,-0.0031475778566008557,9.758829091640353,0.0,0.0,-0.0012545531703795686,0.9999712232671742,0.007586345467431806,0.0
87.904,-2.8375366098110217,-0.0030843918091521165,9.754523315417238,0.0,0.0,-0.0012652488028192738,0.999971069485999,0.0076065886590321935,0.0
87.92,-3.225183476029055,-0.0030369372056433153,9.82114069106401,0.0,0.0,-0.0012762604402232862,0.9999709139441816,0.007627008957526614,0.0
87.936,-2.9668148789393785,-0.00303792400924971,9.848327062485016,0.0,0.0,-0.0012874952072723027,0.9999707566088698,0.0076476092397932596,0.0
87.952,-2.9421147535137644,-0.0029813247237752767,9.836857363045308,0.0,0.0,-0.0012989056367871364,0.9999705974414912,0.007668393085093468,0.0
87.968,-2.903059175902083,-0.0029614800829679826,9.840420488861895,0.0,0.0,-0.0013105349360372513,0.9999704364039921,0.007689363953519021,0.0
87.98400000000001,-2.8683011851487974,-0.0029204022721375533,9.847873987805805,0.0,0.0,-0.0013225845627569486,0.9999702734562805,0.00771052551850941,0.0
88.0,-2.7637957936997926,-0.0028738771223943056,9.792156462981517,0.0,0.0,-0.001334856908820689,0.9999701085571548,0.00773188154280118,0.0
88.016,-2.718094862876855,-0.002865464845097311,9.859025821931192,0.0,0.0,-0.0013471115421189164,0.9999699416638442,0.007753435935630742,0.0
88.032,-2.6602180569013334,-0.0028080900206464243,9.844881519709945,0.0,0.0,-0.0013599368623295547,0.999969772732095,0.007775192738609219,0.0
88.048,-2.603092328827752,-0.0027633575006427383,9.833078257364459,0.0,0.0,-0.0013726896000595522,0.9999696017160337,0.007797156140356314,0.0
88.06400000000001,-2.5476072867314015,-0.0027486041700737203,9.813459198615146,0.0,0.0,-0.0013859380564611539,0.9999694285681139,0.007819330480273182,0.0
88.08,-2.494648442939899,-0.002734813782265497,9.814340084194212,0.0,0.0,-0.0013995359274044123,0.9999692532390223,0.007841720257195437,0.0
88.096,-2.434327789417199,-0.0026891716362436114,9.808100843568056,0.0,0.0,-0.001413232762471094,0.9999690756775935,0.007864330136725045,0.0
88.112,-2.3977347724028153,-0.0026463074545452605,9.752897695379882,0.0,0.0,-0.0014272329977275784,0.9999688958307144,0.007887164959749855,0.0
88.128,-2.352136565719221,-0.0026318754555878046,9.795312082808431,0.0,0.0,-0.0014417153322682137,0.9999687136432236,0.007910229751200494,0.0
88.144,-2.287094108205018,-0.0025907110936833713,9.812429719489673,0.0,0.0,-0.0014566234163878805,0.9999685290578056,0.007933529729479557,0.0
88.16,-2.24185781316186,-0.0025691171684288534,9.79802011427771,0.0,0.0,-0.0014715199537959711,0.9999683420148757,0.007957070316443871,0.0
88.176,-2.2169727099630103,-0.002543331828557995,9.871553583310579,0.0,0.0,-0.001486497952823704,0.999968152452458,0.007980857148058412,0.0
88.19200000000001,-2.1600671802692855,-0.002507488772659988,9.768253142410195,0.0,0.0,-0.0015023182784411817,0.9999679603060574,0.008004896085733395,0.0
88.208,-2.1123960915003823,-0.002487771475964848,9.77857646867748,0.0,0.0,-0.0015188084475809029,0.9999677655085191,0.008029193228427371,0.0
88.224,-2.0528550891185127,-0.0024703001723580926,9.810361600390962,0.0,0.0,-0.0015349799151685181,0.9999675679898818,0.008053754925559629,0.0
88.24,-2.023373241542642,-0.0024539509378573698,9.847936800321477,0.0,0.0,-0.0015523874210367477,0.9999673676772188,0.008078587790806042,0.0
88.256,-1.9770256798859356,-0.0024280096719641584,9.764526713124036,0.0,0.0,-0.0015695144810039848,0.999967164494468,0.008103698716853422,0.0
88.272,-1.9506246122623336,-0.0024070091057278365,9.760656968876301,0.0,0.0,-0.0015875162471899172,0.9999669583622501,0.0081290948911852,0.0
88.288,-1.8939185716916322,-0.0023753618037161595,9.82175246626672,0.0,0.0,-0.0016055683088306498,0.9999667491976737,0.008154783812998794,0.0
88.304,-1.8515972166938512,-0.0023548563375310936,9.832129171335884,0.0,0.0,-0.001624412266669769,0.9999665369141252,0.008180773311336587,0.0
88.32000000000001,-1.8166996388479895,-0.0023219151655960854,9.817740525792775,0.0,0.0,-0.0016436700589521067,0.9999663214210439,0.00820707156455485,0.0
88.336,-1.7718542293095645,-0.002307267956221321,9.823223549730239,0.0,0.0,-0.0016637663818016184,0.9999661026236788,0.008233687121234312,0.0
88.352,-1.7404111012433388,-0.0022840458082342163,9.865023484792951,0.0,0.0,-0.0016838880962756115,0.9999658804228282,0.008260628922677564,0.0
88.368,-1.7046817479902938,-0.0022724283068358653,9.844797251446913,0.0,0.0,-0.0017050025639614335,0.9999656547145571,0.008287906327122754,0.0
88.384,-1.6782764476770573,-0.002252877207373934,9.751963746299731,0.0,0.0,-0.0017262802342103338,0.9999654253898937,0.008315529135850968,0.0
88.4,-1.6502181383835535,-0.0022251392521068286,9.795830443813143,0.0,0.0,-0.001748788755421922,0.9999651923344995,0.008343507621354261,0.0
88.416,-1.6063840035831725,-0.0022129681114471523,9.833698499340622,0.0,0.0,-0.0017714424193256235,0.9999649554283147,0.008371852557769947,0.0
88.432,-1.5762275909799113,-0.0022032214390295905,9.719668591736736,0.0,0.0,-0.001795670443663808,0.999964714545171,0.00840057525379916,0.0
88.44800000000001,-1.534862740974315,-0.0021657131411257106,9.781817725839261,0.0,0.0,-0.0018193479536120778,0.999964469552375,0.008429687588360381,0.0
88.464,-1.5027635567059425,-0.0021452421740221577,9.794669102100695,0.0,0.0,-0.0018449278913691073,0.9999642203102519,0.008459202049252114,0.0
88.48,-1.475708757942958,-0.002136334230430122,9.83703597920375,0.0,0.0,-0.0018709408401912837,0.999963966671652,0.008489131775137111,0.0
88.496,-1.4338337173906235,-0.0021261354893552867,9.758221086889934,0.0,0.0,-0.0018977506975067669,0.9999637084814109,0.00851949060119564,0.0
88.512,-1.4134277596777636,-0.0021264713083200717,9.795898029309358,0.0,0.0,-0.0019249175163162607,0.9999634455757636,0.00855029310883875,0.0
88.528,-1.3865128357773024,-0.0020892412685582693,9.81238646635865,0.0,0.0,-0.001953808359344673,0.9999631777817,0.00858155467991919,0.0
88.544,-1.3542283801190036,-0.0020773008641442685,9.833990015803675,0.0,0.0,-0.0019835173489351826,0.9999629049162636,0.008613291555946834,0.0
88.56,-1.3327235352856102,-0.002068637453064761,9.818466875626994,0.0,0.0,-0.0020144546136865228,0.9999626267857805,0.008645520902863054,0.0
88.57600000000001,-1.2983403874484059,-0.002072352090916309,9.804021857772273,0.0,0.0,-0.0020463372433465704,0.999962343185014,0.008678260882015674,0.0
88.592,-1.2708157563290585,-0.00203932648631613,9.800718639508009,0.0,0.0,-0.0020795728389166896,0.9999620538962338,0.008711530728062541,0.0
88.608,-1.251669704548859,-0.002048985554392067,9.834564583948511,0.0,0.0,-0.002113892469753639,0.9999617586881907,0.008745350834626107,0.0
88.624,-1.234280420316424,-0.0020289138102777353,9.813967983660737,0.0,0.0,-0.0021495273382895028,0.9999614573149865,0.008779742848651089,0.0
88.64,-1.1913057023786324,-0.0020114497862650862,9.842115383287963,0.0,0.0,-0.0021870471420361104,0.9999611495148208,0.008814729774537344,0.0
88.656,-1.1761703735761768,-0.0020123718675538927,9.760079932307825,0.0,0.0,-0.002225258291921846,0.999960835008605,0.008850336089298017,0.0
88.672,-1.1500308026154111,-0.002003467043539684,9.8023002757194,0.0,0.0,-0.0022660397614852014,0.9999605134984211,0.008886587870166343,0.0
88.688,-1.130583456445487,-0.002000270794689344,9.819505353752781,0.0,0.0,-0.0023079033280949597,0.9999601846658075,0.008923512936305455,0.0
88.70400000000001,-1.1002909962537393,-0.0020005896896127928,9.827946057581029,0.0,0.0,-0.002352139335762903,0.9999598481698458,0.008961141006532398,0.0
88.72,-1.0796260871274572,-0.0019786502629468715,9.825222431925889,0.0,0.0,-0.0023981068657799613,0.9999595036450223,0.008999503875273526,0.0
88.736,-1.0644133007466656,-0.001976151943481496,9.743659721547518,0.0,0.0,-0.00244593871624268,0.9999591506988281,0.009038635609343848,0.0
88.752,-1.0243379297839912,-0.0019898012769627763,9.856726273811695,0.0,0.0,-0.0024963017134250988,0.9999587889090659,0.009078572768573748,0.0
88.768,-1.0119774970323792,-0.001981270059785442,9.781466144910716,0.0,0.0,-0.0025486728167445813,0.99995841782081,0.009119354653840318,0.0
88.784,-0.986796131181289,-0.0019669288112426635,9.781906606729383,0.0,0.0,-0.0026041618305506957,0.999958036942973,0.00916102358668433,0.0
88.8,-0.9800089156095488,-0.001980626815873477,9.816313491021958,0.0,0.0,-0.0026623667177544446,0.9999576457444133,0.009203625225467813,0.0
88.816,-0.9426344989125158,-0.0019828821841620906,9.774071976968322,0.0,0.0,-0.002723651818214545,0.9999572436495057,0.009247208923951722,0.0
88.83200000000001,-0.9292510243040533,-0.00199054658686838,9.782467689625289,0.0,0.0,-0.002788914806703504,0.9999568300330918,0.009291828139309323,0.0
88.848,-0.9110530497337611,-0.0019987645781212792,9.85635760304555,0.0,0.0,-0.0028574240837111217,0.9999564042146932,0.009337540897977153,0.0
88.864,-0.8890441898862259,-0.001998638163317956,9.792430329372403,0.0,0.0,-0.002929565235085123,0.9999559654518634,0.009384410329472037,0.0
88.88,-0.8737295666454311,-0.0020046811232500997,9.873068576842215,0.0,0.0,-0.0030066753613463186,0.9999555129325178,0.009432505280416881,0.0
88.896,-0.8540864833937039,-0.0020123347250075745,9.860837582061912,0.0,0.0,-0.0030874719301304666,0.999955045766047,0.009481901023682269,0.0
88.912,-0.8437978970624038,-0.0020302308388498625,9.758555336144532,0.0,0.0,-0.0031735825509058477,0.9999545629729761,0.009532680080873601,0.0
88.928,-0.8184845254458653,-0.0020319723723921986,9.793968933429554,0.0,0.0,-0.0032659411671191263,0.9999540634728793,0.009584933180619213,0.0
88.944,-0.8021429805601988,-0.002049606463392377,9.816582859545644,0.0,0.0,-0.0033645307997725304,0.9999535460701803,0.009638760380459794,0.0
88.96000000000001,-0.7860151718054709,-0.0020649287671085153,9.816273743606784,0.0,0.0,-0.003469835839889893,0.9999530094373866,0.00969427238702328,0.0
88.976,-0.7726367927040193,-0.002087570440204076,9.843288204732731,0.0,0.0,-0.003582865074328486,0.9999524520951799,0.009751592118060207,0.0
88.992,-0.7543889794473339,-0.0021123348692153325,9.757863165545851,0.0,0.0,-0.003704200564536239,0.9999518723886315,0.009810856561491079,0.0
89.008,-0.7371536249137218,-0.0021617799573760282,9.789660478895957,0.0,0.0,-0.003834885117003473,0.9999512684586078,0.009872219001883276,0.0
89.024,-0.7242359083990125,-0.002172668148108891,9.840432552622078,0.0,0.0,-0.0039770281931980475,0.9999506382071546,0.009935851705027948,0.0
89.04,-0.7105299314782745,-0.0022111884896618885,9.798745186108317,0.0,0.0,-0.0041309588848677335,0.9999499792552781,0.010001949178501925,0.0
89.056,-0.6891359463390794,-0.002236303394884209,9.764630413687764,0.0,0.0,-0.004299593205724264,0.9999492888910416,0.010070732163066974,0.0
89.072,-0.6741396679511893,-0.0022898554719130134,9.821871901703314,0.0,0.0,-0.004482366395740439,0.9999485640051975,0.010142452560569646,0.0
89.08800000000001,-0.6638894155246213,-0.0023110089695333054,9.78752744036833,0.0,0.0,-0.004683096670782135,0.9999478010105969,0.010217399574834527,0.0
89.104,-0.6526106614778181,-0.00240206002951772,9.829984707086814,0.0,0.0,-0.004906945325783038,0.9999469957402459,0.010295907442132098,0.0
89.12,-0.6378218510231168,-0.0024543112933574744,9.742940674693308,0.0,0.0,-0.005154896186242748,0.9999461433168736,0.010378365271596126,0.0
89.136,-0.6242896444964475,-0.002522968164487818,9.803322547199228,0.0,0.0,-0.005429104445217981,0.9999452379839513,0.010465229726053188,0.0
89.152,-0.6119496725591638,-0.0025884344930111255,9.771752771403062,0.0,0.0,-0.0057391203238894815,0.999944272883713,0.010557041586674863,0.0
89.168,-4.99174806144626,-0.006957976645488951,4.820641717581259,0.0,0.0,-0.053735538195265414,0.9999348261403601,0.011416806543329853,0.0
89.184,-4.9923942026350225,-0.028503735675827764,4.768851472045734,0.0,0.0,-0.1017371263980519,0.9999149168749017,0.013044501180906642,0.0
89.2,-5.015009729195327,-0.04229288658424668,4.815369030278937,0.0,0.0,-0.1497595802543603,0.9998807949618519,0.015440073395394473,0.0
89.21600000000001,-4.996204210584008,-0.048512028928645506,4.836693607660467,0.0,0.0,-0.19769159764743258,0.9998269412587749,0.018603427993855885,0.0
89.232,-5.03785429171667,-0.046712929429817696,4.808266690883512,0.0,0.0,-0.24577531668620745,0.9997460680436111,0.022534405502236836,0.0
89.248,-3.6969932155055667,-0.03199381561211618,4.803308150071423,0.0,0.0,-0.2937535053668943,0.999629119773711,0.02723275418380708,0.0
89.264,0.0,0.0,4.804538616104936,0.0,0.0,-0.34172278336734113,0.9994652743169758,0.03269809527315241,0.0
89.28,0.0,0.0,5.407808399199057,0.0,0.0,-0.38974002716134815,0.9992419448419626,0.038929881433831234,0.0
89.296,0.0,0.0,12.55279806435761,0.0,0.0,-0.4377196645659171,0.9989447825901804,0.04592734845228182,0.0
89.312,0.0,0.0,9.778494054733537,0.0,0.0,-0.4857797624609585,0.9985576807900844,0.05368946018659426,0.0
89.328,0.0,0.0,10.815196842136055,0.0,0.0,-0.5336995667779753,0.998062780008393,0.062214846796552925,0.0
89.34400000000001,0.0,0.0,10.412289378802445,0.0,0.0,-0.5818218303217916,0.9974404752702486,0.0715017362912308,0.0
89.36,0.0,0.0,10.691924808345894,0.0,0.0,-0.6298110587008415,0.9966694253153484,0.08154787944253068,0.0
89.376,0.0,0.0,10.495076519079614,0.0,0.0,-0.6776674973573763,0.995726564392346,0.09235046812775582,0.0
89.392,0.0,0.0,10.511314278277107,0.0,0.0,-0.7258027136170196,0.9945871170285041,0.1039060471817163,0.0
89.408,0.0,0.0,10.523593493742736,0.0,0.0,-0.7737812139297447,0.9932246162455496,0.11621041985932562,0.0
89.424,0.0,0.0,10.332297677486137,0.0,0.0,-0.8218199094705814,0.9916109257258301,0.1292585470333096,0.0
89.44,0.0,0.0,10.508481274506615,0.0,0.0,-0.8695845480360721,0.9897162664649571,0.14304444027876878,0.0
89.456,0.0,0.0,10.358434598510712,0.0,0.0,-0.9178106556646288,0.9875092484779444,0.15756104902711734,0.0
89.47200000000001,0.0,0.0,10.444229479979512,0.0,0.0,-0.9656220500239269,0.9849569081551333,0.1728001420065407,0.0
89.488,0.0,0.0,10.465884490303612,0.0,0.0,-1.0138447837797167,0.9820247518916551,0.1887521832248126,0.0
89.504,0.0,0.0,10.375288519819003,0.0,0.0,-1.06176004906728,0.9786768066395141,0.20540620279310853,0.0
89.52,0.0,0.0,10.367703839951915,0.0,0.0,-1.1097311826385037,0.9748756780541675,0.22274966293673082,0.0
89.536,0.0,0.0,10.291961867707597,0.0,0.0,-1.1577924645874356,0.970582616927424,0.24076831959025127,0.0
89.552,0.0,0.0,10.384025296442035,0.0,0.0,-1.2057497013292702,0.9657575946150518,0.2594460800308017,0.0
89.568,0.0,0.0,10.361551894584826,0.0,0.0,-1.253669450337249,0.9603593881803195,0.278764857064018,0.0
89.584,0.0,0.0,10.316226872911399,0.0,0.0,-1.3018674646934918,0.9543456759831891,0.29870442034256867,0.0
89.60000000000001,0.0,0.0,10.352539173519936,0.0,0.0,-1.3499784458209336,0.9476731444485943,0.3192422454671595,0.0
89.616,0.0,0.0,10.336746688844013,0.0,0.0,-1.3977395156206227,0.940297606745523,0.3403533615944496,0.0
89.632,0.0,0.0,10.314545092577253,0.0,0.0,-1.4458515086351857,0.9321741341009373,0.36201019835519516,0.0
89.648,0.0,0.0,10.30150729611738,0.0,0.0,-1.4935379558835316,0.9232572004582327,0.38418243296906074,0.0
89.664,0.0,0.0,10.333791036636311,0.0,0.0,-1.4999511473404334,0.913772289820375,0.4062267868524042,0.0
89.68,0.0,0.0,10.240171157497784,0.0,0.0,-1.5000999830969823,0.9037611221245969,0.4280371877957445,0.0
89.696,0.0,0.0,10.271496432800808,0.0,0.0,-1.4999423454300067,0.8932294629732453,0.4496010748169178,0.0
89.712,0.0,0.0,10.315824748878986,0.0,0.0,-1.4999414754636418,0.8821833777285782,0.4709060289053397,0.0
89.72800000000001,0.0,0.0,10.250768833960917,0.0,0.0,-1.4998748417346974,0.8706292280196224,0.4919397801743181,0.0
89.744,0.0,0.0,10.189149068132,0.0,0.0,-1.500113751682144,0.8585736680784005,0.5126902149274946,0.0
89.76,0.0,0.0,10.237279954870097,0.0,0.0,-1.5000940757217294,0.8460236409076466,0.5331453826353272,0.0
89.776,0.0,0.0,10.21437741150801,0.0,0.0,-1.4999432275893885,0.8329863742822116,0.5532935028176053,0.0
89.792,0.0,0.0,10.216385079170747,0.0,0.0,-1.4999821608257347,0.8194693765864639,0.5731229718280296,0.0
89.808,0.0,0.0,10.201351809242162,0.0,0.0,-1.5001571003659155,0.8054804324900842,0.592622369536948,0.0
89.824,0.0,0.0,10.244389014268807,0.0,0.0,-1.5000047249463915,0.7910275984647401,0.611780465908406,0.0
89.84,0.0,0.0,10.16452733705103,0.0,0.0,-1.5003724549875777,0.7761191981442267,0.6305862274677134,0.0
89.85600000000001,0.0,0.0,10.179342494733282,0.0,0.0,-1.4998359476435354,0.7607638175307445,0.649028823655813,0.0
89.872,0.0,0.0,10.204304613098586,0.0,0.0,-1.5002472732333914,0.7449703000500733,0.6670976330667827,0.0
89.888,0.0,0.0,10.167697255417089,0.0,0.0,-1.4997748452182962,0.7287477414584929,0.6847822495648859,0.0
89.904,0.0,0.0,10.166809366775805,0.0,0.0,-1.5001410804347408,0.7121054846043829,0.7020724882776401,0.0
89.92,0.0,0.0,10.145546507472135,0.0,0.0,-1.499790130011234,0.6950531140475135,0.7189583914614631,0.0
89.936,0.0,0.0,10.127401968441267,0.0,0.0,-1.4607345093264783,0.6780600473615541,0.73500651165282,0.0
89.952,0.0,0.0,10.137433059080195,0.0,0.0,-1.431404669061376,0.6610515946470958,0.7503404488727312,0.0
89.968,0.0,0.0,10.125209674369898,0.0,0.0,-1.396825102553669,0.6441212184873695,0.7649234313931993,0.0
89.98400000000001,0.0,0.0,10.155065417666584,0.0,0.0,-1.3665668916751685,0.62724436946214,0.7788225092908155,0.0
90.0,0.0,0.0,10.200814659913098,0.0,0.0,-1.3345624905136932,0.6104734206201131,0.7920367432868114,0.0
90.016,0.0,0.0,10.150319843859798,0.0,0.0,-1.304904828985316,0.5938053922796601,0.8046086975043204,0.0
90.032,0.0,0.0,10.078068998011872,0.0,0.0,-1.2747444207508356,0.5772719158999509,0.8165519794313159,0.0
90.048,0.0,0.0,10.127903876740099,0.0,0.0,-1.245813826550942,0.5608784258509754,0.8278981769607492,0.0
90.06400000000001,0.0,0.0,10.122340212574612,0.0,0.0,-1.2175341194918814,0.5446455099400077,0.8386663630444403,0.0
90.08,0.0,0.0,10.07839966808617,0.0,0.0,-1.1897742988219127,0.5285810999423632,0.8488828074497218,0.0
90.096,0.0,0.0,10.20358132232895,0.0,0.0,-1.1626139388493806,0.5126994239077958,0.8585681689444437,0.0
90.112,0.0,0.0,10.09126714418595,0.0,0.0,-1.1362373314738818,0.49700835703637813,0.8677457536836467,0.0
90.128,0.0,0.0,10.115207414557863,0.0,0.0,-1.1102374355748221,0.48151809807720714,0.8764361478305817,0.0
90.144,0.0,0.0,10.055511150816544,0.0,0.0,-1.0847871058755676,0.46623545380548975,0.8846606703221236,0.0
90.16,0.0,0.0,10.12315530680329,0.0,0.0,-1.0598308366518692,0.4511678170196798,0.8924391300731366,0.0
90.176,0.0,0.0,10.050303192525902,0.0,0.0,-1.035491014397414,0.43632060847690013,0.899791268360806,0.0
90.19200000000001,0.0,0.0,10.05324784629663,0.0,0.0,-1.0116454380219095,0.4216991117980105,0.9067358265276438,0.0
90.208,0.0,0.0,10.138649060658286,0.0,0.0,-0.9884248298976388,0.40730734673415775,0.9132911503438433,0.0
90.224,0.0,0.0,10.034970043339685,0.0,0.0,-0.9655974108342902,0.3931489274919843,0.9194748070566711,0.0
90.24,0.0,0.0,10.061656200074346,0.0,0.0,-0.9433182847001562,0.37922658122882025,0.9253038420375769,0.0
90.256,0.0,0.0,10.050789203414867,0.0,0.0,-0.9214430512280528,0.3655425607684042,0.9307946262559091,0.0
90.272,0.0,0.0,10.02121264207604,0.0,0.0,-0.9002347871138613,0.35209845158833125,0.9359629695608153,0.0
90.288,0.0,0.0,10.063137768673169,0.0,0.0,-0.8793323744444765,0.3388953801009371,0.9408240650335435,0.0
90.304,0.0,0.0,9.990559010857464,0.0,0.0,-0.8590755788742451,0.3259339478448199,0.9453925436781752,0.0
90.32000000000001,0.0,0.0,9.972753315772112,0.0,0.0,-0.8389145420212969,0.3132143447684089,0.9496824596839178,0.0
90.336,0.0,0.0,9.983114728092565,0.0,0.0,-0.8194634692757168,0.3007363380336125,0.9537073214493704,0.0
90.352,0.0,0.0,10.044296515817553,0.0,0.0,-0.8004035972419995,0.2884993400063679,0.9574800942139163,0.0
90.368,0.0,0.0,9.991590459112313,0.0,0.0,-0.7816443663470602,0.2765024192163536,0.9610132216403187,0.0
90.384,0.0,0.0,9.989178540534125,0.0,0.0,-0.7634203531536601,0.264744345727107,0.9643186358281821,0.0
90.4,0.0,0.0,10.015947314667393,0.0,0.0,-0.7455179784063749,0.25322360990424386,0.9674077751326292,0.0
90.416,0.0,0.0,9.916807487253603,0.0,0.0,-0.727973003466617,0.2419384556184524,0.9702915972494859,0.0
90.432,0.0,0.0,9.96510831784678,0.0,0.0,-0.710918743495484,0.23088690061640646,0.9729805954507775,0.0
90.44800000000001,0.0,0.0,10.032190682673926,0.0,0.0,-0.6940558714632814,0.22006676248452298,0.9754848128236444,0.0
90.464,0.0,0.0,9.984880931831333,0.0,0.0,-0.6778121765396742,0.20947567805908207,0.9778138576956701,0.0
90.48,0.0,0.0,9.966843303318168,0.0,0.0,-0.6618180313201776,0.19911112457277483,0.9799769181319349,0.0
90.496,0.0,0.0,9.958421543485125,0.0,0.0,-0.6460788542830284,0.18897043715595935,0.9819827767741579,0.0
90.512,0.0,0.0,9.958041855390512,0.0,0.0,-0.630843182645168,0.1790508264422808,0.9838398251495699,0.0
90.528,0.0,0.0,9.931630355391462,0.0,0.0,-0.6157363229642087,0.16934939391785028,0.9855560779477022,0.0
90.544,0.0,0.0,9.985287171143066,0.0,0.0,-0.6010294091541568,0.15986314672888152,0.9871391869022018,0.0
90.56,0.0,0.0,9.997280937986957,0.0,0.0,-0.5866824756574646,0.15058901093257263,0.9885964544678225,0.0
90.57600000000001,0.0,0.0,9.910382485552029,0.0,0.0,-0.5726881047591424,0.1415238439926665,0.9899348471397195,0.0
90.592,0.0,0.0,9.990079079005158,0.0,0.0,-0.5589676023694603,0.13266444610114528,0.9911610084848356,0.0
90.608,0.0,0.0,9.989933391533182,0.0,0.0,-0.5456722767875447,0.12400757071574058,0.992281271820234,0.0
90.624,0.0,0.0,9.946798940614043,0.0,0.0,-0.532462315487892,0.11554993415704727,0.9933016725629239,0.0
90.64,0.0,0.0,9.873313932980238,0.0,0.0,-0.5195250458635056,0.10728822446755627,0.9942279602237103,0.0
90.656,0.0,0.0,10.020103114748155,0.0,0.0,-0.5069914488683159,0.09921910948987685,0.9950656100539481,0.0
90.672,0.0,0.0,9.910537399875874,0.0,0.0,-0.49471311244265326,0.09133924427954306,0.9958198343347264,0.0
90.688,0.0,0.0,9.91012849048252,0.0,0.0,-0.48278374509023136,0.08364527785714167,0.996495593312987,0.0
90.70400000000001,0.0,0.0,9.941603701375493,0.0,0.0,-0.47097663453190464,0.07613385937329883,0.9970976057823663,0.0
90.72,0.0,0.0,9.955600756531565,0.0,0.0,-0.4594803946427095,0.06880164370957753,0.9976303593129373,0.0
90.736,0.0,0.0,9.91196704047891,0.0,0.0,-0.44819225701769255,0.06164529656757212,0.9980981201320319,0.0
90.752,0.0,0.0,10.006065988409096,0.0,0.0,-0.43724537643154043,0.054661499074677836,0.9985049426612316,0.0
90.768,0.0,0.0,9.945662145761352,0.0,0.0,-0.4264228105379434,0.047846951946968405,0.9988546787142685,0.0
90.784,0.0,0.0,9.931342302885595,0.0,0.0,-0.41599945607449085,0.041198379237914244,0.9991509863620059,0.0
90.8,0.0,0.0,9.931966449691942,0.0,0.0,-0.4056215819099129,0.03471253170575307,0.9993973384708293,0.0
90.816,0.0,0.0,9.95178991143283,0.0,0.0,-0.39552400667591076,0.028386189826479006,0.9995970309215286,0.0
90.83200000000001,0.0,0.0,9.883188193995798,0.0,0.0,-0.3858097745548715,0.0222161664798386,0.9997531905160093,0.0
90.848,5.0086719272731965,0.026976486721950268,9.867784959604366,0.0,0.0,-0.3377364555487583,0.016813186724095226,0.999858648385951,0.0
90.864,5.014990958638369,-0.0038077047637274206,9.925965726130174,0.0,0.0,-0.28972462307150576,0.012177657688317944,0.9999258495774705,0.0
90.88,5.003738945921525,-0.027004905478205974,9.878880579399093,0.0,0.0,-0.24172465558742517,0.008309839300040195,0.9999654726893363,0.0
90.896,4.989620418854696,-0.04258259901106897,9.87695591965463,0.0,0.0,-0.19376888449245713,0.005209885281424451,0.9999864284555838,0.0
90.912,5.037942395780399,-0.05060987265359656,9.980674138074388,0.0,0.0,-0.14573835865406787,0.0028778773620085265,0.9999958589023703,0.0
90.928,5.011931358804957,-0.0503954883902586,9.840827699144336,0.0,0.0,-0.0977632510162846,0.0013138527028393027,0.9999991368951652,0.0
90.944,5.035851282221073,-0.042781567768836,9.887912036036994,0.0,0.0,-0.049751857114579925,0.0005178245268344492,0.9999998659288707,0.0
90.96000000000001,5.018389925093753,-0.027795249946930774,9.987949928280452,0.0,0.0,-0.0017521804044442729,0.0004897959584482879,0.9999998800499523,0.0
90.976,5.004402640120844,-0.0026488480031296277,9.899339642679797,0.0,0.0,0.019160043010960488,0.0007963461771346212,0.9999996829163328,0.0
90.992,4.986027549478181,0.01231811338260415,9.913689431110619,0.0,0.0,0.018906087693362356,0.0010988867419450426,0.9999993962237819,0.0
91.008,5.021595226280362,0.013578593252419443,9.882965986274016,0.0,0.0,0.018669400136482484,0.001397571437835152,0.9999990233965612,0.0
91.024,5.01047775413889,0.01504283056175007,9.930432258901961,0.0,0.0,0.01843589770122761,0.0016925504602488019,0.9999985676354439,0.0
91.04,5.012704287272457,0.016159185588407107,9.944803817928,0.0,0.0,0.018215760902421815,0.0019839706845451084,0.9999980319282248,0.0
91.056,5.0193161698017175,0.01756172407594698,9.875388078335645,0.0,0.0,0.018002350611852683,0.002271975929219598,0.9999974190593579,0.0
91.072,5.014901801793129,0.01876787129970868,9.883412336369533,0.0,0.0,0.017792591901067592,0.002556707213120449,0.999996731618772,0.0
91.08800000000001,5.014643838353062,0.019951743771022334,9.873956230089092,0.0,0.0,0.017598329604880142,0.002838303009061345,0.9999959720099022,0.0
91.104,4.988792192824383,0.021156744597802535,9.884962337687414,0.0,0.0,0.017412144717852223,0.0031168994940174157,0.9999951424569744,0.0
91.12,5.000970683457186,0.022420762624000203,9.905798378269367,0.0,0.0,0.01723320180714707,0.0033926307978403235,0.9999942450115749,0.0
91.136,5.054783132492852,0.023577741766050483,9.910905513764787,0.0,0.0,0.01706064408856685,0.0036656292519524963,0.9999932815585251,0.0
91.152,4.996678689104403,0.02464865267038186,9.907366627825299,0.0,0.0,0.01690075633397278,0.003936025636889888,0.9999922538210912,0.0
91.168,4.996039752166988,0.025724817475867492,9.90304965664415,0.0,0.0,0.01674424961294929,0.004203949434324262,0.999991163365534,0.0
91.184,5.023366051147737,0.026732127871638617,9.914999543968362,0.0,0.0,0.01659864684732913,0.004469529080607733,0.9999900116050148,0.0
91.2,5.007530016922749,0.027847156922904053,9.834851736843467,0.0,0.0,0.01645632936251961,0.00473289222605564,0.999988799802866,0.0
91.21600000000001,5.004624122963303,0.028912428805925164,9.89337136169173,0.0,0.0,0.01633048166404476,0.004994166000285598,0.9999875290752188,0.0
91.232,5.016307985140981,0.030153968362440022,9.895222259887143,0.0,0.0,0.016210526143072043,0.005253477286303633,0.9999862003929866,0.0
91.248,5.0210743099415875,0.031169224983980608,9.806018555154601,0.0,0.0,0.01609096249274975,0.005510953004096085,0.9999848145831949,0.0
91.264,4.987809650388631,0.03228535214661283,9.925255408959117,0.0,0.0,0.015987325308750664,0.005766720406425193,0.9999833723296375,0.0
91.28,5.00336844002938,0.03304987867081863,9.829747120271499,0.0,0.0,0.015888091811631404,0.006020907389245732,0.9999818741728322,0.0
91.296,4.9841104949546695,0.034069975635726835,9.844161227500175,0.0,0.0,0.015794652204879262,0.006273642818632532,0.9999803205092511,0.0
91.312,5.02050113534637,0.03521167771728821,9.82659528419553,0.0,0.0,0.01571423582655983,0.006525056878412895,0.9999787115897686,0.0
91.328,4.975535354987575,0.036625333826359,9.867878721285475,0.0,0.0,0.015636564185359584,0.0067752814393044055,0.9999770475173009,0.0
91.34400000000001,1.252298339163448,0.03807951979359309,9.85228950732429,0.0,0.0,0.015574513657149163,0.007024450455814163,0.9999753282435492,0.0
91.36,1.4487107625632287e-05,0.038934334677779014,9.866131922919337,0.0,0.0,0.015511508070864289,0.007272627621700781,0.9999735540940451,0.0
91.376,1.4414423603367648e-05,0.03887097737790954,9.841744651505003,0.0,0.0,0.0154514435409344,0.007519853169252321,0.9999717255044329,0.0
91.392,1.4216309358062796e-05,0.03862656562996477,9.895158920918398,0.0,0.0,0.015395079654316954,0.007766167783107168,0.9999698428642559,0.0
91.408,1.4152623929431195e-05,0.038446295385211014,9.85264727413237,0.0,0.0,0.015343152687783598,0.008011612639621453,0.9999679065164605,0.0
91.424,1.4021697549590973e-05,0.03874725532157215,9.918828518810573,0.0,0.0,0.015287864655824617,0.008256229448548551,0.9999659167568129,0.0
91.44,1.3936232031206533e-05,0.038083054629086004,9.841817861387364,0.0,0.0,0.015241959136148111,0.008500060496879439,0.9999638738332247,0.0
91.456,1.386801874338872e-05,0.037983181188502906,9.815691758288667,0.0,0.0,0.015189301603048124,0.00874314869568535,0.9999617779449799,0.0
91.47200000000001,1.38121038161865e-05,0.037769411837796155,9.882671885463902,0.0,0.0,0.015150888281675217,0.008985537629231084,0.9999596292418578,0.0
91.488,1.376256308616919e-05,0.03806725959075681,9.923542661644976,0.0,0.0,0.015110603986525077,0.009227271607602791,0.9999574278231447,0.0
91.504,1.3678481527249469e-05,0.03791219914708216,9.801412992755978,0.0,0.0,0.015073044035048933,0.009468395722189337,0.9999551737365271,0.0
91.52,1.3641121589334726e-05,0.037624089338767576,9.764770012540135,0.0,0.0,0.01503730964851525,0.00970895590521684,0.9999528669768544,0.0
91.536,1.3548866797844752e-05,0.03779780281558292,9.813160181083742,0.0,0.0,0.015003757183948405,0.009948998992552385,0.9999505074847688,0.0
91.552,1.3399267630883011e-05,0.037629244071399844,9.927127355858875,0.0,0.0,0.014973121135368552,0.010188572791134146,0.9999480951451829,0.0
91.568,1.3424355279081752e-05,0.03747012288270077,9.871988721062399,0.0,0.0,0.014949551106296165,0.010427726150674353,0.9999456297856032,0.0
91.584,1.3349987176918439e-05,0.03737752944955081,9.907121408493769,0.0,0.0,0.014925560333443774,0.010666509040496232,0.9999431111742753,0.0
91.60000000000001,1.32706410049403e-05,0.03731380072430723,9.899257973444032,0.0,0.0,0.01490267997484112,0.010904972631628602,0.9999405390181477,0.0
91.616,1.3398641093842241e-05,0.03696267950697489,9.897366185825105,0.0,0.0,0.014891001078303436,0.011143169384760294,0.9999379129606311,0.0
91.632,1.3278693327149674e-05,0.037205185552496176,9.926003399212352,0.0,0.0,0.014875624854206697,0.011381153144574071,0.9999352325791405,0.0
91.648,1.3368157815320214e-05,0.037111888442888624,9.848668945701885,0.0,0.0,0.01486627736752654,0.011618979241329755,0.9999324973823931,0.0
91.664,1.3268830121442056e-05,0.03738115451301902,9.729785656875217,0.0,0.0,0.014856872739169665,0.011856704599651583,0.9999297068074519,0.0
91.68,1.3215264429278266e-05,0.03700947721115011,9.855413474034194,0.0,0.0,0.014855013196960929,0.012094387856067711,0.9999268602164796,0.0
91.696,1.3283518822043187e-05,0.03725096993654644,9.80404594289527,0.0,0.0,0.01485618329351555,0.012332089485677433,0.9999239568931816,0.0
91.712,1.3167295700254716e-05,0.03720943282589732,9.86016173425686,0.0,0.0,0.01486367718455008,0.012569871938862854,0.9999209960389074,0.0
91.72800000000001,1.326368955862236e-05,0.037089557859381055,9.815419006768439,0.0,0.0,0.014873736524031985,0.012807799789025458,0.9999179767683769,0.0
91.744,1.3232002930739284e-05,0.03729094443345758,9.894500261238301,0.0,0.0,0.014883973634051268,0.013045939892850975,0.9999148981049898,0.0
91.76,1.3312851288764726e-05,0.037303479687230384,9.794328549695697,0.0,0.0,0.014906023388873445,0.013284361563933894,0.9999117589756802,0.0
91.776,1.3331097166715104e-05,0.03733811102744298,9.880961453561001,0.0,0.0,0.014923391290849006,0.013523136761299105,0.9999085582052667,0.0
91.792,1.3345106129088169e-05,0.03738031648625556,9.806409430005669,0.0,0.0,0.01495343905151134,0.013762340294685907,0.9999052945102419,0.0
91.808,1.348031367311197e-05,0.03750831541791724,9.80544983460216,0.0,0.0,0.014983134833334197,0.014002050047932105,0.9999019664919433,0.0
91.824,1.344079635624841e-05,0.037471922725444314,9.814003159582581,0.0,0.0,0.015016599803277861,0.014242347223111608,0.9998985726290324,0.0
91.84,1.3662921907316118e-05,0.037344577476365895,9.867454044012016,0.0,0.0,0.015062462625860288,0.014483316607005314,0.9998951112692077,0.0
91.85600000000001,1.3679140435499432e-05,0.03748667832786626,9.874149843559888,0.0,0.0,0.01510814126619167,0.01472504686329491,0.9998915806200559,0.0
91.872,1.370926531513561e-05,0.037570759849052095,9.798683617972507,0.0,0.0,0.015163983021423624,0.01496763085281317,0.9998879787389455,0.0
91.888,1.3900948185561567e-05,0.03789536675203529,9.865859474970506,0.0,0.0,0.015219076513250955,0.015211165985618072,0.9998843035218417,0.0
91.904,1.385017882209622e-05,0.03819386796200506,9.818596147047815,0.0,0.0,0.015286738139344872,0.01545575460870956,0.999880552690908,0.0
91.92,1.4145509664257965e-05,0.038469624291799245,9.861626221676417,0.0,0.0,0.015363892129669088,0.015701504433696577,0.9998767237807462,0.0
91.936,1.4160545791588845e-05,0.03839369182940445,9.848898744663268,0.0,0.0,0.015439901656668033,0.0159485290098521,0.9998728141230875,0.0
91.952,1.4392986088162297e-05,0.0386051030135202,9.814858861079426,0.0,0.0,0.015526732385946516,0.016196948247822432,0.9998688208297414,0.0
91.968,1.4501622198809167e-05,0.0386432186906882,9.844094459478105,0.0,0.0,0.015623925225411067,0.016446889001639913,0.9998647407735547,0.0
91.98400000000001,1.4767493298377623e-05,0.03892947017991815,9.856233061540888,0.0,0.0,0.015727048734252694,0.016698485716073182,0.9998605705671119,0.0
92.0,-0.2652294588912356,0.03924043545159934,9.841565302009325,0.0,0.0,0.015838119102804697,0.016951881149055513,0.9998563065388489,0.0
92.016,-4.232695111881533,0.04072975307873243,9.79473719164719,0.0,0.0,0.015961235193137937,0.017207216752577824,0.9998519448856564,0.0
92.032,-2.6164024633655254,0.03939366744838809,9.832840849876604,0.0,0.0,0.01608486882673285,0.017464481571751286,0.9998474843111973,0.0
92.048,-3.1680079021326986,0.03925861434385487,9.900138533817804,0.0,0.0,0.016204662277473206,0.017723726200904736,0.9998429224280959,0.0
92.06400000000001,-2.8961559328284947,0.0382161432990982,9.852800593185144,0.0,0.0,0.016331527551716307,0.01798497835203378,0.9998382571964712,0.0
92.08,-2.8939519210785156,0.03802843282550876,9.809370635666726,0.0,0.0,0.0164618631826982,0.018248276260676984,0.9998334863433581,0.0
92.096,-2.814383692152907,0.03749794971183893,9.870789754875064,0.0,0.0,0.016590032520610105,0.018513655552315336,0.9998286075913663,0.0
92.11200000000001,-2.7955662026606505,0.03717563993457763,9.911692214993836,0.0,0.0,0.01672346025763462,0.01878115449616596,0.9998236185626899,0.0
92.128,-2.706422061145521,0.036779474455946384,9.762321209819543,0.0,0.0,0.016855797179116387,0.019050811997696662,0.9998185168130407,0.0
92.144,-2.6650964549548313,0.03639102934430922,9.829403166605257,0.0,0.0,0.016990910587800785,0.01932266846414583,0.9998132998132325,0.0
92.16,-2.6069247561263054,0.03585883567839806,9.793239471861051,0.0,0.0,0.017133518086511704,0.019596765538442584,0.9998079649514857,0.0
92.176,-2.5550922354362817,0.035323078172109945,9.795402445245614,0.0,0.0,0.01727886334496713,0.019873146284445895,0.9998025095271351,0.0
92.19200000000001,-2.479502058224367,0.034993512847632274,9.924791668075935,0.0,0.0,0.017422866441109,0.020151855198229186,0.9997969307474743,0.0
92.208,-2.464949249785414,0.034761672914912264,9.794569316689739,0.0,0.0,0.017573030684678585,0.020432938292792156,0.9997912257230122,0.0
92.224,-2.410083914193314,0.0343261846098559,9.805198124271463,0.0,0.0,0.01772250575818124,0.02071644315865293,0.9997853914630153,0.0
92.24,-2.340873323133232,0.03397821045414267,9.872384466911237,0.0,0.0,0.0178797106182514,0.021002419039313745,0.9997794248705547,0.0
92.256,-2.3116876955840753,0.03334166611424211,9.869232846889885,0.0,0.0,0.018037028099509154,0.021290916906697696,0.9997733227373453,0.0
92.272,-2.253385285183578,0.032894552506095895,9.7690250384338,0.0,0.0,0.018197702868180225,0.02158198954235154,0.9997670817382386,0.0
92.288,-2.221591564659149,0.0326838742798745,9.785352595565442,0.0,0.0,0.01835943774985732,0.021875691623119402,0.9997606984253833,0.0
92.304,-2.1750949620492612,0.03217335881049631,9.867009212510377,0.0,0.0,0.018527263475766068,0.022172079811957537,0.9997541692220204,0.0
92.32000000000001,-2.120765534347378,0.031821563562280934,9.847413669042721,0.0,0.0,0.018701156676662056,0.02247121285408203,0.9997474904158883,0.0
92.336,-2.089924853171632,0.03163562527594796,9.863434284130562,0.0,0.0,0.01887492387335428,0.022773151679150158,0.9997406581522023,0.0
92.352,-2.0482721908936683,0.03126573784905403,9.767616778839729,0.0,0.0,0.019056792405591407,0.023077959509448725,0.9997336684261865,0.0
92.368,-1.9868632591995485,0.030627616212971415,9.811948803868935,0.0,0.0,0.019239984089161756,0.023385701975161804,0.9997265170751094,0.0
92.384,-1.9661289594642821,0.03056816329112959,9.891915252735426,0.0,0.0,0.019427358878022754,0.023696447236659524,0.9997191997697955,0.0
92.4,-1.9215523828795633,0.030256686750776644,9.793286388553962,0.0,0.0,0.019618046187178127,0.02401026611457397,0.9997117120055699,0.0
92.416,-1.8854680171173235,0.029840229503286363,9.815306907985871,0.0,0.0,0.0198165388068537,0.024327232228551272,0.9997040490925793,0.0
92.432,-1.8369854689461649,0.029698507399687987,9.774840116523576,0.0,0.0,0.0200210115807506,0.024647422144715804,0.9996962061454571,0.0
92.44800000000001,-1.8074088845572673,0.029491007281536766,9.817967044410931,0.0,0.0,0.02022545465944894,0.0249709155333607,0.9996881780722557,0.0
92.464,-1.7638240904783091,0.029146215107144338,9.793883259025643,0.0,0.0,0.02043807743509018,0.025297795336750233,0.9996799595626094,0.0
92.48,-1.7367735379207299,0.028551724490223154,9.83793827179914,0.0,0.0,0.02065758825041584,0.02562814794882864,0.9996715450750376,0.0
92.496,-1.6947934803800127,0.028494787896102845,9.81511137632875,0.0,0.0,0.02087551239768335,0.025962063407046806,0.9996629288233352,0.0
92.512,-1.666719115252062,0.027994971332787555,9.88579910473141,0.0,0.0,0.021103536658622298,0.026299635597804627,0.9996541047619537,0.0
92.528,-1.6255402799706058,0.027777655205530185,9.736123087582682,0.0,0.0,0.021343918499488888,0.026640962476353978,0.999645066570297,0.0
92.544,-1.5920476483297357,0.027728515609263895,9.867708082123327,0.0,0.0,0.021580289605298494,0.026986146302698102,0.9996358076358256,0.0
92.56,-1.5679100371614536,0.027308044866703823,9.959458992478368,0.0,0.0,0.02183126933156305,0.027335293894630956,0.9996263210358631,0.0
92.57600000000001,-1.5353138155139026,0.02713081743182594,9.842305453851802,0.0,0.0,0.022087633100283277,0.02768851689973888,0.9996165995179817,0.0
92.592,-1.5094826269308013,0.026683939080209728,9.808273468568792,0.0,0.0,0.02234382691944096,0.028045932087615372,0.9996066354788452,0.0
92.608,-1.4707248986413861,0.02679340934343814,9.874006602119268,0.0,0.0,0.02262022582958116,0.028407661664778518,0.9995964209413415,0.0
92.624,-1.4458226737051767,0.026628701657047737,9.755293071623024,0.0,0.0,0.02289858653673623,0.028773833613790885,0.999585947529859,0.0
92.64,-1.427208865099055,0.026130142487395657,9.795911536915122,0.0,0.0,0.023178364495801934,0.029144582059263072,0.9995752064435126,0.0
92.656,-1.3835032833467005,0.026013831091636803,9.836415621015254,0.0,0.0,0.023474792663817926,0.02952004766319578,0.9995641884271178,0.0
92.672,-1.3718424951089825,0.025759313452536434,9.771200246081506,0.0,0.0,0.02377826701400864,0.029900378052593296,0.9995528837396809,0.0
92.688,-1.3277648517647316,0.025467408374229502,9.84096442271498,0.0,0.0,0.02409490886253437,0.03028572828231755,0.9995412821201581,0.0
92.70400000000001,-1.3120538494956742,0.025450304002194522,9.794950655024538,0.0,0.0,0.024423764311335666,0.03067626133724229,0.9995293727501805,0.0
92.72,-1.2897569588747184,0.025119783973225035,9.796965307949046,0.0,0.0,0.024756014046510618,0.03107214867711583,0.9995171442134383,0.0
92.736,-1.2432407783011574,0.02499223848374409,9.822478389510742,0.0,0.0,0.025098958145902982,0.03147357082909402,0.9995045844513503,0.0
92.752,-1.2310310479307094,0.02496727143277616,9.741389744691372,0.0,0.0,0.025463714752796858,0.03188071803288618,0.9994916807146058,0.0
92.768,-1.2007037297565297,0.02486514060292574,9.85116702207652,0.0,0.0,0.025831390055949456,0.03229379094394477,0.9994784195101307,0.0
92.784,-1.1866467221152954,0.02450709472377576,9.808784736416703,0.0,0.0,0.026212990618170534,0.03271300140162096,0.9994647865429265,0.0
92.8,-1.1675262531977701,0.024388433590639483,9.842288796200238,0.0,0.0,0.026610542745732206,0.03313857326903086,0.9994507666522116,0.0
92.816,-1.1383030144505406,0.02444173513504006,9.825683651112985,0.0,0.0,0.02702446242472572,0.033570743353304414,0.9994363437411642,0.0
92.83200000000001,-1.1058154133806057,0.024190190829419384,9.834205274348838,0.0,0.0,0.02745308064866726,0.03400976241524579,0.999421500699509,0.0
92.848,-1.0926037702183808,0.024105881048325558,9.83702780438984,0.0,0.0,0.027897297620988488,0.03445589627934062,0.9994062193180445,0.0
92.864,-1.0754910700850695,0.024027223885449582,9.837272215757311,0.0,0.0,0.028359985598811224,0.034909427056056486,0.999390480194112,0.0
92.88,-1.0480279358555327,0.02382702022044907,9.801613970418718,0.0,0.0,0.028843791925177262,0.03537065449056904,0.9993742626268245,0.0
92.896,-1.030278096775862,0.023728439404897068,9.876867267299842,0.0,0.0,0.029344335709987786,0.0358398974537349,0.9993575445007186,0.0
92.912,-1.0036195468225877,0.02358569956163113,9.812409870704453,0.0,0.0,0.02986932429407433,0.036317495593791056,0.999340302156275,0.0
92.928,-0.9837348255364692,0.02375174812519573,9.848816135566942,0.0,0.0,0.03041531967260669,0.036803811170067244,0.9993225102454955,0.0
92.944,-0.9591801446301392,0.02355162790932049,9.756160383220104,0.0,0.0,0.030986048304918627,0.03729923109322148,0.9993041415704504,0.0
92.96000000000001,-0.9489732502972479,0.023557582504158632,9.89953346688056,0.0,0.0,0.03158027877844534,0.03780416920045375,0.999285166902353,0.0
92.976,-0.923014593326249,0.02335730851419863,9.838908358352727,0.0,0.0,0.032207445504803284,0.0383190687991794,0.99926555477829,0.0
92.992,-0.9065702397838686,0.023435642555811858,9.870340315436813,0.0,0.0,0.032857960051766666,0.03884440551786483,0.9992452712722556,0.0
93.008,-0.8923968035239437,0.023409858190377348,9.81645472093843,0.0,0.0,0.033545962046952406,0.039380690509605173,0.9992242797365299,0.0
93.024,-0.8708487161307531,0.02347757843769493,9.831322966820164,0.0,0.0,0.034260424577775464,0.03992847406229118,0.9992025405087084,0.0
93.04,-0.8561872227035289,0.023572775256208697,9.901840931631051,0.0,0.0,0.035009719652072384,0.040488349678574335,0.9991800105788273,0.0
93.056,-0.834730023446363,0.023500340204176264,9.804578116579279,0.0,0.0,0.03581322147330873,0.04106095870117077,0.9991566432099327,0.0
93.072,-0.8200732987769881,0.023794814561875967,9.88487492306279,0.0,0.0,0.036656259960631425,0.04164699557321901,0.9991323875041407,0.0
93.08800000000001,-0.8097456396620267,0.023619045536873683,9.756924369240563,0.0,0.0,0.03754717759710596,0.04224721384112755,0.9991071879046122,0.0
93.104,-0.795224918875361,0.02384261784466718,9.873598396083397,0.0,0.0,0.038486281511882034,0.0428624330292249,0.9990809836218562,0.0
93.12,-0.772889698000025,0.023816971948105566,9.78920333003817,0.0,0.0,0.03948682509225707,0.04349354654285729,0.9990537079702594,0.0
93.136,-0.7518943395924595,0.024052452990426732,9.809874083109126,0.0,0.0,0.04053264670801435,0.0441415307895937,0.9990252875976422,0.0
93.152,-0.7411869387468216,0.02402264235367597,9.80653216696562,0.0,0.0,0.041658634940505875,0.04480745575131244,0.9989956415866359,0.0
93.168,-0.7254644787311443,0.02419514130830756,9.881714012523998,0.0,0.0,0.04285430003813818,0.04549249729261729,0.9989646804017053,0.0
93.184,-0.7102985261862907,0.024260693608702758,9.837920934553724,0.0,0.0,0.04413656246183899,0.04619795155927665,0.9989323046491825,0.0
93.2,-0.7000358346593399,0.024677533210148844,9.769314259368446,0.0,0.0,0.0454970572398579,0.04692525190707654,0.9988984036094248,0.0
93.21600000000001,-0.6888704458692266,0.024898266962334995,9.859768964355128,0.0,0.0,0.04698151426053758,0.04767598891360436,0.9988628534894619,0.0
93.232,-0.6755407646284062,0.02503025976746788,9.791469241817408,0.0,0.0,0.04855558907467614,0.0484519341715099,0.9988255153304003,0.0
93.248,-0.6594401386523399,0.025318875419000148,9.838944663367373,0.0,0.0,0.050259118942755816,0.04925506875340015,0.998786232485259,0.0
93.264,-0.6444011993994897,0.025837108239178074,9.796150265181081,0.0,0.0,0.05210119528028419,0.05008761749284356,0.9987448275580157,0.0
93.28,-0.6289117985880417,0.026173617355832138,9.87575337567323,0.0,0.0,0.05409134022755812,0.05095209056659073,0.9987010986611029,0.0
93.296,-0.6185375465557618,0.026819621458153024,9.894380397561989,0.0,0.0,0.0562842852471938,0.05185133432461776,0.998654814802771,0.0
93.312,-0.6018181682881394,0.02729175548555398,9.8142535514485,0.0,0.0,0.05865580755615497,0.05278859394778142,0.9986057101524186,0.0
93.328,-0.5900912964426722,0.027807308502481195,9.8554342980387,0.0,0.0,0.061273990819489595,0.05376759139190225,0.9985534768433355,0.0
93.34400000000001,-0.5797428080748858,0.02847797074410191,9.851275784539782,0.0,0.0,0.06414280065748405,0.05479262331648092,0.9984977558463006,0.0
93.36,-0.5663632581756676,0.02912777335432199,9.827614400076218,0.0,0.0,0.06736769573825083,0.05586868546903488,0.9984381252656381,0.0
93.376,-0.5590502275485058,0.029862359217317298,9.776466830520155,0.0,0.0,0.07092350557977936,0.057001632575610854,0.9983740851422953,0.0
93.392,-4.971920008119063,0.03192106495266303,9.80370680379281,0.0,0.0,0.022925367789811166,0.05736778820389365,0.9983531123187793,0.0
93.408,-4.986972481772733,0.005961995756127878,9.813921030325087,0.0,0.0,-0.025078580563262787,0.056967200194067584,0.998376050444946,0.0
93.424,-4.973937314227754,-0.012574811173603496,9.815151244728177,0.0,0.0,-0.07308286329959973,0.055799816233751943,0.9984419765355821,0.0
93.44,-5.011281001045536,-0.023190236963122744,9.824424208940075,0.0,0.0,-0.12106639640459785,0.05386548740246619,0.9985482007729496,0.0
93.456,-5.032846066099756,-0.026593446743542946,9.735750679106541,0.0,0.0,-0.16909206084254158,0.051163978501337956,0.9986902659503171,0.0
93.47200000000001,-1.6553866122667695,-0.010218281718246396,9.797746241974595,0.0,0.0,-0.21703381598963958,0.04769498517103672,0.9988619466120103,0.0
93.488,0.0,0.0,9.852316376629096,0.0,0.0,-0.26504949768964536,0.043458157802137805,0.9990552479820345,0.0
93.504,0.0,0.0,9.821859499210168,0.0,0.0,-0.3130902690119586,0.03845313224329925,0.999260404809817,0.0
93.52,0.0,0.0,9.719479112701544,0.0,0.0,-0.3611307235263249,0.032679567312223254,0.999465880298215,0.0
93.536,0.0,0.0,9.80648125785039,0.0,0.0,-0.4091381870050136,0.026137189113300804,0.9996583653154989,0.0
93.552,0.0,0.0,9.774158282882022,0.0,0.0,-0.4572090954324237,0.01882584216356429,0.9998227781296206,0.0
93.568,0.0,0.0,9.811752966297457,0.0,0.0,-0.5050703402309695,0.010745547323651803,0.9999422649396892,0.0
93.584,0.0,0.0,9.793253584134968,0.0,0.0,-0.5530421752630369,0.001896566525005173,0.9999982015160909,0.0
93.60000000000001,0.0,0.0,9.77679977152602,0.0,0.0,-0.6011232193039967,-0.0077205257240917724,0.9999701962971415,0.0
93.616,0.0,0.0,9.94396616014724,0.0,0.0,-0.6490700402903,-0.018104764081781695,0.9998360953264005,0.0
93.632,0.0,0.0,9.915752182159656,0.0,0.0,-0.6969959919796578,-0.02925470740634717,0.9995719894507694,0.0
93.648,0.0,0.0,9.866946634468684,0.0,0.0,-0.7450792598593848,-0.04116834713832034,0.9991522242350755,0.0
93.664,0.0,0.0,9.809089770184166,0.0,0.0,-0.7929249180306538,-0.05384300910773616,0.9985494130839118,0.0
93.68,0.0,0.0,9.87114495440312,0.0,0.0,-0.8410062041480625,-0.06727524886637122,0.997734454095862,0.0
93.696,0.0,0.0,9.795150417056044,0.0,0.0,-0.8891253551967068,-0.08146074067123528,0.9966765512087127,0.0
93.712,0.0,0.0,9.785300009649854,0.0,0.0,-0.9370740128627572,-0.09639416027537615,0.995343240226609,0.0
93.72800000000001,0.0,0.0,9.74166353345988,0.0,0.0,-0.9850404178638242,-0.112069061716809,0.9937004203510805,0.0
93.744,0.0,0.0,9.795754260359235,0.0,0.0,-1.033069256866647,-0.12847774833428177,0.9917123918671951,0.0
93.76,0.0,0.0,9.854358189776788,0.0,0.0,-1.0813154596639305,-0.14561113828193056,0.9893419006633857,0.0
93.776,0.0,0.0,9.777672040865463,0.0,0.0,-1.129166034539877,-0.16345862486181592,0.9865501902885043,0.0
93.792,0.0,0.0,9.80630408830409,0.0,0.0,-1.177061501183054,-0.18200793204579804,0.9832970622718306,0.0
93.808,0.0,0.0,9.802696041860793,0.0,0.0,-1.2251079874089494,-0.20124496561486102,0.9795409454508134,0.0
93.824,0.0,0.0,9.802616002057777,0.0,0.0,-1.2730368828398033,-0.22115366040581047,0.9752389750666816,0.0
93.84,0.0,0.0,9.83596543245747,0.0,0.0,-1.3210950376949662,-0.2417158242219492,0.970347082399233,0.0
93.85600000000001,0.0,0.0,9.782460129443908,0.0,0.0,-1.3691408117884964,-0.26291097903588695,0.9648200957185704,0.0
93.872,0.0,0.0,9.771423450104368,0.0,0.0,-1.417157452162701,-0.2847162001889669,0.9586118533327012,0.0
93.888,0.0,0.0,9.851110135918685,0.0,0.0,-1.4650599053851343,-0.3071059543730229,0.9516753295050969,0.0
93.904,0.0,0.0,9.910327067854345,0.0,0.0,-1.500046213149252,-0.32985443998435693,0.9440318047728087,0.0
93.92,0.0,0.0,9.806096102110136,0.0,0.0,-1.500072721097228,-0.35241295679376927,0.9358445960114707,0.0
93.936,0.0,0.0,9.784415033870005,0.0,0.0,-1.5002206972206293,-0.37476851296639846,0.927118418374349,0.0
93.952,0.0,0.0,9.751616056757857,0.0,0.0,-1.4999240725073542,-0.39690823355588345,0.9178582974160817,0.0
93.968,0.0,0.0,9.824315881564447,0.0,0.0,-1.4999206837631243,-0.4188193679192566,0.9080695661983802,0.0
93.98400000000001,0.0,0.0,9.866752261102201,0.0,0.0,-1.49985824924214,-0.4404892970602607,0.897757862218626,0.0
94.0,0.0,0.0,9.842076589689448,0.0,0.0,-1.5001470926116331,-0.4619055408968422,0.8869291241631406,0.0
94.016,0.0,0.0,9.78626088300452,0.0,0.0,-1.5001322111341486,-0.48305576544864415,0.8755895884869945,0.0
94.032,0.0,0.0,9.807892684851337,0.0,0.0,-1.4998281404592566,-0.5039277899403559,0.8637457858223266,0.0
94.048,0.0,0.0,9.76927798841408,0.0,0.0,-1.499764115141128,-0.5245095938168305,0.8514045372172405,0.0
94.06400000000001,0.0,0.0,9.783143991426373,0.0,0.0,-1.5001917246291936,-0.5447893236659272,0.8385729502074472,0.0
94.08,0.0,0.0,9.848275361733304,0.0,0.0,-1.5002614606888829,-0.5647553000450917,0.8252584147229148,0.0
94.096,0.0,0.0,9.774460615554801,0.0,0.0,-1.5000851037076455,-0.5843960242077489,0.8114685988318809,0.0
94.11200000000001,0.0,0.0,9.828726767739315,0.0,0.0,-1.4999307881429083,-0.6037001847256277,0.7972114443246804,0.0
94.128,0.0,0.0,9.813920188770375,0.0,0.0,-1.4999329940479802,-0.6226566640032032,0.7824951621399343,0.0
94.144,0.0,0.0,9.820232954687652,0.0,0.0,-1.4998671230188687,-0.6412545446805114,0.7673282276357296,0.0
94.16,0.0,0.0,9.79844710289621,0.0,0.0,-1.4998793630924792,-0.6594831159206419,0.7517193757085161,0.0
94.176,0.0,0.0,9.778032293708195,0.0,0.0,-1.500213883873188,-0.6773318795782947,0.7356775957625287,0.0
94.19200000000001,0.0,0.0,9.876554086613917,0.0,0.0,-1.5001587343558818,-0.6947905562458365,0.7192121265326392,0.0
94.208,0.0,0.0,9.822719537429064,0.0,0.0,-1.4999042552407202,-0.7118490911733916,0.7023324507636084,0.0
94.224,0.0,0.0,9.812523121184666,0.0,0.0,-1.499945447524889,-0.7284976600595405,0.6850482897488133,0.0
94.24,0.0,0.0,9.808371616089609,0.0,0.0,-1.496069582532181,-0.7446827357712117,0.6674186265338299,0.0
94.256,0.0,0.0,9.837617422164467,0.0,0.0,-1.447706163201953,-0.7599423863900675,0.6499904379048737,0.0
94.272,0.0,0.0,9.884247671572615,0.0,0.0,-1.4184075622556187,-0.774497070797109,0.632577495115577,0.0
94.288,0.0,0.0,9.847907510827758,0.0,0.0,-1.3838316552691345,-0.7883125398000895,0.6152750113517794,0.0
94.304,0.0,0.0,9.870336156636919,0.0,0.0,-1.3541996057203816,-0.8014552041161318,0.5980548100259452,0.0
94.32000000000001,0.0,0.0,9.762144910976616,0.0,0.0,-1.3220138144274811,-0.8139255144127324,0.5809692392786118,0.0
94.336,0.0,0.0,9.815792353643516,0.0,0.0,-1.2926401056090637,-0.825765900013361,0.5640130125937913,0.0
94.352,0.0,0.0,9.866076955298844,0.0,0.0,-1.2626859739419707,-0.8369907544849696,0.5472170290722697,0.0
94.368,0.0,0.0,9.805540373310485,0.0,0.0,-1.2341464813537748,-0.8476317103213912,0.5305850390442923,0.0
94.384,0.0,0.0,9.857654686728845,0.0,0.0,-1.2057296776940458,-0.8577082872618993,0.5141366491140844,0.0
94.4,0.0,0.0,9.804559597479514,0.0,0.0,-1.17803551251388,-0.8672468335511427,0.4978784286304408,0.0
94.416,0.0,0.0,9.835209362087902,0.0,0.0,-1.150991222279484,-0.8762682502504461,0.4818235710330303,0.0
94.432,0.0,0.0,9.854721300208096,0.0,0.0,-1.1246219850313197,-0.8847958957507877,0.46597877941228366,0.0
94.44800000000001,0.0,0.0,9.788268842861822,0.0,0.0,-1.098687176755412,-0.8928504654299435,0.4503532462207125,0.0
94.464,0.0,0.0,9.767270095901313,0.0,0.0,-1.0735975126988617,-0.9004532836115616,0.43495273770049614,0.0
94.48,0.0,0.0,9.891710350928165,0.0,0.0,-1.0485070392446596,-0.9076241756571404,0.41978370116370217,0.0
94.496,0.0,0.0,9.797753571749121,0.0,0.0,-1.0246211566577974,-0.9143828383456445,0.4048506205243644,0.0
94.512,0.0,0.0,9.859475865736005,0.0,0.0,-1.0006976577052034,-0.9207479614383832,0.39015790586256427,0.0
94.528,0.0,0.0,9.765790628327462,0.0,0.0,-0.9776080429408499,-0.9267378005618354,0.3757087289507815,0.0
94.544,0.0,0.0,9.874527962467415,0.0,0.0,-0.9549041607477889,-0.9323698199710987,0.36150590424924045,0.0
94.56,0.0,0.0,9.850345045537653,0.0,0.0,-0.9326227897410118,-0.9376609360341044,0.3475513904959201,0.0
94.57600000000001,0.0,0.0,9.752638807554618,0.0,0.0,-0.9110203385649384,-0.9426273774012086,0.33384671239016245,0.0
94.592,0.0,0.0,9.814348001704516,0.0,0.0,-0.889939931188054,-0.9472847932872146,0.320392759604207,0.0
94.608,0.0,0.0,9.831917969347305,0.0,0.0,-0.8691542087544201,-0.9516482044433738,0.30718999817653986,0.0
94.624,0.0,0.0,9.76420722777421,0.0,0.0,-0.848746253513767,-0.9557320563998919,0.2942384005693917,0.0
94.64,0.0,0.0,9.785202923145519,0.0,0.0,-0.8290893358834361,-0.9595502084548744,0.2815375595799026,0.0
94.656,0.0,0.0,9.821417391026547,0.0,0.0,-0.8094826052481033,-0.9631159647253368,0.2690866746815684,0.0
94.672,0.0,0.0,9.80299361297338,0.0,0.0,-0.7904543497397252,-0.9664420790760677,0.25688461960796327,0.0
94.688,0.0,0.0,9.811656642271219,0.0,0.0,-0.7718351587798418,-0.9695407772806088,0.2449299515986423,0.0
94.70400000000001,0.0,0.0,9.768749499133794,0.0,0.0,-0.7535675870521131,-0.9724237685823797,0.23322095595388198,0.0
94.72,0.0,0.0,9.796334883453376,0.0,0.0,-0.7358096909457168,-0.9751022642419123,0.22175566344582034,0.0
94.736,0.0,0.0,9.848418352526995,0.0,0.0,-0.7185657215085439,-0.9775869917415031,0.210531882568409,0.0
94.752,0.0,0.0,9.812937632536437,0.0,0.0,-0.7013359100257829,-0.9798882117324309,0.19954721874237868,0.0
94.768,0.0,0.0,9.811240578675466,0.0,0.0,-0.6847906408651536,-0.9820157331231041,0.18879909930582942,0.0
94.784,0.0,0.0,9.874299237471195,0.0,0.0,-0.668486587683551,-0.9839789291364461,0.17828479187943322,0.0
94.8,0.0,0.0,9.809087603570145,0.0,0.0,-0.6525296200788325,-0.9857867524684646,0.16800142457038414,0.0
94.816,0.0,0.0,9.801984374631042,0.0,0.0,-0.6369660297575049,-0.9874477506623014,0.15794600251972712,0.0
94.83200000000001,0.0,0.0,9.789283052391953,0.0,0.0,-0.6217728401960421,-0.9889700809379746,0.14811542461720995,0.0
94.848,0.0,0.0,9.853073495912094,0.0,0.0,-0.6067578508768068,-0.9903615249084667,0.13850649797383727,0.0
94.864,0.0,0.0,9.82884796623225,0.0,0.0,-0.5922161806988213,-0.9916295028715592,0.1291159518986886,0.0
94.88,0.0,0.0,9.778109298400647,0.0,0.0,-0.5778508573963166,-0.9927810878393314,0.11994045034330057,0.0
94.896,0.0,0.0,9.768443238999737,0.0,0.0,-0.5640759660906792,-0.9938230191775186,0.11097660362833954,0.0
94.912,0.0,0.0,9.747974676418139,0.0,0.0,-0.5503817124062905,-0.9947617159135749,0.10222097902427076,0.0
94.928,0.0,0.0,9.78472697833386,0.0,0.0,-0.5369869232135617,-0.9956032896609714,0.09367011058097549,0.0
94.944,0.0,0.0,9.815282732049463,0.0,0.0,-0.5239927123726504,-0.9963535571808181,0.08532050804543242,0.0
94.96000000000001,0.0,0.0,9.84127004546985,0.0,0.0,-0.5111653779505053,-0.9970180525602717,0.07716866507153992,0.0
94.976,0.0,0.0,9.808278290564962,0.0,0.0,-0.49861821914931664,-0.9976020390162882,0.06921106667682686,0.0
94.992,0.0,0.0,9.75960041677489,0.0,0.0,-0.4864953478322048,-0.9981105203184317,0.06144419606170774,0.0
95.008,0.0,0.0,9.847084053484833,0.0,0.0,-0.4745385386361635,-0.998548251836141,0.053864540794357894,0.0
95.024,0.0,0.0,9.822537091158244,0.0,0.0,-0.4628315992429567,-0.998919751211046,0.04646859843444784,0.0
95.04,0.0,0.0,9.843913566812256,0.0,0.0,-0.45145613248354793,-0.9992293086597916,0.03925288161746682,0.0
95.056,0.0,0.0,9.774015615146485,0.0,0.0,-0.4402551828975097,-0.9994809969116057,0.03221392265128721,0.0
95.072,0.0,0.0,9.804324431942652,0.0,0.0,-0.42926819201565347,-0.999678680787009,0.02534827765244688,0.0
95.08800000000001,5.002022161199469,0.030499000749968964,9.859345851792524,0.0,0.0,-0.3812673431379073,-0.9998147152127449,0.01924929204044068,0.0
95.104,5.005434987788817,-0.0038295426489512625,9.737641343917907,0.0,0.0,-0.33327757077779957,-0.9999031467200077,0.013917513406737528,0.0
95.12,5.000196300085877,-0.030361405936354544,9.849966740559495,0.0,0.0,-0.2852735245188388,-0.9999562569010589,0.009353303396312507,0.0
95.136,4.999839491925483,-0.04996951272160815,9.82237045464042,0.0,0.0,-0.23725859998998902,-0.9999845603961796,0.005556884852109764,0.0
95.152,5.00414270945674,-0.06066693301678955,9.762350077494888,0.0,0.0,-0.18927713979826746,-0.9999968036366594,0.002528382183228402,0.0
95.168,5.00035323689423,-0.06457103229380542,9.821814026931703,0.0,0.0,-0.14129128660411083,-0.999999964126863,0.00026785494783133646,0.0
95.184,4.979525192332712,-0.060474610943663284,9.845606187549382,0.0,0.0,-0.0932782729043355,-0.9999992500848571,-0.0012246753544439164,0.0
95.2,4.964336648278435,-0.04835203412303892,9.914144969751293,0.0,0.0,-0.0452799619745235,-0.9999981002975774,-0.0019492052832613615,0.0
95.21600000000001,5.037532333967814,-0.029187743439263798,9.814634983695045,0.0,0.0,0.0027168579571626474,-0.9999981840830188,-0.0019057362527011524,0.0
95.232,5.001686997646669,0.000307964185344448,9.787558767995936,0.0,0.0,0.020621218196284978,-0.9999987584309878,-0.0015757970944344486,0.0
95.248,5.010756045453581,0.014870964795377003,9.835242195436537,0.0,0.0,0.020354878343745095,-0.9999992185949241,-0.0012501238103451778,0.0
95.264,4.991106825852646,0.016223984881541392,9.720706822976641,0.0,0.0,0.020097972821176084,-0.9999995688903318,-0.0009285575644506678,0.0
95.28,5.021398165658092,0.017717121437774912,9.811583742652406,0.0,0.0,0.01985084836346385,-0.9999998133742329,-0.0006109431227555164,0.0
95.296,4.976519717945965,0.018988569479969304,9.796225939183268,0.0,0.0,0.019615581690590432,-0.9999999558572993,-0.00029712859090322806,0.0
95.312,5.00027531337558,0.020465149046532505,9.878829425323326,0.0,0.0,0.01938589735579733,-0.9999999999150465,1.303484223238747e-05,0.0
95.328,5.010503533725945,0.02176896160600171,9.759319766701308,0.0,0.0,0.01916684650800694,-0.9999999488981417,0.00031969315608988447,0.0
95.34400000000001,4.989423806481409,0.022987631384921995,9.850490330779756,0.0,0.0,0.0189559023432539,-0.9999998059418693,0.0006229897461835473,0.0
95.36,5.022219373496688,0.024333097805611492,9.838855650118738,0.0,0.0,0.01875586628402986,-0.9999995739747944,0.0009230656691531143,0.0
95.376,4.991698278048168,0.025519171306485934,9.812658601004241,0.0,0.0,0.018562601221938195,-0.9999992557266603,0.0012200598862207022,0.0
95.392,4.972468749510654,0.026695979759587027,9.8124508751742,0.0,0.0,0.018375724317170352,-0.9999988537355449,0.0015141095061736447,0.0
95.408,5.009839179483182,0.027785187361344298,9.817515143059737,0.0,0.0,0.018203902219962993,-0.9999983703543085,0.001805350029040902,0.0
95.424,4.971292923826867,0.029076842544671824,9.749334112863757,0.0,0.0,0.018034852100058653,-0.9999978077563446,0.002093915591703155,0.0
95.44,4.971975076073839,0.03023470697498365,9.804201952804464,0.0,0.0,0.01787755194865042,-0.9999971679406522,0.0023799392167067252,0.0
95.456,5.017349217515429,0.03164331801496451,9.842183465208185,0.0,0.0,0.017724097231201618,-0.9999964527362417,0.0026635530656627816,0.0
95.47200000000001,5.029570794426517,0.03282361176156677,9.848434197482145,0.0,0.0,0.01758251212809556,-0.9999956638058748,0.0029448886987025677,0.0
95.488,4.984774056719459,0.03393197619876968,9.811485875948001,0.0,0.0,0.017447105081963926,-0.9999948026491415,0.0032240773415733413,0.0
95.504,4.990182306807952,0.034921386327450996,9.844450990484463,0.0,0.0,0.017321757603420022,-0.9999938706048664,0.003501250162108503,0.0
95.52,5.001040038759107,0.03610634156258082,9.79084839213237,0.0,0.0,0.017204119862448377,-0.9999928688528337,0.003776538557961936,0.0
95.536,4.968273551639488,0.03732867263770829,9.76705400402373,0.0,0.0,0.017096042799967955,-0.9999917984148107,0.004050074457711071,0.0
95.552,4.9981819915950245,0.03851582911936521,9.734440782569163,0.0,0.0,0.016995792214603286,-0.9999906601548479,0.00432199063763547,0.0
95.568,5.00495530779843,0.039619861065467436,9.820668453203327,0.0,0.0,0.01690370122776764,-0.9999894547788178,0.00459242105677631,0.0
95.584,1.2511779767499414,0.04170921251205177,9.771862168104292,0.0,0.0,0.01681858236852695,-0.9999881828331546,0.004861501213180589,0.0
95.60000000000001,1.6834850886824363e-05,0.042268807844378316,9.777077165387093,0.0,0.0,0.016733814103112973,-0.9999868450787255,0.0051292952242267325,0.0
95.616,1.6671997347098578e-05,0.041784865417782355,9.82908402117357,0.0,0.0,0.016661233911533912,-0.9999854423314596,0.005395843321991928,0.0
95.632,1.6454728853290434e-05,0.04138744501475999,9.777710558005076,0.0,0.0,0.016585099625412967,-0.9999839753580941,0.005661186008505094,0.0
95.648,1.6419250977701034e-05,0.04152020791318955,9.839055567036116,0.0,0.0,0.016511856853128656,-0.9999824448761311,0.0059253640863506495,0.0
95.664,1.6247082054406454e-05,0.04120016758313854,9.893187864199861,0.0,0.0,0.016442195367071397,-0.9999808515537223,0.006188418690789646,0.0
95.68,1.6213601964121913e-05,0.04115138163280549,9.830929185372382,0.0,0.0,0.016372062023175326,-0.9999791960094838,0.006450391323506997,0.0
95.696,1.604736894502528e-05,0.040877888112087105,9.834422125933978,0.0,0.0,0.01630628511370879,-0.9999774788122325,0.006711323888101457,0.0
95.712,1.600030543530086e-05,0.04096303793616689,9.889552193661139,0.0,0.0,0.016248102457669826,-0.9999757004806441,0.006971258727460201,0.0
95.72800000000001,1.5737576214240258e-05,0.04061844618781115,9.75992918475616,0.0,0.0,0.016189454062838303,-0.999973861482826,0.0072302386631564125,0.0
95.744,1.5685249838575297e-05,0.040499376932050746,9.846323872931865,0.0,0.0,0.016128868773499287,-0.9999719622358015,0.007488307037021211,0.0
95.76,1.5642485136379325e-05,0.04063613683418457,9.833113229220862,0.0,0.0,0.016077501617757468,-0.9999700031049014,0.007745507755076806,0.0
95.776,1.5433127166841747e-05,0.04032192458424189,9.822371601673122,0.0,0.0,0.016026368160833537,-0.9999679844030516,0.008001885333995208,0.0
95.792,1.5411522085048525e-05,0.040059071448077736,9.794332438434052,0.0,0.0,0.015972901299982044,-0.9999659063899609,0.00825748495030008,0.0
95.808,1.532704692816973e-05,0.0395862864656222,9.8145534258145,0.0,0.0,0.015929415485966325,-0.9999637692711886,0.00851235249252841,0.0
95.824,1.5231763079278627e-05,0.03979590706343071,9.8088559520248,0.0,0.0,0.01588822679556633,-0.9999615731970987,0.008766534616588217,0.0
95.84,1.5175717672458357e-05,0.039993623743636846,9.779757812059012,0.0,0.0,0.01584716557796228,-0.9999593182616778,0.00902007880458405,0.0
95.85600000000001,1.5023292887177344e-05,0.03928889433505024,9.801302408594355,0.0,0.0,0.01580934954673318,-0.9999570045012209,0.009273033427394826,0.0
95.872,1.4928756387509879e-05,0.03930312497102136,9.855906696317104,0.0,0.0,0.015775230758011457,-0.9999546318928645,0.009525447811322188,0.0
95.888,1.4966097318397046e-05,0.0392412378761529,9.849328600630082,0.0,0.0,0.015748057249745134,-0.9999522003529611,0.009777372309159147,0.0
95.904,1.4799563692454603e-05,0.0390632281067599,9.771666753132495,0.0,0.0,0.01571740416371665,-0.9999497097352811,0.010028858376061354,0.0
95.92,1.4738872446466364e-05,0.03945606825666879,9.752691296540359,0.0,0.0,0.015695361352259123,-0.9999471598290287,0.010279958650645312,0.0
95.936,1.4595440702363979e-05,0.038974249990983846,9.781764612076202,0.0,0.0,0.015676387399176418,-0.9999445503566544,0.010530727041772207,0.0
95.952,1.4685630553913326e-05,0.039248824979861985,9.88032896895217,0.0,0.0,0.01565700436781176,-0.9999418809714504,0.010781218821545563,0.0
95.968,1.4690887289211254e-05,0.038898919389996935,9.729516351018823,0.0,0.0,0.01564443470987429,-0.9999391512549064,0.011031490725073912,0.0
95.98400000000001,1.4696206523666673e-05,0.03934724606262594,9.760050697174012,0.0,0.0,0.015632970041888586,-0.9999363607138088,0.011281601057643868,0.0
96.0,1.4682073372870257e-05,0.039146042681392365,9.824590708991783,0.0,0.0,0.015626757964625995,-0.9999335087770539,0.011531609809991048,0.0
96.016,1.4684457208621896e-05,0.039118362377715765,9.800428124841309,0.0,0.0,0.015621401968889538,-0.9999305947921552,0.01178157878245227,0.0
96.032,1.4539261812921228e-05,0.03881981825508808,9.863078674948701,0.0,0.0,0.015624514383696225,-0.9999276180214117,0.012031571718859787,0.0
96.048,1.4659118369512983e-05,0.03922555780032441,9.767107362238935,0.0,0.0,0.01563124920454688,-0.999924577637705,0.012281654451139407,0.0
96.06400000000001,1.4721158380159873e-05,0.039226144349280165,9.824535776621065,0.0,0.0,0.015642253496269846,-0.9999214727198897,0.012531895055691647,0.0
96.08,1.4717523244890443e-05,0.03913687417792967,9.832063417140377,0.0,0.0,0.015654794646049266,-0.9999183022477337,0.012782364022754698,0.0
96.096,1.4784209662305573e-05,0.03920876203505052,9.773837743020412,0.0,0.0,0.015675950126607812,-0.9999150650963644,0.013033134440095627,0.0
96.11200000000001,1.478086778536516e-05,0.039288752796056294,9.81551997654193,0.0,0.0,0.015697667103416853,-0.9999117600301682,0.013284282192549457,0.0
96.128,1.4761547384937856e-05,0.03906748776383701,9.840428179046251,0.0,0.0,0.015726967127653424,-0.9999083856960829,0.013535886179099814,0.0
96.144,1.4838495138410372e-05,0.03908165518226755,9.813682834461401,0.0,0.0,0.015763774288698608,-0.9999049406162168,0.013788028549428432,0.0
96.16,1.4839430289948696e-05,0.039392610859583684,9.815147781514009,0.0,0.0,0.015799781592194657,-0.9999014231797217,0.014040794962089036,0.0
96.176,1.4975330862229903e-05,0.03952363915649799,9.845004988392382,0.0,0.0,0.015846209060688003,-0.9998978316338293,0.01429427486676924,0.0
96.19200000000001,1.508741826980419e-05,0.03977080666970695,9.831657712930477,0.0,0.0,0.015893570486429778,-0.9998941640739589,0.014548561813423774,0.0
96.208,1.5170043521726337e-05,0.03994433140317826,9.839822504715634,0.0,0.0,0.015950454887382785,-0.9998904184327816,0.014803753791426129,0.0
96.224,1.537761863867605e-05,0.03984978980389556,9.849869203354224,0.0,0.0,0.016014039011007983,-0.9998865924681131,0.015059953602373348,0.0
96.24000000000001,1.549764634147093e-05,0.03995077174028417,9.758710585267007,0.0,0.0,0.016083961435824114,-0.999882683749494,0.015317269270642983,0.0
96.256,1.5632026677174865e-05,0.040126697750507596,9.849674069462095,0.0,0.0,0.01616091932128452,-0.999878689643285,0.015575814496438528,0.0
96.272,1.577578626047178e-05,0.04041376588174644,9.820077243708992,0.0,0.0,0.01624634344421474,-0.9998746072960865,0.015835709156741845,0.0
96.288,1.5898198251528623e-05,0.0406513037071712,9.825835539879966,0.0,0.0,0.016339036787739368,-0.9998704336162596,0.01609707986043059,0.0
96.304,1.6076328009641705e-05,0.04102892587799468,9.9224634640545,0.0,0.0,0.016438150641232444,-0.9998661652532888,0.016360060564773557,0.0
96.32000000000001,1.631167770815544e-05,0.040958415322201965,9.849842033609175,0.0,0.0,0.016547184065826,-0.9998617985746862,0.01662479326168539,0.0
96.336,1.6519773661015466e-05,0.04135867792084975,9.861971512683713,0.0,0.0,0.016666959219027642,-0.9998573296400867,0.01689142874346112,0.0
96.352,-2.3945264642249176,0.04205624726024871,9.772673615332009,0.0,0.0,0.016793545258170627,-0.9998527541721226,0.017160127459347103,0.0
96.368,-3.3822729122667603,0.042385760272289796,9.80945910042645,0.0,0.0,0.016935091733122055,-0.9998480693100879,0.017430958002638396,0.0
96.384,-2.9154286828799667,0.0411935463494928,9.804936595499834,0.0,0.0,0.017067756767907647,-0.9998432728556417,0.0177039466029143,0.0
96.4,-3.001918125906954,0.04118033337651164,9.832195349133709,0.0,0.0,0.017203569655255442,-0.9998383622360579,0.017979137941450306,0.0
96.416,-2.900528892062134,0.040737788905593514,9.805378216782282,0.0,0.0,0.017345430270617662,-0.9998333349155339,0.018256571191814,0.0
96.432,-2.8472377831091857,0.04030854686890365,9.734935575892697,0.0,0.0,0.017484341462358968,-0.9998281882249014,0.018536289566997263,0.0
96.44800000000001,-2.787844987946284,0.03965158520890408,9.81537013778183,0.0,0.0,0.01763249186707483,-0.9998229194245337,0.018818336626874616,0.0
96.464,-2.7287592515617507,0.03891796188357283,9.808084684271584,0.0,0.0,0.017780433957890734,-0.9998175256733174,0.01910275782407605,0.0
96.48,-2.6871868372734307,0.0388698020713777,9.699036206832064,0.0,0.0,0.017932858280186918,-0.9998120040350008,0.01938959998338228,0.0
96.496,-2.632796642895556,0.03824776132721693,9.832049869491328,0.0,0.0,0.018086657651533253,-0.9998063514691763,0.019678911603385744,0.0
96.512,-2.5788543136502127,0.03770741701912928,9.809025726712376,0.0,0.0,0.01824202611045503,-0.999800564828049,0.01997074283832631,0.0
96.528,-2.5421112831888033,0.03751064362764711,9.85692802301511,0.0,0.0,0.018401721222703296,-0.9997946408504678,0.020265145612221237,0.0
96.544,-2.4701243066543634,0.03692101054918118,9.88461658768087,0.0,0.0,0.01856747273767192,-0.9997885761566156,0.020562173686827053,0.0
96.56,-2.4304233966077318,0.036674428754877884,9.83677499736076,0.0,0.0,0.01873441763492741,-0.9997823672419608,0.02086188275447411,0.0
96.57600000000001,-2.3709035651464774,0.03606620997282339,9.882875482861506,0.0,0.0,0.01890247037637064,-0.9997760104709935,0.02116433052813055,0.0
96.592,-2.328315897934894,0.03592265136624183,9.839966382151196,0.0,0.0,0.019084324189108416,-0.9997695020705049,0.021469576840146484,0.0
96.608,-2.2736145104379943,0.03538530763880651,9.816103152452568,0.0,0.0,0.019260820078958924,-0.9997628381224583,0.021777683745690817,0.0
96.624,-2.234917158448691,0.03488419008302671,9.771685119093164,0.0,0.0,0.019443020674016386,-0.9997560145563926,0.02208871563305939,0.0
96.64,-2.19714084923286,0.034453374949001095,9.774433721850322,0.0,0.0,0.019629703118999066,-0.9997490271413297,0.022402739340642384,0.0
96.656,-2.141794214884254,0.03410929400597333,9.807312759581222,0.0,0.0,0.019819855383900097,-0.9997418714771454,0.022719824281336762,0.0
96.672,-2.1116809878713925,0.03369385033461827,9.835292789970897,0.0,0.0,0.020021668080902978,-0.9997345429853609,0.023040042574865485,0.0
96.688,-2.0605135328020485,0.033318265606514554,9.779032789987095,0.0,0.0,0.020219489992641566,-0.9997270368993082,0.02336346918865583,0.0
96.70400000000001,-2.0350252332564196,0.032990387001107936,9.815488234360386,0.0,0.0,0.02042687359309814,-0.9997193482536189,0.023690182087936926,0.0
96.72,-1.9705816082782643,0.03277006785391799,9.808095433614504,0.0,0.0,0.02063973674844587,-0.9997114718729786,0.024020262395790953,0.0
96.736,-1.947803798300354,0.03238366713367699,9.881443755639214,0.0,0.0,0.020850353255527233,-0.9997034023600883,0.024353794563960456,0.0
96.752,-1.915123192832538,0.0322292400733487,9.790978310780641,0.0,0.0,0.021074412756556304,-0.9996951340827607,0.0246908665552917,0.0
96.768,-1.8542321050957318,0.03178425171528776,9.844527158797154,0.0,0.0,0.021298343158390822,-0.9996866611600825,0.02503157003878019,0.0
96.784,-1.825530061581351,0.03127194829744363,9.864977822296973,0.0,0.0,0.021535346487862747,-0.9996779774475562,0.025376000598270904,0.0
96.8,-1.7779442421343914,0.031265094369765045,9.83786479275758,0.0,0.0,0.0217771349774835,-0.9996690765211328,0.02572425795598176,0.0
96.816,-1.7600008944537946,0.030905465493995046,9.82485693858202,0.0,0.0,0.022020759769944595,-0.9996599516600362,0.026076446212130643,0.0
96.83200000000001,-1.732701419462126,0.030508914257455902,9.878599130888455,0.0,0.0,0.022271757921381974,-0.9996505958282691,0.026432674102075095,0.0
96.848,-1.6866193041351956,0.03037354470814605,9.731689297413494,0.0,0.0,0.022530777629126163,-0.9996410016546757,0.026793055272526786,0.0
96.864,-1.6570091070492643,0.030028596399174805,9.82327554345081,0.0,0.0,0.022797105785899018,-0.9996311614114288,0.02715770857855885,0.0
96.88,-1.615766685601552,0.02992965473619377,9.825547927814446,0.0,0.0,0.023077412650843832,-0.9996210669907899,0.02752675840332098,0.0
96.896,-1.582177213512675,0.029638217055873415,9.819508891169738,0.0,0.0,0.023358246779903006,-0.9996107098799736,0.027900335002563705,0.0
96.912,-1.5669662622831266,0.029301283435177145,9.815581610631284,0.0,0.0,0.023648577534861246,-0.9996000811339323,0.028278574876332386,0.0
96.928,-1.5282106635675963,0.029026921877028183,9.813011049243753,0.0,0.0,0.02394857821903428,-0.9995891713458498,0.02866162117043341,0.0
96.944,-1.4830357824982638,0.028854961190635704,9.787563276703086,0.0,0.0,0.02425909319203806,-0.9995779706151162,0.029049624110579493,0.0
96.96000000000001,-1.4673323939185143,0.02855815995678473,9.757558077666827,0.0,0.0,0.02457265821514233,-0.9995664685125175,0.02944274147246373,0.0
96.976,-1.4342617064150047,0.0282832694088747,9.835054971094172,0.0,0.0,0.024910627569271777,-0.9995546540423533,0.02984113909138404,0.0
96.992,-1.4198947338519858,0.028342197194894662,9.85356051100502,0.0,0.0,0.02525656344407559,-0.9995425156011514,0.030244991415479237,0.0
97.008,-1.372871980214868,0.02789298433122349,9.838057154342751,0.0,0.0,0.025609741201078624,-0.9995300409326092,0.030654482107134177,0.0
97.024,-1.356087019786487,0.027759874516008476,9.885582482361832,0.0,0.0,0.02596779773416894,-0.9995172170783497,0.03106980469766741,0.0
97.04,-1.3282265122903416,0.02765614841935621,9.789760654157664,0.0,0.0,0.026347087624915454,-0.9995040303240128,0.03149116330107526,0.0
97.056,-1.2890251232239325,0.02777428037658993,9.799669664243773,0.0,0.0,0.026741100489608455,-0.9994904661401556,0.031918773393327736,0.0
97.072,-1.2747962690205723,0.02735636091964098,9.855699617979367,0.0,0.0,0.027141352925497405,-0.9994765091173512,0.03235286266458865,0.0
97.08800000000001,-1.2497497931215036,0.027207196322455583,9.857955301423132,0.0,0.0,0.02756208520534119,-0.9994621428947971,0.03279367195268354,0.0
97.104,-1.2173586397323592,0.026860971538655562,9.797431724237866,0.0,0.0,0.028001380558036252,-0.9994473500816485,0.03324145626729834,0.0
97.12,-1.1928578987826415,0.027081697120295033,9.78174226290001,0.0,0.0,0.02845379540080826,-0.999432112170173,0.03369648591569577,0.0
97.136,-1.1729119827590995,0.02687293175466793,9.77419777546907,0.0,0.0,0.02892761905779005,-0.9994164094397002,0.03415904774225374,0.0
97.152,-1.1506852538360788,0.026798061966707778,9.79444079120168,0.0,0.0,0.02941644149827613,-0.9994002208501788,0.03462944649592731,0.0
97.168,-1.1232813806357609,0.026389758498513577,9.74866150059576,0.0,0.0,0.029927306527022655,-0.9993835239239764,0.0351080063417851,0.0
97.184,-1.1124702225683716,0.02646575779378304,9.844732515200542,0.0,0.0,0.03046249580504572,-0.9993662946143479,0.03559507253523697,0.0
97.2,-1.0824755511254183,0.026488421665947195,9.8264800032042,0.0,0.0,0.031017575057565992,-0.9993485071587359,0.036091013280399355,0.0
97.21600000000001,-1.066475075061512,0.026335632056943524,9.836608398478182,0.0,0.0,0.03159809130601592,-0.9993301339147901,0.036596221797445296,0.0
97.232,-1.0422507324478694,0.026186888799884955,9.794422499761664,0.0,0.0,0.032199609614057205,-0.9993111451766143,0.03711111862776371,0.0
97.248,-1.0162042100253554,0.0264244555497588,9.733028194897821,0.0,0.0,0.032831199790401736,-0.9992915089683504,0.03763615421051489,0.0
97.264,-0.9947484249214392,0.026224263228253913,9.813594964070811,0.0,0.0,0.03350607901125741,-0.9992711908116882,0.03817181176982461,0.0
97.28,-0.9764559257326113,0.026143271130292377,9.812262007779392,0.0,0.0,0.034194899662430035,-0.9992501534632905,0.038718610558628755,0.0
97.296,-0.9544370670638757,0.026164713170382138,9.85145057391345,0.0,0.0,0.03493275639419835,-0.9992283566173829,0.03927710951335899,0.0
97.312,-0.9412957000806015,0.026122435551903578,9.820039065828444,0.0,0.0,0.035703616145497316,-0.9992057565678727,0.039847911383473066,0.0
97.328,-0.9172923808821383,0.02628124236597134,9.77457564223642,0.0,0.0,0.03651518392824176,-0.999182305823268,0.04043166741179257,0.0
97.34400000000001,-0.8978590387091898,0.02636848919715377,9.89509976172315,0.0,0.0,0.03736975401916962,-0.999157952666341,0.04102908265616314,0.0
97.36,-0.8780817716266107,0.026328938104931934,9.798049386532258,0.0,0.0,0.038274926975529505,-0.9991326406488422,0.041640922060775916,0.0
97.376,-0.8673325709649836,0.02661060109537078,9.8002412030364,0.0,0.0,0.03923076747198979,-0.9991063080095348,0.04226801740745498,0.0
97.392,-0.8463567097785374,0.026533842608749886,9.846115879587254,0.0,0.0,0.040242319545063,-0.999078887001297,0.042911275304400254,0.0
97.408,-0.823516144860617,0.026785459201461848,9.76625764395869,0.0,0.0,0.04131253759766378,-0.999050303109875,0.04357168640375335,0.0
97.424,-0.811279226818041,0.026785178097189416,9.79188535239254,0.0,0.0,0.04246161780211801,-0.9990204741428713,0.044250336081804835,0.0
97.44,-0.7966141356247475,0.02688752924203954,9.804565671407866,0.0,0.0,0.043681179826848236,-0.9989893091624902,0.04494841686923853,0.0
97.456,-0.7802186128533126,0.0271777641939982,9.807710598214651,0.0,0.0,0.04497356884170496,-0.9989567072290869,0.04566724298685305,0.0
97.47200000000001,-0.7627879596183045,0.027710016321806002,9.767820696056631,0.0,0.0,0.046373330059068595,-0.998922555914226,0.04640826742930834,0.0
97.488,-0.7528929368234161,0.02775641927065001,9.81863061277122,0.0,0.0,0.04785136130178132,-0.9988867295311178,0.04717310215183539,0.0
97.504,-0.7397717759695117,0.02801686789009539,9.853682735329768,0.0,0.0,0.049459647353185934,-0.9988490870161346,0.04796354206097175,0.0
97.52,-0.7196812743245679,0.0284328667521328,9.757148789792897,0.0,0.0,0.0511853071707029,-0.9988094693763486,0.04878159370230643,0.0
97.536,-0.7050881886837495,0.028763151107450348,9.848328471175934,0.0,0.0,0.05306169972170463,-0.998767696593038,0.04962950979243272,0.0
97.552,-0.6890490658835644,0.029307349447893358,9.770311418000048,0.0,0.0,0.055095916657893484,-0.9987235638373586,0.0505098310827291,0.0
97.568,-0.6753888559601513,0.029767081770322952,9.708190135837084,0.0,0.0,0.05730409144714832,-0.9986768368083735,0.05142543750345098,0.0
97.584,-0.6644448212707573,0.03036167933865627,9.79819249876898,0.0,0.0,0.059715197114012304,-0.9986272459400916,0.05237961116797238,0.0
97.60000000000001,-0.6499400864243972,0.03096673497494233,9.719257667927552,0.0,0.0,0.06236613493106893,-0.9985744791352563,0.053376114693295916,0.0
97.616,-0.6393138577458195,0.03174098465645045,9.772330867197502,0.0,0.0,0.06530174075314772,-0.9985181725574465,0.05441928952621079,0.0
97.632,-0.6181000422038189,0.03217242604484712,9.759284705687703,0.0,0.0,0.06852298572613515,-0.9984578988310949,0.05551418072704532,0.0
97.648,-0.6110344873491779,0.03335444098725601,9.818488756649302,0.0,0.0,0.07214810953736503,-0.998393151732165,0.056666697224332006,0.0
97.664,-0.600068623420193,0.034337566545328685,9.777619124421728,0.0,0.0,0.07619865565044029,-0.9983233260533712,0.05788382034501949,0.0
97.68,-4.988133510277541,0.03698769285966292,4.825535472516465,0.0,0.0,0.028189853903656487,-0.9982971116514435,0.05833418267521387,0.0
97.696,-4.99484908018257,0.010654545356674847,4.942742882391264,0.0,0.0,0.0,-0.9982971116514435,0.05833418267521387,0.0
97.712,-4.992674693566639,0.0,9.842958776430267,0.0,0.0,0.0,-0.9982971116514435,0.05833418267521387,0.0
97.72800000000001,-4.999568074085533,0.0,9.831768624365782,0.0,0.0,0.0,-0.9982971116514435,0.05833418267521387,0.0
97.744,-5.030369074545492,0.0,9.716022300580656,0.0,0.0,0.0,-0.9982971116514435,0.05833418267521387,0.0
