timestamp,acc_x,acc_y,acc_z,w_x,w_y,w_z,comp_x,comp_y,comp_z
0.016,0.0,0.0,12.102383656295869,0.0,0.0,0.0,0.0,1.0,0.0
0.032,0.0,0.0,9.34858183896949,0.0,0.0,0.0,0.0,1.0,0.0
0.048,0.0,0.0,9.467257546489888,0.0,0.0,0.0,0.0,1.0,0.0
0.064,0.0,0.0,13.511777892165032,0.0,0.0,0.0,0.0,1.0,0.0
0.08,0.0,0.0,14.770058775481266,0.0,0.0,0.0,0.0,1.0,0.0
0.096,0.0,0.0,14.91028864220753,0.0,0.0,0.0,0.0,1.0,0.0
0.112,0.0,0.0,14.947513877496021,0.0,0.0,0.0,0.0,1.0,0.0
0.128,0.0,0.0,14.660655214833868,0.0,0.0,0.0,0.0,1.0,0.0
0.14400000000000002,0.0,0.0,14.894698811261595,0.0,0.0,0.0,0.0,1.0,0.0
0.16,0.0,0.0,14.881515987317808,0.0,0.0,0.0,0.0,1.0,0.0
0.176,0.0,0.0,14.767883222320691,0.0,0.0,0.0,0.0,1.0,0.0
0.192,0.0,0.0,14.776580699340116,0.0,0.0,0.0,0.0,1.0,0.0
0.20800000000000002,0.0,0.0,14.934777183831944,0.0,0.0,0.0,0.0,1.0,0.0
0.224,0.0,0.0,14.826345652634393,0.0,0.0,0.0,0.0,1.0,0.0
0.24,0.0,0.0,14.796706820776262,0.0,0.0,0.0,0.0,1.0,0.0
0.256,0.0,0.0,14.819808018726397,0.0,0.0,0.0,0.0,1.0,0.0
0.272,0.0,0.0,14.719838215163417,0.0,0.0,0.0,0.0,1.0,0.0
0.28800000000000003,0.0,0.0,14.857152197633653,0.0,0.0,0.0,0.0,1.0,0.0
0.304,0.0,0.0,14.873801287046824,0.0,0.0,0.0,0.0,1.0,0.0
0.32,0.0,0.0,14.794103637239328,0.0,0.0,0.0,0.0,1.0,0.0
0.336,0.0,0.0,14.808821010882687,0.0,0.0,0.0,0.0,1.0,0.0
0.352,0.0,0.0,14.702328513577774,0.0,0.0,0.0,0.0,1.0,0.0
0.368,0.0,0.0,14.875675232443008,0.0,0.0,0.0,0.0,1.0,0.0
0.384,0.0,0.0,14.810421051337817,0.0,0.0,0.0,0.0,1.0,0.0
0.4,0.0,0.0,14.823422592213367,0.0,0.0,0.0,0.0,1.0,0.0
0.41600000000000004,0.0,0.0,14.746719022810007,0.0,0.0,0.0,0.0,1.0,0.0
0.432,0.0,0.0,14.804055691671124,0.0,0.0,0.0,0.0,1.0,0.0
0.448,0.0,0.0,14.859277760431914,0.0,0.0,0.0,0.0,1.0,0.0
0.464,0.0,0.0,14.824621550138001,0.0,0.0,0.0,0.0,1.0,0.0
0.48,0.0,0.0,14.745272319192827,0.0,0.0,0.0,0.0,1.0,0.0
0.496,0.0,0.0,14.804004149225905,0.0,0.0,0.0,0.0,1.0,0.0
0.512,0.0,0.0,14.817235369681027,0.0,0.0,0.0,0.0,1.0,0.0
0.528,0.0,0.0,11.05029506489516,0.0,0.0,0.0,0.0,1.0,0.0
0.544,0.0,0.0,9.743388054895798,0.0,0.0,0.0,0.0,1.0,0.0
0.56,0.0,0.0,9.811070670481461,0.0,0.0,0.0,0.0,1.0,0.0
0.5760000000000001,0.0,0.0,9.786046359749918,0.0,0.0,0.0,0.0,1.0,0.0
0.592,0.0,0.0,7.1441440858392085,0.0,0.0,0.0,0.0,1.0,0.0
0.608,0.0,0.0,6.82403212009341,0.0,0.0,0.0,0.0,1.0,0.0
0.624,0.0,0.0,7.076257429219665,0.0,0.0,0.0,0.0,1.0,0.0
0.64,0.0,0.0,7.020095438054462,0.0,0.0,0.0,0.0,1.0,0.0
0.656,0.0,0.0,7.114263795992426,0.0,0.0,0.0,0.0,1.0,0.0
0.672,0.0,0.0,7.161028636179652,0.0,0.0,0.0,0.0,1.0,0.0
0.6880000000000001,0.0,0.0,7.192643929393129,0.0,0.0,0.0,0.0,1.0,0.0
0.704,0.0,0.0,7.288363756468072,0.0,0.0,0.0,0.0,1.0,0.0
0.72,0.0,0.0,7.304760805345852,0.0,0.0,0.0,0.0,1.0,0.0
0.736,0.0,0.0,7.356078155150769,0.0,0.0,0.0,0.0,1.0,0.0
0.752,0.0,0.0,7.436740678492191,0.0,0.0,0.0,0.0,1.0,0.0
0.768,0.0,0.0,7.438723312182202,0.0,0.0,0.0,0.0,1.0,0.0
0.784,0.0,0.0,7.438278358959164,0.0,0.0,0.0,0.0,1.0,0.0
0.8,0.0,0.0,7.529421083361866,0.0,0.0,0.0,0.0,1.0,0.0
0.8160000000000001,0.0,0.0,7.61944787639974,0.0,0.0,0.0,0.0,1.0,0.0
0.8320000000000001,0.0,0.0,7.646045716938036,0.0,0.0,0.0,0.0,1.0,0.0
0.848,0.0,0.0,7.660444749881888,0.0,0.0,0.0,0.0,1.0,0.0
0.864,0.0,0.0,7.664583445105031,0.0,0.0,0.0,0.0,1.0,0.0
0.88,0.0,0.0,7.794035435416979,0.0,0.0,0.0,0.0,1.0,0.0
0.896,0.0,0.0,7.799182329828211,0.0,0.0,0.0,0.0,1.0,0.0
0.912,0.0,0.0,7.875082293922821,0.0,0.0,0.0,0.0,1.0,0.0
0.928,0.0,0.0,7.868600534184222,0.0,0.0,0.0,0.0,1.0,0.0
0.9440000000000001,0.0,0.0,7.95630578822618,0.0,0.0,0.0,0.0,1.0,0.0
0.96,0.0,0.0,7.946282396260618,0.0,0.0,0.0,0.0,1.0,0.0
0.976,0.0,0.0,8.007186491633677,0.0,0.0,0.0,0.0,1.0,0.0
0.992,0.0,0.0,8.017398041266508,0.0,0.0,0.0,0.0,1.0,0.0
1.008,0.0,0.0,8.038718518067528,0.0,0.0,0.0,0.0,1.0,0.0
1.024,0.0,0.0,8.107647241102104,0.0,0.0,0.0,0.0,1.0,0.0
1.04,0.0,0.0,8.117025036923716,0.0,0.0,0.0,0.0,1.0,0.0
1.056,0.0,0.0,8.179339319626806,0.0,0.0,0.0,0.0,1.0,0.0
1.072,0.0,0.0,8.215353358995891,0.0,0.0,0.0,0.0,1.0,0.0
1.088,0.0,0.0,8.291895405469441,0.0,0.0,0.0,0.0,1.0,0.0
1.104,0.0,0.0,8.270258734577942,0.0,0.0,0.0,0.0,1.0,0.0
1.12,0.0,0.0,8.33261924707976,0.0,0.0,0.0,0.0,1.0,0.0
1.1360000000000001,0.0,0.0,8.413964276954845,0.0,0.0,0.0,0.0,1.0,0.0
1.1520000000000001,0.0,0.0,8.348856175716843,0.0,0.0,0.0,0.0,1.0,0.0
1.168,0.0,0.0,8.361539785620039,0.0,0.0,0.0,0.0,1.0,0.0
1.184,0.0,0.0,8.473182639459523,0.0,0.0,0.0,0.0,1.0,0.0
1.2,0.0,0.0,8.489492984825725,0.0,0.0,0.0,0.0,1.0,0.0
1.216,0.0,0.0,8.464889665892954,0.0,0.0,0.0,0.0,1.0,0.0
1.232,0.0,0.0,8.498423037612714,0.0,0.0,0.0,0.0,1.0,0.0
1.248,0.0,0.0,8.612760650185761,0.0,0.0,0.0,0.0,1.0,0.0
1.264,0.0,0.0,8.58811860472247,0.0,0.0,0.0,0.0,1.0,0.0
1.28,0.0,0.0,8.551649102630746,0.0,0.0,0.0,0.0,1.0,0.0
1.296,0.0,0.0,8.598117675329155,0.0,0.0,0.0,0.0,1.0,0.0
1.312,0.0,0.0,8.66451382854918,0.0,0.0,0.0,0.0,1.0,0.0
1.328,0.0,0.0,8.714030699075796,0.0,0.0,0.0,0.0,1.0,0.0
1.344,0.0,0.0,8.651619853435625,0.0,0.0,0.0,0.0,1.0,0.0
1.36,0.0,0.0,8.6984205533818,0.0,0.0,0.0,0.0,1.0,0.0
1.3760000000000001,0.0,0.0,8.713757754189215,0.0,0.0,0.0,0.0,1.0,0.0
1.3920000000000001,0.0,0.0,8.763892477936057,0.0,0.0,0.0,0.0,1.0,0.0
1.408,0.0,0.0,8.790083549064404,0.0,0.0,0.0,0.0,1.0,0.0
1.424,0.0,0.0,8.8306574859953,0.0,0.0,0.0,0.0,1.0,0.0
1.44,0.0,0.0,8.791869929178002,0.0,0.0,0.0,0.0,1.0,0.0
1.456,0.0,0.0,8.833309806921658,0.0,0.0,0.0,0.0,1.0,0.0
1.472,0.0,0.0,8.821470820568134,0.0,0.0,0.0,0.0,1.0,0.0
1.488,0.0,0.0,8.811558927072749,0.0,0.0,0.0,0.0,1.0,0.0
1.504,0.0,0.0,8.808152059987343,0.0,0.0,0.0,0.0,1.0,0.0
1.52,0.0,0.0,8.892644813619354,0.0,0.0,0.0,0.0,1.0,0.0
1.536,0.0,0.0,8.902410255956475,0.0,0.0,0.0,0.0,1.0,0.0
1.552,0.0,0.0,8.983286471212192,0.0,0.0,0.0,0.0,1.0,0.0
1.568,0.0,0.0,8.968905627134506,0.0,0.0,0.0,0.0,1.0,0.0
1.584,0.0,0.0,8.94280990153566,0.0,0.0,0.0,0.0,1.0,0.0
1.6,0.0,0.0,9.032229990082374,0.0,0.0,0.0,0.0,1.0,0.0
1.616,0.0,0.0,8.974839789165829,0.0,0.0,0.0,0.0,1.0,0.0
1.6320000000000001,0.0,0.0,9.04076442817806,0.0,0.0,0.0,0.0,1.0,0.0
1.6480000000000001,0.0,0.0,9.03178825934395,0.0,0.0,0.0,0.0,1.0,0.0
1.6640000000000001,0.0,0.0,9.036062619242806,0.0,0.0,0.0,0.0,1.0,0.0
1.68,0.0,0.0,9.036474136903859,0.0,0.0,0.0,0.0,1.0,0.0
1.696,0.0,0.0,9.119462229811353,0.0,0.0,0.0,0.0,1.0,0.0
1.712,0.0,0.0,9.044881564235332,0.0,0.0,0.0,0.0,1.0,0.0
1.728,0.0,0.0,9.075541280928373,0.0,0.0,0.0,0.0,1.0,0.0
1.744,0.0,0.0,9.140991254115372,0.0,0.0,0.0,0.0,1.0,0.0
1.76,0.0,0.0,9.122689606885077,0.0,0.0,0.0,0.0,1.0,0.0
1.776,0.0,0.0,9.168452847206716,0.0,0.0,0.0,0.0,1.0,0.0
1.792,0.0,0.0,9.10483285743156,0.0,0.0,0.0,0.0,1.0,0.0
1.808,0.0,0.0,9.141171647695932,0.0,0.0,0.0,0.0,1.0,0.0
1.824,0.0,0.0,9.142416870236298,0.0,0.0,0.0,0.0,1.0,0.0
1.84,0.0,0.0,9.159310270137658,0.0,0.0,0.0,0.0,1.0,0.0
1.856,0.0,0.0,9.202398053170217,0.0,0.0,0.0,0.0,1.0,0.0
1.872,0.0,0.0,9.243674930839349,0.0,0.0,0.0,0.0,1.0,0.0
1.8880000000000001,0.0,0.0,9.220638074323507,0.0,0.0,0.0,0.0,1.0,0.0
1.9040000000000001,0.0,0.0,9.281297592199182,0.0,0.0,0.0,0.0,1.0,0.0
1.92,0.0,0.0,9.257961097025545,0.0,0.0,0.0,0.0,1.0,0.0
1.936,0.0,0.0,9.320310893070298,0.0,0.0,0.0,0.0,1.0,0.0
1.952,0.0,0.0,9.310252054385389,0.0,0.0,0.0,0.0,1.0,0.0
1.968,0.0,0.0,9.296800942393252,0.0,0.0,0.0,0.0,1.0,0.0
1.984,0.0,0.0,9.312577445601422,0.0,0.0,0.0,0.0,1.0,0.0
2.0,0.0,0.0,9.339548812605395,0.0,0.0,0.0,0.0,1.0,0.0
2.016,0.0,0.0,9.336937821094555,0.0,0.0,0.0,0.0,1.0,0.0
2.032,0.0,0.0,9.36795663087379,0.0,0.0,0.0,0.0,1.0,0.0
2.048,0.0,0.0,9.296973683874134,0.0,0.0,0.0,0.0,1.0,0.0
2.064,0.0,0.0,9.299948411468398,0.0,0.0,0.0,0.0,1.0,0.0
2.08,0.0,0.0,9.378051313499581,0.0,0.0,0.0,0.0,1.0,0.0
2.096,0.0,0.0,9.345595024328311,0.0,0.0,0.0,0.0,1.0,0.0
2.112,0.0,0.0,9.345414664084121,0.0,0.0,0.0,0.0,1.0,0.0
2.128,0.0,0.0,9.441894705314208,0.0,0.0,0.0,0.0,1.0,0.0
2.144,0.0,0.0,9.40910563465124,0.0,0.0,0.0,0.0,1.0,0.0
2.16,0.0,0.0,9.40247807148002,0.0,0.0,0.0,0.0,1.0,0.0
2.176,0.0,0.0,9.45085160625587,0.0,0.0,0.0,0.0,1.0,0.0
2.192,0.0,0.0,9.421593634272712,0.0,0.0,0.0,0.0,1.0,0.0
2.208,0.0,0.0,9.385405791373852,0.0,0.0,0.0,0.0,1.0,0.0
2.224,0.0,0.0,9.38357819868095,0.0,0.0,0.0,0.0,1.0,0.0
2.24,0.0,0.0,9.414940626203752,0.0,0.0,0.0,0.0,1.0,0.0
2.2560000000000002,0.0,0.0,9.474940051007225,0.0,0.0,0.0,0.0,1.0,0.0
2.2720000000000002,0.0,0.0,9.41810076513814,0.0,0.0,0.0,0.0,1.0,0.0
2.2880000000000003,0.0,0.0,9.468405842118996,0.0,0.0,0.0,0.0,1.0,0.0
2.3040000000000003,0.0,0.0,9.467497441765271,0.0,0.0,0.0,0.0,1.0,0.0
2.32,0.0,0.0,9.48247045766164,0.0,0.0,0.0,0.0,1.0,0.0
2.336,0.0,0.0,9.392694673374619,0.0,0.0,0.0,0.0,1.0,0.0
2.352,0.0,0.0,9.423447412406375,0.0,0.0,0.0,0.0,1.0,0.0
2.368,0.0,0.0,9.51496510896322,0.0,0.0,0.0,0.0,1.0,0.0
2.384,0.0,0.0,9.497464058984178,0.0,0.0,0.0,0.0,1.0,0.0
2.4,0.0,0.0,9.520799312877633,0.0,0.0,0.0,0.0,1.0,0.0
2.416,0.0,0.0,9.478683305235277,0.0,0.0,0.0,0.0,1.0,0.0
2.432,0.0,0.0,9.595360065147887,0.0,0.0,0.0,0.0,1.0,0.0
2.448,0.0,0.0,9.529108381329571,0.0,0.0,0.0,0.0,1.0,0.0
2.464,0.0,0.0,9.489507267485179,0.0,0.0,0.0,0.0,1.0,0.0
2.48,0.0,0.0,9.514438636627935,0.0,0.0,0.0,0.0,1.0,0.0
2.496,0.0,0.0,9.472901882592781,0.0,0.0,0.0,0.0,1.0,0.0
2.512,0.0,0.0,9.527482838800461,0.0,0.0,0.0,0.0,1.0,0.0
2.528,0.0,0.0,9.575352222292743,0.0,0.0,0.0,0.0,1.0,0.0
2.544,0.0,0.0,9.629018390397977,0.0,0.0,0.0,0.0,1.0,0.0
2.56,0.0,0.0,9.510619698007657,0.0,0.0,0.0,0.0,1.0,0.0
2.576,0.0,0.0,9.544522644687058,0.0,0.0,0.0,0.0,1.0,0.0
2.592,0.0,0.0,9.51751837313192,0.0,0.0,0.0,0.0,1.0,0.0
2.608,4.994818122735525,0.0,9.613287834219962,0.0,0.0,0.0,0.0,1.0,0.0
2.624,5.015398371802073,0.0,9.521980365215807,0.0,0.0,0.0,0.0,1.0,0.0
2.64,4.972958996879081,0.0,9.578727249315264,0.0,0.0,0.0,0.0,1.0,0.0
2.656,5.012442131808886,0.0,9.610671907014158,0.0,0.0,0.0,0.0,1.0,0.0
2.672,5.0466203182123595,0.0,9.660135210606358,0.0,0.0,0.0,0.0,1.0,0.0
2.688,4.965045680203727,0.0,9.605267977769923,0.0,0.0,0.0,0.0,1.0,0.0
2.704,5.000633946732245,0.0,9.593382453545976,0.0,0.0,0.0,0.0,1.0,0.0
2.72,4.987516700121706,0.0,9.633369197543159,0.0,0.0,0.0,0.0,1.0,0.0
2.736,4.971545264962299,0.0,9.621911147611414,0.0,0.0,0.0,0.0,1.0,0.0
2.7520000000000002,5.003655180049805,0.0,9.573597504420725,0.0,0.0,0.0,0.0,1.0,0.0
2.7680000000000002,4.982667415562724,0.0,9.645513694719412,0.0,0.0,0.0,0.0,1.0,0.0
2.7840000000000003,5.001435834468564,0.0,9.658128652887523,0.0,0.0,0.0,0.0,1.0,0.0
2.8000000000000003,4.996721232355426,0.0,9.617577841486996,0.0,0.0,0.0,0.0,1.0,0.0
2.816,4.997727060923592,0.0,9.694201116719876,0.0,0.0,0.0,0.0,1.0,0.0
2.832,5.008313388685356,0.0,9.666752652308027,0.0,0.0,0.0,0.0,1.0,0.0
2.848,5.010270183231542,0.0,9.567512330091947,0.0,0.0,0.0,0.0,1.0,0.0
2.864,4.981616756047761,0.0,9.685051124759276,0.0,0.0,0.0,0.0,1.0,0.0
2.88,4.979167511016772,0.0,9.624370217209954,0.0,0.0,0.0,0.0,1.0,0.0
2.896,5.026119883642353,0.0,9.637637814753436,0.0,0.0,0.0,0.0,1.0,0.0
2.912,4.979134067395648,0.0,9.649387254512732,0.0,0.0,0.0,0.0,1.0,0.0
2.928,5.018654156175089,0.0,9.656472829451058,0.0,0.0,0.0,0.0,1.0,0.0
2.944,4.976261049777004,0.0,9.618892515051352,0.0,0.0,0.0,0.0,1.0,0.0
2.96,4.988228264004292,0.0,9.634261653302485,0.0,0.0,0.0,0.0,1.0,0.0
2.976,4.991718089790677,0.0,9.682044479401814,0.0,0.0,0.0,0.0,1.0,0.0
2.992,5.014913231458091,0.0,9.615182715915205,0.0,0.0,0.0,0.0,1.0,0.0
3.008,4.989028896885239,0.0,9.697102565172637,0.0,0.0,0.0,0.0,1.0,0.0
3.024,5.034537783490875,0.0,9.601154527230358,0.0,0.0,0.0,0.0,1.0,0.0
3.04,5.0168635929998855,0.0,9.762643844142378,0.0,0.0,0.0,0.0,1.0,0.0
3.056,5.001304531766353,0.0,9.68654252057683,0.0,0.0,0.0,0.0,1.0,0.0
3.072,4.990342285683134,0.0,9.709433043301075,0.0,0.0,0.0,0.0,1.0,0.0
3.088,4.995956568859436,0.0,9.680074450146739,0.0,0.0,0.0,0.0,1.0,0.0
3.104,1.2513857259356622,0.0,9.672090817757033,0.0,0.0,0.0,0.0,1.0,0.0
3.12,0.0,0.0,9.664665749304747,0.0,0.0,0.0,0.0,1.0,0.0
3.136,0.0,0.0,9.748817558143259,0.0,0.0,0.0,0.0,1.0,0.0
3.152,0.0,0.0,9.735209580192633,0.0,0.0,0.0,0.0,1.0,0.0
3.168,0.0,0.0,9.650286275669263,0.0,0.0,0.0,0.0,1.0,0.0
3.184,0.0,0.0,9.695642839038552,0.0,0.0,0.0,0.0,1.0,0.0
3.2,0.0,0.0,9.660539714098382,0.0,0.0,0.0,0.0,1.0,0.0
3.216,0.0,0.0,9.744592609884258,0.0,0.0,0.0,0.0,1.0,0.0
3.232,0.0,0.0,9.784756771908475,0.0,0.0,0.0,0.0,1.0,0.0
3.248,0.0,0.0,9.68704273366955,0.0,0.0,0.0,0.0,1.0,0.0
3.2640000000000002,0.0,0.0,9.75671241859813,0.0,0.0,0.0,0.0,1.0,0.0
3.2800000000000002,0.0,0.0,9.638468974040952,0.0,0.0,0.0,0.0,1.0,0.0
3.2960000000000003,0.0,0.0,9.63676072668666,0.0,0.0,0.0,0.0,1.0,0.0
3.3120000000000003,0.0,0.0,9.73516861240414,0.0,0.0,0.0,0.0,1.0,0.0
3.3280000000000003,0.0,0.0,9.699839894208273,0.0,0.0,0.0,0.0,1.0,0.0
3.344,0.0,0.0,9.661229465590065,0.0,0.0,0.0,0.0,1.0,0.0
3.36,0.0,0.0,9.805078293657086,0.0,0.0,0.0,0.0,1.0,0.0
3.376,0.0,0.0,9.712235379921685,0.0,0.0,0.0,0.0,1.0,0.0
3.392,0.0,0.0,9.716744149698542,0.0,0.0,0.0,0.0,1.0,0.0
3.408,0.0,0.0,9.716175264773394,0.0,0.0,0.0,0.0,1.0,0.0
3.424,0.0,0.0,9.702512975544359,0.0,0.0,0.0,0.0,1.0,0.0
3.44,0.0,0.0,9.813742454637579,0.0,0.0,0.0,0.0,1.0,0.0
3.456,0.0,0.0,9.735173130177161,0.0,0.0,0.0,0.0,1.0,0.0
3.472,0.0,0.0,9.802966149616292,0.0,0.0,0.0,0.0,1.0,0.0
3.488,0.0,0.0,9.664357811286658,0.0,0.0,0.0,0.0,1.0,0.0
3.504,0.0,0.0,9.77868530149075,0.0,0.0,0.0,0.0,1.0,0.0
3.52,0.0,0.0,9.733361753948293,0.0,0.0,0.0,0.0,1.0,0.0
3.536,0.0,0.0,9.788597984040663,0.0,0.0,0.0,0.0,1.0,0.0
3.552,0.0,0.0,9.735579204679786,0.0,0.0,0.0,0.0,1.0,0.0
3.568,0.0,0.0,9.70336785166543,0.0,0.0,0.0,0.0,1.0,0.0
3.584,0.0,0.0,9.768726940558517,0.0,0.0,0.0,0.0,1.0,0.0
3.6,0.0,0.0,9.756414257779493,0.0,0.0,0.0,0.0,1.0,0.0
3.616,0.0,0.0,9.744858770056252,0.0,0.0,0.0,0.0,1.0,0.0
3.632,0.0,0.0,9.77557544284106,0.0,0.0,0.0,0.0,1.0,0.0
3.648,0.0,0.0,9.75307964020605,0.0,0.0,0.0,0.0,1.0,0.0
3.664,0.0,0.0,9.71213236931019,0.0,0.0,0.0,0.0,1.0,0.0
3.68,0.0,0.0,9.707775488519616,0.0,0.0,0.0,0.0,1.0,0.0
3.696,0.0,0.0,9.694049540772083,0.0,0.0,0.0,0.0,1.0,0.0
3.712,0.0,0.0,9.68440002421198,0.0,0.0,0.0,0.0,1.0,0.0
3.728,0.0,0.0,9.779056991813855,0.0,0.0,0.0,0.0,1.0,0.0
3.744,0.0,0.0,9.747526855199155,0.0,0.0,0.0,0.0,1.0,0.0
3.7600000000000002,0.0,0.0,9.829357094858203,0.0,0.0,0.0,0.0,1.0,0.0
3.7760000000000002,0.0,0.0,9.757073189753736,0.0,0.0,0.0,0.0,1.0,0.0
3.7920000000000003,0.0,0.0,9.843492062693366,0.0,0.0,0.0,0.0,1.0,0.0
3.8080000000000003,0.0,0.0,9.755490626514376,0.0,0.0,0.0,0.0,1.0,0.0
3.8240000000000003,0.0,0.0,9.739059198571752,0.0,0.0,0.0,0.0,1.0,0.0
3.84,0.0,0.0,9.792734838102833,0.0,0.0,0.0,0.0,1.0,0.0
3.856,0.0,0.0,9.759121002798345,0.0,0.0,0.0,0.0,1.0,0.0
3.872,0.0,0.0,9.835702450618795,0.0,0.0,0.0,0.0,1.0,0.0
3.888,0.0,0.0,9.696472288943628,0.0,0.0,0.0,0.0,1.0,0.0
3.904,0.0,0.0,9.756128191266548,0.0,0.0,0.0,0.0,1.0,0.0
3.92,0.0,0.0,9.789914388253404,0.0,0.0,0.0,0.0,1.0,0.0
3.936,0.0,0.0,9.7285450408297,0.0,0.0,0.0,0.0,1.0,0.0
3.952,0.0,0.0,9.822776747909488,0.0,0.0,0.0,0.0,1.0,0.0
3.968,0.0,0.0,9.750646270431504,0.0,0.0,0.0,0.0,1.0,0.0
3.984,0.0,0.0,9.758986418664714,0.0,0.0,0.0,0.0,1.0,0.0
4.0,0.0,0.0,9.788610429173708,0.0,0.0,0.0,0.0,1.0,0.0
4.016,0.0,0.0,9.843680673346142,0.0,0.0,0.0,0.0,1.0,0.0
4.032,0.0,0.0,9.77476850724538,0.0,0.0,0.0,0.0,1.0,0.0
4.048,0.0,0.0,9.83953197397677,0.0,0.0,0.0,0.0,1.0,0.0
4.064,0.0,0.0,9.706193959533152,0.0,0.0,0.0,0.0,1.0,0.0
4.08,0.0,0.0,9.701407277592812,0.0,0.0,0.0,0.0,1.0,0.0
4.096,0.0,0.0,9.721660813884442,0.0,0.0,0.0,0.0,1.0,0.0
4.112,0.0,0.0,9.782020184093527,0.0,0.0,0.0,0.0,1.0,0.0
4.128,0.0,0.0,9.717871853923095,0.0,0.0,0.0,0.0,1.0,0.0
4.144,0.0,0.0,9.757990461477956,0.0,0.0,0.0,0.0,1.0,0.0
4.16,0.0,0.0,9.759003663524874,0.0,0.0,0.0,0.0,1.0,0.0
4.176,0.0,0.0,9.804603041969093,0.0,0.0,0.0,0.0,1.0,0.0
4.192,-1.6367184977555063,0.0,9.814758687618896,0.0,0.0,0.0,0.0,1.0,0.0
4.208,-3.8341980943798206,0.0,9.833958003241953,0.0,0.0,0.0,0.0,1.0,0.0
4.224,-2.905313324342919,0.0,9.75535738771486,0.0,0.0,0.0,0.0,1.0,0.0
4.24,-3.162498207962535,0.0,9.81707424635725,0.0,0.0,0.0,0.0,1.0,0.0
4.256,-2.9712596066071124,0.0,9.753819996573656,0.0,0.0,0.0,0.0,1.0,0.0
4.272,-2.9615923506943345,0.0,9.76872867922089,0.0,0.0,0.0,0.0,1.0,0.0
4.288,-2.8868264868068976,0.0,9.751037409202686,0.0,0.0,0.0,0.0,1.0,0.0
4.304,-2.826385706051342,0.0,9.818066794448455,0.0,0.0,0.0,0.0,1.0,0.0
4.32,-2.767297056224235,0.0,9.830186857923898,0.0,0.0,0.0,0.0,1.0,0.0
4.336,-2.7220263835216194,0.0,9.746346812738858,0.0,0.0,0.0,0.0,1.0,0.0
4.352,-2.6500914636017194,0.0,9.75982773826866,0.0,0.0,0.0,0.0,1.0,0.0
4.368,-2.608651758446794,0.0,9.769533512548282,0.0,0.0,0.0,0.0,1.0,0.0
4.384,-2.530648188395208,0.0,9.820008520174916,0.0,0.0,0.0,0.0,1.0,0.0
4.4,-2.4925430611174786,0.0,9.80615687704801,0.0,0.0,0.0,0.0,1.0,0.0
4.416,-2.4348810235289093,0.0,9.798862302533689,0.0,0.0,0.0,0.0,1.0,0.0
4.432,-2.3942318289051427,0.0,9.825929975390117,0.0,0.0,0.0,0.0,1.0,0.0
4.448,-2.333932023462802,0.0,9.835659662040568,0.0,0.0,0.0,0.0,1.0,0.0
4.464,-2.272355676619149,0.0,9.766835764946945,0.0,0.0,0.0,0.0,1.0,0.0
4.48,-2.242770645693181,0.0,9.753091360070364,0.0,0.0,0.0,0.0,1.0,0.0
4.496,-2.2126683059737027,0.0,9.810449672946412,0.0,0.0,0.0,0.0,1.0,0.0
4.5120000000000005,-2.1539284824918554,0.0,9.799555306047688,0.0,0.0,0.0,0.0,1.0,0.0
4.5280000000000005,-2.105345814165941,0.0,9.798499026030292,0.0,0.0,0.0,0.0,1.0,0.0
4.5440000000000005,-2.0623192105684494,0.0,9.86784667043689,0.0,0.0,0.0,0.0,1.0,0.0
4.5600000000000005,-2.031068577660781,0.0,9.850821602732815,0.0,0.0,0.0,0.0,1.0,0.0
4.5760000000000005,-1.982625461325185,0.0,9.786236352721183,0.0,0.0,0.0,0.0,1.0,0.0
4.5920000000000005,-1.9343844299523159,0.0,9.769573479944295,0.0,0.0,0.0,0.0,1.0,0.0
4.6080000000000005,-1.8801335403925103,0.0,9.744959989370965,0.0,0.0,0.0,0.0,1.0,0.0
4.624,-1.8514510863632674,0.0,9.792222070063149,0.0,0.0,0.0,0.0,1.0,0.0
4.64,-1.8238996523832294,0.0,9.805764992965331,0.0,0.0,0.0,0.0,1.0,0.0
4.656,-1.7759968769174717,0.0,9.794651699985485,0.0,0.0,0.0,0.0,1.0,0.0
4.672,-1.7431162911036289,0.0,9.749039939152349,0.0,0.0,0.0,0.0,1.0,0.0
4.688,-1.7055296408897156,0.0,9.77250912262822,0.0,0.0,0.0,0.0,1.0,0.0
4.704,-1.6659466428726935,0.0,9.816430727862361,0.0,0.0,0.0,0.0,1.0,0.0
4.72,-1.646693304646305,0.0,9.821618117924533,0.0,0.0,0.0,0.0,1.0,0.0
4.736,-1.5887578780856408,0.0,9.763577383920044,0.0,0.0,0.0,0.0,1.0,0.0
4.752,-1.5789891147462807,0.0,9.811744888379131,0.0,0.0,0.0,0.0,1.0,0.0
4.768,-1.5419174178648896,0.0,9.693597490863096,0.0,0.0,0.0,0.0,1.0,0.0
4.784,-1.509091825113568,0.0,9.818469219808254,0.0,0.0,0.0,0.0,1.0,0.0
4.8,-1.4859096737887516,0.0,9.77217210105087,0.0,0.0,0.0,0.0,1.0,0.0
4.816,-1.4444874063180673,0.0,9.741010375784407,0.0,0.0,0.0,0.0,1.0,0.0
4.832,-1.4219464318026256,0.0,9.705174531085472,0.0,0.0,0.0,0.0,1.0,0.0
4.848,-1.380038561057231,0.0,9.83088125415791,0.0,0.0,0.0,0.0,1.0,0.0
4.864,-1.3385020142950663,0.0,9.81992079975736,0.0,0.0,0.0,0.0,1.0,0.0
4.88,-1.3272584209328853,0.0,9.748236442868384,0.0,0.0,0.0,0.0,1.0,0.0
4.896,-1.299371596526408,0.0,9.788600897179366,0.0,0.0,0.0,0.0,1.0,0.0
4.912,-1.2773724543613723,0.0,9.813201271865731,0.0,0.0,0.0,0.0,1.0,0.0
4.928,-1.24700926420647,0.0,9.77816017794672,0.0,0.0,0.0,0.0,1.0,0.0
4.944,-1.2037181592801516,0.0,9.745342411829386,0.0,0.0,0.0,0.0,1.0,0.0
4.96,-1.1881736431814651,0.0,9.739174474478961,0.0,0.0,0.0,0.0,1.0,0.0
4.976,-1.1736439941644283,0.0,9.737801102807333,0.0,0.0,0.0,0.0,1.0,0.0
4.992,-1.1444761669422687,0.0,9.750453019594161,0.0,0.0,0.0,0.0,1.0,0.0
5.008,-1.1156506258730101,0.0,9.855477276762903,0.0,0.0,0.0,0.0,1.0,0.0
5.024,-1.0938285778484869,0.0,9.77447223727359,0.0,0.0,0.0,0.0,1.0,0.0
5.04,-1.0768610804250138,0.0,9.815203231253163,0.0,0.0,0.0,0.0,1.0,0.0
5.056,-1.0553668441161437,0.0,9.776854104664737,0.0,0.0,0.0,0.0,1.0,0.0
5.072,-1.0321363222382314,0.0,9.824730166606686,0.0,0.0,0.0,0.0,1.0,0.0
5.088,-1.0100297953994404,0.0,9.810617877149477,0.0,0.0,0.0,0.0,1.0,0.0
5.104,-0.9936509754426089,0.0,9.769058379273691,0.0,0.0,0.0,0.0,1.0,0.0
5.12,-0.9710694976074875,0.0,9.780322998424154,0.0,0.0,0.0,0.0,1.0,0.0
5.136,-0.9488071215512116,0.0,9.808472508607197,0.0,0.0,0.0,0.0,1.0,0.0
5.152,-0.9258898739844752,0.0,9.805694049384668,0.0,0.0,0.0,0.0,1.0,0.0
5.168,-0.9034093425973683,0.0,9.77133552644216,0.0,0.0,0.0,0.0,1.0,0.0
5.184,-0.8870538509994214,0.0,9.83404924968485,0.0,0.0,0.0,0.0,1.0,0.0
5.2,-0.872878247370807,0.0,9.808138696577736,0.0,0.0,0.0,0.0,1.0,0.0
5.216,-0.8549700598752845,0.0,9.858297060774662,0.0,0.0,0.0,0.0,1.0,0.0
5.232,-0.8372043468994333,0.0,9.755499611937472,0.0,0.0,0.0,0.0,1.0,0.0
5.248,-0.817843756983114,0.0,9.792724316918168,0.0,0.0,0.0,0.0,1.0,0.0
5.264,-0.8032050884551852,0.0,9.791295658872496,0.0,0.0,0.0,0.0,1.0,0.0
5.28,-0.78465033529407,0.0,9.771049233819832,0.0,0.0,0.0,0.0,1.0,0.0
5.296,-0.771585037243118,0.0,9.779647617078457,0.0,0.0,0.0,0.0,1.0,0.0
5.312,-0.7471056374219943,0.0,9.766842216122361,0.0,0.0,0.0,0.0,1.0,0.0
5.328,-0.7335972821580806,0.0,9.77043776130988,0.0,0.0,0.0,0.0,1.0,0.0
5.344,-0.7188756936450544,0.0,9.827085110844543,0.0,0.0,0.0,0.0,1.0,0.0
5.36,-0.712154390149175,0.0,9.818658635359279,0.0,0.0,0.0,0.0,1.0,0.0
5.376,-0.6861932667167854,0.0,9.853275029516654,0.0,0.0,0.0,0.0,1.0,0.0
5.392,-0.673732463414622,0.0,9.784899649496042,0.0,0.0,0.0,0.0,1.0,0.0
5.408,-0.6554145534556217,0.0,9.847164899656219,0.0,0.0,0.0,0.0,1.0,0.0
5.424,-0.6416287869822903,0.0,9.81178885973375,0.0,0.0,0.0,0.0,1.0,0.0
5.44,-0.6355742107185874,0.0,9.819801955206618,0.0,0.0,0.0,0.0,1.0,0.0
5.456,-0.6240976073592533,0.0,9.825637049003081,0.0,0.0,0.0,0.0,1.0,0.0
5.472,-0.6139353870067333,0.0,9.758222473041462,0.0,0.0,0.0,0.0,1.0,0.0
5.488,-0.5949873339814971,0.0,9.811680224086908,0.0,0.0,0.0,0.0,1.0,0.0
5.5040000000000004,-4.978929680989378,-0.0038576165117332572,9.780007541235062,0.0,0.0,-0.04800157578165745,-0.0007679998866316209,0.9999997050880436,0.0
5.5200000000000005,-4.993555148031875,-0.02546165815100821,9.79642033502382,0.0,0.0,-0.09600201935542141,-0.0023039976217754847,0.999997345793957,0.0
5.5360000000000005,-4.984779993886956,-0.03928604879293783,9.791288635494123,0.0,0.0,-0.1439818560063791,-0.004607982333628095,0.9999893831930482,0.0
5.5520000000000005,-4.979706460812402,-0.045310971027375156,9.806028204024246,0.0,0.0,-0.19196970623043508,-0.007679920727983525,0.9999705089739457,0.0
5.5680000000000005,-4.988394841031957,-0.04422684635677474,9.778750194601493,0.0,0.0,-0.24002516103162364,-0.011519736704841809,0.9999336456316746,0.0
5.5840000000000005,-3.031126183011216,-0.02564685062244389,9.81860535392587,0.0,0.0,-0.28797864035523146,-0.016127284182018028,0.9998699468955512,0.0
5.6000000000000005,0.0,0.0,9.847338619537876,0.0,0.0,-0.3360061196584504,-0.021502313129754414,0.9997687985379772,0.0
5.6160000000000005,0.0,0.0,9.760692297599194,0.0,0.0,-0.38399102158808707,-0.02764442882111624,0.9996178197467042,0.0
5.632,0.0,0.0,9.824370910932647,0.0,0.0,-0.4319999036897725,-0.034553044308570445,0.999402865279568,0.0
5.648,0.0,0.0,9.831056627693076,0.0,0.0,-0.48004142233013064,-0.042227326141285854,0.9991080286570404,0.0
5.664,0.0,0.0,9.790641418686167,0.0,0.0,-0.5280110729469538,-0.05066613334592217,0.9987156466841667,0.0
5.68,0.0,0.0,9.835736035545462,0.0,0.0,-0.5759341247747538,-0.0598679497021852,0.9982063056294811,0.0
5.696,0.0,0.0,9.78793579360625,0.0,0.0,-0.6239423639960883,-0.06983080935621241,0.9975588494242614,0.0
5.712,0.0,0.0,9.839197608682424,0.0,0.0,-0.6720570691611004,-0.08055221582886712,0.9967503902808666,0.0
5.728,0.0,0.0,9.842534321855425,0.0,0.0,-0.7200654276693155,-0.09202905449254502,0.9957563221638156,0.0
5.744,0.0,0.0,9.84182953413145,0.0,0.0,-0.7678842859321859,-0.10425749861002392,0.9945503375815531,0.0
5.76,0.0,0.0,9.778666208209325,0.0,0.0,-0.8160052945889569,-0.11723290905160678,0.9931044482003379,0.0
5.776,0.0,0.0,9.780452437742575,0.0,0.0,-0.864104667520846,-0.13094972783340428,0.9913890098141886,0.0
5.792,0.0,0.0,9.854022885973492,0.0,0.0,-0.9120088365620176,-0.14540136564932377,0.9893727522361386,0.0
5.808,0.0,0.0,9.81491585019991,0.0,0.0,-0.9600776928639765,-0.16058008360343884,0.9870228147058773,0.0
5.824,0.0,0.0,9.822009116510333,0.0,0.0,-1.0081332098138436,-0.1764768693871189,0.9843047874369616,0.0
5.84,0.0,0.0,9.815685197026706,0.0,0.0,-1.055880908086739,-0.19308130818746663,0.9811827599528115,0.0
5.856,0.0,0.0,9.735628794323466,0.0,0.0,-1.1040992646996324,-0.21038144866001315,0.9776193768843344,0.0
5.872,0.0,0.0,9.834021193543004,0.0,0.0,-1.1520983550047055,-0.22836366434949956,0.9735759019228388,0.0
5.888,0.0,0.0,9.797660243487552,0.0,0.0,-1.1999893779243356,-0.24701251099809834,0.969012290639502,0.0
5.904,0.0,0.0,9.793454483846272,0.0,0.0,-1.248138648568942,-0.2663105802404423,0.9638872728965765,0.0
5.92,0.0,0.0,9.788720080577361,0.0,0.0,-1.2962094521111014,-0.286238350249662,0.9581584455852549,0.0
5.936,0.0,0.0,9.844802631180547,0.0,0.0,-1.3439771467302601,-0.3067740339679721,0.9517823764301467,0.0
5.952,0.0,0.0,9.768911979781715,0.0,0.0,-1.391925594232912,-0.32789342562936385,0.944714719600071,0.0
5.968,0.0,0.0,9.756629633715285,0.0,0.0,-1.43994587014275,-0.3495697463604099,0.9369103438587487,0.0
5.984,0.0,0.0,9.829598678633396,0.0,0.0,-1.487698046360146,-0.3717734897279195,0.9283234739763532,0.0
6.0,0.0,0.0,9.891182965380056,0.0,0.0,-1.4999160221839927,-0.3939429899302806,0.9191348762204551,0.0
6.016,0.0,0.0,9.880181057605487,0.0,0.0,-1.5001143215289665,-0.4158856116409451,0.9094169330016002,0.0
6.032,0.0,0.0,9.772357293897485,0.0,0.0,-1.499818182123958,-0.4375887177295544,0.8991752410491541,0.0
6.048,0.0,0.0,9.81904790927193,0.0,0.0,-1.5001915139108999,-0.4590398090068841,0.8884156987283168,0.0
6.064,0.0,0.0,9.808528645903634,0.0,0.0,-1.4997640763383082,-0.4802265314233415,0.8771445026431542,0.0
6.08,0.0,0.0,9.868188389376892,0.0,0.0,-1.5001560494671888,-0.5011366831838742,0.8653681440678674,0.0
6.096,0.0,0.0,9.822582340928687,0.0,0.0,-1.4999498206446715,-0.521758221775189,0.8530934052083587,0.0
6.112,0.0,0.0,9.77827715582754,0.0,0.0,-1.499959755613087,-0.5420792709012439,0.8403273552962416,0.0
6.128,0.0,0.0,9.799986676805224,0.0,0.0,-1.499685263704591,-0.562088127323009,0.827077346517551,0.0
6.144,0.0,0.0,9.871791390862487,0.0,0.0,-1.5000817600227179,-0.5817732675985618,0.8133510097784917,0.0
6.16,0.0,0.0,9.776238254849094,0.0,0.0,-1.4999734559374045,-0.6011233547196319,0.7991562503106734,0.0
6.176,0.0,0.0,9.80309276510447,0.0,0.0,-1.5001557327518515,-0.6201272446407798,0.7845012431183487,0.0
6.192,0.0,0.0,9.859441549912512,0.0,0.0,-1.5000785634329612,-0.6387739926974432,0.7693944282702905,0.0
6.208,0.0,0.0,9.883300428429251,0.0,0.0,-1.4999780943742014,-0.6570528599091554,0.7538445060390105,0.0
6.224,0.0,0.0,9.831964084087144,0.0,0.0,-1.4999661057708928,-0.6749533191643052,0.737860431890129,0.0
6.24,0.0,0.0,9.863791722367946,0.0,0.0,-1.5000650033755454,-0.6924650612828839,0.7214514113247626,0.0
6.256,0.0,0.0,9.761024722769452,0.0,0.0,-1.5001665729338152,-0.709578000953716,0.7046268945779236,0.0
6.272,0.0,0.0,9.879531350713126,0.0,0.0,-1.4999738300226413,-0.7262822825427626,0.6873965711759659,0.0
6.288,0.0,0.0,9.875014553525986,0.0,0.0,-1.4520294450069202,-0.7420537549648846,0.6703403797642771,0.0
6.304,0.0,0.0,9.841536643634361,0.0,0.0,-1.4260486099718614,-0.7571541939339241,0.6532361951149596,0.0
6.32,0.0,0.0,9.813184424592901,0.0,0.0,-1.3889854199543554,-0.7714846280853157,0.6362479615904969,0.0
6.336,0.0,0.0,9.789728262449554,0.0,0.0,-1.360585189939454,-0.7851526387028717,0.6193022960864252,0.0
6.352,0.0,0.0,9.748719343838712,0.0,0.0,-1.3276146285336707,-0.7981310929134304,0.6024838242847795,0.0
6.368,0.0,0.0,9.815366745998908,0.0,0.0,-1.2988076549380754,-0.8104796098948956,0.5857668494756408,0.0
6.384,0.0,0.0,9.812212689051895,0.0,0.0,-1.268752948900916,-0.8222007785348485,0.5691975753432976,0.0
6.4,0.0,0.0,9.840357788011945,0.0,0.0,-1.2402997912156983,-0.8333333288187068,0.5527708051986222,0.0
6.416,0.0,0.0,9.742781725713103,0.0,0.0,-1.2117253877753529,-0.8438916882093375,0.5365135772477662,0.0
6.432,0.0,0.0,9.818373396242327,0.0,0.0,-1.184260442644057,-0.8539050861165383,0.5204287692896189,0.0
6.448,0.0,0.0,9.757871827320246,0.0,0.0,-1.1570349550245542,-0.8633922004787288,0.5045333568283653,0.0
6.464,0.0,0.0,9.821325345771273,0.0,0.0,-1.13053110462025,-0.8723775316851967,0.4888327343896311,0.0
6.48,0.0,0.0,9.764188205145821,0.0,0.0,-1.1048203487006074,-0.8808807923967419,0.47333817676845824,0.0
6.496,0.0,0.0,9.765256755141861,0.0,0.0,-1.0794363716708912,-0.888923748810795,0.4580552027869161,0.0
6.5120000000000005,0.0,0.0,9.770498363966436,0.0,0.0,-1.0546892535507981,-0.8965257924137565,0.4429915388998823,0.0
6.5280000000000005,0.0,0.0,9.837669261294828,0.0,0.0,-1.0304817943296805,-0.9037067940056681,0.42815187780505803,0.0
6.5440000000000005,0.0,0.0,9.795770556497375,0.0,0.0,-1.0067028463136425,-0.9104852628688509,0.413541516777505,0.0
6.5600000000000005,0.0,0.0,9.929345801966562,0.0,0.0,-0.9834005662788156,-0.9168795379526878,0.3991640175212015,0.0
6.5760000000000005,0.0,0.0,9.820005520783214,0.0,0.0,-0.9608873769638842,-0.9229070283795197,0.38502287849903744,0.0
6.5920000000000005,0.0,0.0,9.809900573402091,0.0,0.0,-0.9387729405750389,-0.9285847135660128,0.37112050567373134,0.0
6.6080000000000005,0.0,0.0,9.804318778014151,0.0,0.0,-0.9169317194949804,-0.9339288352076701,0.35745899172862405,0.0
6.6240000000000006,0.0,0.0,9.786449345367457,0.0,0.0,-0.8955916537007467,-0.9389551114350821,0.34403967606939245,0.0
6.640000000000001,0.0,0.0,9.789031195822195,0.0,0.0,-0.8748069363166316,-0.9436786172624239,0.3308635176650338,0.0
6.656000000000001,0.0,0.0,9.797178045078338,0.0,0.0,-0.8544522308403059,-0.9481138810554751,0.31793091788928723,0.0
6.672,0.0,0.0,9.84127967554472,0.0,0.0,-0.8347137288498453,-0.9522748437058877,0.30524190741922597,0.0
6.688,0.0,0.0,9.825102709313681,0.0,0.0,-0.8152071598432137,-0.9561749069858642,0.29279608475963953,0.0
6.704,0.0,0.0,9.831106515137852,0.0,0.0,-0.7960139643169238,-0.9598269256386764,0.28059271697427757,0.0
6.72,0.0,0.0,9.823998669635047,0.0,0.0,-0.777435186866474,-0.9632432361888967,0.2686307278334729,0.0
6.736,0.0,0.0,9.763740293923002,0.0,0.0,-0.7593471584936253,-0.9664356627686748,0.25690875759473963,0.0
6.752,0.0,0.0,9.868382346406317,0.0,0.0,-0.7414758106825181,-0.9694155379859156,0.24542517130783018,0.0
6.768,0.0,0.0,9.847469514245049,0.0,0.0,-0.7242792508263115,-0.9721937143948637,0.23417809823106567,0.0
6.784,0.0,0.0,9.776293107916377,0.0,0.0,-0.7069844969702307,-0.9747805820456036,0.22316544729602378,0.0
6.8,0.0,0.0,9.818018795199157,0.0,0.0,-0.6902117418640576,-0.9771860821334847,0.21238493563483007,0.0
6.816,0.0,0.0,9.800300505080425,0.0,0.0,-0.6740889196494587,-0.9794197230092401,0.20183410559294357,0.0
6.832,0.0,0.0,9.809853207731942,0.0,0.0,-0.6580038913694584,-0.9814905944828755,0.19151034682661844,0.0
6.848,0.0,0.0,9.809859476333534,0.0,0.0,-0.6424456052626892,-0.983407382933555,0.18141091254876704,0.0
6.864,0.0,0.0,9.862580408315871,0.0,0.0,-0.627238917085212,-0.9851783855690952,0.17153293738367334,0.0
6.88,0.0,0.0,9.787155035952074,0.0,0.0,-0.6122263635036986,-0.9868115248318797,0.16187345198944922,0.0
6.896,0.0,0.0,9.80841198659658,0.0,0.0,-0.5977274826451499,-0.9883143622757617,0.15242939781897186,0.0
6.912,0.0,0.0,9.785091487215364,0.0,0.0,-0.5833707264865814,-0.9896941123033508,0.1431976398970405,0.0
6.928,0.0,0.0,9.743497013214574,0.0,0.0,-0.5693376501938449,-0.9909576554874433,0.13417497915345492,0.0
6.944,0.0,0.0,9.823967512868954,0.0,0.0,-0.5557852192134436,-0.9921115516256818,0.12535816339944603,0.0
6.96,0.0,0.0,9.833979045435761,0.0,0.0,-0.5422758254013869,-0.993162052415301,0.11674389766590453,0.0
6.976,0.0,0.0,9.826356076209692,0.0,0.0,-0.5292466975217802,-0.9941151138040248,0.1083288535267074,0.0
6.992,0.0,0.0,9.865636136115521,0.0,0.0,-0.5164460441260017,-0.9949764079714001,0.10010967775560155,0.0
7.008,0.0,0.0,9.797410643804476,0.0,0.0,-0.5040216528854694,-0.9957513349620473,0.09208300017538974,0.0
7.024,0.0,0.0,9.782522913080445,0.0,0.0,-0.49174313535169073,-0.9964450339537054,0.08424544087960617,0.0
7.04,0.0,0.0,9.775095063778048,0.0,0.0,-0.47982775435727687,-0.9970623941697216,0.0765936167871882,0.0
7.056,0.0,0.0,9.807881959982918,0.0,0.0,-0.4680836094681128,-0.9976080654315598,0.06912414763236586,0.0
7.072,0.0,0.0,9.872956147250255,0.0,0.0,-0.45661134874719866,-0.9980864683577106,0.06183366139274576,0.0
7.088,0.0,0.0,9.774106918467822,0.0,0.0,-0.44537121808904095,-0.9985018042106274,0.05471879922039557,0.0
7.104,0.0,0.0,9.786237793869866,0.0,0.0,-0.43443754331351,-0.9988580643977991,0.04777621989528086,0.0
7.12,0.0,0.0,9.863124232579231,0.0,0.0,-0.4238338321208002,-0.9991590396317216,0.04100260384678262,0.0
7.136,0.0,0.0,9.840210790448847,0.0,0.0,-0.4132503650367505,-0.9994083287554861,0.03439465676768085,0.0
7.152,0.0,0.0,9.842190050049506,0.0,0.0,-0.40311452212379123,-0.9996093472405009,0.027949112855683782,0.0
7.168,0.0,0.0,9.756307621523131,0.0,0.0,-0.39306440787354857,-0.9997653353637703,0.021662737707129832,0.0
7.184,4.986725048976888,0.027584241305029126,9.822152437466006,0.0,0.0,-0.3450186583085313,-0.9998696867652146,0.016143403855187016,0.0
7.2,5.01255963583142,-0.0038535446007188718,9.802910335972452,0.0,0.0,-0.2970360036619776,-0.9999351144577575,0.0113915264276452,0.0
7.216,4.999084133018663,-0.0275146675282181,9.826994879376864,0.0,0.0,-0.24901067934356091,-0.9999725650652248,0.007407369092646366,0.0
7.232,4.995525099135493,-0.04346318347555036,9.811022048523105,0.0,0.0,-0.20104865100145827,-0.999991217360153,0.004191086083544506,0.0
7.248,4.9909313489209985,-0.0520399571775325,9.835614772050668,0.0,0.0,-0.15302337339323763,-0.9999984813970982,0.001742757440881163,0.0
7.264,4.999071473010481,-0.052575901819270736,9.759976608031945,0.0,0.0,-0.10502317869980825,-0.99999999805203,6.241746526164357e-05,0.0
7.28,5.009651642622926,-0.045954734512482755,9.796713358902156,0.0,0.0,-0.057020996537799455,-0.999999638814853,-0.0008499236222296063,0.0
7.296,5.005538553949055,-0.031046084516809472,9.787053532048402,0.0,0.0,-0.009021546324753285,-0.9999995057186181,-0.0009942648136316344,0.0
7.312,5.008826750519258,-0.007313885502889574,9.87241161060697,0.0,0.0,0.01884136808750905,-0.9999997599756112,-0.0006928554829397,0.0
7.328,4.9817194867280366,0.012083765738127656,9.753069441995196,0.0,0.0,0.018593685895380203,-0.9999999218341279,-0.00039538808551050806,0.0
7.344,4.9818484034042365,0.01342164653940823,9.827779910951964,0.0,0.0,0.018351741922228954,-0.9999999948273968,-0.00010171138850821303,0.0
7.36,5.025714778237724,0.014657837327858629,9.789530232222099,0.0,0.0,0.01812864516334965,-0.9999999822673533,0.00018832231184730857,0.0
7.376,4.9557339043163315,0.015997182530117438,9.815460875034473,0.0,0.0,0.017911276583276677,-0.9999998872551923,0.00047485745524011077,0.0
7.392,4.998840764547784,0.01724544552005098,9.817955731483151,0.0,0.0,0.017699299762785593,-0.9999997126910674,0.0007580354758525968,0.0
7.408,4.9982232252456305,0.01832085627099202,9.819067202903607,0.0,0.0,0.017495498210079657,-0.9999994612829871,0.0010379950557474758,0.0
7.424,5.018500302496099,0.019471340388447292,9.868249843834832,0.0,0.0,0.017305410158664002,-0.9999991355549464,0.0013148723741799285,0.0
7.44,4.9890600858310545,0.020783509377469908,9.816430978944991,0.0,0.0,0.01712003080832053,-0.9999987378543322,0.0015888013539934248,0.0
7.456,4.998521841680704,0.02180961329845977,9.755363211656043,0.0,0.0,0.016943489333049448,-0.999998270358635,0.0018599139062738053,0.0
7.472,5.038613541363738,0.02292655883826453,9.793976463918883,0.0,0.0,0.016775661478964376,-0.9999977350814861,0.002128340174452315,0.0
7.488,4.971222124711592,0.024086037649808774,9.837995502983041,0.0,0.0,0.016617299808020892,-0.9999971338780539,0.002394208779104305,0.0
7.5040000000000004,5.01603752560183,0.025467542866789258,9.865611592818635,0.0,0.0,0.01646348923232365,-0.9999964684498038,0.0026576470647383184,0.0
7.5200000000000005,5.004198802084413,0.026227618942427745,9.788237273591701,0.0,0.0,0.016320592592173222,-0.9999957403486434,0.0029187813499407297,0.0
7.5360000000000005,5.004351082574052,0.027480945151817752,9.757574867792705,0.0,0.0,0.016184946232292635,-0.9999949509804539,0.0031777371823310664,0.0
7.5520000000000005,5.012583577854495,0.028519675662751202,9.88330600857782,0.0,0.0,0.016057374066891752,-0.9999941016080139,0.0034346395998952907,0.0
7.5680000000000005,5.014817867681302,0.02959058962707347,9.862057623125196,0.0,0.0,0.015937479453242278,-0.9999931933533128,0.0036896134003793954,0.0
7.5840000000000005,5.006406424639758,0.030644565191929797,9.780755624543618,0.0,0.0,0.01582461000663441,-0.999992227199241,0.003942783420595471,0.0
7.6000000000000005,5.01765605877724,0.03157039279096179,9.820295209282381,0.0,0.0,0.015718921748064107,-0.9999912039906501,0.004194274827660358,0.0
7.6160000000000005,5.010294307736856,0.03270030469154575,9.769705424183652,0.0,0.0,0.015621570095586831,-0.9999901244347558,0.0044442134244173795,0.0
7.632000000000001,4.979998586935774,0.033949367576054365,9.747497407736406,0.0,0.0,0.015533645771206564,-0.9999889891008581,0.00469272597152995,0.0
7.648000000000001,4.980264736339895,0.0347391768102869,9.829141489970718,0.0,0.0,0.015450246132125273,-0.9999877984193455,0.004939940529049968,0.0
7.664000000000001,4.986498357409489,0.03584443287343419,9.76492674530253,0.0,0.0,0.01537853676431241,-0.9999865526799331,0.005185986820606715,0.0
7.68,1.2527139611766986,0.037633394471363255,9.864785136421679,0.0,0.0,0.015313752391645903,-0.999985252029085,0.0054309966237846815,0.0
7.696,1.4124577503808393e-05,0.03824491694981266,9.822207318316703,0.0,0.0,0.01525310573848509,-0.9999838968728388,0.005675032600078651,0.0
7.712,1.38910377623856e-05,0.03829140871347273,9.863986124892426,0.0,0.0,0.015193641174804207,-0.9999824876896724,0.005918134332226,0.0
7.728,1.3773033221771058e-05,0.03792698087242395,9.849970223109464,0.0,0.0,0.01513865530666905,-0.9999810249141227,0.0061603418493494,0.0
7.744,1.3681476198479624e-05,0.037859438563652335,9.849410537420589,0.0,0.0,0.015086903415533865,-0.9999795089363596,0.006401695665774749,0.0
7.76,1.3752552323450845e-05,0.03757615136181768,9.804302164655056,0.0,0.0,0.015032613961486911,-0.9999779401016806,0.006642236822034607,0.0
7.776,1.3538768631702768e-05,0.0376935876459627,9.786465731227088,0.0,0.0,0.014987582769248008,-0.9999763187099181,0.0068820069282397225,0.0
7.792,1.3477188232489882e-05,0.03755484417332927,9.839732599361417,0.0,0.0,0.014936835736099456,-0.9999746450147577,0.007121048210008232,0.0
7.808,1.3332314239090082e-05,0.03742656961211745,9.818310378662376,0.0,0.0,0.01490010274859767,-0.9999729192229574,0.007359403557145312,0.0
7.824,1.3239852250122382e-05,0.036942932324096615,9.80596996437152,0.0,0.0,0.014857953966707362,-0.999971141493464,0.007597116575319918,0.0
7.84,1.3327382180655719e-05,0.03702513477054997,9.777853116775225,0.0,0.0,0.014818706062045453,-0.9999693119364195,0.007834231640960053,0.0
7.856,1.3165695646079805e-05,0.036906335654129596,9.737808909686228,0.0,0.0,0.014785687390237149,-0.9999674306120478,0.008070793959661083,0.0
7.872,1.3049969207730282e-05,0.036919420816345944,9.83786435366599,0.0,0.0,0.014753924692058794,-0.9999654975294155,0.008306849628384069,0.0
7.888,1.3105123799006742e-05,0.03682336104901246,9.839631515471641,0.0,0.0,0.01472602396749019,-0.9999635126450528,0.008542445701772561,0.0
7.904,1.3009057907922217e-05,0.03679514437500699,9.769820233189957,0.0,0.0,0.014698954490417119,-0.9999614758614288,0.008777630262958764,0.0
7.92,1.2952684396142783e-05,0.036719124332878966,9.77826964556605,0.0,0.0,0.014675647537577887,-0.9999593870252677,0.009012452499236732,0.0
7.936,1.2911282868686854e-05,0.036899812104108164,9.839752248810447,0.0,0.0,0.014655885852395573,-0.9999572459256891,0.009246962783038302,0.0
7.952,1.2864455372080947e-05,0.03665697253463258,9.907522182240893,0.0,0.0,0.014639918096185676,-0.999955052292164,0.009481212758706689,0.0
7.968,1.2888066929905107e-05,0.03652777984013929,9.816689884525257,0.0,0.0,0.014629639029373951,-0.9999528057922642,0.009715255435574378,0.0
7.984,1.2888378874594191e-05,0.03653070985748296,9.790133662858217,0.0,0.0,0.014617968185733106,-0.9999505060291931,0.009949145287955955,0.0
8.0,1.288141880147396e-05,0.036682052002126424,9.707893470499961,0.0,0.0,0.014609960346408464,-0.9999481525390713,0.010182938362683155,0.0
8.016,1.2760968353156155e-05,0.03666924272466982,9.858437356508944,0.0,0.0,0.014608433507833323,-0.9999457447879607,0.010416692394931776,0.0
8.032,1.276552524388496e-05,0.03628479982131785,9.77884151149039,0.0,0.0,0.014611690765402162,-0.9999432821685971,0.010650466933119754,0.0
8.048,1.2778666874133408e-05,0.0366104224398329,9.751419085617018,0.0,0.0,0.014616749057531169,-0.9999407639968069,0.010884323473792881,0.0
8.064,1.2889556890594865e-05,0.0366039118552943,9.820562337627429,0.0,0.0,0.014624234967400953,-0.9999381895075744,0.011118325607490853,0.0
8.08,1.2815689001834192e-05,0.03658101971103319,9.821997647234193,0.0,0.0,0.014635770475589385,-0.9999355578507253,0.011352539176713987,0.0
8.096,1.296971501330837e-05,0.036474509674665784,9.765614453010368,0.0,0.0,0.014655007385377755,-0.9999328680861863,0.011587032447251212,0.0
8.112,1.2927022614166707e-05,0.03699217607248966,9.758835472609668,0.0,0.0,0.014676621442153271,-0.9999301191787769,0.011821876294274872,0.0
8.128,1.300993351717212e-05,0.03645877670253307,9.79948796621883,0.0,0.0,0.01470541228168995,-0.9999273099924825,0.012057144404786056,0.0
8.144,1.2998145022842832e-05,0.03664359472193321,9.758612682085808,0.0,0.0,0.014737284241347853,-0.999924439284152,0.012292913498204395,0.0
8.16,1.2986887952588235e-05,0.03688961274150366,9.784263211401674,0.0,0.0,0.014772287895885746,-0.9999215056965552,0.012529263567115465,0.0
8.176,1.3244233557416433e-05,0.03689293055103751,9.774918793412636,0.0,0.0,0.014814830033085839,-0.999918507750727,0.012766278140458187,0.0
8.192,1.3262166452135855e-05,0.03673126099841642,9.802699351146643,0.0,0.0,0.014861349193416154,-0.9999154438375156,0.013004044571752678,0.0
8.208,1.3290263457040472e-05,0.037168005041708856,9.779656887695658,0.0,0.0,0.01491254022839334,-0.9999123122082385,0.013242654355306437,0.0
8.224,1.3418947505990435e-05,0.037471952837020345,9.816402767223089,0.0,0.0,0.014971827269546585,-0.9999091109643377,0.01348220347376342,0.0
8.24,1.3474265506256199e-05,0.037456009867140906,9.834681822305491,0.0,0.0,0.015040852604244544,-0.9999058380459104,0.013722792780835671,0.0
8.256,1.360326955392641e-05,0.037699472476493835,9.790362369800325,0.0,0.0,0.01510793904907578,-0.999902491218972,0.013964528423603078,0.0
8.272,1.3893536303416236e-05,0.037676174288129444,9.798618517483302,0.0,0.0,0.015191133882090625,-0.999899068061285,0.014207522309454634,0.0
8.288,1.395955691736407e-05,0.037809255099891595,9.784084627121814,0.0,0.0,0.01527658522641608,-0.9998955659465644,0.014451892623462687,0.0
8.304,1.4022707037236549e-05,0.03817083379098702,9.84436694957132,0.0,0.0,0.015366434564105736,-0.9998919820268366,0.014697764402936643,0.0
8.32,1.4304133199130025e-05,0.03865671389988008,9.712958347282797,0.0,0.0,0.015471269740004545,-0.9998883132127002,0.014945270176931662,0.0
8.336,-0.45164051802076977,0.038706566660860496,9.79761806634866,0.0,0.0,0.015581935092763887,-0.9998845561511789,0.015194550679770035,0.0
8.352,-4.1966321922465815,0.039824810002032245,9.831766738070392,0.0,0.0,0.01569910602359431,-0.9998807074695312,0.015445738254605414,0.0
8.368,-2.661123883888213,0.03877759239527349,9.799135019513592,0.0,0.0,0.015819624670090727,-0.9998767658561426,0.015698824830562105,0.0
8.384,-3.1547690612899526,0.03847981641298002,9.748440511551005,0.0,0.0,0.01593847958131431,-0.9998727290904945,0.01595385912958465,0.0
8.4,-2.87000124471645,0.03793689511592388,9.755898319458058,0.0,0.0,0.016064337718296937,-0.9998685952320027,0.016210868847217282,0.0
8.416,-2.907993630947192,0.037301076535090766,9.847298838223507,0.0,0.0,0.01619114139772013,-0.9998643621390594,0.016469891446281307,0.0
8.432,-2.8446315340234993,0.037312404737587276,9.82252071768232,0.0,0.0,0.01631742243518451,-0.9998600276582461,0.01673096205396631,0.0
8.448,-2.7796290942702075,0.03640241579725787,9.751923175637318,0.0,0.0,0.01644889581440444,-0.9998555895442868,0.016994118307430004,0.0
8.464,-2.7162071572350786,0.03577771101450383,9.77691520150652,0.0,0.0,0.016580099401002357,-0.9998510454878718,0.017259398506601038,0.0
8.48,-2.678783364612559,0.03563431334858135,9.802012867572998,0.0,0.0,0.016719495279613958,-0.9998463930999367,0.01752684241518817,0.0
8.496,-2.5915035368185135,0.035092902603573665,9.83878066155055,0.0,0.0,0.016858020688924173,-0.999841629913165,0.01779649101889403,0.0
8.512,-2.5171685145779783,0.034849295384475745,9.784368373813226,0.0,0.0,0.016996583736541143,-0.9998367533763021,0.018068386699861057,0.0
8.528,-2.4953339626771878,0.034659884085818354,9.766173397101396,0.0,0.0,0.017141688119669363,-0.9998317608510626,0.018342573250874676,0.0
8.544,-2.4531396071344758,0.03387497726713342,9.76071498513507,0.0,0.0,0.01728531685747736,-0.9998266496076831,0.018619095957520544,0.0
8.56,-2.3838789641594715,0.03373710312934457,9.78074573707363,0.0,0.0,0.017434289342425576,-0.9998214168206843,0.0188980016583734,0.0
8.576,-2.347720286705628,0.03337023900583842,9.820181551780323,0.0,0.0,0.017587297079259535,-0.9998160595641891,0.01917933881910695,0.0
8.592,-2.2909936012374397,0.03279892280695449,9.870528932266891,0.0,0.0,0.017742842342410848,-0.9998105748070367,0.01946315760668905,0.0
8.608,-2.2501826150936575,0.032141154005653906,9.832386614099724,0.0,0.0,0.01789894443712561,-0.9998049594075654,0.019749509969529795,0.0
8.624,-2.2178027757372405,0.031993502896748335,9.848800490303079,0.0,0.0,0.01806265828318358,-0.9997992101080857,0.02003844972166881,0.0
8.64,-2.1724795308197242,0.031514724758965225,9.81185639952854,0.0,0.0,0.01822756909681804,-0.9997933235290047,0.02033003263222245,0.0
8.656,-2.115124940055162,0.03131617679035635,9.751821717837746,0.0,0.0,0.018398920919581663,-0.9997872961625784,0.02062431652009191,0.0
8.672,-2.080760276216636,0.031005741490977262,9.777336613725112,0.0,0.0,0.01856833332457585,-0.9997811243662662,0.02092136135447508,0.0
8.688,-2.0418984228470247,0.030547726815852744,9.81148646411214,0.0,0.0,0.01874443368537846,-0.9997748043556536,0.021221229361537634,0.0
8.704,-1.9948401557177082,0.030389316472707924,9.839871052188322,0.0,0.0,0.018926807630452923,-0.9997683321969099,0.02152398513773206,0.0
8.72,-1.9457008800796503,0.029975060932642475,9.815413392017701,0.0,0.0,0.019113975990007696,-0.999761703798749,0.02182969577026944,0.0
8.736,-1.9223693594683495,0.02961305022992105,9.772128749971897,0.0,0.0,0.01930091511318962,-0.9997549149038459,0.022138430965272005,0.0
8.752,-1.8906939723034974,0.029207365500417727,9.819373305000243,0.0,0.0,0.019494543397462257,-0.999747961079671,0.022450263184225334,0.0
8.768,-1.8473563469132113,0.029142211864282404,9.780882448968155,0.0,0.0,0.019696496392258574,-0.9997408377086927,0.0227652677893637,0.0
8.784,-1.8146292331115712,0.02870167925027892,9.774992832511796,0.0,0.0,0.01989654905635802,-0.9997335399778957,0.0230835231987139,0.0
8.8,-1.77477345692512,0.028546825256213673,9.795670807717505,0.0,0.0,0.020105165837667822,-0.9997260628675556,0.023405111051569064,0.0
8.816,-1.7404698423974754,0.02809915544540933,9.771054347903457,0.0,0.0,0.020319870545821475,-0.9997184011392122,0.023730116385246646,0.0
8.832,-1.7058188235656337,0.02771938914147826,9.757489381772945,0.0,0.0,0.02053294762117827,-0.9997105493227642,0.024058627824072018,0.0
8.848,-1.6718064829669355,0.027597906572860136,9.883296958872894,0.0,0.0,0.020765170851432143,-0.9997025017026162,0.024390737781605255,0.0
8.864,-1.6321674398961168,0.02747269947525162,9.801817523394403,0.0,0.0,0.020993226271385886,-0.9996942523027879,0.024726542677255738,0.0
8.88,-1.6084308148003414,0.027121075780956887,9.781401149733467,0.0,0.0,0.021235119136531828,-0.9996857948708964,0.025066143168514035,0.0
8.896,-1.5710988749182624,0.026879934105659174,9.820627958431714,0.0,0.0,0.021474902206284726,-0.9996771228609047,0.025409644400180332,0.0
8.912,-1.5467810872890324,0.026618777388794385,9.752726455187158,0.0,0.0,0.021728309034442297,-0.9996682294145265,0.025757156272107104,0.0
8.928,-1.5004201683913696,0.026218811994646304,9.809241336297667,0.0,0.0,0.02198693318976084,-0.9996591073411549,0.02610879372712124,0.0
8.944,-1.465831037376648,0.0264116451783878,9.78661678588604,0.0,0.0,0.022248483029293713,-0.9996497490961813,0.026464677060982628,0.0
8.96,-1.4466405982973474,0.025911964046358062,9.758430408955705,0.0,0.0,0.02252337501580163,-0.9996401467575408,0.026824932256438786,0.0
8.976,-1.4162844820278373,0.025870047608880106,9.820279740779107,0.0,0.0,0.02280138648702937,-0.9996302920003163,0.02718969134364764,0.0
8.992,-1.3896624436563538,0.025553341518407238,9.794738836709152,0.0,0.0,0.023095301006667887,-0.9996201760692004,0.027559092789516293,0.0
9.008000000000001,-1.3556293559089285,0.025411381704963796,9.819454996396823,0.0,0.0,0.02339965813779127,-0.999609789748603,0.02793328191877423,0.0
9.024000000000001,-1.3300948353900734,0.02517595939392535,9.752547742631196,0.0,0.0,0.023703708255538327,-0.9995991233301575,0.02831241136994298,0.0
9.040000000000001,-1.3055969823893925,0.02499629775787569,9.832038899689312,0.0,0.0,0.024024473711322623,-0.9995881665773516,0.028696641589725083,0.0
9.056000000000001,-1.2810723742399932,0.024841532316329087,9.85867375265378,0.0,0.0,0.024357482820230373,-0.9995769086869795,0.029086141369764135,0.0
9.072000000000001,-1.2520563542569145,0.024734293254976832,9.785514287300142,0.0,0.0,0.024689274875434236,-0.9995653382470656,0.02948108843020732,0.0
9.088000000000001,-1.2355531341712243,0.024429286526332465,9.770096624249893,0.0,0.0,0.025050160309141246,-0.9995534431908686,0.029881670055052878,0.0
9.104000000000001,-1.2027739792801295,0.024251853620754507,9.797829533542949,0.0,0.0,0.025412322975858707,-0.9995412107465301,0.03028808378489233,0.0
9.120000000000001,-1.1777914698792706,0.024109988496929698,9.805472784512752,0.0,0.0,0.02579081001239912,-0.9995286273818599,0.030700538173384875,0.0
9.136000000000001,-1.1532095738168209,0.024090690158245193,9.814360694919058,0.0,0.0,0.026184090310245885,-0.9995156787436948,0.03111925361462262,0.0
9.152000000000001,-1.1353722666228019,0.02393083660634489,9.83002239017702,0.0,0.0,0.026590706986399437,-0.9995023495911851,0.031544463249519636,0.0
9.168000000000001,-1.1080856036558229,0.023718904778556132,9.755542704188201,0.0,0.0,0.02701147316841519,-0.999488623722267,0.03197641396043231,0.0
9.184000000000001,-1.0879664995363174,0.023756449515846597,9.883691122781554,0.0,0.0,0.027445318551774726,-0.9994744838924797,0.032415367464545396,0.0
9.200000000000001,-1.071718656222752,0.02353684777029004,9.822122548019793,0.0,0.0,0.027900159392285646,-0.9994599117251638,0.03286160151799938,0.0
9.216000000000001,-1.042053216154069,0.023367375682987752,9.81136783885382,0.0,0.0,0.028381013517236306,-0.9994448876119232,0.03331541124450555,0.0
9.232,-1.0251073981333143,0.023368744342132156,9.871352640979826,0.0,0.0,0.02887147843069957,-0.9994293906020729,0.03377711060421137,0.0
9.248,-1.0087350762471343,0.02334994049526012,9.730224023726342,0.0,0.0,0.029383390557896096,-0.9994133982795953,0.03424703402093933,0.0
9.264,-0.9816380060040094,0.02325536406966562,9.808466352207947,0.0,0.0,0.029927606620753118,-0.9993968866258798,0.03472553818875095,0.0
9.28,-0.9680178874393083,0.023182855743599667,9.835151832827256,0.0,0.0,0.030481725927686894,-0.9993798298662611,0.0352130040820595,0.0
9.296,-0.9475529893470082,0.023109054375938496,9.768415914396874,0.0,0.0,0.031073235468513902,-0.9993622002980168,0.035709839197434486,0.0
9.312,-0.923703727117462,0.023199881716379395,9.837965678089839,0.0,0.0,0.03168531344226906,-0.9993439680971076,0.036216480059874406,0.0
9.328,-0.9089094653250087,0.022925664165480603,9.762088893690347,0.0,0.0,0.03232827056609275,-0.9993251011004537,0.03673339503188323,0.0
9.344,-0.8942987830178237,0.023145669030215112,9.812878174327778,0.0,0.0,0.032998926024604275,-0.9993055645599755,0.037261087470289306,0.0
9.36,-0.876477304248564,0.02307958230816393,9.872976382929918,0.0,0.0,0.033712095586942006,-0.9992853208639351,0.037800099283767534,0.0
9.376,-0.8507508802350718,0.023107895199316598,9.840595675180381,0.0,0.0,0.03445725084243899,-0.9992643292202656,0.038351014953617646,0.0
9.392,-0.8362936699136198,0.023199254547696176,9.76844884446837,0.0,0.0,0.03524046086699805,-0.9992425452955688,0.03891446609210097,0.0
9.408,-0.8199154997113213,0.02325583402254307,9.933352307733234,0.0,0.0,0.036074979210770124,-0.9992199208021817,0.039491136626865216,0.0
9.424,-0.8040274148881514,0.023204154855570855,9.827463747750187,0.0,0.0,0.03693767285670866,-0.9991964030241889,0.04008176871749755,0.0
9.44,-0.7846330164257176,0.0232114119876069,9.784700572586518,0.0,0.0,0.03786685467219505,-0.9991719342713208,0.040687169531778006,0.0
9.456,-0.7723899027724924,0.02339466862946243,9.835369022135142,0.0,0.0,0.03884477599597182,-0.9991464512473042,0.041308219035906216,0.0
9.472,-0.7638838356435232,0.023330774673077335,9.787356078972936,0.0,0.0,0.03989369876678985,-0.9991198843162276,0.04194587898623734,0.0
9.488,-0.7383954194886984,0.023548464209374523,9.765693841919193,0.0,0.0,0.04099435384590176,-0.9990921566467126,0.04260120335179154,0.0
9.504,-0.7235249386819286,0.02379576209934635,9.842506836527741,0.0,0.0,0.04217204071389519,-0.9990631832088872,0.0432753504494845,0.0
9.52,-0.7114361097972369,0.023868019673127763,9.783861590314237,0.0,0.0,0.043434082129630985,-0.9990328695930183,0.0439695971409724,0.0
9.536,-0.6997771245221166,0.024184193933871254,9.801799762709988,0.0,0.0,0.04477873884972338,-0.9990011106107604,0.044685355525806526,0.0
9.552,-0.6908674530747467,0.024392724028041348,9.721417789026498,0.0,0.0,0.04622340160250951,-0.9989677886296975,0.045424192676282185,0.0
9.568,-0.6717579891044908,0.024549592089436967,9.839516628237304,0.0,0.0,0.04778293045075119,-0.9989327715784023,0.04618785410355673,0.0
9.584,-0.6548683869477308,0.024899886966908626,9.835931290233024,0.0,0.0,0.0494592574339366,-0.9988959105414161,0.046978291833945945,0.0
9.6,-0.6426383192413496,0.025331113352350616,9.763185370648259,0.0,0.0,0.051274692995492935,-0.9988570368397789,0.04779769822551108,0.0
9.616,-0.6312272437785035,0.025827533462166496,9.778220231571622,0.0,0.0,0.05322863984587036,-0.9988159584606177,0.04864854699163965,0.0
9.632,-0.6171763784332339,0.026243718878801427,9.835829084850502,0.0,0.0,0.055391459551066564,-0.9987724556554531,0.0495336433545516,0.0
9.648,-0.6080422652311637,0.026716503865963217,9.788425309794533,0.0,0.0,0.05773294688728269,-0.9987262754662617,0.05045618587734165,0.0
9.664,-0.5878114997568237,0.02715303696853724,9.790437733364413,0.0,0.0,0.06030389853078534,-0.9986771248534099,0.05141984339267285,0.0
9.68,-0.5806253730135386,0.027870768887279948,9.82943536809489,0.0,0.0,0.06315428069829193,-0.99862466197886,0.05242885167164849,0.0
9.696,-0.5712499813135644,0.028741459265622785,9.828279430272014,0.0,0.0,0.06629723015804756,-0.9985684850237411,0.05348813623029789,0.0
9.712,-0.5596648551145911,0.029279615224973257,9.803900513643095,0.0,0.0,0.0697993085585723,-0.9985081176632857,0.054603470224171995,0.0
9.728,-4.968575185939378,0.03903197504715296,9.857219852521668,0.0,0.0,0.11782133731756661,-0.9984034181359994,0.05648552606068768,0.0
9.744,-5.010425213004764,0.05439562706422348,9.757257303737127,0.0,0.0,0.16581841450110946,-0.9982500506908039,0.05913405360541361,0.0
9.76,-5.005069681217518,0.061019825528693214,9.772862560630031,0.0,0.0,0.21382225660497894,-0.9980419144071406,0.06254867773606529,0.0
9.776,-5.015648304220099,0.06062097672965659,9.780526644538861,0.0,0.0,0.26182294585154064,-0.9977711447279931,0.06672887492075887,0.0
9.792,-4.99075800906563,0.052512599608170174,9.83784441668409,0.0,0.0,0.30974750151349356,-0.9974281156507008,0.0716739430301739,0.0
9.808,-1.6298246720180607,0.017395502117411813,9.783192932661558,0.0,0.0,0.35781274033064936,-0.9970014427377809,0.07738296439645756,0.0
9.824,0.0,0.0,9.769142037425931,0.0,0.0,0.40581587553589055,-0.9964779871462185,0.08385476213680919,0.0
9.84,0.0,0.0,9.81257175523952,0.0,0.0,0.45383313969651584,-0.9958428609097754,0.09108784976622242,0.0
9.856,0.0,0.0,9.793948912485599,0.0,0.0,0.501820640717098,-0.9950794337447985,0.09908037413197085,0.0
9.872,0.0,0.0,9.818703677347415,0.0,0.0,0.5498571307030483,-0.9941693416856553,0.10783005171245523,0.0
9.888,0.0,0.0,9.848907234501025,0.0,0.0,0.5977611895011262,-0.9930924978912529,0.11733409833510466,0.0
9.904,0.0,0.0,9.770812478166135,0.0,0.0,0.6458539227272418,-0.9918271059989793,0.1275891523825185,0.0
9.92,0.0,0.0,9.871203672045151,0.0,0.0,0.6939386078000046,-0.9903496764367417,0.13859119157306293,0.0
9.936,0.0,0.0,9.775945396981257,0.0,0.0,0.7419150813200137,-0.9886350461374027,0.15033544342202082,0.0
9.952,0.0,0.0,9.811360880046328,0.0,0.0,0.7896988815583788,-0.9866564021326981,0.16281628951231977,0.0
9.968,0.0,0.0,9.855173334843302,0.0,0.0,0.8377072517571877,-0.9843853095354308,0.17602716373001698,0.0
9.984,0.0,0.0,9.868140604810968,0.0,0.0,0.8857827491344609,-0.9817917444491978,0.18996044464940942,0.0
10.0,0.0,0.0,9.761489357210342,0.0,0.0,0.9336623029285249,-0.9788441323738408,0.2046073422859091,0.0
10.016,0.0,0.0,9.765797392098982,0.0,0.0,0.9819606560794064,-0.9755093927019535,0.2199577794720302,0.0
10.032,0.0,0.0,9.76834069475737,0.0,0.0,1.0298793274869278,-0.9717529899268359,0.23600026815292988,0.0
10.048,0.0,0.0,9.78360039513025,0.0,0.0,1.0777163278966526,-0.9675389922048784,0.25272178094333053,0.0
10.064,0.0,0.0,9.829243341782385,0.0,0.0,1.1259110532074745,-0.9628301379351597,0.2701076183371386,0.0
10.08,0.0,0.0,9.823883833390848,0.0,0.0,1.1738188037027584,-0.9575879110356061,0.2881412720150727,0.0
10.096,0.0,0.0,9.840954431482288,0.0,0.0,1.2217295093157592,-0.9517726256079537,0.30680428475388344,0.0
10.112,0.0,0.0,9.873394892393586,0.0,0.0,1.269933195575871,-0.9453435206925175,0.326076107503564,0.0
10.128,0.0,0.0,9.867032311838217,0.0,0.0,1.3177600352729446,-0.938258865817864,0.34593395426609386,0.0
10.144,0.0,0.0,9.855693330720227,0.0,0.0,1.3659075581016478,-0.9304760780493757,0.36635265548082513,0.0
10.16,0.0,0.0,9.789078294751421,0.0,0.0,1.4137368685920468,-0.9219518512338234,0.38730451069736577,0.0
10.176,0.0,0.0,9.816625736735368,0.0,0.0,1.4621086949073812,-0.9126422981237782,0.4087591413966773,0.0
10.192,0.0,0.0,9.772698480222568,0.0,0.0,1.499981909158068,-0.9025706880602475,0.4305416972308854,0.0
10.208,0.0,0.0,9.770553060684287,0.0,0.0,1.5000445330423957,-0.8919792721324384,0.4520762967531978,0.0
10.224,0.0,0.0,9.767200806428578,0.0,0.0,1.5000470584129513,-0.8808741501175574,0.4733505378201982,0.0
10.24,0.0,0.0,9.814631333694404,0.0,0.0,1.500059052568449,-0.8692617176449152,0.4943521682333473,0.0
10.256,0.0,0.0,9.792535026964174,0.0,0.0,1.499915291930523,-0.8571486625125722,0.5150690927952376,0.0
10.272,0.0,0.0,9.889010118962574,0.0,0.0,1.5001670659720305,-0.8445419608357242,0.5354893802754169,0.0
10.288,0.0,0.0,9.797363288183607,0.0,0.0,1.4996995915531373,-0.8314488730290378,0.5556012702817942,0.0
10.304,0.0,0.0,9.868228981379236,0.0,0.0,1.5000938805818516,-0.8178769396252523,0.5753931800336457,0.0
10.32,0.0,0.0,9.794501978878836,0.0,0.0,1.499821762665361,-0.8038339769324601,0.5948537110323388,0.0
10.336,0.0,0.0,9.873739344216315,0.0,0.0,1.5001898084396545,-0.7893280725325613,0.6139716556259186,0.0
10.352,0.0,0.0,9.767084426561663,0.0,0.0,1.4998490335986872,-0.7743675806234849,0.6327360034637911,0.0
10.368,0.0,0.0,9.77577213449218,0.0,0.0,1.4998268048678405,-0.7589611172078662,0.6511359478377673,0.0
10.384,0.0,0.0,9.82506534982341,0.0,0.0,1.4997971453300256,-0.743117555130943,0.6691608919058329,0.0
10.4,0.0,0.0,9.825941578437757,0.0,0.0,1.4998943182562057,-0.7268460189705322,0.6868004547950508,0.0
10.416,0.0,0.0,9.818518907519408,0.0,0.0,1.5001437488007392,-0.710155879782031,0.7040444775800813,0.0
10.432,0.0,0.0,9.805355253061895,0.0,0.0,1.5000408105023064,-0.693056749701463,0.7208830291338836,0.0
10.448,0.0,0.0,9.808231264888558,0.0,0.0,1.5003056740089855,-0.6755584764096904,0.7373064118472169,0.0
10.464,0.0,0.0,9.799695308353822,0.0,0.0,1.5000719350207885,-0.6576711374609597,0.7533051672136649,0.0
10.48,0.0,0.0,9.827790496026257,0.0,0.0,1.4999860953066886,-0.639405034479072,0.7688700812769454,0.0
10.496,0.0,0.0,9.800446996280286,0.0,0.0,1.4998167359307235,-0.6207706872245004,0.7839921899373881,0.0
10.512,0.0,0.0,9.906073577721049,0.0,0.0,1.4998309226250166,-0.6017788275358776,0.7986627841145125,0.0
10.528,0.0,0.0,9.842241641573994,0.0,0.0,1.499727888840702,-0.5824403931493505,0.8128734147627354,0.0
10.544,0.0,0.0,9.767938507031257,0.0,0.0,1.4999605713018822,-0.5627665213993494,0.8266158977373201,0.0
10.56,0.0,0.0,9.83917616606257,0.0,0.0,1.4998406585576536,-0.5427685428044089,0.8398823185077648,0.0
10.576,0.0,0.0,9.81186592405872,0.0,0.0,1.4998230665426775,-0.5224579745417244,0.8526650367159186,0.0
10.592,0.0,0.0,9.79497718359588,0.0,0.0,1.5002768087129625,-0.5018465138142195,0.8649566905761897,0.0
10.608,0.0,0.0,9.815282861927088,0.0,0.0,1.4999365134112408,-0.4809460311139213,0.8767502011153276,0.0
10.624,0.0,0.0,9.799102538740659,0.0,0.0,1.5000964504400687,-0.4597685633855452,0.8880387762493211,0.0
10.64,0.0,0.0,9.828493416943374,0.0,0.0,1.4998853975136308,-0.4383263070942125,0.8988159146950783,0.0
10.656,0.0,0.0,9.834674470667094,0.0,0.0,1.5002005749338343,-0.41663161120129544,0.9090754097146246,0.0
10.672,0.0,0.0,9.790884029529968,0.0,0.0,1.5000644458309034,-0.39469697005244386,0.9188113526896695,0.0
10.688,0.0,0.0,9.79705032088806,0.0,0.0,1.5000545046275933,-0.3725350161818747,0.9280181365244811,0.0
10.704,0.0,0.0,9.867600423609499,0.0,0.0,1.499977485624758,-0.35015851303707907,0.9366904588751087,0.0
10.72,0.0,0.0,9.749052228144665,0.0,0.0,1.499992504604643,-0.3275803476281417,0.944823325203091,0.0
10.736,0.0,0.0,9.819320019447781,0.0,0.0,1.4996552971663593,-0.3048135231058809,0.9524120516518996,0.0
10.752,0.0,0.0,9.819679012154944,0.0,0.0,1.5001236640026854,-0.28187115127312473,0.9594522677444477,0.0
10.768,0.0,0.0,9.802836824342204,0.0,0.0,1.4997661531827635,-0.2587664450333892,0.965939918900126,0.0
10.784,0.0,0.0,9.757663388704716,0.0,0.0,1.4999219929113328,-0.23551271078135028,0.9718712687699025,0.0
10.8,0.0,0.0,9.824017315899429,0.0,0.0,1.5000128371416543,-0.21212334073945333,0.9772429013881524,0.0
10.816,0.0,0.0,9.837175386835659,0.0,0.0,1.499740403762743,-0.18861180524511595,0.982051723139967,0.0
10.832,0.0,0.0,9.823024953343136,0.0,0.0,1.4999506384780243,-0.16499164499292235,0.9862949645428235,0.0
10.848,0.0,0.0,9.857360571215487,0.0,0.0,1.5003509281918572,-0.1412764632363104,0.9899701818415744,0.0
10.864,0.0,0.0,9.860920218363278,0.0,0.0,1.4999636308465516,-0.11747991795321962,0.9930752584158488,0.0
10.88,0.0,0.0,9.80539414772728,0.0,0.0,1.499691631238924,-0.09361571398024286,0.9956084059990501,0.0
10.896,0.0,0.0,9.864423568330613,0.0,0.0,1.5000564241634808,-0.06969759511974491,0.9975681657082508,0.0
10.912,0.0,0.0,9.775516812070626,0.0,0.0,1.4999064749393354,-0.04573933622464039,0.998953408884383,0.0
10.928,0.0,0.0,9.796953639158385,0.0,0.0,1.5002859012443244,-0.021754735265129523,0.9997633377422601,0.0
10.944,0.0,0.0,9.815781633588525,0.0,0.0,1.4997829998261154,0.002242394617680557,0.9999974858300288,0.0
10.96,0.0,0.0,9.821988276434599,0.0,0.0,1.5000820733626345,0.026238233067287994,0.9996557182978081,0.0
10.976,0.0,0.0,9.804033325162635,0.0,0.0,1.5001571205291029,0.05021896047055704,0.9987382319753545,0.0
10.992,0.0,0.0,9.81872687187502,0.0,0.0,1.4999283928653577,0.07417076591736593,0.9972455552586992,0.0
11.008000000000001,0.0,0.0,9.776484558399947,0.0,0.0,1.4997806281695905,0.09807985515413853,0.9951785478058414,0.0
11.024000000000001,0.0,0.0,9.812856198004374,0.0,0.0,1.4998471029576899,0.12193245852830938,0.9925384000416518,0.0
11.040000000000001,0.0,0.0,9.770406895972132,0.0,0.0,1.499990002724968,0.1457148389184728,0.989326632472291,0.0
11.056000000000001,0.0,0.0,9.841517220094298,0.0,0.0,1.500113087369749,0.16941329964585963,0.9855450948095184,0.0
11.072000000000001,0.0,0.0,9.81866145717941,0.0,0.0,1.4998795128937155,0.1930141923624391,0.9811959649054186,0.0
11.088000000000001,0.0,0.0,9.795434236246676,0.0,0.0,1.500142312799881,0.21650392491128015,0.9762817474981345,0.0
11.104000000000001,0.0,0.0,9.777330261322145,0.0,0.0,1.5001362728270426,0.2398689691544906,0.970805272769345,0.0
11.120000000000001,0.0,0.0,9.786020325865817,0.0,0.0,1.4999453865339065,0.2630958687642947,0.9647696947143194,0.0
11.136000000000001,0.0,0.0,9.808927285568677,0.0,0.0,1.4998096791710704,0.2861712469727701,0.9581784893254752,0.0
11.152000000000001,0.0,0.0,9.820626687646937,0.0,0.0,1.4998377444220243,0.30908181427576376,0.9510354525904922,0.0
11.168000000000001,0.0,0.0,9.865336691365071,0.0,0.0,1.5002624179604207,0.33181437608652276,0.943344698306145,0.0
11.184000000000001,0.0,0.0,9.824719870489243,0.0,0.0,1.4998994445276483,0.35435584033470624,0.9351106557090899,0.0
11.200000000000001,0.0,0.0,9.797002230512467,0.0,0.0,1.5001234166411077,0.37669322500631486,0.9263380669249979,0.0
11.216000000000001,0.0,0.0,9.767429775534362,0.0,0.0,1.5000598260111784,0.39881366562026493,0.9170319842374788,0.0
11.232000000000001,0.0,0.0,9.860628842618494,0.0,0.0,1.4999324273987142,0.420704422637255,0.9071977671783887,0.0
11.248000000000001,0.0,0.0,9.858469462722175,0.0,0.0,1.50001056667788,0.44235288879669005,0.8968410794411813,0.0
11.264,0.0,0.0,9.816095664738182,0.0,0.0,1.5000281768267092,0.46374659637741267,0.8859678856190923,0.0
11.28,0.0,0.0,9.821645096860449,0.0,0.0,1.4999114022055926,0.48487322437808217,0.8745844477700264,0.0
11.296,0.0,0.0,9.921404553113549,0.0,0.0,1.5000412089849344,0.5057206056130449,0.8626973218101324,0.0
11.312,0.0,0.0,9.829332153638376,0.0,0.0,1.4998584565987354,0.526276733719624,0.8503133537381407,0.0
11.328,0.0,0.0,9.758239614696386,0.0,0.0,1.500114781587586,0.546529770072793,0.8374396756926316,0.0
11.344,0.0,0.0,9.774033567291072,0.0,0.0,1.500168341153339,0.5664680506032389,0.8240837018445192,0.0
11.36,0.0,0.0,9.844594903804857,0.0,0.0,1.5000948101039417,0.5860800925148979,0.8102531241271018,0.0
11.376,0.0,0.0,9.838658430259182,0.0,0.0,1.4997207881207024,0.6053546008980975,0.7959559078061454,0.0
11.392,0.0,0.0,9.850434244350481,0.0,0.0,1.5000435018187237,0.6242804752344818,0.7812002868925546,0.0
11.408,0.0,0.0,9.835164449756878,0.0,0.0,1.499960845911195,0.6428468157899955,0.765994759400261,0.0
11.424,0.0,0.0,9.86519123475328,0.0,0.0,1.4999513106920594,0.6610429298922236,0.7503480824520744,0.0
11.44,0.0,0.0,9.830601501806923,0.0,0.0,1.5001641423021703,0.6788583380884842,0.7342692672363057,0.0
11.456,0.0,0.0,9.766313740798404,0.0,0.0,1.5002174824628445,0.6962827801811244,0.7177675738170708,0.0
11.472,0.0,0.0,9.785765802827385,0.0,0.0,1.5000284695060173,0.7133062211365445,0.7008525058012586,0.0
11.488,0.0,0.0,9.786836133544575,0.0,0.0,1.5000612116961398,0.7299188568645425,0.6835338048652456,0.0
11.504,0.0,0.0,9.745569521645226,0.0,0.0,1.4998075400111142,0.7461111198646594,0.665821445144495,0.0
11.52,0.0,0.0,9.788275183551262,0.0,0.0,1.4996106067929276,0.7618736847362648,0.647725627489284,0.0
11.536,0.0,0.0,9.808706572721409,0.0,0.0,1.500072518879119,0.7771974735492145,0.6292567735898584,0.0
11.552,0.0,0.0,9.869884888980836,0.0,0.0,1.499940794684723,0.7920736610719858,0.6104255199744036,0.0
11.568,0.0,0.0,9.725954749567876,0.0,0.0,1.4746835937937168,0.8062551214822409,0.5915679834842796,0.0
11.584,0.0,0.0,9.826860689404107,0.0,0.0,1.4298098924635025,0.8195758084558296,0.5729707620760185,0.0
11.6,0.0,0.0,9.822360169601355,0.0,0.0,1.3995185817158282,0.8321993137914065,0.5544766019636104,0.0
11.616,0.0,0.0,9.754981892667915,0.0,0.0,1.3612400858796014,0.8440749812845759,0.5362251634989194,0.0
11.632,0.0,0.0,9.829679978399035,0.0,0.0,1.3293773944255551,0.8552889413033115,0.5181513551890612,0.0
11.648,0.0,0.0,9.81837020412882,0.0,0.0,1.2948056440497935,0.8658375977833755,0.5003251485431385,0.0
11.664,0.0,0.0,9.820394915431434,0.0,0.0,1.2633061463740392,0.8757735944550573,0.4827220849052473,0.0
11.68,0.0,0.0,9.82269448234183,0.0,0.0,1.231279637926949,0.8851117603960993,0.4653785250830963,0.0
11.696,0.0,0.0,9.87418763696154,0.0,0.0,1.201106000083749,0.8938896265871199,0.44828711277477007,0.0
11.712,0.0,0.0,9.876035261392953,0.0,0.0,1.1707326883494014,0.9021284951145104,0.4314674707349659,0.0
11.728,0.0,0.0,9.767794833977494,0.0,0.0,1.141518532548507,0.9098584569570486,0.4149187731396816,0.0
11.744,0.0,0.0,9.831612024978675,0.0,0.0,1.1129412253360311,0.9171023351991331,0.3986518616190038,0.0
11.76,0.0,0.0,9.741208968876027,0.0,0.0,1.085354249592155,0.9238860013569905,0.38266781481670414,0.0
11.776,0.0,0.0,9.796642627359242,0.0,0.0,1.0581208564313083,0.9302317827527589,0.3669725198930078,0.0
11.792,0.0,0.0,9.739704557754829,0.0,0.0,1.031833235330196,0.936162710413773,0.3515670343344756,0.0
11.808,0.0,0.0,9.788495342783897,0.0,0.0,1.0060318917309399,0.9416998306852833,0.3364542002818643,0.0
11.824,0.0,0.0,9.811816909329902,0.0,0.0,0.980982276327526,0.9468639570644918,0.32163433711619216,0.0
11.84,0.0,0.0,9.833730258553942,0.0,0.0,0.9563790337126093,0.9516745875076236,0.30710825370249306,0.0
11.856,0.0,0.0,9.884265047591562,0.0,0.0,0.932464543749069,0.9561506334780835,0.29287534225239875,0.0
11.872,0.0,0.0,9.812251279221867,0.0,0.0,0.9093069530484652,0.9603099954481477,0.2789349613124513,0.0
11.888,0.0,0.0,9.803025473694593,0.0,0.0,0.8866291631451391,0.9641698744928472,0.265285606696721,0.0
11.904,0.0,0.0,9.811320350580692,0.0,0.0,0.8645403819536371,0.9677466165111576,0.2519255569234819,0.0
11.92,0.0,0.0,9.857421144052584,0.0,0.0,0.8427460248572515,0.9710558540086242,0.2388525243651021,0.0
11.936,0.0,0.0,9.855395563857796,0.0,0.0,0.8218733183044723,0.974112459357819,0.2260639655581175,0.0
11.952,0.0,0.0,9.798175271531253,0.0,0.0,0.801486892177779,0.9769306175508873,0.21355694437700237,0.0
11.968,0.0,0.0,9.813550801793369,0.0,0.0,0.7812443223785835,0.97952382317024,0.20132828872753195,0.0
11.984,0.0,0.0,9.75361316089687,0.0,0.0,0.7618886343826174,0.9819049248506376,0.18937454568675208,0.0
12.0,0.0,0.0,9.812926310239668,0.0,0.0,0.7427355792346979,0.9840861392645545,0.17769206652910502,0.0
12.016,0.0,0.0,9.792222067546522,0.0,0.0,0.7242845258877344,0.9860790836154605,0.16627700038217588,0.0
12.032,0.0,0.0,9.866563912880515,0.0,0.0,0.7062434448635154,0.9878947957269658,0.15512534472347475,0.0
12.048,0.0,0.0,9.854603258998338,0.0,0.0,0.6886308052633945,0.9895437610274229,0.14423295397274025,0.0
12.064,0.0,0.0,9.7925543023671,0.0,0.0,0.6713247335534412,0.991035934275499,0.133595572436698,0.0
12.08,0.0,0.0,9.881913318825635,0.0,0.0,0.654502656371483,0.9923807635531244,0.12320884761135376,0.0
12.096,0.0,0.0,9.80607117435438,0.0,0.0,0.6383074135433046,0.9935872117951634,0.11306835347308056,0.0
12.112,0.0,0.0,9.752186464649132,0.0,0.0,0.6223493273738053,0.994663778755586,0.10316960420423621,0.0
12.128,0.0,0.0,9.798172651861758,0.0,0.0,0.6067639616454022,0.9956185215938798,0.09350807162602205,0.0
12.144,0.0,0.0,9.836366521430211,0.0,0.0,0.5916545273432751,0.9964590751843536,0.08407919768136907,0.0
12.16,0.0,0.0,9.78964026403408,0.0,0.0,0.5768589270392582,0.9971926714657643,0.07487840793561686,0.0
12.176,0.0,0.0,9.786009128832541,0.0,0.0,0.5624762023243016,0.9978261582465439,0.06590112228895319,0.0
12.192,0.0,0.0,9.846425540487575,0.0,0.0,0.5484408414376253,0.9983660172196479,0.05714276560491045,0.0
12.208,0.0,0.0,9.855733435179232,0.0,0.0,0.534758785790053,0.9988183813449851,0.04859877660377807,0.0
12.224,0.0,0.0,9.89813789162039,0.0,0.0,0.5214046452104273,0.9991890515197992,0.04026461626495613,0.0
12.24,0.0,0.0,9.849839496093386,0.0,0.0,0.5084376715802216,0.9994835126016467,0.032135775040816265,0.0
12.256,0.0,0.0,9.838417546939983,0.0,0.0,0.49567974123432157,0.9997069487670482,0.024207779470219317,0.0
12.272,0.0,0.0,9.744833524740322,0.0,0.0,0.48334052033570796,0.9998642582382441,0.016476197913538326,0.0
12.288,0.0,0.0,9.76995405917094,0.0,0.0,0.4712758654777908,0.999960067384505,0.008936645700497813,0.0
12.304,4.996937349538991,-0.03380010307643949,9.78082417591634,0.0,0.0,0.42330544985869806,0.999997657306252,0.0021645743249433347,0.0
12.32,5.0070235842350925,0.00381836219372045,9.796424749877831,0.0,0.0,0.3752314107562098,0.9999926286663748,-0.0038396110367911753,0.0
12.336,5.001007601308844,0.03370351250337133,9.768526306054662,0.0,0.0,0.3272808463151199,0.9999588150008528,-0.00907569843538956,0.0
12.352,4.971112504544751,0.05590628061511248,9.833798779161663,0.0,0.0,0.27924871077901975,0.9999082810261233,-0.013543616037944527,0.0
12.368,5.018572418830765,0.07113989090042724,9.798657185708963,0.0,0.0,0.23128750834050277,0.9998513217704403,-0.017243385801618813,0.0
12.384,5.028763244839724,0.07812364639347275,9.7820513240835,0.0,0.0,0.18327334218570598,0.9997964622802147,-0.020175083939543956,0.0
12.4,4.988346448903261,0.07695363556463691,9.799188567628658,0.0,0.0,0.1352481023099693,0.9997504576888071,-0.022338808182638364,0.0
12.416,5.005135741061304,0.06872522150585243,9.774968317721413,0.0,0.0,0.08726854648288106,0.9997182934717744,-0.02373465183825179,0.0
12.432,4.979764505953695,0.05255877208401,9.837131062473333,0.0,0.0,0.03926224581883928,0.9997031857490953,-0.024362684644960175,0.0
12.448,4.999763434049848,0.02893030574906937,9.794023461513309,0.0,0.0,-0.008736703601749342,0.9997065815314518,-0.02422294042222697,0.0
12.464,4.999071620357945,-0.004816506033094979,9.856873860283686,0.0,0.0,-0.027457183985443372,0.9997171261753786,-0.023783768238912442,0.0
12.48,4.998588821251391,-0.02184367436309909,9.83180210607225,0.0,0.0,-0.027120821963820655,0.9997273514174292,-0.02335000702124419,0.0
12.496,4.993384864364254,-0.02395443575543023,9.739631229062809,0.0,0.0,-0.026791563339164156,0.9997372693130359,-0.02292143857864192,0.0
12.512,4.982532626564185,-0.025815522515876314,9.811235807177118,0.0,0.0,-0.02647990402230052,0.9997468913588656,-0.022497849192413467,0.0
12.528,4.979268282486864,-0.02758299956002341,9.789593673223763,0.0,0.0,-0.026188462282575414,0.9997562285219672,-0.022079029225317424,0.0
12.544,5.029738815246086,-0.02920948379118163,9.764975086824917,0.0,0.0,-0.025900543781211444,0.9997652912670344,-0.021664772736914212,0.0
12.56,5.012377261867278,-0.030929469575757502,9.803334042880325,0.0,0.0,-0.025625356412510344,0.9997740895819122,-0.02125487710288629,0.0
12.576,5.002704726443819,-0.03264842467852867,9.735265830265329,0.0,0.0,-0.025363454060777724,0.9997826330014563,-0.020849142636458335,0.0
12.592,4.985978967807399,-0.03432028373701239,9.798889007083275,0.0,0.0,-0.025115214095672852,0.9997909306298518,-0.020447372210016485,0.0
12.608,4.9917980326000295,-0.036170472315008875,9.779596160181908,0.0,0.0,-0.02487715073525361,0.9997989911614832,-0.02004937087493904,0.0
12.624,4.9968966670295565,-0.03769006918580204,9.772254797566877,0.0,0.0,-0.024654939946986126,0.9998068229004412,-0.019654945477557997,0.0
12.64,5.025325125064756,-0.03933532099002013,9.85873848645521,0.0,0.0,-0.024442295400211013,0.9998144337787452,-0.01926390426905091,0.0
12.656,4.992579231511389,-0.041162583665765314,9.835296798996213,0.0,0.0,-0.024242716649493283,0.9998218313733443,-0.01887605650691321,0.0
12.672,4.97848621008716,-0.04252487664074277,9.81396844514126,0.0,0.0,-0.024053766782521104,0.9998290229219641,-0.018491212045476293,0.0
12.688,4.9546731561709425,-0.044324110571620896,9.841257709554936,0.0,0.0,-0.023879509244594248,0.9998360153378504,-0.018109180912724305,0.0
12.704,5.037292146336697,-0.04577911399357863,9.74672532210851,0.0,0.0,-0.02372289515682736,0.9998428152234554,-0.017729772870389116,0.0
12.72,4.990400715810016,-0.04752800225920886,9.862415759389512,0.0,0.0,-0.023563641955345455,0.9998494288831058,-0.017352796954015086,0.0
12.736,4.969990913381309,-0.048977129527179517,9.775198443332455,0.0,0.0,-0.02342565658245325,0.9998558623346887,-0.01697806098929989,0.0
12.752,5.005978886526227,-0.050476171633384526,9.839925552017482,0.0,0.0,-0.02329798801809564,0.9998621213203729,-0.016605371080596527,0.0
12.768,5.025833204743664,-0.05218128781652822,9.807318051716667,0.0,0.0,-0.02318125701891918,0.9998682113163895,-0.01623453106695511,0.0
12.784,4.994548404155467,-0.053811071132009634,9.83365531699463,0.0,0.0,-0.02307848234300529,0.9998741375418769,-0.015865341940474252,0.0
12.8,1.2534130675051616,-0.05674261139369269,9.801235310500061,0.0,0.0,-0.022987510557315866,0.9998799049667885,-0.015497601221032685,0.0
12.816,3.151231273688489e-05,-0.057675313947082224,9.777350024977848,0.0,0.0,-0.022900151637480933,0.9998855166528795,-0.015131212370602581,0.0
12.832,3.1377217227003375e-05,-0.057378352097762333,9.855162718434226,0.0,0.0,-0.022821566458705974,0.9998909749925723,-0.014766114194441305,0.0
12.848,3.122117781275635e-05,-0.05684238827098012,9.825335897154051,0.0,0.0,-0.022742550953948663,0.9998962822950941,-0.014402244701766079,0.0
12.864,3.10353019265509e-05,-0.05695957922942081,9.73458791119641,0.0,0.0,-0.02267471191550992,0.9999014407867294,-0.014039541040324578,0.0
12.88,3.059152515890916e-05,-0.0568653462089935,9.806289386309954,0.0,0.0,-0.022599684737219544,0.9999064526109571,-0.013677939427115378,0.0
12.896,3.039390300179148e-05,-0.05618930272937175,9.790108083094498,0.0,0.0,-0.02253342868595815,0.9999113198284703,-0.013317375074939838,0.0
12.912,3.033821350254043e-05,-0.0561831322731444,9.788666989655132,0.0,0.0,-0.022476976894594023,0.9999160444170673,-0.01295778211445193,0.0
12.928,3.0359325636076157e-05,-0.05627978239632862,9.814943942766497,0.0,0.0,-0.0224185342701343,0.9999206282714108,-0.012599093511326586,0.0
12.944,2.9940310241318815e-05,-0.0557882282980998,9.827022929829235,0.0,0.0,-0.02236720684055583,0.9999250732026451,-0.012241240978151642,0.0
12.96,2.99793915719509e-05,-0.05580736113672896,9.822390662130534,0.0,0.0,-0.022321573310094763,0.9999293809378613,-0.011884154880588783,0.0
12.976,2.9776285099643276e-05,-0.055849313182140294,9.808439905163839,0.0,0.0,-0.022276093274923657,0.9999335531194032,-0.011527764137312534,0.0
12.992,2.972981666589253e-05,-0.055116463793010155,9.796197525704349,0.0,0.0,-0.022238528565065814,0.9999375913040007,-0.011171996113198074,0.0
13.008000000000001,2.9506848310485027e-05,-0.05574179891620045,9.753729112650397,0.0,0.0,-0.0222014871276994,0.9999414969617161,-0.010816776505151433,0.0
13.024000000000001,2.9641116434548536e-05,-0.05561418509076412,9.831423716976282,0.0,0.0,-0.02217484302931848,0.9999452714746948,-0.010462029219940591,0.0
13.040000000000001,2.9511616358506903e-05,-0.05515396177574146,9.8029695969775,0.0,0.0,-0.022148262324910285,0.9999489161356998,-0.010107676243294448,0.0
13.056000000000001,2.9420212301817978e-05,-0.05508968669556671,9.806040153772658,0.0,0.0,-0.02212383037926387,0.999952432146414,-0.009753637499477436,0.0
13.072000000000001,2.930986235625867e-05,-0.055099859964059174,9.808183594654416,0.0,0.0,-0.022116819554075396,0.9999558206154924,-0.009399830700455363,0.0
13.088000000000001,2.9307395382991754e-05,-0.055289125759886044,9.823701662789137,0.0,0.0,-0.022107049916362774,0.9999590825563395,-0.009046171183664896,0.0
13.104000000000001,2.9076622500559445e-05,-0.05520024164371229,9.805980454356035,0.0,0.0,-0.022102596081691822,0.9999622188845898,-0.008692571737301561,0.0
13.120000000000001,2.9187896950828454e-05,-0.055296133123819494,9.820454162436,0.0,0.0,-0.022102106718132657,0.9999652304152634,-0.008338942411916024,0.0
13.136000000000001,2.9209789748534656e-05,-0.05532999087361121,9.85238735836863,0.0,0.0,-0.022113868101723347,0.9999681178595655,-0.007985190316961162,0.0
13.152000000000001,2.9143832987979712e-05,-0.05546595728193518,9.770986927235395,0.0,0.0,-0.022125023241031123,0.9999708818212945,-0.007631219400783037,0.0
13.168000000000001,2.943802144961928e-05,-0.05512072578619906,9.829106756273443,0.0,0.0,-0.02214058052449709,0.9999735227928209,-0.007276930212366677,0.0
13.184000000000001,2.9483250096846453e-05,-0.055444004370126095,9.839044714411738,0.0,0.0,-0.022165951108782427,0.9999760411505941,-0.006922219642951521,0.0
13.200000000000001,2.9530403530484096e-05,-0.055397428160519034,9.789006749719514,0.0,0.0,-0.02219655780691614,0.9999784371501234,-0.006566980645386019,0.0
13.216000000000001,2.9463049020853568e-05,-0.05552896669418453,9.789718418528206,0.0,0.0,-0.02224513457103482,0.9999807109203805,-0.006211101928836169,0.0
13.232000000000001,2.968381973765433e-05,-0.05556782178466462,9.816801127203659,0.0,0.0,-0.02229101990605666,0.9999828624575594,-0.005854467626161632,0.0
13.248000000000001,2.973105605690384e-05,-0.055652459626084366,9.814974974741208,0.0,0.0,-0.022343964319200306,0.9999848916181184,-0.005496956930913718,0.0
13.264000000000001,2.9830234939217424e-05,-0.055794983630113607,9.80012396485048,0.0,0.0,-0.022410617181231832,0.9999867981110235,-0.005138443700519059,0.0
13.280000000000001,3.036602172648801e-05,-0.0563166860394145,9.730196124150012,0.0,0.0,-0.022479447867908058,0.9999885814891001,-0.004778796021747707,0.0
13.296000000000001,3.0425634127163673e-05,-0.056492473362476564,9.787302650212693,0.0,0.0,-0.022557188041381276,0.9999902411393817,-0.004417875734030305,0.0
13.312000000000001,3.081110673981248e-05,-0.05661242766033583,9.87584376039103,0.0,0.0,-0.022649648615854206,0.9999917762723336,-0.00405553790556563,0.0
13.328,3.059729297913127e-05,-0.056685479215896825,9.791557032736824,0.0,0.0,-0.022746421576814193,0.9999931859098089,-0.003691630256446592,0.0
13.344,3.113534196464397e-05,-0.05689508858193882,9.811814943896156,0.0,0.0,-0.02285496499752719,0.9999944688715745,-0.0033259925221870035,0.0
13.36,3.1624467126708965e-05,-0.057373987486582144,9.835645239960712,0.0,0.0,-0.02297569370917986,0.9999956237602118,-0.0029584557500477986,0.0
13.376,3.2038897140827516e-05,-0.05736869511852037,9.870301283304356,0.0,0.0,-0.023103281909556413,0.999996648944179,-0.0025888415194140215,0.0
13.392,3.218788837357312e-05,-0.05778820426979762,9.757262456405822,0.0,0.0,-0.02324335822367059,0.999997542538774,-0.002216961076110429,0.0
13.408,3.2498487525728724e-05,-0.05818949157447178,9.7936012722467,0.0,0.0,-0.023398854275694735,0.9999983023847028,-0.001842614368941343,0.0
13.424,-1.1059298651764158,-0.05871480174493454,9.793998574129743,0.0,0.0,-0.023565588050512478,0.9999989260239017,-0.001465588974835353,0.0
13.44,-3.922223508959462,-0.06019668531838066,9.76546471180141,0.0,0.0,-0.023744685918213018,0.9999994106018962,-0.0010857236575206814,0.0
13.456,-2.730222034193939,-0.05851409955576017,9.781294494995146,0.0,0.0,-0.023919119976768138,0.9999997528833496,-0.0007030172399185795,0.0
13.472,-3.1170781421884715,-0.058478303881807685,9.82153000268291,0.0,0.0,-0.024096538266111717,0.9999999496275354,-0.00031740341316565144,0.0
13.488,-2.8734126407552614,-0.057441890404042316,9.792170979370097,0.0,0.0,-0.0242858207129398,0.9999999974680954,7.116044700001875e-05,0.0
13.504,-2.8923915895926675,-0.05662387937040018,9.806814775511823,0.0,0.0,-0.024469392740289544,0.9999998929411945,0.0004627284296450323,0.0
13.52,-2.814865460965004,-0.05591577669494451,9.76824185478688,0.0,0.0,-0.024662159999714696,0.9999996324734527,0.0008573522961051809,0.0
13.536,-2.7538292942168225,-0.05513404827246552,9.8376449100768,0.0,0.0,-0.02486010216859454,0.9999992123779782,0.001255087018333307,0.0
13.552,-2.687677025938129,-0.05484200043810396,9.836677672169605,0.0,0.0,-0.025058364254619474,0.9999986288497936,0.001655988687396384,0.0
13.568,-2.6463131500819936,-0.05386764744589437,9.812261011920794,0.0,0.0,-0.025257847228406495,0.999997877959934,0.0020601154407513564,0.0
13.584,-2.5800161130712445,-0.05336510901274198,9.865308546966617,0.0,0.0,-0.025463704909735454,0.999996955650119,0.002467527202257811,0.0
13.6,-2.5336568418411503,-0.05220118519166689,9.84717865980575,0.0,0.0,-0.025672941855444314,0.9999958577265686,0.0028782858969665097,0.0
13.616,-2.475040442709298,-0.05171491480952975,9.763157843361888,0.0,0.0,-0.025880663025403157,0.999994579853753,0.003292455484315081,0.0
13.632,-2.4371383062765752,-0.05102571683031592,9.92739591999951,0.0,0.0,-0.026105215329067264,0.999993117547633,0.003710102069521658,0.0
13.648,-2.378869166162744,-0.05045642174383696,9.822923932463745,0.0,0.0,-0.02632209801714477,0.9999914661685672,0.0041312939909146735,0.0
13.664,-2.3395154551786974,-0.05005078372752087,9.785109331552393,0.0,0.0,-0.02654918338304203,0.999989620913766,0.004556101924084394,0.0
13.68,-2.2954842473421766,-0.04972888647136726,9.855544625866079,0.0,0.0,-0.026782171575496824,0.9999875768093007,0.004984598987172584,0.0
13.696,-2.2410686147589747,-0.049023037722181334,9.837954197690559,0.0,0.0,-0.02701801695897218,0.9999853287016204,0.0054168608540517615,0.0
13.712,-2.194678287812004,-0.04820563456633142,9.839878013191846,0.0,0.0,-0.027258089194125278,0.9999828712485462,0.005852965873279148,0.0
13.728,-2.169266726249683,-0.04782278321753042,9.863349383219196,0.0,0.0,-0.027502447856766667,0.9999801989097009,0.00629299519429498,0.0
13.744,-2.1025117150479087,-0.046717529408957244,9.811223699602142,0.0,0.0,-0.027751049025105275,0.9999773059363355,0.006737032900952983,0.0
13.76,-2.0604347370204077,-0.04657427597183036,9.846188588895236,0.0,0.0,-0.028010823521715536,0.9999741863605044,0.007185166153075023,0.0
13.776,-2.037029758577655,-0.0463729344171639,9.861098430602992,0.0,0.0,-0.028272418321526275,0.9999708339835389,0.0076374853365477465,0.0
13.792,-1.9959725183245638,-0.0454844714021246,9.808327526914923,0.0,0.0,-0.02853829146100551,0.9999672423637673,0.008094084222610733,0.0
13.808,-1.9610942550496615,-0.044955194705874106,9.891245939957019,0.0,0.0,-0.028814607591197916,0.9999634048034218,0.008555060137014623,0.0
13.824,-1.9150107245688488,-0.04449534344816333,9.88976821327304,0.0,0.0,-0.029090393343891446,0.9999593143346655,0.009020514139788887,0.0
13.84,-1.8621622473193742,-0.04431442089545803,9.803959041864825,0.0,0.0,-0.02937717483807708,0.9999549637046702,0.009490551216432278,0.0
13.856,-1.8294679222700265,-0.04346535187026026,9.80979903142114,0.0,0.0,-0.029672141988715633,0.9999503453596719,0.009965280481404656,0.0
13.872,-1.7980545607176897,-0.0431159860869593,9.76034844023546,0.0,0.0,-0.029976554959452038,0.9999454514279101,0.010444815394880015,0.0
13.888,-1.7671261660292266,-0.043046647341464316,9.876132609735437,0.0,0.0,-0.030283646044748556,0.9999402737013688,0.010929273993817832,0.0
13.904,-1.7391705993634745,-0.042381614390878335,9.789948330418197,0.0,0.0,-0.03059478706961649,0.9999348036162091,0.011418779138492192,0.0
13.92,-1.6877439701016088,-0.04154180718102415,9.767133415326123,0.0,0.0,-0.030916697826440354,0.9999290322317872,0.011913458775748398,0.0
13.936,-1.663025757423416,-0.04134920491526343,9.813168329985198,0.0,0.0,-0.0312557754944344,0.9999229502081322,0.012413446220354216,0.0
13.952,-1.6402827470480508,-0.040995821820339104,9.860925239148925,0.0,0.0,-0.03159385236192387,0.9999165477817459,0.012918880455966012,0.0
13.968,-1.6029759252179236,-0.04124509609707248,9.787936389197753,0.0,0.0,-0.03194526421274725,0.9999098147395826,0.013429906457375084,0.0
13.984,-1.561887571667352,-0.04011884777329579,9.772244021892652,0.0,0.0,-0.032303176158166316,0.999902740391033,0.013946675535858422,0.0
14.0,-1.5300475826627145,-0.04011598038015187,9.770644953357703,0.0,0.0,-0.03267016752524682,0.9998953135377397,0.014469345709649244,0.0
14.016,-1.5034970881357823,-0.03964507203049262,9.722711240116647,0.0,0.0,-0.03304965485587795,0.9998875224410337,0.014998082101765193,0.0
14.032,-1.4606997064100482,-0.03929246088235868,9.799243346629932,0.0,0.0,-0.03343632198843256,0.9998793547867734,0.015533057367631942,0.0
14.048,-1.4444552564106894,-0.03899981661383722,9.791635283361733,0.0,0.0,-0.033839374305973426,0.9998707976473307,0.016074452155241108,0.0
14.064,-1.4122112555627973,-0.038883978850669826,9.740886665433761,0.0,0.0,-0.034252245995563486,0.9998618374404526,0.01662245560083864,0.0
14.08,-1.3809865150093534,-0.03841496364771228,9.745838522394276,0.0,0.0,-0.03468252075457746,0.9998524598846844,0.017177265863504383,0.0
14.096,-1.3516846807077052,-0.03789504903868846,9.832051070537462,0.0,0.0,-0.03512089643050915,0.9998426499510085,0.01773909070232292,0.0
14.112,-1.3184610207261245,-0.037249838213647114,9.85641625111386,0.0,0.0,-0.035573184848907466,0.9998323918103164,0.018308148100296764,0.0
14.128,-1.3048727444425798,-0.03741704531937006,9.75755889384343,0.0,0.0,-0.036039773794923104,0.9998216687762774,0.01888466693960679,0.0
14.144,-1.269486959774358,-0.03718469555825434,9.821283509358965,0.0,0.0,-0.036525504136797476,0.9998104632431214,0.019468887733383768,0.0
14.16,-1.2464279153507356,-0.037053227763476394,9.764119874660858,0.0,0.0,-0.03702031047847496,0.9997987566177851,0.02006106341974545,0.0
14.176,-1.2258423093231805,-0.036501293416720745,9.85998336254461,0.0,0.0,-0.03752972583158398,0.9997865292458127,0.020661460224580857,0.0
14.192,-1.1967799765956757,-0.036258070438462235,9.864566913359479,0.0,0.0,-0.038066977066792296,0.9997737603303126,0.021270358600329865,0.0
14.208,-1.1690862788236114,-0.036008475555063785,9.821861368888026,0.0,0.0,-0.038615072696653215,0.9997604278431884,0.02188805424894555,0.0
14.224,-1.1581098310937536,-0.03595080916602454,9.820529220146573,0.0,0.0,-0.03919179189675055,0.9997465084277524,0.022514859238247475,0.0
14.24,-1.1340208926312267,-0.03582275185672175,9.810163050222657,0.0,0.0,-0.03977372476368786,0.9997319772917141,0.023151103222085544,0.0
14.256,-1.115749643718934,-0.035359419841549666,9.749151870478785,0.0,0.0,-0.04038637664209573,0.9997168080893947,0.0237971347761139,0.0
14.272,-1.0772422721303176,-0.03532204821596324,9.795810636853302,0.0,0.0,-0.041021359784797776,0.9997009727918541,0.024453322862561477,0.0
14.288,-1.0621719351708703,-0.035361856090965114,9.808889214183203,0.0,0.0,-0.04168631272037152,0.9996844415434349,0.025120058439234576,0.0
14.304,-1.0505959014819886,-0.03497711212846448,9.8322271422464,0.0,0.0,-0.042371999029844405,0.9996671825030025,0.02579775623012822,0.0
14.32,-1.023480531774791,-0.03488700032848223,9.811617639538673,0.0,0.0,-0.04308170104808858,0.999649161667905,0.02648685667750648,0.0
14.336,-0.9979680736841757,-0.034718688179934766,9.841277811014042,0.0,0.0,-0.043832991049001985,0.9996303426783831,0.027187828098226254,0.0
14.352,-0.9851058437854169,-0.03463463814866113,9.783964012227903,0.0,0.0,-0.04459564661483311,0.9996106865997888,0.027901169070473606,0.0
14.368,-0.9640162104907645,-0.03440653485367539,9.832333289521248,0.0,0.0,-0.04540640593829087,0.9995901516795743,0.0286274110810879,0.0
14.384,-0.9467353886588588,-0.03434508654982912,9.915904219450738,0.0,0.0,-0.046248637909723285,0.9995686930755003,0.02936712146834305,0.0
14.4,-0.9217759935553381,-0.03442200382326322,9.81039213910664,0.0,0.0,-0.04713120318260787,0.9995462625509295,0.03012090670063492,0.0
14.416,-0.901813683228174,-0.03429570484777584,9.768174450415007,0.0,0.0,-0.04805357403423602,0.9995228081323727,0.030889416038121207,0.0
14.432,-0.8812065588663757,-0.03392609961972865,9.829574182857796,0.0,0.0,-0.04901319554712445,0.9994982737236026,0.031673345632226395,0.0
14.448,-0.8727391408773071,-0.034227913537180334,9.828359594895689,0.0,0.0,-0.05002548834674285,0.9994725986696463,0.032473443127331414,0.0
14.464,-0.8517016029841804,-0.03418855999198046,9.697820685509289,0.0,0.0,-0.05109041002476361,0.99944571726274,0.03329051284025358,0.0
14.48,-0.8315507265883242,-0.03399292212317368,9.85272242345875,0.0,0.0,-0.052213800625770655,0.9994175581808449,0.03412542160674245,0.0
14.496,-0.8186835622541537,-0.03423403328161729,9.802686820503752,0.0,0.0,-0.053381224835006916,0.9993880438475178,0.03497910540068417,0.0
14.512,-0.8036452620455145,-0.03450406229466964,9.75024159554226,0.0,0.0,-0.05462390152688297,0.9993570896997165,0.035852576851780706,0.0
14.528,-0.7873697243842842,-0.034072550282783255,9.820831088464253,0.0,0.0,-0.05593025343026093,0.99932460334739,0.03674693381197721,0.0
14.544,-0.7707628978253983,-0.034287362644289346,9.77881724404096,0.0,0.0,-0.05730804308653519,0.9992904836053386,0.03766336915105534,0.0
14.56,-0.7573491177978947,-0.0346462766347316,9.786558177420206,0.0,0.0,-0.05878046232787146,0.9992546193736352,0.038603181999047144,0.0
14.576,-0.7402143967412396,-0.03495547683932448,9.774565580649933,0.0,0.0,-0.06032838241905291,0.9992168883376459,0.03956779069941326,0.0
14.592,-0.7199492540827609,-0.03473256276366067,9.816948918218696,0.0,0.0,-0.061981507699820956,0.9991771554520842,0.0405587477947972,0.0
14.608,-0.7072720759507762,-0.03532570517271852,9.849765512461783,0.0,0.0,-0.06374907761823059,0.9991352711651514,0.0415777574400015,0.0
14.624,-0.6951622439481657,-0.03544363649797846,9.799375881679461,0.0,0.0,-0.06561662224269674,0.999091069328126,0.04262669572910535,0.0
14.64,-0.6764435085281832,-0.03577437730662424,9.810709839135797,0.0,0.0,-0.06762344392027918,0.9990443647220058,0.043707634541392676,0.0
14.656,-0.6663693559989733,-0.03599775096973269,9.767837489595628,0.0,0.0,-0.06977073132422544,0.998994950114988,0.04482286966218384,0.0
14.672,-0.6551039594052762,-0.03649735756326074,9.776623409896542,0.0,0.0,-0.07207722137163838,0.9989425927412726,0.04597495413096025,0.0
14.688,-0.6397726027434083,-0.037165629592076505,9.80126007209753,0.0,0.0,-0.07457142458309456,0.9988870300609561,0.04716673802588478,0.0
14.704,-0.6291485848954791,-0.0375151420562376,9.731443392756738,0.0,0.0,-0.07726426390337489,0.9988279646198714,0.04840141623263876,0.0
14.72,-0.6142293212813523,-0.03815133072155026,9.801931667945073,0.0,0.0,-0.08017452119980673,0.9987650577732283,0.04968258619717686,0.0
14.736,-0.6014162449590871,-0.03885505842318209,9.766843246695213,0.0,0.0,-0.08333181037969994,0.9986979219620855,0.05101431827058452,0.0
14.752,-0.5854576331314383,-0.039549532129921953,9.80970608364764,0.0,0.0,-0.08680815026845132,0.9986261111287297,0.052401242083656915,0.0
14.768,-5.001845720235994,-0.050221775748878046,9.863182968100705,0.0,0.0,-0.13480737624154304,0.9985107705493966,0.05455493650303866,0.0
14.784,-5.008282836258313,-0.06432600806518234,9.820657074312592,0.0,0.0,-0.18278932841889758,0.9983469387994182,0.057475123225885924,0.0
14.8,-4.973331674831443,-0.07165307076002253,9.765860130238144,0.0,0.0,-0.23084743301236071,0.9981278893985456,0.06116139636081582,0.0
14.816,-5.009522531069376,-0.066451569195975,9.80888037938226,0.0,0.0,-0.21706299540685306,0.9979094570856468,0.06462751317379994,0.0
14.832,-4.9887047264527125,-0.04291405049910102,9.761860609226591,0.0,0.0,-0.1779631523167815,0.9977214008222123,0.06746855816869368,0.0
14.848,-3.278564427571535,-0.017537717255303818,9.84762045072792,0.0,0.0,-0.15219280290313775,0.9975541529734888,0.06989786753074269,0.0
14.864,0.0,0.0,9.813245933739498,0.0,0.0,-0.13313139142420635,0.9974029756267649,0.07202294225366826,0.0
14.88,0.0,0.0,9.840647266777484,0.0,0.0,-0.1406611035960786,0.9972383460657035,0.0742676318199276,0.0
14.896,0.0,0.0,9.811067433964443,0.0,0.0,-0.13059789661865825,0.9970809851459937,0.07635122173413209,0.0
14.912,0.0,0.0,9.796123448401394,0.0,0.0,-0.13237427530042792,0.9969170588108335,0.07846258886856365,0.0
14.928,0.0,0.0,9.846123277313929,0.0,0.0,-0.1263237988614357,0.996756420323975,0.08047756546352093,0.0
14.944,0.0,0.0,9.851513598951614,0.0,0.0,-0.1256115590775941,0.9965926697325171,0.08248060763242472,0.0
14.96,0.0,0.0,9.78770543978679,0.0,0.0,-0.12144402849255391,0.9964305079158006,0.08441707703219621,0.0
14.976,0.0,0.0,9.8450609028993,0.0,0.0,-0.11968730226562907,0.9962670284702825,0.08632501365764972,0.0
14.992,0.0,0.0,9.807316365895993,0.0,0.0,-0.1164209719627625,0.9961044991838767,0.08818064813573641,0.0
15.008000000000001,0.0,0.0,9.780680861533646,0.0,0.0,-0.1142536214804264,0.9959416409918799,0.09000137631393114,0.0
15.024000000000001,0.0,0.0,9.789923714155345,0.0,0.0,-0.11142288684439527,0.9957795739284506,0.09177712213222529,0.0
15.040000000000001,0.0,0.0,9.850512644095177,0.0,0.0,-0.10915780739600665,0.9956177686273641,0.09351608842048792,0.0
15.056000000000001,0.0,0.0,9.838068216961904,0.0,0.0,-0.10662573346673393,0.995456801801799,0.09521426230630499,0.0
15.072000000000001,0.0,0.0,9.808325020540865,0.0,0.0,-0.10433682186417516,0.9952964837670324,0.0968757420667405,0.0
15.088000000000001,0.0,0.0,9.840389092294611,0.0,0.0,-0.10195346634476715,0.9951371311499537,0.09849918886285226,0.0
15.104000000000001,0.0,0.0,9.823866922703765,0.0,0.0,-0.09970661793411581,0.9949787037209805,0.1000868579870388,0.0
15.120000000000001,0.0,0.0,9.8719084951207,0.0,0.0,-0.09749520572079673,0.9948213905630778,0.1016385796739829,0.0
15.136000000000001,0.0,0.0,9.825280345048649,0.0,0.0,-0.09531455645308769,0.9946652133967234,0.1031557718135588,0.0
15.152000000000001,0.0,0.0,9.807664574737132,0.0,0.0,-0.09319303013846142,0.994510295914729,0.10463876585471792,0.0
15.168000000000001,0.0,0.0,9.784970457358023,0.0,0.0,-0.09111803791161417,0.9943566820361788,0.10608858982002564,0.0
15.184000000000001,0.0,0.0,9.772295281273955,0.0,0.0,-0.0890619655051922,0.9942044594449866,0.10750578040134422,0.0
15.200000000000001,0.0,0.0,9.813078389104836,0.0,0.0,-0.08709538430190411,0.9940536765867101,0.10889117532860251,0.0
15.216000000000001,0.0,0.0,9.834905113051981,0.0,0.0,-0.0851305713027151,0.9939043992847579,0.11024538576468633,0.0
15.232000000000001,0.0,0.0,9.808627267975334,0.0,0.0,-0.0832376669518408,0.9937566729821384,0.1115691485289344,0.0
15.248000000000001,0.0,0.0,9.775187986843823,0.0,0.0,-0.08138319636992043,0.9936105487046859,0.11286309185368387,0.0
15.264000000000001,0.0,0.0,9.810219901081835,0.0,0.0,-0.07956650401551998,0.9934660659816792,0.11412789204609822,0.0
15.280000000000001,0.0,0.0,9.752817677936974,0.0,0.0,-0.07778592983156016,0.9933232647922351,0.11536416957831959,0.0
15.296000000000001,0.0,0.0,9.802329921289216,0.0,0.0,-0.07604298323709975,0.9931821779119852,0.1165725588550148,0.0
15.312000000000001,0.0,0.0,9.872559237756704,0.0,0.0,-0.07433420140886356,0.9930428364564264,0.11775366220451511,0.0
15.328000000000001,0.0,0.0,9.87227321596416,0.0,0.0,-0.07265367403288221,0.9929052665109044,0.1189080810328308,0.0
15.344000000000001,0.0,0.0,9.802421830686738,0.0,0.0,-0.07102730046769527,0.9927694917487911,0.1200363955342166,0.0
15.36,0.0,0.0,9.766328683936642,0.0,0.0,-0.06941559068445796,0.9926355319995502,0.12113917868290935,0.0
15.376,0.0,0.0,9.897524763894118,0.0,0.0,-0.06786552729746727,0.9925034045278783,0.12221698736497613,0.0
15.392,0.0,0.0,9.833068445582938,0.0,0.0,-0.06633812184289192,0.9923731234727219,0.12327036873877663,0.0
15.408,0.0,0.0,9.85014473251847,0.0,0.0,-0.06484197573166206,0.9922447005099636,0.12429985643552831,0.0
15.424,0.0,0.0,9.817154767687297,0.0,0.0,-0.06337464509180994,0.992118144678027,0.12530597352333187,0.0
15.44,0.0,0.0,9.860035328707298,0.0,0.0,-0.061947457238267,0.9919934627531641,0.12628923095413455,0.0
15.456,0.0,0.0,9.796500128160261,0.0,0.0,-0.060541846219033135,0.9918706592425032,0.1272501290130683,0.0
15.472,0.0,0.0,9.871453087245474,0.0,0.0,-0.059170913634566766,0.9917497366219323,0.1281891567580033,0.0
15.488,0.0,0.0,9.82624278792587,0.0,0.0,-0.057833945389803985,0.9916306953979216,0.12910679279044332,0.0
15.504,0.0,0.0,9.804370976868052,0.0,0.0,-0.05653228978797095,0.9915135342766191,0.13000350513077547,0.0
15.52,0.0,0.0,9.82661981677976,0.0,0.0,-0.0552331312843517,0.991398250250391,0.13087975168246455,0.0
15.536,0.0,0.0,9.846277644026232,0.0,0.0,-0.05398573932342431,0.9912848387297795,0.13173598029572345,0.0
15.552,0.0,0.0,9.783168063277884,0.0,0.0,-0.05275367210072511,0.9911732936354108,0.13257262909036588,0.0
15.568,0.0,0.0,9.804290126945572,0.0,0.0,-0.05155202571113256,0.9910636075076675,0.13339012659821606,0.0
15.584,0.0,0.0,9.755209896906662,0.0,0.0,-0.050382594435403806,0.9909557715957416,0.13418889201826206,0.0
15.6,0.0,0.0,9.788207175547656,0.0,0.0,-0.049220886709596505,0.9908497759522298,0.13496933538925227,0.0
15.616,0.0,0.0,9.805489578431303,0.0,0.0,-0.048093055906922234,0.9907456095161017,0.1357318578100518,0.0
15.632,0.0,0.0,9.77701995440692,0.0,0.0,-0.04699362954961052,0.9906432601959252,0.13647685162103088,0.0
15.648,0.0,0.0,9.736983659871388,0.0,0.0,-0.04592265197148622,0.9905427149457278,0.1372047006044144,0.0
15.664,0.0,0.0,9.812079071567178,0.0,0.0,-0.04486341880371097,0.9904439598389416,0.13791578016513262,0.0
15.68,0.0,0.0,9.816904980789545,0.0,0.0,-0.043837076399575646,0.9903469801371,0.13861045751791773,0.0
15.696,0.0,0.0,9.830664917609232,0.0,0.0,-0.04283516741030554,0.9902517603558221,0.13928909186363259,0.0
15.712,0.0,0.0,9.832773183655837,0.0,0.0,-0.04184456864721829,0.9901582843266814,0.13995203456628666,0.0
15.728,0.0,0.0,9.818669347876417,0.0,0.0,-0.040876806857438455,0.9900665352561745,0.14059962932324613,0.0
15.744,0.0,0.0,9.80356391350241,0.0,0.0,-0.039940015691984854,0.9899764957812462,0.1412322123337455,0.0
15.76,0.0,0.0,9.747533856109701,0.0,0.0,-0.03900967937109183,0.9898881480219864,0.14185011246242266,0.0
15.776,0.0,0.0,9.765411276423658,0.0,0.0,-0.03810736512385636,0.9898014736313298,0.1424536514001943,0.0
15.792,0.0,0.0,9.809523133949279,0.0,0.0,-0.037218381687788515,0.9897164538421059,0.14304314382104072,0.0
15.808,0.0,0.0,9.821510266304651,0.0,0.0,-0.036356388627664146,0.9896330695114277,0.1436188975357702,0.0
15.824,0.0,0.0,9.794528277584352,0.0,0.0,-0.035511738009416496,0.9895513011626375,0.14418121364217756,0.0
15.84,0.0,0.0,9.785790230002556,0.0,0.0,-0.03468715021535133,0.9894711290248676,0.14473038667209448,0.0
15.856,0.0,0.0,9.75857109106504,0.0,0.0,-0.03387557349882948,0.9893925330703686,0.14526670473511732,0.0
15.872,0.0,0.0,9.870428130886054,0.0,0.0,-0.03308907037953915,0.9893154930496885,0.1457904496592692,0.0
15.888,0.0,0.0,9.803162103716126,0.0,0.0,-0.03231313598382199,0.9892399885248232,0.14630189712853356,0.0
15.904,0.0,0.0,9.861009626191866,0.0,0.0,-0.03155358161331186,0.9891659989004247,0.14680131681740946,0.0
15.92,0.0,0.0,9.786580849735426,0.0,0.0,-0.03081167398941897,0.9890935034531705,0.1472889725224978,0.0
15.936,0.0,0.0,9.805107172314928,0.0,0.0,-0.030088158259019143,0.9890224813593786,0.1477651222912157,0.0
15.952,0.0,0.0,9.815894108875739,0.0,0.0,-0.02937624943011548,0.9889529117209552,0.14823001854767784,0.0
15.968,4.981806975841611,0.0006770022354617052,9.79942874407712,0.0,0.0,-0.00846764993859466,0.9889328202930544,0.14836400152067006,0.0
15.984,4.7251110460529215,-3.901247174356283e-05,9.846619946436471,0.0,0.0,-0.008437047055613598,0.9889127825500347,0.14849750337681708,0.0
16.0,-2.028447136610048,-0.0015892726941102442,9.881653930990538,0.0,0.0,-0.008511773062356152,0.9888925505231349,0.1486321752510188,0.0
16.016000000000002,0.5525647233754691,-0.0009795446588973331,9.791581839052709,0.0,0.0,-0.00854495612876974,0.9888722197826342,0.14876737862235118,0.0
16.032,-4.994992690077172,-0.005588689490743013,9.75773127601233,0.0,0.0,-0.05654601777498052,0.9887372217721995,0.14966197340070264,0.0
16.048000000000002,-3.2239151157106467,-0.008358849104158133,9.817449517954923,0.0,0.0,-0.10453848126387813,0.9884854956167014,0.1513156467633283,0.0
16.064,0.0,0.0,9.796856669437584,0.0,0.0,-0.1525494888822566,0.9881132322611449,0.1537278121565278,0.0
16.080000000000002,0.0,0.0,9.78992831248554,0.0,0.0,-0.20052128047959936,0.9876148767538979,0.15689759467366948,0.0
16.096,0.0,0.0,9.77154838319244,0.0,0.0,-0.24858596407101344,0.986983131680584,0.1608238097359561,0.0
16.112000000000002,0.0,0.0,9.827365539001349,0.0,0.0,-0.296534282350536,0.9862089618631816,0.16550493509483483,0.0
16.128,0.0,0.0,9.81360340821906,0.0,0.0,-0.34454684492659043,0.9852816004746985,0.17093907618217885,0.0
16.144000000000002,0.0,0.0,9.752104136688132,0.0,0.0,-0.3926198927542338,0.9841885567554327,0.17712392484263242,0.0
16.16,0.0,0.0,9.814368618190318,0.0,0.0,-0.44049772189486386,0.9829156255522302,0.1840567114920508,0.0
16.176000000000002,0.0,0.0,9.839133241382331,0.0,0.0,-0.4885119501762336,0.9814468989372133,0.1917341507570506,0.0
16.192,0.0,0.0,9.85504440254964,0.0,0.0,-0.5366307078192665,0.9797647801971284,0.20015238066351518,0.0
16.208000000000002,0.0,0.0,9.73915137510207,0.0,0.0,-0.5846914843368132,0.9778500005186167,0.20930689545674636,0.0
16.224,0.0,0.0,9.757289368012598,0.0,0.0,-0.632528686507334,0.975681638728246,0.21919247215304832,0.0
16.240000000000002,0.0,0.0,9.820793228501138,0.0,0.0,-0.6805883007952565,0.9732371444789192,0.22980309094204834,0.0
16.256,0.0,0.0,9.842426779166903,0.0,0.0,-0.7284869665642254,0.9704923653061346,0.24113184958131156,0.0
16.272000000000002,0.0,0.0,9.823523351232327,0.0,0.0,-0.7765916473359208,0.9674215780083303,0.25317087194989896,0.0
16.288,0.0,0.0,9.84476181709109,0.0,0.0,-0.8244382712899904,0.9639975248350192,0.26591121095575604,0.0
16.304000000000002,0.0,0.0,9.789372497911275,0.0,0.0,-0.872502043234592,0.9601914549943481,0.27934274602329806,0.0
16.32,0.0,0.0,9.782245649695327,0.0,0.0,-0.92061803715922,0.9559731720178788,0.293454075422502,0.0
16.336000000000002,0.0,0.0,9.851700393641247,0.0,0.0,-0.9685593235213377,0.9513110875444625,0.30823240373940586,0.0
16.352,0.0,0.0,9.858045480757852,0.0,0.0,-1.0165446885597254,0.9461722821067989,0.3236634248301964,0.0
16.368000000000002,0.0,0.0,9.852836197772909,0.0,0.0,-1.0645650086506977,0.9405225735232324,0.3397312006472704,0.0
16.384,0.0,0.0,9.830410643851257,0.0,0.0,-1.11261306206725,0.9343265935132272,0.3564180363757825,0.0
16.4,0.0,0.0,9.827496308526431,0.0,0.0,-1.1605492564575202,0.9275478731673299,0.37370435237332056,0.0
16.416,0.0,0.0,9.843886817671827,0.0,0.0,-1.208588900856967,0.9201489379108381,0.39156855346357505,0.0
16.432,0.0,0.0,9.797870718126875,0.0,0.0,-1.2565655631501482,0.9120914126044201,0.40998689619702927,0.0
16.448,0.0,0.0,9.775066398304954,0.0,0.0,-1.3044330036651082,0.9033361374239973,0.4289333547579309,0.0
16.464,0.0,0.0,9.765887287440139,0.0,0.0,-1.3523282335367477,0.8938432951558701,0.4483794862668185,0.0
16.48,0.0,0.0,9.831508591989305,0.0,0.0,-1.4004782654863226,0.8835725505306928,0.4682942963016807,0.0
16.496,0.0,0.0,9.869470601819133,0.0,0.0,-1.4483610449183155,0.8724832022009888,0.48864410553807813,0.0
16.512,0.0,0.0,9.838195840869846,0.0,0.0,-1.4964214247677148,0.860534347940764,0.5093924184890902,0.0
16.528,0.0,0.0,9.797631188638594,0.0,0.0,-1.5001180999132868,0.8480628918944896,0.529895585367113,0.0
16.544,0.0,0.0,9.761253310069467,0.0,0.0,-1.500214397103592,0.8351030219540848,0.5500935763332957,0.0
16.56,0.0,0.0,9.81712560604495,0.0,0.0,-1.5002173574935544,0.8216622019298464,0.5699747590199029,0.0
16.576,0.0,0.0,9.857896413379368,0.0,0.0,-1.4999170660368715,0.8077481726194338,0.5895276835144942,0.0
16.592,0.0,0.0,9.787942595795077,0.0,0.0,-1.5000965123541428,0.7933689473498102,0.6087410889541252,0.0
16.608,0.0,0.0,9.856646319220696,0.0,0.0,-1.4999638826702735,0.7785328073622326,0.6276039100106698,0.0
16.624,0.0,0.0,9.836785254682866,0.0,0.0,-1.5001502207367161,0.7632482970429422,0.6461052832635319,0.0
16.64,0.0,0.0,9.780936542537384,0.0,0.0,-1.4952297363779106,0.7475754689593795,0.6641768726854043,0.0
16.656,0.0,0.0,9.818155933406729,0.0,0.0,-1.4473780867441755,0.7319982500161256,0.6813065110310701,0.0
16.672,0.0,0.0,9.803921477263462,0.0,0.0,-1.4194311879320032,0.7163376186158559,0.6977538363604779,0.0
16.688,0.0,0.0,9.784619802915127,0.0,0.0,-1.3844200661577863,0.7007087246110791,0.713447463555597,0.0
16.704,0.0,0.0,9.876078631078924,0.0,0.0,-1.3552658279640157,0.6850741884871167,0.7284733051174345,0.0
16.72,0.0,0.0,9.834416509391072,0.0,0.0,-1.3233583156251263,0.6694974058051325,0.7428143937890528,0.0
16.736,0.0,0.0,9.830829794977221,0.0,0.0,-1.294413818436478,0.653970073648168,0.7565204179482599,0.0
16.752,0.0,0.0,9.788170779783252,0.0,0.0,-1.264701035921902,0.6385297568300218,0.7695971346377228,0.0
16.768,0.0,0.0,9.861050483907992,0.0,0.0,-1.2365907714395117,0.6231801422967632,0.7820783274372114,0.0
16.784,0.0,0.0,9.821758591312157,0.0,0.0,-1.208277807467145,0.6079453404188402,0.7939788807411823,0.0
16.8,0.0,0.0,9.82882774054851,0.0,0.0,-1.1809852921863058,0.592833216298756,0.8053252620232849,0.0
16.816,0.0,0.0,9.829189155010141,0.0,0.0,-1.1542430385486167,0.5778603781427742,0.8161356403029401,0.0
16.832,0.0,0.0,9.77714097412366,0.0,0.0,-1.128103059210705,0.5630354076605776,0.8264327738663848,0.0
16.848,0.0,0.0,9.791857497741988,0.0,0.0,-1.1023987968502953,0.5483703335654316,0.8362355991377892,0.0
16.864,0.0,0.0,9.748789023602226,0.0,0.0,-1.0774953435915637,0.5338730088080887,0.8455646695943477,0.0
16.88,0.0,0.0,9.858390595807549,0.0,0.0,-1.0530217990913362,0.5195523781322131,0.854438603047148,0.0
16.896,0.0,0.0,9.848205976844124,0.0,0.0,-1.0290795054597248,0.5054150406795368,0.8628763739116411,0.0
16.912,0.0,0.0,9.815031527899771,0.0,0.0,-1.005514859724302,0.4914676766593534,0.870895816271417,0.0
16.928,0.0,0.0,9.86268228761792,0.0,0.0,-0.9827150358845272,0.4777155164776015,0.8785145902695859,0.0
16.944,0.0,0.0,9.741478790123246,0.0,0.0,-0.9601988673905854,0.4641634694385994,0.8857495546929293,0.0
16.96,0.0,0.0,9.79932327824854,0.0,0.0,-0.9382306954958253,0.45081545696057984,0.8926171764902486,0.0
16.976,0.0,0.0,9.763688588642397,0.0,0.0,-0.9166958761609904,0.4376749483313949,0.8991332713247301,0.0
16.992,0.0,0.0,9.819137605863503,0.0,0.0,-0.8957031581283572,0.4247446829358072,0.9053131802408273,0.0
17.008,0.0,0.0,9.79612291698042,0.0,0.0,-0.8752462031324529,0.4120269343474591,0.911171666247494,0.0
17.024,0.0,0.0,9.783655191564844,0.0,0.0,-0.8550990338376324,0.39952340585361457,0.9167229942436963,0.0
17.04,0.0,0.0,9.820807639563798,0.0,0.0,-0.8352624857918193,0.38723536903279754,0.9219808940374161,0.0
17.056,0.0,0.0,9.785621546156444,0.0,0.0,-0.8160666373508925,0.375163635026855,0.9269586004528124,0.0
17.072,0.0,0.0,9.845950840475748,0.0,0.0,-0.797212319760321,0.3633086340624001,0.9316688448240142,0.0
17.088,0.0,0.0,9.807394952275711,0.0,0.0,-0.7787866110097194,0.351670418591353,0.9361238789218992,0.0
17.104,0.0,0.0,9.792315040027967,0.0,0.0,-0.7607985059886064,0.340248714039944,0.9403354787490283,0.0
17.12,0.0,0.0,9.824209516509585,0.0,0.0,-0.743123721333455,0.3290429342454017,0.9443149619820583,0.0
17.136,0.0,0.0,9.790026636914105,0.0,0.0,-0.7261472913527569,0.31805221732427685,0.9480731970977301,0.0
17.152,0.0,0.0,9.798399893387648,0.0,0.0,-0.7091156698954407,0.3072754448060973,0.9516206182188441,0.0
17.168,0.0,0.0,9.807331286202464,0.0,0.0,-0.6926005462056031,0.2967112690901915,0.9549672365033723,0.0
17.184,0.0,0.0,9.87561582157712,0.0,0.0,-0.6764274731378758,0.28635813261112253,0.958122653884914,0.0
17.2,0.0,0.0,9.861365366719932,0.0,0.0,-0.6605660306957178,0.27621428998832104,0.9610960753255877,0.0
17.216,0.0,0.0,9.811692269180806,0.0,0.0,-0.6453194048880997,0.266277825762883,0.9638963219698432,0.0
17.232,0.0,0.0,9.789305471150472,0.0,0.0,-0.6300321212307545,0.25654667281189436,0.9665318435877562,0.0
17.248,0.0,0.0,9.871631702373758,0.0,0.0,-0.6152799277888436,0.24701862817046846,0.9690107312805054,0.0
17.264,0.0,0.0,9.823378678142964,0.0,0.0,-0.6008973410296315,0.2376913685767121,0.9713407297669184,0.0
17.28,0.0,0.0,9.897171102508763,0.0,0.0,-0.586790478783754,0.22856246431389193,0.9735292496410988,0.0
17.296,0.0,0.0,9.804377220545993,0.0,0.0,-0.5729237026800169,0.21962939241896015,0.9755833793098767,0.0
17.312,0.0,0.0,9.844207697503329,0.0,0.0,-0.5594419290336348,0.21088954865295925,0.9775098967626625,0.0
17.328,0.0,0.0,9.806187566599087,0.0,0.0,-0.5460652444548778,0.20234025874155795,0.9793152810471198,0.0
17.344,0.0,0.0,9.779509357198126,0.0,0.0,-0.5330841612600351,0.193978788644894,0.9810057235082065,0.0
17.36,0.0,0.0,9.775836698402044,0.0,0.0,-0.5205723053816436,0.18580235411096338,0.9825871387346896,0.0
17.376,0.0,0.0,9.759704570581304,0.0,0.0,-0.5080926806684353,0.1778081294309013,0.9840651752339801,0.0
17.392,0.0,0.0,9.886024148326209,0.0,0.0,-0.49597361155342307,0.16999325553395878,0.9854452258106313,0.0
17.408,0.0,0.0,9.741979035031697,0.0,0.0,-0.48413191359920776,0.16235484740862663,0.9867324376561873,0.0
17.424,0.0,0.0,9.79206160801502,0.0,0.0,-0.4725496518182275,0.15489000093296174,0.9879317221402436,0.0
17.44,0.0,0.0,9.788496939300702,0.0,0.0,-0.4610970095788185,0.14759579912827353,0.9890477643065002,0.0
17.456,0.0,0.0,9.822058273060188,0.0,0.0,-0.45017999694130134,0.14046931789226424,0.9900850320709237,0.0
17.472,0.0,0.0,9.76935135430966,0.0,0.0,-0.4392883055560792,0.13350763123584067,0.9910477851253163,0.0
17.488,0.0,0.0,9.834713247997676,0.0,0.0,-0.4286456066388311,0.1267078160652891,0.9919400835473707,0.0
17.504,0.0,0.0,9.814306556383162,0.0,0.0,-0.4182200222897599,0.12006695653640156,0.9927657961211627,0.0
17.52,0.0,0.0,9.832639410630723,0.0,0.0,-0.40808401019044166,0.11358214801382799,0.9935286083714776,0.0
17.536,0.0,0.0,9.804200942546256,0.0,0.0,-0.3981111172358696,0.1072505006613119,0.994232030316816,0.0
17.552,0.0,0.0,9.818374962951765,0.0,0.0,-0.38846074402441394,0.10106914269060864,0.9948794039459183,0.0
17.568,0.0,0.0,9.869031290179743,0.0,0.0,-0.3789482153121288,0.09503522329250888,0.995473910423444,0.0
17.584,0.0,0.0,9.820570911684577,0.0,0.0,-0.36967723554403653,0.08914591527378131,0.9960185770305692,0.0
17.6,0.0,0.0,9.859298292545287,0.0,0.0,-0.3605291561630676,0.08339841742096162,0.9965162838467214,0.0
17.616,0.0,0.0,9.775913269633236,0.0,0.0,-0.3517067560725991,0.07778995661147702,0.9969697701788076,0.0
17.632,0.0,0.0,9.844984490773879,0.0,0.0,-0.34300244210034136,0.07231778969074418,0.9973816407445275,0.0
17.648,0.0,0.0,9.802147225463198,0.0,0.0,-0.3344757073313201,0.06697920513285141,0.9977543716164673,0.0
17.664,5.001737699335519,0.02294146423274731,9.832763343006434,0.0,0.0,-0.2864712251523322,0.06240521900735646,0.9980508948148105,0.0
17.68,5.03204641173318,-0.00383386093573999,9.817324050485105,0.0,0.0,-0.23846834788441262,0.05859661598688406,0.9982817420923242,0.0
17.696,4.9692895048069685,-0.02304005308262288,9.831669460669412,0.0,0.0,-0.1904843301631846,0.05555398788013528,0.9984556847605275,0.0
17.712,5.019183687509648,-0.034353604255786645,9.780904188774986,0.0,0.0,-0.14247437935270038,0.05327776729740312,0.998579731174133,0.0
17.728,4.991453982250042,-0.03812139104565335,9.754710375198444,0.0,0.0,-0.09447877780149086,0.051768254554343154,0.9986591249372314,0.0
17.744,4.979116199496733,-0.034273720109559876,9.797906286035564,0.0,0.0,-0.0464798157379579,0.051025637803725654,0.9986973436866263,0.0
17.76,5.0021729653918845,-0.022469348005023995,9.869643294928006,0.0,0.0,0.0015248235974147828,0.05105000638814021,0.9986960983441213,0.0
17.776,4.959604646801945,0.00026097719882289117,9.822864682192499,0.0,0.0,0.007397993956619987,0.0511682125407112,0.9986900490269184,0.0
17.792,4.997474910278671,0.004141987150025044,9.738875822818866,0.0,0.0,0.0073263220916879625,0.051285296814579696,0.9986840432942946,0.0
17.808,4.997231915800573,0.004716173521233803,9.82535842198718,0.0,0.0,0.007264724961911686,0.05140137155010982,0.998678075759535,0.0
17.824,5.007266965526181,0.005234769602709267,9.808389541647356,0.0,0.0,0.007208430104209408,0.05151654856042263,0.9986721410074588,0.0
17.84,4.959115059990508,0.00579418623878358,9.81689004423563,0.0,0.0,0.00715949478010749,0.05163093968789463,0.9986662335670237,0.0
17.856,5.0325838748739535,0.006297947166910398,9.758035623741227,0.0,0.0,0.0071170347840864515,0.05174465738393849,0.998660347882211,0.0
17.872,4.969799203656296,0.006867589457389256,9.76415624644148,0.0,0.0,0.007081497025867256,0.051857815321210775,0.9986544782807071,0.0
17.888,5.011668506392562,0.007424393733291815,9.785263709186248,0.0,0.0,0.007053473540964652,0.051970529047955016,0.998648618939853,0.0
17.904,5.009377561330282,0.007939965652587515,9.801770948254049,0.0,0.0,0.00703382862362022,0.0520829166957926,0.9986427638492451,0.0
17.92,5.007477360150077,0.008420962311813223,9.81428639005414,0.0,0.0,0.0070210735659692915,0.05219509975463848,0.9986369067692238,0.0
17.936,5.026318394671025,0.008994988127965784,9.83791380605363,0.0,0.0,0.007016028754992685,0.05230720393004,0.9986310411843914,0.0
17.952,4.991691408990685,0.009549990896502136,9.797339520609832,0.0,0.0,0.007020428417592645,0.0524193601021107,0.9986251602510751,0.0
17.968,4.973624064637422,0.010137243754980652,9.788465589262685,0.0,0.0,0.007031197670699168,0.05253170540889831,0.998619256737438,0.0
17.984,5.030728212556887,0.010677494865725706,9.843303912985359,0.0,0.0,0.007052219556681443,0.052644384481953,0.9986133229546441,0.0
18.0,4.979667011802759,0.01131572634598731,9.839422982821974,0.0,0.0,0.007083365095293336,0.052757550868610226,0.9986073506771047,0.0
18.016000000000002,-2.568350379866204,0.012717148398541439,9.81160912378139,0.0,0.0,0.00712421109288204,0.052871368683918125,0.9986013310493278,0.0
18.032,-2.0103062570498134,0.012497132072137937,9.830479597435248,0.0,0.0,0.007164933640280123,0.05298583651019295,0.9985952639229346,0.0
18.048000000000002,-2.167391951201343,0.01229996814192301,9.849486175110231,0.0,0.0,0.007204618640367591,0.05310096443932223,0.9985891485368814,0.0
18.064,-2.0534466857043774,0.012188997656994665,9.82193293867089,0.0,0.0,0.007247737054323883,0.053216758235750006,0.9985829843547694,0.0
18.080000000000002,-2.0326248197887624,0.01200403155500642,9.791595963702216,0.0,0.0,0.00728883578113556,0.05333322557504186,0.9985767707341092,0.0
18.096,-1.9816070255397984,0.011813016370079235,9.871894582566874,0.0,0.0,0.007332582168585694,0.05345037359497427,0.9985705070562407,0.0
18.112000000000002,-1.9607225222317946,0.01169168770994885,9.831524859873255,0.0,0.0,0.00737462173801296,0.05356820986589251,0.9985641926745441,0.0
18.128,-1.9146973462220225,0.011460101424444664,9.85632300935737,0.0,0.0,0.007419859313601479,0.05368674201556517,0.9985578269343014,0.0
18.144000000000002,-1.8720451688825035,0.011218876778324447,9.767417345444283,0.0,0.0,0.007463561450535687,0.053805977883863106,0.998551409164276,0.0
18.16,-1.833297472752928,0.011076544307606356,9.831426553175776,0.0,0.0,0.0075075749366099965,0.05392592546919799,0.998544938679422,0.0
18.176000000000002,-1.8116526193494766,0.010954366702262025,9.774855463686471,0.0,0.0,0.007552314542731917,0.05404659295711207,0.9985384147791853,0.0
18.192,-1.759141188467715,0.01077062000703928,9.858701279898979,0.0,0.0,0.007597475499605801,0.054167988716948896,0.9985318367475124,0.0
18.208000000000002,-1.7376484323858605,0.010731296887078424,9.820114645473417,0.0,0.0,0.0076442772302152805,0.05429012131128019,0.9985252038521644,0.0
18.224,-1.6964731161251048,0.010523244044907482,9.818430564046807,0.0,0.0,0.00769149563058493,0.054412999500681854,0.9985185153442768,0.0
18.240000000000002,-1.6543526453942603,0.010419821541862155,9.816484483238826,0.0,0.0,0.007739214922380194,0.054536632250666746,0.9985117704577926,0.0
18.256,-1.6346586359777495,0.010271711359485989,9.812641307640066,0.0,0.0,0.007786751629402188,0.05466102873806976,0.998504968408919,0.0
18.272000000000002,-1.5858276070839592,0.010115380674758557,9.798146258228495,0.0,0.0,0.007835020120446722,0.054786198358071726,0.9984981083955394,0.0
18.288,-1.557121159928677,0.009882717792861135,9.850071956565092,0.0,0.0,0.007885936472148464,0.05491215073132431,0.9984911895966136,0.0
18.304000000000002,-1.5314413557647766,0.009835999432904658,9.795850735546715,0.0,0.0,0.007931951105983992,0.05503889571141201,0.998484211171548,0.0
18.32,-1.4958118196783647,0.009742511940449937,9.82633686886211,0.0,0.0,0.007983018362486967,0.05516644339261864,0.9984771722595411,0.0
18.336000000000002,-1.4595533137334107,0.009546569226274663,9.847193102206763,0.0,0.0,0.008034854382914491,0.0552948041180051,0.998470071978901,0.0
18.352,-1.4321966861203277,0.009383846991790087,9.79241738512562,0.0,0.0,0.00808517914029635,0.05542398848781382,0.9984629094263355,0.0
18.368000000000002,-1.4129982628960653,0.009174398651872388,9.857631152411289,0.0,0.0,0.008137485389484956,0.055554007368245964,0.9984556836762105,0.0
18.384,-1.3752825488021148,0.009186030272629033,9.764385133598676,0.0,0.0,0.008192011424537411,0.055684871900561025,0.9984483937797778,0.0
18.400000000000002,-1.356509780920625,0.008971037979697635,9.832480393319374,0.0,0.0,0.008246286443403816,0.05581659351060013,0.9984410387643691,0.0
18.416,-1.328440499891533,0.008878047720445934,9.780228800369477,0.0,0.0,0.008300576526133295,0.05594918391868143,0.9984336176325562,0.0
18.432000000000002,-1.3082113818725398,0.00877727668980023,9.817380895787743,0.0,0.0,0.008356859879949647,0.0560826551499827,0.9984261293612705,0.0
18.448,-1.2750563682454388,0.008644562191916045,9.796389168083495,0.0,0.0,0.008411211876469744,0.05621701954522395,0.9984185729008911,0.0
18.464,-1.251369679462738,0.008557763723054277,9.894124040432807,0.0,0.0,0.008467886508655867,0.05635228977205641,0.9984109471742818,0.0
18.48,-1.220522870745966,0.008413603708629947,9.838221350178076,0.0,0.0,0.008524714052258232,0.05648847883666847,0.9984032510757962,0.0
18.496,-1.211344158954509,0.008375025656388042,9.838000762417611,0.0,0.0,0.008583135468404916,0.0566256000961158,0.9983954834702302,0.0
18.512,-1.1757132879435623,0.008213049066966046,9.807622746727242,0.0,0.0,0.008644022463780274,0.05676366727113717,0.9983876431917272,0.0
18.528,-1.1565301170155673,0.008055955496194464,9.786086143329,0.0,0.0,0.008704591365595609,0.056902694459518746,0.9983797290426357,0.0
18.544,-1.1340470046392337,0.0079724729655639,9.829626924957989,0.0,0.0,0.008765323433237203,0.057042696150098306,0.9983717397923119,0.0
18.56,-1.1134137252843261,0.007891024890565833,9.809897362695141,0.0,0.0,0.008826519328146279,0.0571836872373671,0.9983636741758681,0.0
18.576,-1.0861866345637807,0.007753372950388962,9.825998436916672,0.0,0.0,0.008889353700653399,0.057325683036843524,0.9983555308928576,0.0
18.592,-1.0682314501320085,0.00764389917489054,9.801893457048516,0.0,0.0,0.008951982921965055,0.0574686993010264,0.998347308605902,0.0
18.608,-1.0386323474681247,0.0075068678533860185,9.868545552046026,0.0,0.0,0.009019261756364761,0.057612752236215745,0.9983390059392493,0.0
18.624,-1.0226731977885135,0.007528548185580107,9.816673793784602,0.0,0.0,0.009085274690713277,0.057757858520075554,0.9983306214772614,0.0
18.64,-1.0002473622419048,0.007400469443589214,9.800750419953946,0.0,0.0,0.009150225700951939,0.05790403532004484,0.9983221537628297,0.0
18.656,-0.983666900236768,0.007305598058026489,9.769101109520147,0.0,0.0,0.009218518784906479,0.058051300312669224,0.9983136012957092,0.0
18.672,-0.9620323263481876,0.007231436322196752,9.813024472482768,0.0,0.0,0.009291009722522536,0.058199671703816715,0.9983049625307729,0.0
18.688,-0.937475142675978,0.007087427600893115,9.755379302725318,0.0,0.0,0.009359293696190625,0.05834916824995366,0.9982962358761747,0.0
18.704,-0.9243342131727068,0.007021656187102844,9.853687333860869,0.0,0.0,0.009430714293611059,0.058499809280447665,0.998287419691419,0.0
18.72,-0.9046503902254223,0.006929919092234176,9.837688859112484,0.0,0.0,0.009505350799698411,0.058651614721007286,0.9982785122853334,0.0
18.736,-0.8917911569901262,0.006829354831725712,9.785560610911432,0.0,0.0,0.009577984623964494,0.05880460511827472,0.9982695119139339,0.0
18.752,-0.8678834510389094,0.006738266875121291,9.820521693850981,0.0,0.0,0.009652930774310895,0.05895880166575846,0.9982604167781762,0.0
18.768,-0.8459761356226052,0.006625307858269674,9.781347395256255,0.0,0.0,0.009731715796713282,0.05911422623102573,0.998251225021591,0.0
18.784,-0.8375004841359718,0.006519127122008942,9.835947443154883,0.0,0.0,0.00981019861041964,0.05927090138436597,0.9982419347277919,0.0
18.8,-0.8139013541989731,0.0064825615792216355,9.809949383711295,0.0,0.0,0.009887846537457678,0.05942885042898857,0.9982325439178433,0.0
18.816,-0.8034390373805873,0.006446033694206902,9.803387650871892,0.0,0.0,0.00996914992205387,0.059588097432756525,0.9982230505474938,0.0
18.832,-0.7833495451639992,0.006358878808545574,9.817347302466565,0.0,0.0,0.010054472088181275,0.05974866726176554,0.9982134525042441,0.0
18.848,-0.7680027050038236,0.006282985829014812,9.741688117279473,0.0,0.0,0.010139125058463632,0.05991058561560529,0.9982037476042632,0.0
18.864,-0.7535949556718466,0.006231379933295658,9.76114178420011,0.0,0.0,0.010223805348522299,0.06007387906470712,0.9981939335891192,0.0
18.88,-0.7343448781933395,0.006147979773028183,9.831852995090491,0.0,0.0,0.010313558443439539,0.060238575089709125,0.9981840081223309,0.0
18.896,-0.7201806910618748,0.006044820823751677,9.800429550610795,0.0,0.0,0.010401765521083845,0.060404702123024165,0.9981739687857166,0.0
18.912,-0.7105268824129726,0.006021174736682833,9.764718467241712,0.0,0.0,0.010493762588179382,0.060572289592848584,0.9981638130755293,0.0
18.928,-0.6917243002935255,0.005921074272050768,9.784779153157965,0.0,0.0,0.010585999778378794,0.0607413679696876,0.9981535383983625,0.0
18.944,-0.6835034963305779,0.005842360942180725,9.803255820132522,0.0,0.0,0.010681112763458792,0.06091196881555519,0.9981431420668144,0.0
18.96,-0.665076841523396,0.005802827489149344,9.80987051225227,0.0,0.0,0.010781641882798055,0.06108412483617405,0.9981326212948852,0.0
18.976,-0.654662362162006,0.005694623905118068,9.876361118435838,0.0,0.0,0.010879233086098188,0.06125786993621341,0.9981219731930953,0.0
18.992,-0.645937924016805,0.0056642840880447316,9.854802948869335,0.0,0.0,0.01097848105210499,0.061433239277959586,0.9981111947632973,0.0
19.008,-0.6270478620068325,0.005618168045673042,9.822031609781144,0.0,0.0,0.011085262697871301,0.061610269343496796,0.9981002828931679,0.0
19.024,-0.618725460701998,0.005537224143408965,9.803304164163025,0.0,0.0,0.011191805221124295,0.061788998000799164,0.9980892343503447,0.0
19.04,-0.6032804076820805,0.005448257916696295,9.826570353852487,0.0,0.0,0.011301111884297175,0.06196946457399104,0.9980780457761872,0.0
19.056,-0.5928149761015041,0.005410907076062101,9.828086622355038,0.0,0.0,0.0114114469119216,0.062151709918062736,0.9980667136791312,0.0
19.072,-0.582165297557138,0.0053925833852741046,9.71861393916702,0.0,0.0,0.011526910300822603,0.06233577649837248,0.9980552344276067,0.0
19.088,-0.5686617927846688,0.005278265254989717,9.798031321613925,0.0,0.0,0.011644821760785962,0.06252170847540484,0.9980436042424784,0.0
19.104,-0.5554418383267404,0.005250996530617383,9.792036734338225,0.0,0.0,0.011763837900844431,0.06270955179510987,0.9980318191889758,0.0
19.12,-0.5446096893537712,0.005189690351765826,9.800035650964338,0.0,0.0,0.011889318005820017,0.06289935428525648,0.9980198751680739,0.0
19.136,-0.5366698789987717,0.005147051454886313,9.831411293204338,0.0,0.0,0.012011000230742771,0.06309116575845773,0.9980077679072638,0.0
19.152,-0.5225531557456964,0.005052738875274715,9.868405982087614,0.0,0.0,0.012139883786009314,0.06328503812217079,0.9979954929506824,0.0
19.168,-0.5131330281482702,0.005011411737105604,9.800475469733462,0.0,0.0,0.012276016776739649,0.06348102549642674,0.9979830456485332,0.0
19.184,-0.5061887182776715,0.004995467871649595,9.785278928222603,0.0,0.0,0.012411181224602847,0.06367918433997263,0.9979704211457351,0.0
19.2,-0.49516703046087984,0.004950983208355514,9.795164126155802,0.0,0.0,0.012548769035414738,0.06387957358539824,0.9979576143697425,0.0
19.216,-0.480845346174578,0.004884046189093586,9.816695185780928,0.0,0.0,0.012695040854894982,0.06408225478409196,0.9979446200174571,0.0
19.232,-0.47277832961614513,0.0048365391338024595,9.781212605978673,0.0,0.0,0.012842078658470755,0.06428729226208582,0.9979314325411387,0.0
19.248,-0.46103911776847106,0.004808626137012485,9.857732933886671,0.0,0.0,0.012991930344271116,0.0644947532874352,0.997918046133245,0.0
19.264,-0.45455229055308294,0.004793008456867768,9.754992981473464,0.0,0.0,0.01315160898076803,0.06470470825046462,0.99790445471008,0.0
19.28,-0.4478551008205824,0.004718228281801477,9.80571842730983,0.0,0.0,0.013310785169707231,0.0649172308579513,0.9978906518941519,0.0
19.296,-0.4384403178283399,0.00467208280899379,9.831888953504562,0.0,0.0,0.013475201515620096,0.06513239834256483,0.9978766309951073,0.0
19.312,-0.4283164454422484,0.004612727594839185,9.797318474138457,0.0,0.0,0.013647316219529648,0.06535029168908464,0.9978623849891084,0.0
19.328,-0.4195976233275741,0.00462164291785179,9.840841133246611,0.0,0.0,0.013821422756263219,0.06557099587897872,0.9978479064964956,0.0
19.344,-0.41241486907628616,0.00457854095438069,9.83748321898455,0.0,0.0,0.014005746853151374,0.06579460015516449,0.997833187757564,0.0
19.36,-0.4034636408423317,0.004548000553913016,9.787116489336,0.0,0.0,0.014195311444464813,0.06602119830899635,0.9978182206062608,0.0
19.376,-0.3946375032005441,0.004499808568417794,9.844588571477907,0.0,0.0,0.014387484037582774,0.06625088899181325,0.9978029964415793,0.0
19.392,-0.38625610101508906,0.004463196629714358,9.744322704555856,0.0,0.0,0.014587375434869192,0.06648377605342658,0.9977875061964235,0.0
19.408,-0.37872601824540936,0.004439993706423663,9.79856364584629,0.0,0.0,0.014793628422106271,0.06671996891068438,0.9977717403036415,0.0
19.424,-0.37121966282784225,0.0044080307268908585,9.8146092848001,0.0,0.0,0.015006276707689151,0.06695958294906693,0.9977556886589457,0.0
19.44,-0.3649258404808579,0.004346483614603368,9.796217744953548,0.0,0.0,0.015230710489965825,0.0672027399611697,0.9977393405803501,0.0
19.456,-0.3546307331042945,0.004379440474367135,9.812369316920313,0.0,0.0,0.015461461738077597,0.06744956862603474,0.9977226847637383,0.0
19.472,-0.34846599873060874,0.0043282394306943745,9.824559441627946,0.0,0.0,0.01570187492017981,0.06770020503418496,0.9977057092341056,0.0
19.488,-0.34235687653622304,0.0043430328078729215,9.849543324137663,0.0,0.0,0.015947548258824107,0.06795479326343265,0.9976884012919688,0.0
19.504,-0.33453338332854504,0.004310338131770785,9.850640904936487,0.0,0.0,0.016205069651303663,0.0682134860116883,0.9976707474543559,0.0
19.52,-0.32855292426403326,0.0042991829094643184,9.80855313922618,0.0,0.0,0.01647464904877367,0.06847644529359526,0.9976527333897067,0.0
19.536,-0.3204071052422682,0.00424419253923498,9.815850654128809,0.0,0.0,0.016752939587698187,0.06874384320882618,0.9976343438459205,0.0
19.552,-0.3152126234553182,0.004262822033370951,9.755365669227864,0.0,0.0,0.0170396889852665,0.06901586279113961,0.9976155625706701,0.0
19.568,-0.30893905132803295,0.0042146630825372075,9.832576895443063,0.0,0.0,0.017342245062183386,0.06929269894855436,0.9975963722229673,0.0
19.584,-0.30034240606077045,0.004224183904975251,9.845088702077078,0.0,0.0,0.01765905921490777,0.06957455950666674,0.9975767542748043,0.0
19.6,-0.29729255209728633,0.004247393714465037,9.871840719222714,0.0,0.0,0.017984353156918164,0.06986166636892867,0.9975566889015163,0.0
19.616,-0.29115971489493375,0.004197891726652333,9.814218403198048,0.0,0.0,0.018334568184197313,0.07015425681005097,0.9975361548592759,0.0
19.632,-0.28510758476179593,0.0041928546942759095,9.823352470338541,0.0,0.0,0.018693521571607807,0.07045258492118442,0.9975151293478828,0.0
19.648,-4.967015362065221,0.0017781074783752558,9.82853994605131,0.0,0.0,-0.02930658354880127,0.06998481054851023,0.9975480571343364,0.0
19.664,-5.042927715984023,-0.010216777094292095,9.852998124632096,0.0,0.0,-0.07731517170042913,0.06875085848109115,0.9976338604208024,0.0
19.68,-3.762826746958771,-0.012179171889976583,9.842303690561543,0.0,0.0,-0.1253199092622955,0.06675053437197548,0.9977696959524556,0.0
19.696,0.0,0.0,9.823166021626442,0.0,0.0,-0.17328485181394784,0.06398353565736091,0.9979509542882273,0.0
19.712,0.0,0.0,9.811472712272028,0.0,0.0,-0.22131529899725005,0.06044946925991119,0.9981712586857002,0.0
19.728,0.0,0.0,9.815750189735907,0.0,0.0,-0.26930566520345356,0.05614787608171542,0.9984224636953599,0.0
19.744,0.0,0.0,9.822714333764527,0.0,0.0,-0.31730714591756043,0.05107826229396882,0.9986946535958969,0.0
19.76,0.0,0.0,9.810555191034572,0.0,0.0,-0.36530075172169435,0.045240137430597654,0.9989761408388396,0.0
19.776,0.0,0.0,9.802215373576045,0.0,0.0,-0.4133477917027557,0.038633059292247314,0.9992534647073893,0.0
19.792,0.0,0.0,9.795510060580185,0.0,0.0,-0.4613911450074053,0.031256685664980265,0.9995113904309648,0.0
19.808,0.0,0.0,9.78766482818697,0.0,0.0,-0.5093652057244749,0.023110832853752386,0.999732909033611,0.0
19.824,0.0,0.0,9.804344395112613,0.0,0.0,-0.5573277276734279,0.014195541025313835,0.9998992382310323,0.0
19.84,0.0,0.0,9.78581382458752,0.0,0.0,-0.605304196501564,0.004511146346874947,0.9999898247275505,0.0
19.856,0.0,0.0,9.832372360408462,0.0,0.0,-0.6534174567367012,-0.005941640103733069,0.9999823483006476,0.0
19.872,0.0,0.0,9.861294214910489,0.0,0.0,-0.7012473199693838,-0.017161646692808057,0.9998527280968889,0.0
19.888,0.0,0.0,9.872754002939647,0.0,0.0,-0.7492382125013374,-0.029147148904554193,0.9995751315987887,0.0
19.904,0.0,0.0,9.759433792472022,0.0,0.0,-0.7973473669113417,-0.041895770405663335,0.9991219867574309,0.0
19.92,0.0,0.0,9.854579728048463,0.0,0.0,-0.845328858020578,-0.055404377595913025,0.9984639978202566,0.0
19.936,0.0,0.0,9.805953713853116,0.0,0.0,-0.8933682934200704,-0.06966896776587422,0.997570165417169,0.0
19.952,0.0,0.0,9.78255681692895,0.0,0.0,-0.9413706459802565,-0.08468455101345665,0.9964078115007174,0.0
19.968,0.0,0.0,9.770341585606548,0.0,0.0,-0.9892224208249192,-0.10044502610447413,0.9949426097674536,0.0
19.984,0.0,0.0,9.796489273853489,0.0,0.0,-1.0372789032395808,-0.11694305050132595,0.9931386222171831,0.0
20.0,0.0,0.0,9.814836589452884,0.0,0.0,-1.0853343203701489,-0.13416990482670224,0.9909583425345356,0.0
20.016000000000002,0.0,0.0,9.78249841031186,0.0,0.0,-1.1331351259670885,-0.15211535207655574,0.9883627470026506,0.0
20.032,0.0,0.0,9.847169223667912,0.0,0.0,-1.1813344509575976,-0.1707674919489542,0.9853113536813954,0.0
20.048000000000002,0.0,0.0,9.800038059213215,0.0,0.0,-1.2294705508744534,-0.19011261071232732,0.9817622906020291,0.0
20.064,0.0,0.0,9.861101193887297,0.0,0.0,-1.2772104617351403,-0.2101350270987928,0.9776723737460264,0.0
20.080000000000002,0.0,0.0,9.841244692231088,0.0,0.0,-1.3253516031302042,-0.2308169347749826,0.9729971955874702,0.0
20.096,0.0,0.0,9.8377908816395,0.0,0.0,-1.373347385436972,-0.2521382420148585,0.9676912249853549,0.0
20.112000000000002,0.0,0.0,9.830763857135063,0.0,0.0,-1.4213425931030768,-0.27407640927570126,0.9617079192138007,0.0
20.128,0.0,0.0,9.776396882786438,0.0,0.0,-1.4692629113807922,-0.29660628546010503,0.9549998489138931,0.0
20.144000000000002,0.0,0.0,9.847075634337774,0.0,0.0,-1.4998470144412905,-0.31943757151863283,0.9476073226301487,0.0
20.16,0.0,0.0,9.859295722665108,0.0,0.0,-1.5000819962587508,-0.3420848880275815,0.939669053115594,0.0
20.176000000000002,0.0,0.0,9.872328330754256,0.0,0.0,-1.500194068394655,-0.3645351920108307,0.9311896121551329,0.0
20.192,0.0,0.0,9.895782876594586,0.0,0.0,-1.4997243009161476,-0.3867755539551347,0.9221738832035415,0.0
20.208000000000002,0.0,0.0,9.833266671045367,0.0,0.0,-1.5002236933255795,-0.4087931652564535,0.9126270585730022,0.0
20.224,0.0,0.0,9.816597343179433,0.0,0.0,-1.4999484747078986,-0.43057534559664223,0.9025546364427652,0.0
20.240000000000002,0.0,0.0,9.84107039746632,0.0,0.0,-1.5003341466344233,-0.4521095502462673,0.8919624176926503,0.0
20.256,0.0,0.0,9.871904017660432,0.0,0.0,-1.4999670475293327,-0.47338337728932645,0.880856502562223,0.0
20.272000000000002,0.0,0.0,9.825370461189461,0.0,0.0,-1.5000695542154279,-0.4943845747657231,0.8692432871375626,0.0
20.288,0.0,0.0,9.833740745421611,0.0,0.0,-1.49989722239695,-0.5151010477273854,0.8571294596676456,0.0
20.304000000000002,0.0,0.0,9.814903401156275,0.0,0.0,-1.5000146463115989,-0.5355208652039475,0.844521996712469,0.0
20.32,0.0,0.0,9.826768570712904,0.0,0.0,-1.5001087144756249,-0.5556322670739985,0.8314281591251338,0.0
20.336000000000002,0.0,0.0,9.87153043287029,0.0,0.0,-1.4999973212628221,-0.5754236708379418,0.8178554878701909,0.0
20.352,0.0,0.0,9.741369604347625,0.0,0.0,-1.5004421906983363,-0.5948836782885532,0.8038117996806723,0.0
20.368000000000002,0.0,0.0,9.788768159827557,0.0,0.0,-1.4997503856323962,-0.6140010820753968,0.7893051825563049,0.0
20.384,0.0,0.0,9.824554936205573,0.0,0.0,-1.4999318815349865,-0.6327648721593379,0.7743439911054885,0.0
20.400000000000002,0.0,0.0,9.814062586415796,0.0,0.0,-1.4997489835977607,-0.6511642421534087,0.7589368417337353,0.0
20.416,0.0,0.0,9.824304444243756,0.0,0.0,-1.499698154456108,-0.6691885955463889,0.7430926076813386,0.0
20.432000000000002,0.0,0.0,9.827364096360114,0.0,0.0,-1.4998187130686056,-0.6868275518055228,0.7268204139131151,0.0
20.448,0.0,0.0,9.813773466430574,0.0,0.0,-1.4998358845234248,-0.7040709523548387,0.7101296318631904,0.0
20.464000000000002,0.0,0.0,9.766223880028754,0.0,0.0,-1.499827339688169,-0.720908866425651,0.6930298740378246,0.0
20.48,0.0,0.0,9.803703926268161,0.0,0.0,-1.4999712558069576,-0.7373315967758576,0.6755309884794066,0.0
20.496,0.0,0.0,9.785059986872954,0.0,0.0,-1.4520148115237255,-0.7528244637732937,0.658221335680068,0.0
20.512,0.0,0.0,9.792910646956274,0.0,0.0,-1.421410158607981,-0.767596972889099,0.6409328258183472,0.0
20.528,0.0,0.0,9.833080181396749,0.0,0.0,-1.387612931284512,-0.7816350485666763,0.6237360426111112,0.0
20.544,0.0,0.0,9.789346178591156,0.0,0.0,-1.3569301713815347,-0.7949917529448998,0.6066202376690011,0.0
20.56,0.0,0.0,9.789831428483451,0.0,0.0,-1.3254208746241694,-0.8076759424829613,0.5896266377414272,0.0
20.576,0.0,0.0,9.845605256104168,0.0,0.0,-1.2959089369303223,-0.8197244041741787,0.5727581524529246,0.0
20.592,0.0,0.0,9.801434745072855,0.0,0.0,-1.2657827179108274,-0.8311550103899458,0.5560407797128635,0.0
20.608,0.0,0.0,9.823509918978958,0.0,0.0,-1.2371692153040017,-0.841997004979178,0.5394821995266332,0.0
20.624,0.0,0.0,9.791457675671742,0.0,0.0,-1.208520741934482,-0.8522713373486228,0.5230999594092796,0.0
20.64,0.0,0.0,9.787453927640785,0.0,0.0,-1.18109501504919,-0.8620033448322961,0.5069025877798746,0.0
20.656,0.0,0.0,9.818198108333418,0.0,0.0,-1.1536959722009685,-0.8712145150540059,0.4909025043317804,0.0
20.672,0.0,0.0,9.805628317150344,0.0,0.0,-1.127510817879674,-0.8799277835054018,0.47510745712446023,0.0
20.688,0.0,0.0,9.839629273373884,0.0,0.0,-1.1016054023791577,-0.8881640918428654,0.4595264366289912,0.0
20.704,0.0,0.0,9.791558216731513,0.0,0.0,-1.0761762529983083,-0.8959445967132565,0.44416582446235114,0.0
20.72,0.0,0.0,9.841069087986634,0.0,0.0,-1.0514209828166154,-0.9032892374537528,0.42903211243474276,0.0
20.736,0.0,0.0,9.79932006879137,0.0,0.0,-1.027278471481052,-0.9102176574968724,0.41413019206634316,0.0
20.752,0.0,0.0,9.796843673918238,0.0,0.0,-1.0034444364664235,-0.9167486131199989,0.39946461713468256,0.0
20.768,0.0,0.0,9.77943668375274,0.0,0.0,-0.9802736084303892,-0.9229003605785582,0.3850388609529788,0.0
20.784,0.0,0.0,9.800540650327767,0.0,0.0,-0.9575422679071645,-0.9286904168779266,0.3708559148767926,0.0
20.8,0.0,0.0,9.810796262678943,0.0,0.0,-0.9353181160612113,-0.93413572648341,0.35691798008409686,0.0
20.816,0.0,0.0,9.815362939244444,0.0,0.0,-0.9136263893451949,-0.939252569660077,0.34322676234079175,0.0
20.832,0.0,0.0,9.736185075200805,0.0,0.0,-0.892371794390141,-0.9440566389867437,0.32978335674356435,0.0
20.848,0.0,0.0,9.793724491429032,0.0,0.0,-0.8713986143993581,-0.9485630097849252,0.31658840229509994,0.0
20.864,0.0,0.0,9.789336453920424,0.0,0.0,-0.8511516779010202,-0.9527861801441928,0.303642050655435,0.0
20.88,0.0,0.0,9.780195893086155,0.0,0.0,-0.8314370208699934,-0.9567400676254638,0.2909440547597137,0.0
20.896,0.0,0.0,9.75093807944772,0.0,0.0,-0.8116956980050496,-0.9604380347352349,0.2784937727022276,0.0
20.912,0.0,0.0,9.768716502516376,0.0,0.0,-0.7928288748446234,-0.9638928968037678,0.26629022417513004,0.0
20.928,0.0,0.0,9.912730868179969,0.0,0.0,-0.7740648313252579,-0.9671169417219433,0.25433210775361303,0.0
20.944,0.0,0.0,9.804591699764147,0.0,0.0,-0.7558398523821422,-0.9701219425428553,0.24261784064012473,0.0
20.96,0.0,0.0,9.816488479473987,0.0,0.0,-0.7381140461639842,-0.9729191749156668,0.231145579843999,0.0
20.976,0.0,0.0,9.788459762976856,0.0,0.0,-0.7206417488017631,-0.9755194315841375,0.2199132524468714,0.0
20.992,0.0,0.0,9.827328726491034,0.0,0.0,-0.7035908366661604,-0.9779330387759039,0.20891857665254784,0.0
21.008,0.0,0.0,9.80623693804638,0.0,0.0,-0.6867863500028414,-0.9801698713067243,0.19815908604593324,0.0
21.024,0.0,0.0,9.864748273713937,0.0,0.0,-0.6705733174016693,-0.9822393683249715,0.18763214893125593,0.0
21.04,0.0,0.0,9.837678500587707,0.0,0.0,-0.6544759770516912,-0.9841505483948457,0.17733498835290443,0.0
21.056,0.0,0.0,9.800093811041087,0.0,0.0,-0.6390740056557812,-0.9859120246738907,0.16726469921483578,0.0
21.072,0.0,0.0,9.816717585749853,0.0,0.0,-0.6236041583572126,-0.9875320196479073,0.15741826504610348,0.0
21.088,0.0,0.0,9.777596159885626,0.0,0.0,-0.6088187045227075,-0.9890183797123064,0.14779257285548572,0.0
21.104,0.0,0.0,9.822393709489296,0.0,0.0,-0.5941551479356958,-0.990378589375791,0.1383844272525577,0.0
21.12,0.0,0.0,9.83011112179788,0.0,0.0,-0.5798571802432606,-0.9916197851926554,0.1291905631788638,0.0
21.136,0.0,0.0,9.815510598455838,0.0,0.0,-0.5659186373429549,-0.992748769328753,0.12020765781033431,0.0
21.152,0.0,0.0,9.827695911161642,0.0,0.0,-0.5522296557168322,-0.9937720227981297,0.11143234137230487,0.0
21.168,0.0,0.0,9.845111384606685,0.0,0.0,-0.5386982633002966,-0.9946957183298812,0.1028612071492532,0.0
21.184,0.0,0.0,9.839330856183528,0.0,0.0,-0.5257157645913222,-0.99552573287764,0.09449082060410836,0.0
21.2,0.0,0.0,9.88988115489364,0.0,0.0,-0.512901052612975,-0.9962676597552301,0.08631772776108664,0.0
21.216,0.0,0.0,9.815037264804616,0.0,0.0,-0.5003912530373672,-0.9969268204034609,0.0783384628407121,0.0
21.232,0.0,0.0,9.850530168160107,0.0,0.0,-0.48829179339996615,-0.9975082757828965,0.07054955524050416,0.0
21.248,0.0,0.0,9.778024460873418,0.0,0.0,-0.47619853686030805,-0.9980168373963837,0.06294753587965392,0.0
21.264,0.0,0.0,9.788951134840792,0.0,0.0,-0.46451709703649263,-0.9984570779420107,0.0555289429712261,0.0
21.28,0.0,0.0,9.80998852233459,0.0,0.0,-0.45297270478161605,-0.998833341601108,0.048290327250540194,0.0
21.296,0.0,0.0,9.784606987115174,0.0,0.0,-0.44180935597975884,-0.9991497539652819,0.04122825670722369,0.0
21.312,0.0,0.0,9.818005733114212,0.0,0.0,-0.4308550592144751,-0.9994102316083465,0.03433932085162832,0.0
21.328,0.0,0.0,9.862396038946418,0.0,0.0,-0.4201323287315579,-0.9996184913091813,0.027620134553550238,0.0
21.344,4.995301341373926,0.029742160754135556,9.744444739727587,0.0,0.0,-0.37214294404628434,-0.9997652317657907,0.021667518369554942,0.0
21.36,5.0202347509778615,-0.003826070316937639,9.873450395607877,0.0,0.0,-0.32413279430802827,-0.9998641621430367,0.016482028455351717,0.0
21.376,5.014042011984303,-0.029658517686785662,9.787898602491024,0.0,0.0,-0.2761525524045011,-0.999927226841442,0.01206403834475933,0.0
21.392,5.0278560460869,-0.04837160257650174,9.830935918979051,0.0,0.0,-0.22817642187867954,-0.999964603486218,0.008413784799436835,0.0
21.408,5.013829108256249,-0.0584469200986511,9.763906191837432,0.0,0.0,-0.18016036264310406,-0.9999847016519288,0.0055314068827985235,0.0
21.424,4.97991587960173,-0.06141088668212108,9.845569053381473,0.0,0.0,-0.13215613253865283,-0.9999941621127818,0.003416978249199917,0.0
21.44,4.984117125377559,-0.05644832830149059,9.879250117143155,0.0,0.0,-0.08415454135853881,-0.9999978564449894,0.002070532643144545,0.0
21.456,4.990521883629252,-0.04409408778912003,9.877464582875072,0.0,0.0,-0.036151035023250615,-0.9999988868441294,0.0014920826057035488,0.0
21.472,4.9841253517328905,-0.023917954630288136,9.835079887229845,0.0,0.0,0.01184954025033934,-0.9999985860569398,0.0016816313868332447,0.0
21.488,5.019612244607472,0.006769542310140673,9.828881707654803,0.0,0.0,0.022025751805313878,-0.9999979312413002,0.0020340877857185024,0.0
21.504,4.991996427360519,0.015900956637777897,9.768263673913669,0.0,0.0,0.021750712630885592,-0.9999971629035272,0.002382054763524068,0.0
21.52,4.99787672204129,0.01749819963592494,9.80998154529026,0.0,0.0,0.02147682995659419,-0.9999962852523709,0.002725707515270742,0.0
21.536,4.955170589916637,0.018900526544936867,9.738874514843554,0.0,0.0,0.021218206855221074,-0.9999953022102079,0.003065217368304441,0.0
21.552,5.0205753506798825,0.020411107852094112,9.90251634161422,0.0,0.0,0.020971907873220095,-0.9999942174258937,0.00340075208957732,0.0
21.568,4.977092885295429,0.02184272079228757,9.85973356259175,0.0,0.0,0.020733941612478844,-0.9999930342864971,0.003732476186762727,0.0
21.584,5.011859971487872,0.02317756734602827,9.806842199949632,0.0,0.0,0.020504300692513612,-0.9999917559279752,0.004060551204571329,0.0
21.6,4.9915600087603424,0.02463559300038282,9.769730612469173,0.0,0.0,0.020285896816233873,-0.9999903852448316,0.004385136017642542,0.0
21.616,4.9970123466410294,0.026193108706469282,9.806025958203222,0.0,0.0,0.02007944771726203,-0.999988924898803,0.004706387121401077,0.0
21.632,4.954199921542087,0.027353913978659255,9.783255651111071,0.0,0.0,0.01988105890507345,-0.999987377326603,0.005024458922314945,0.0
21.648,4.992484095127308,0.028711547437172445,9.87830898549471,0.0,0.0,0.019692091210121658,-0.9999857447467561,0.005339504029019571,0.0
21.664,5.023054392057255,0.030039392702712504,9.77335372433235,0.0,0.0,0.01951225237725342,-0.9999840291655316,0.005651673545876593,0.0
21.68,5.009424156470483,0.031200112042960366,9.816341696078709,0.0,0.0,0.019338441652196368,-0.9999822323820031,0.005961117370578289,0.0
21.696,4.987522556633549,0.03270037367699105,9.811138787195752,0.0,0.0,0.019177839988313367,-0.9999803559922258,0.006267984497543034,0.0
21.712,4.983615697249152,0.03362284321879884,9.819841088954952,0.0,0.0,0.01902855158176923,-0.9999784013925425,0.006572423328970184,0.0
21.728,5.02742214224644,0.03494772630388262,9.803098570589984,0.0,0.0,0.018886903350390786,-0.9999763697819996,0.006874581995567366,0.0
21.744,4.979575200083994,0.0362168874154121,9.834740865620018,0.0,0.0,0.01875309841215202,-0.9999742621638606,0.007174608689156731,0.0
21.76,4.991289711938136,0.03733095111316315,9.886101112287168,0.0,0.0,0.018629377766336153,-0.9999720793461904,0.007472652009587758,0.0
21.776,4.988372596173034,0.0385748675278675,9.798176751071956,0.0,0.0,0.018513485051861994,-0.9999698219414707,0.007768861328628642,0.0
21.792,4.978887621148732,0.039956243544207015,9.839346763031049,0.0,0.0,0.018410057807431383,-0.9999674903652043,0.008063387173832657,0.0
21.808,4.995086301622398,0.0412175842120308,9.827308090402083,0.0,0.0,0.018312210179326674,-0.9999650848334447,0.00835638163571774,0.0
21.824,4.994691362783466,0.04234408912413136,9.737858797455909,0.0,0.0,0.018225437161974254,-0.9999626053591805,0.008647998802033959,0.0
21.84,1.2522426219635225,0.04484546753113142,9.794396992481174,0.0,0.0,0.01815113498449141,-0.9999600517474838,0.008938395223386093,0.0
21.856,1.973452672402405e-05,0.04560067704205271,9.808451788874564,0.0,0.0,0.018076006451424126,-0.9999574243742253,0.009227645358690827,0.0
21.872,1.9607250012240664e-05,0.045338486700860624,9.821892770059723,0.0,0.0,0.018012293159538,-0.9999547237858235,0.00951579625768105,0.0
21.888,1.943716962660578e-05,0.045026301651842474,9.867635498491742,0.0,0.0,0.01794100815465351,-0.9999519504654476,0.009802895508319807,0.0
21.904,1.926691794106886e-05,0.04483979252459257,9.734521112697488,0.0,0.0,0.01788041150809796,-0.9999491048322835,0.010088991283322787,0.0
21.92,1.8987030758190618e-05,0.0445348798408141,9.773385657274439,0.0,0.0,0.0178209073494963,-0.999946187240678,0.01037413238931714,0.0
21.936,1.89483691157546e-05,0.044750958064007376,9.821751122757675,0.0,0.0,0.01776467295767942,-0.9999431979791553,0.01065836831884454,0.0
21.952,1.892759271420702e-05,0.04432711422347041,9.83572925430984,0.0,0.0,0.017712744769336777,-0.9999401372692952,0.010941749305446734,0.0
21.968,1.8665566053750803e-05,0.04444123014151453,9.787489484984807,0.0,0.0,0.01766105854588038,-0.9999370052644663,0.011224326382066323,0.0
21.984,1.8631372239283852e-05,0.04381059507491544,9.81279355285961,0.0,0.0,0.01761609813358556,-0.9999338020484004,0.011506151443050075,0.0
22.0,1.8485362620652652e-05,0.04376122785372,9.801873346246179,0.0,0.0,0.017570675453018752,-0.9999305276336033,0.011787277310038554,0.0
22.016000000000002,1.8580908793781662e-05,0.04387570305120719,9.799275965974909,0.0,0.0,0.017530893957284837,-0.9999271819595819,0.012067757802078591,0.0
22.032,1.846530857657886e-05,0.04366250878145991,9.809450507984787,0.0,0.0,0.017496733826946678,-0.9999237648908804,0.012347647810305897,0.0
22.048000000000002,1.8316280337939086e-05,0.043748697922920216,9.758115659594882,0.0,0.0,0.017460067880954944,-0.9999202762149101,0.012627003377601762,0.0
22.064,1.8188891761621946e-05,0.043639670606880794,9.805612390251007,0.0,0.0,0.01743328295254023,-0.999916715639551,0.012905881783643219,0.0
22.080000000000002,1.8118568534864747e-05,0.043798467897265575,9.844640755616506,0.0,0.0,0.017403742367610067,-0.9999130827905142,0.013184341635834118,0.0
22.096,1.823423703815803e-05,0.043744998684286746,9.812646252947319,0.0,0.0,0.017383077287643448,-0.99990937720844,0.013462442966633414,0.0
22.112000000000002,1.8118249382353718e-05,0.043076464356655485,9.73345063691595,0.0,0.0,0.017362043144515435,-0.999905598345711,0.013740247337864818,0.0
22.128,1.8065845110053e-05,0.043622985871316196,9.83157731429836,0.0,0.0,0.017348623067809755,-0.9999017455629561,0.01401781795264602,0.0
22.144000000000002,1.80203388965057e-05,0.043148738473314706,9.809075662618568,0.0,0.0,0.01734040646924223,-0.9998978181252153,0.014295219775653097,0.0
22.16,1.8009742067419357e-05,0.0432101975621135,9.88810070248845,0.0,0.0,0.017333299768078222,-0.999893815197737,0.014572519662498793,0.0
22.176000000000002,1.7938033512964986e-05,0.04349937518010352,9.832496913312145,0.0,0.0,0.017329056492620464,-0.9998897358413731,0.014849786499110125,0.0
22.192,1.797214247584929e-05,0.0431616123195228,9.804275925013874,0.0,0.0,0.01733541940043168,-0.9998855790075314,0.015127091352077552,0.0
22.208000000000002,1.8127081254211846e-05,0.04296551121743826,9.770560515065128,0.0,0.0,0.017341828431215962,-0.9998813435326439,0.015404507631057968,0.0
22.224,1.8101470079936197e-05,0.04326521378170892,9.828617198689617,0.0,0.0,0.017351509604068588,-0.9998770281321048,0.015682111264449072,0.0
22.240000000000002,1.80245277428288e-05,0.043113985514091534,9.848702091644192,0.0,0.0,0.017370269244494405,-0.9998726313936193,0.015959980889698352,0.0
22.256,1.8112866633917832e-05,0.04344882695093287,9.734039138324325,0.0,0.0,0.017389884183130387,-0.9998681517699082,0.016238198059756653,0.0
22.272000000000002,1.8188919167453602e-05,0.04325179818533578,9.817048613172759,0.0,0.0,0.01742036424370539,-0.9998635875706938,0.016516847467402417,0.0
22.288,1.8140334331081495e-05,0.0435266078536876,9.817844281815717,0.0,0.0,0.017452436650031582,-0.9998589369538962,0.016796017189344273,0.0
22.304000000000002,1.832342250808931e-05,0.043917797551889425,9.780302611556403,0.0,0.0,0.017489504738330528,-0.9998541979159469,0.017075798952286742,0.0
22.32,1.8441402777339427e-05,0.04344306771871008,9.876436424055207,0.0,0.0,0.017534194926179233,-0.9998493682811247,0.01735628842339982,0.0
22.336000000000002,1.856689328005261e-05,0.04359128707744866,9.782491963336163,0.0,0.0,0.017582925470325236,-0.9998444456898,0.01763758552797203,0.0
22.352,1.8578503696018635e-05,0.04384535140514359,9.85562827880582,0.0,0.0,0.017638152858250756,-0.9998394275854595,0.017919794797402605,0.0
22.368000000000002,1.8628854551111977e-05,0.044322450797105846,9.774150558922354,0.0,0.0,0.01770649529439672,-0.9998343112003631,0.018203025751106525,0.0
22.384,1.8712168788715982e-05,0.044260068920184935,9.837316148542055,0.0,0.0,0.017775540674046755,-0.9998290935396728,0.01848739331643048,0.0
22.400000000000002,1.9091124751007722e-05,0.04418709485585511,9.723835496799952,0.0,0.0,0.0178590147511542,-0.9998237713638521,0.018773018291246706,0.0
22.416,1.9236168213657017e-05,0.04461692045173867,9.804048066043705,0.0,0.0,0.017941578292930443,-0.9998183411691259,0.019060027854578655,0.0
22.432000000000002,1.930935674411502e-05,0.044880136341019235,9.78589748987524,0.0,0.0,0.0180358679202475,-0.9998127991657385,0.019348556131422275,0.0
22.448,1.9573762487121145e-05,0.04516857578251368,9.818866146902186,0.0,0.0,0.018138327563580463,-0.9998071412537223,0.01963874481884668,0.0
22.464000000000002,1.988717907154387e-05,0.04551084810472876,9.878945679314818,0.0,0.0,0.018253089459901815,-0.9998013629958338,0.019930743881587217,0.0
22.48,2.0054967581977148e-05,0.04552287965504671,9.86580057000876,0.0,0.0,0.018377669920932916,-0.9997954595872623,0.02022471232662747,0.0
22.496000000000002,-1.3766117332966217,0.04621934317933178,9.925444776851162,0.0,0.0,0.018510066824975642,-0.9997894258216502,0.02052081906784495,0.0
22.512,-3.7743824776245782,0.047209277018209185,9.773486926177648,0.0,0.0,0.01865407586939746,-0.9997832573844427,0.020819179949109447,0.0
22.528,-2.775095994321794,0.04626065307730343,9.737004426216968,0.0,0.0,0.018791298338593936,-0.9997769521117814,0.021119801752788426,0.0
22.544,-3.094847216536848,0.04532584933788242,9.786541659240411,0.0,0.0,0.01893558390974373,-0.999770506859118,0.02142273592850459,0.0
22.56,-2.893829857406024,0.04503401337361315,9.791816144549315,0.0,0.0,0.01908517501915553,-0.9997639187506898,0.021728017955260658,0.0
22.576,-2.882892490581823,0.04454996655230515,9.798631017384695,0.0,0.0,0.019231787974111313,-0.9997571846735269,0.02203569135887676,0.0
22.592,-2.8064785174409175,0.04319204465072449,9.800085987894827,0.0,0.0,0.019383227790816263,-0.9997503014745412,0.022345798297762016,0.0
22.608,-2.7501543942492495,0.04339335216053344,9.828992544518746,0.0,0.0,0.01954389905603078,-0.9997432658755891,0.022658383358285142,0.0
22.624,-2.687765743061385,0.04283737771970004,9.82024054768912,0.0,0.0,0.019697323787423688,-0.9997360745012172,0.022973492135433447,0.0
22.64,-2.63011167224624,0.04182966982500929,9.816194896764337,0.0,0.0,0.019859643680234636,-0.9997287238608982,0.023291171878204404,0.0
22.656,-2.578667572747607,0.04167850950741913,9.811380462626436,0.0,0.0,0.02002711384127885,-0.9997212103491339,0.023611471323553044,0.0
22.672,-2.5391322693800054,0.041368012570693884,9.862551038689297,0.0,0.0,0.020187566843815133,-0.999713530237996,0.02393444085588342,0.0
22.688,-2.470954207930281,0.04042568194809475,9.826148402470654,0.0,0.0,0.020359070560835846,-0.999705679672271,0.024260132542975543,0.0
22.704,-2.424819279434852,0.04013662336531993,9.784244696894792,0.0,0.0,0.020537008953124065,-0.9996976546631057,0.02458860022624091,0.0
22.72,-2.393335563603964,0.03992910283480886,9.754597105967846,0.0,0.0,0.020711221872571305,-0.9996894510817641,0.024919899595328414,0.0
22.736,-2.3376798571856807,0.03934105140791916,9.763213110124479,0.0,0.0,0.02089282429686924,-0.9996810646528176,0.025254088275153675,0.0
22.752,-2.29174068005619,0.03885265670438477,9.765833455313203,0.0,0.0,0.021077044915151222,-0.9996724909470021,0.025591225914677933,0.0
22.768,-2.261421792449285,0.03847791428556745,9.80912824401162,0.0,0.0,0.02126680049575549,-0.9996637253736085,0.025931374282112785,0.0
22.784,-2.2018738722620945,0.03799279920942989,9.840871992564773,0.0,0.0,0.021457361328117208,-0.9996547631724146,0.026274597365206154,0.0
22.8,-2.1650829879673394,0.03743947951087717,9.758012312119321,0.0,0.0,0.021657007070157885,-0.9996455994051111,0.02662096147768187,0.0
22.816,-2.1079928598475584,0.03726226044990869,9.858555666410822,0.0,0.0,0.021853817556185814,-0.9996362289461843,0.02697053537199219,0.0
22.832,-2.0739904339063537,0.03690423819283586,9.839641503023168,0.0,0.0,0.022062898992752114,-0.9996266464732181,0.02732339035895869,0.0
22.848,-2.0325524693007204,0.03632153766595752,9.841553328794815,0.0,0.0,0.022271934035319536,-0.9996168464565671,0.02767960043476006,0.0
22.864,-1.9918432653033662,0.0360539616053265,9.798429936107112,0.0,0.0,0.02248518839514293,-0.9996068231483546,0.02803924241584202,0.0
22.88,-1.9470370854610566,0.03555756067147362,9.867684189645065,0.0,0.0,0.022704070891656658,-0.9995965705707389,0.028402396082333824,0.0
22.896,-1.9062369978345926,0.03488858224027035,9.832007768768573,0.0,0.0,0.022933306822209294,-0.9995860825033949,0.0287691443306264,0.0
22.912,-1.8724055099710628,0.03468526746749084,9.77052796115812,0.0,0.0,0.023163487394383973,-0.9995753524701405,0.029139573335831705,0.0
22.928,-1.837853274759628,0.03437772826467322,9.821578667639221,0.0,0.0,0.023395890089598415,-0.9995643737246461,0.02951377272488885,0.0
22.944,-1.799045322524356,0.03385969555083429,9.807092662592492,0.0,0.0,0.023639807318405523,-0.9995531392351421,0.02989183576117335,0.0
22.96,-1.7563800412518826,0.03407722479466778,9.83254661624488,0.0,0.0,0.023886351691610536,-0.9995416416680497,0.030273859541527993,0.0
22.976,-1.7202173975369113,0.03354533175262075,9.8296960558405,0.0,0.0,0.024142792492469048,-0.9995298733704356,0.030659945206754434,0.0
22.992,-1.6834936762204462,0.03327332808986829,9.768052695823016,0.0,0.0,0.024401669758791784,-0.999517826351192,0.031050198166653137,0.0
23.008,-1.6550136210757154,0.03257565408445631,9.799504791385969,0.0,0.0,0.024671891783323158,-0.9995054922608327,0.03144472834085985,0.0
23.024,-1.6256855275581343,0.03257242318589702,9.796502303761825,0.0,0.0,0.02494175119823074,-0.9994928623697781,0.031843650416813675,0.0
23.04,-1.5955314408240888,0.03218851984412022,9.863373655798016,0.0,0.0,0.025228466475999762,-0.9994799275449949,0.03224708412634666,0.0
23.056,-1.553760420806903,0.031826141189554034,9.760910619125195,0.0,0.0,0.02551634802235109,-0.9994666782248439,0.03265515454252838,0.0
23.072,-1.5484463015348033,0.03144255081276874,9.793860077394474,0.0,0.0,0.02581848574356795,-0.9994531043919612,0.03306799239856873,0.0
23.088,-1.5125243917614677,0.031206971475646772,9.833702938913934,0.0,0.0,0.026120316230008964,-0.9994391955439967,0.033485734430780206,0.0
23.104,-1.4683559116669866,0.030907475986150706,9.856642166361526,0.0,0.0,0.026441927343892297,-0.999424940662001,0.03390852374780862,0.0
23.12,-1.4403099486438842,0.03082078293188613,9.807174398117636,0.0,0.0,0.026770224497101324,-0.9994103281762315,0.03433651022857739,0.0
23.136,-1.414777959400731,0.030403376420421985,9.899189605614088,0.0,0.0,0.027105046704626472,-0.9993953459291264,0.03476985095167719,0.0
23.152,-1.3865789256752574,0.030137200479479098,9.77744964551239,0.0,0.0,0.02744413291166617,-0.9993799811351612,0.03520871065922101,0.0
23.168,-1.3617241048052577,0.030037294241578034,9.761934368344056,0.0,0.0,0.02780032826905331,-0.9993642203372721,0.035653262258539466,0.0
23.184,-1.3299222118884755,0.029933407794473794,9.85609188007799,0.0,0.0,0.028169359396389072,-0.9993480493594891,0.03610368736548118,0.0
23.2,-1.3031060264854064,0.02939049832395784,9.825603210143932,0.0,0.0,0.028548099896915084,-0.9993314532553821,0.0365601768935283,0.0
23.216,-1.2780625009644182,0.029137335154292898,9.804926505559537,0.0,0.0,0.028944565496624487,-0.9993144162518737,0.03702293169343723,0.0
23.232,-1.2527263708990253,0.029336520390034704,9.862358913366384,0.0,0.0,0.029346502794975915,-0.9992969216879101,0.037492163248697516,0.0
23.248,-1.2282445117714185,0.028756373538951132,9.832851124955758,0.0,0.0,0.02976593546207376,-0.999278951947426,0.03796809443274803,0.0
23.264,-1.2054797838370486,0.028816040547776374,9.729711535580282,0.0,0.0,0.0302047254435621,-0.9992604883859576,0.038450960334659515,0.0
23.28,-1.1723914985932193,0.028431494371146435,9.821078558855541,0.0,0.0,0.03065051088681633,-0.9992415112501762,0.03894100916083262,0.0
23.296,-1.1419433258743317,0.0281968785670472,9.831467469228974,0.0,0.0,0.031119669151519893,-0.9992219995895135,0.039438503221272805,0.0
23.312,-1.121576584769553,0.028223790635582422,9.716610464350293,0.0,0.0,0.031601585301353576,-0.9992019311589386,0.03994372001013151,0.0
23.328,-1.1070849914567005,0.028306351545912014,9.698366913793938,0.0,0.0,0.0321034891659581,-0.9991812823118111,0.04045695339153857,0.0
23.344,-1.0872939770833143,0.027964575162228257,9.82081074659135,0.0,0.0,0.03261757140515923,-0.9991600278815815,0.040978514903266226,0.0
23.36,-1.0695778368680737,0.027937526033183165,9.786114934296394,0.0,0.0,0.03316753111532237,-0.9991381410509329,0.04150873519256539,0.0
23.376,-1.0460354638135478,0.027897353604423927,9.804667773796922,0.0,0.0,0.033725439210362834,-0.9991155932067391,0.042047965600563064,0.0
23.392,-1.0301553277745257,0.027555157266144183,9.809937928694442,0.0,0.0,0.034312492824599354,-0.9990923537789813,0.042596579914059324,0.0
23.408,-0.9971081748688094,0.027647625163547174,9.770142712328163,0.0,0.0,0.03493277581731995,-0.999068390061459,0.043154976306383944,0.0
23.424,-0.9801510920505558,0.027320171876990054,9.787565250340576,0.0,0.0,0.035575169746021346,-0.999043667011797,0.04372357949232905,0.0
23.44,-0.9602186373468694,0.027377984597442374,9.825873406795013,0.0,0.0,0.03623765025247024,-0.9990181470278424,0.0443028431261086,0.0
23.456,-0.9398744921408225,0.027494965991618287,9.822008829892495,0.0,0.0,0.036936039777996955,-0.9989917896970567,0.04489325247597557,0.0
23.472,-0.919942214221625,0.02726814627330402,9.787169321948525,0.0,0.0,0.037665645666099375,-0.9989645515149329,0.045495327414680764,0.0
23.488,-0.9017866241726717,0.027394185342231717,9.78548234668844,0.0,0.0,0.038433123192567344,-0.9989363855677725,0.04610962577157279,0.0
23.504,-0.8823986359970302,0.02726734036174987,9.824371393649592,0.0,0.0,0.03923963509231826,-0.9989072411743255,0.04673674710009266,0.0
23.52,-0.8662136352458284,0.027297311206585077,9.797398724002257,0.0,0.0,0.040083348905614644,-0.9988770634797828,0.04737733692395619,0.0
23.536,-0.8476260914422508,0.027198795862477265,9.822785970047574,0.0,0.0,0.040969797979317366,-0.9988457929943919,0.04803209153685268,0.0
23.552,-0.8293805309385094,0.027344376967474247,9.798257569663525,0.0,0.0,0.04190404149210757,-0.9988133650674665,0.04870176344450166,0.0
23.568,-0.8130108411584936,0.027259724396922806,9.874202762265279,0.0,0.0,0.042888521648624174,-0.9987797092857346,0.04938716755497837,0.0
23.584,-0.798582213281876,0.027586602847874588,9.709958028583,0.0,0.0,0.04393636891307763,-0.998744748782711,0.0500891882441651,0.0
23.6,-0.7879695367557279,0.027658515943272566,9.76041853155841,0.0,0.0,0.04503830565439274,-0.9987083994429833,0.05080878744897023,0.0
23.616,-0.7658852381610775,0.027884958645192158,9.831071705824296,0.0,0.0,0.04619793973814617,-0.9986705689818205,0.05154701397294436,0.0
23.632,-0.7552955672060403,0.027833410309763815,9.808047526441799,0.0,0.0,0.047440602689800056,-0.998631155876147,0.05230501422875805,0.0
23.648,-0.735157072651775,0.028164741752814013,9.786585663960132,0.0,0.0,0.04875754154202822,-0.9985900481174124,0.05308404469201784,0.0
23.664,-0.7232166048600724,0.028241452281340056,9.748684636108191,0.0,0.0,0.05016987461924014,-0.998547121749898,0.05388548640399122,0.0
23.68,-0.70933214405868,0.02868367501647662,9.758831621696547,0.0,0.0,0.0516561891886837,-0.9985022391490473,0.05471086194110823,0.0
23.696,-0.6907008092153636,0.028618871186079014,9.855818448381266,0.0,0.0,0.05327157621823503,-0.9984552469828747,0.05556185537189251,0.0
23.712,-0.6754306964984658,0.028986509381004447,9.853863051329789,0.0,0.0,0.0549907693431835,-0.9984059737845133,0.056440335854756316,0.0
23.728,-0.665292564051816,0.029405400209413884,9.876504692687073,0.0,0.0,0.05683928539465735,-0.9983542270443214,0.0573483857029619,0.0
23.744,-0.6553898434744306,0.029595482795501508,9.84751307804574,0.0,0.0,0.0588455458497285,-0.9982997897039654,0.058288333970176076,0.0
23.76,-0.646274990515567,0.029993430951243696,9.827482431272191,0.0,0.0,0.06100420420896787,-0.9982424159001853,0.05926279691139848,0.0
23.776,-0.627739539651561,0.030450922033433286,9.844838265478607,0.0,0.0,0.06335307967756716,-0.9981818257590547,0.06027472707794095,0.0
23.792,-0.6156923275903883,0.03091224169812115,9.81323295460727,0.0,0.0,0.06593243110433612,-0.9981176989775203,0.061327473352651284,0.0
23.808,-0.6033711644069282,0.031473570427372644,9.746760753442835,0.0,0.0,0.06872113264857921,-0.9980496668404819,0.062424854982638556,0.0
23.824,-0.584807652485877,0.032350834076644706,9.81901058880012,0.0,0.0,0.07179795262221844,-0.997977302197629,0.06357125371063727,0.0
23.84,-0.5783949958339477,0.032998082158772916,9.859581867909617,0.0,0.0,0.07518956837403341,-0.9979001067479316,0.06477172957754472,0.0
23.856,-0.5671198512540843,0.033887037805364596,9.844872661107182,0.0,0.0,0.07893797064998605,-0.9978174947250258,0.06603216807491234,0.0
23.872,-0.5519337106750736,0.03481771298120551,9.827114543347642,0.0,0.0,0.08313583616348996,-0.9977287717026011,0.06735946939235135,0.0
23.888,-5.007401172465158,0.045889530484994674,9.811592267009894,0.0,0.0,0.13112862172724019,-0.9975852375799629,0.06945281680773653,0.0
23.904,-4.980827621503658,0.05908702745464011,9.777070653641207,0.0,0.0,0.17913208365944475,-0.9973820700994959,0.07231186793358821,0.0
23.92,-5.0144266760260034,0.06567683781706651,9.792055572476759,0.0,0.0,0.22714527058550416,-0.9971126839493691,0.07593612781335034,0.0
23.936,-4.970337594858575,0.06369329658563896,9.81757130623487,0.0,0.0,0.2751200950973418,-0.9967687327769904,0.08032492364237066,0.0
23.952,-5.023315445025774,0.05441337444421396,9.789418418771685,0.0,0.0,0.3231117996542519,-0.9963401119850158,0.085477372735047,0.0
23.968,-1.5245627482555006,0.01689378743994083,9.906046402492539,0.0,0.0,0.3711149804024911,-0.995814962482027,0.09139234375438146,0.0
23.984,0.0,0.0,9.832925943388368,0.0,0.0,0.4190912458012476,-0.9951796755961119,0.0980684112261319,0.0
24.0,0.0,0.0,9.818193195962234,0.0,0.0,0.4671523013602869,-0.9944188993955573,0.10550380336712317,0.0
24.016000000000002,0.0,0.0,9.82147569203841,0.0,0.0,0.5151473339292656,-0.9935155466966079,0.11369634326635313,0.0
24.032,0.0,0.0,9.785362053487107,0.0,0.0,0.5631928760451627,-0.9924508050736777,0.12264338346853064,0.0
24.048000000000002,0.0,0.0,9.813333154544571,0.0,0.0,0.6110990028755103,-0.991204149222462,0.13234173402285188,0.0
24.064,0.0,0.0,9.849740781484579,0.0,0.0,0.6592244540696276,-0.989753356060948,0.14278758407540412,0.0
24.080000000000002,0.0,0.0,9.821170523238505,0.0,0.0,0.7071366748964683,-0.9880745229872508,0.15397641710182988,0.0
24.096,0.0,0.0,9.80398396537565,0.0,0.0,0.7552281097180893,-0.986142089746365,0.16590291989797099,0.0
24.112000000000002,0.0,0.0,9.779798584341298,0.0,0.0,0.8031191245569224,-0.9839288643901105,0.17856088547044005,0.0
24.128,0.0,0.0,9.797788504377614,0.0,0.0,0.8513627648925456,-0.9814060538456301,0.19194310999655145,0.0
24.144000000000002,0.0,0.0,9.745520888856076,0.0,0.0,0.8991094117227405,-0.9785432996374487,0.2060412840540816,0.0
24.16,0.0,0.0,9.798810296206538,0.0,0.0,0.947103960572995,-0.9753087193361673,0.22084587835602845,0.0
24.176000000000002,0.0,0.0,9.813507953308232,0.0,0.0,0.9951910957187389,-0.9716689543329773,0.2363460242641253,0.0
24.192,0.0,0.0,9.840454507566202,0.0,0.0,1.043224083645658,-0.9675892245630624,0.25252938939745545,0.0
24.208000000000002,0.0,0.0,9.81809346427138,0.0,0.0,1.091101083023549,-0.9630333908222419,0.2693820486992686,0.0
24.224,0.0,0.0,9.781210606041116,0.0,0.0,1.1390562633143226,-0.9579640253395283,0.28688835137608426,0.0
24.240000000000002,0.0,0.0,9.77672265064613,0.0,0.0,1.1870549031181525,-0.9523424912831703,0.3050307841785232,0.0
24.256,0.0,0.0,9.74524254120102,0.0,0.0,1.2350298739996854,-0.946129031888827,0.3237898315529864,0.0
24.272000000000002,0.0,0.0,9.80567366545822,0.0,0.0,1.283195312446533,-0.9392828699052365,0.34314383325740055,0.0
24.288,0.0,0.0,9.793885516885755,0.0,0.0,1.331157212489585,-0.9317623180546062,0.36306884010268214,0.0
24.304000000000002,0.0,0.0,9.772679992963349,0.0,0.0,1.3791575563984886,-0.9235249012014084,0.3835384685542362,0.0
24.32,0.0,0.0,9.8086091420705,0.0,0.0,1.4271032625423576,-0.9145274909137189,0.4045237550046447,0.0
24.336000000000002,0.0,0.0,9.870205478978004,0.0,0.0,1.4751134928083653,-0.9047264530850879,0.4259930106094187,0.0
24.352,0.0,0.0,9.834997262977122,0.0,0.0,1.5000352952974974,-0.89424356914726,0.44758065087620763,0.0
24.368000000000002,0.0,0.0,9.806401191770005,0.0,0.0,1.5000995133235355,-0.8832456750750632,0.4689105218068749,0.0
24.384,0.0,0.0,9.783447520356834,0.0,0.0,1.5001555047956596,-0.8717391047434043,0.48997033916469673,0.0
24.400000000000002,0.0,0.0,9.804116252377453,0.0,0.0,1.4996811006321937,-0.859730484982531,0.5107479742414079,0.0
24.416,0.0,0.0,9.756400552286978,0.0,0.0,1.4999156511239247,-0.8472267317615263,0.5312314608423363,0.0
24.432000000000002,0.0,0.0,9.833642547838567,0.0,0.0,1.4999246869251477,-0.8342350462052829,0.5514090021779382,0.0
24.448,0.0,0.0,9.859476828579238,0.0,0.0,1.4999049005173535,-0.8207629104472548,0.5712689776577684,0.0
24.464000000000002,0.0,0.0,9.826879783990641,0.0,0.0,1.5000069804301948,-0.8068180833203655,0.59079994958298,0.0
24.48,0.0,0.0,9.818111189097499,0.0,0.0,1.500096444713897,-0.7924085958885679,0.6099906697334871,0.0
24.496000000000002,0.0,0.0,9.734153516945293,0.0,0.0,1.499963939536829,-0.7775427468216142,0.6288300858460091,0.0
24.512,0.0,0.0,9.823320908203918,0.0,0.0,1.5000836595549631,-0.762229097615711,0.6473073479792569,0.0
24.528000000000002,0.0,0.0,9.799321530334339,0.0,0.0,1.4998821915961515,-0.7464764676628086,0.6654118147625994,0.0
24.544,0.0,0.0,9.758129071938082,0.0,0.0,1.499851452993543,-0.7302939291713623,0.6831330595246093,0.0
24.560000000000002,0.0,0.0,9.820638363865237,0.0,0.0,1.4999995050520105,-0.7136908019414914,0.7004608762979636,0.0
24.576,0.0,0.0,9.773149267095684,0.0,0.0,1.4999352317192929,-0.696676647997549,0.7173852856972319,0.0
24.592,0.0,0.0,9.854223452965337,0.0,0.0,1.4999478756880849,-0.6792612660811882,0.7338965406661767,0.0
24.608,0.0,0.0,9.788673718847848,0.0,0.0,1.5000426869353363,-0.6614546860080992,0.7499851320912483,0.0
24.624,0.0,0.0,9.827393706530474,0.0,0.0,1.5000498045913795,-0.6432671628916674,0.7656417942780458,0.0
24.64,0.0,0.0,9.858533476611493,0.0,0.0,1.4999772215783596,-0.6247091712368797,0.7808575102875882,0.0
24.656,0.0,0.0,9.840104521845012,0.0,0.0,1.4999815519451956,-0.6057913989078768,0.7956235171293254,0.0
24.672,0.0,0.0,9.81544608428971,0.0,0.0,1.4997002119501455,-0.5865247409726303,0.8099313108078915,0.0
24.688,0.0,0.0,9.842482589846398,0.0,0.0,1.5000475556746418,-0.5669202934282873,0.8237726512207024,0.0
24.704,0.0,0.0,9.890533830553675,0.0,0.0,1.4999950387365704,-0.546989346810796,0.8371395669035712,0.0
24.72,0.0,0.0,9.754555837721155,0.0,0.0,1.5001319168764744,-0.5267433796924936,0.8500243596216108,0.0
24.736,0.0,0.0,9.738037524221493,0.0,0.0,1.5001808365033358,-0.5061940520714009,0.8624196088027776,0.0
24.752,0.0,0.0,9.750055181045688,0.0,0.0,1.5000942597989995,-0.4853531986560296,0.8743181758115066,0.0
24.768,0.0,0.0,9.77502235844472,0.0,0.0,1.5001073449178395,-0.46423282204957206,0.8857132080599738,0.0
24.784,0.0,0.0,9.819780180425939,0.0,0.0,1.4999043784887807,-0.4428450858373968,0.8965981429546177,0.0
24.8,0.0,0.0,9.786892863223615,0.0,0.0,1.4998534159183226,-0.42120230758183297,0.9069667116756486,0.0
24.816,0.0,0.0,9.746781082604768,0.0,0.0,1.4996744475060886,-0.3993169517282767,0.9168129427873699,0.0
24.832,0.0,0.0,9.798062896038934,0.0,0.0,1.4998437420116926,-0.3772016224267019,0.9261311656772294,0.0
24.848,0.0,0.0,9.83693382812979,0.0,0.0,1.5000596797190182,-0.35486905627271625,0.9349160138216223,0.0
24.864,0.0,0.0,9.81919009066919,0.0,0.0,1.4997876483973362,-0.33233211497233733,0.9431624278765631,0.0
24.88,0.0,0.0,9.858809714704417,0.0,0.0,1.499989304603583,-0.30960377793472216,0.9508656585914476,0.0
24.896,0.0,0.0,9.813008109697222,0.0,0.0,1.5002257499210052,-0.2866971347970931,0.9580212695442296,0.0
24.912,0.0,0.0,9.83195928264766,0.0,0.0,1.5001299505605523,-0.26362537788620544,0.9646251396964292,0.0
24.928,0.0,0.0,9.77129153395768,0.0,0.0,1.5000947113073329,-0.24040179462065153,0.9706734657665113,0.0
24.944,0.0,0.0,9.761401281170167,0.0,0.0,1.4999684393322945,-0.21703975985841015,0.9761627644202598,0.0
24.96,0.0,0.0,9.812370904033017,0.0,0.0,1.4999751263523358,-0.19355272819404462,0.9810898742768894,0.0
24.976,0.0,0.0,9.824369852319307,0.0,0.0,1.5001108978113282,-0.16995422620996256,0.9854519577297378,0.0
24.992,0.0,0.0,9.828050956568383,0.0,0.0,1.4999025611510104,-0.14625784468624217,0.9892465025804918,0.0
25.008,0.0,0.0,9.840845983980556,0.0,0.0,1.4999793341160235,-0.12247723077344168,0.9924713234860084,0.0
25.024,0.0,0.0,9.883110977830599,0.0,0.0,1.4998680221108385,-0.09862608013300729,0.9951245632168859,0.0
25.04,0.0,0.0,9.819990896296645,0.0,0.0,1.4999171048826532,-0.07471812904967903,0.9972046937270782,0.0
25.056,0.0,0.0,9.822071913046045,0.0,0.0,1.500108222043839,-0.050767146520549034,0.9987105170339207,0.0
25.072,0.0,0.0,9.825007773137775,0.0,0.0,1.4999966299064311,-0.026786926325252758,0.99964116590807,0.0
25.088,0.0,0.0,9.827409667769702,0.0,0.0,1.499952215260379,-0.0027912790819647096,0.9999961043729554,0.0
25.104,0.0,0.0,9.85782151727807,0.0,0.0,1.499870639872089,0.02120597570677114,0.9997751280134568,0.0
25.12,0.0,0.0,9.85693475523077,0.0,0.0,1.4996939734001258,0.04519101761204516,0.9989783640936315,0.0
25.136,0.0,0.0,9.772530957430003,0.0,0.0,1.5000145798226725,0.06915003323897305,0.997606271483419,0.0
25.152,0.0,0.0,9.862580369059499,0.0,0.0,1.5001248025823093,0.09306922418150797,0.995659640394373,0.0
25.168,0.0,0.0,9.819856144943614,0.0,0.0,1.499873268685318,0.11693481496933665,0.9931395919245629,0.0
25.184,0.0,0.0,9.73505763768247,0.0,0.0,1.4998256519195732,0.1407330610013842,0.9900475774129144,0.0
25.2,0.0,0.0,9.835704999679352,0.0,0.0,1.5000296166154001,0.16445025646158173,0.9863853776033584,0.0
25.216,0.0,0.0,9.808804445463847,0.0,0.0,1.5002065453333993,0.18807274221225234,0.9821551016192728,0.0
25.232,0.0,0.0,9.804744644123506,0.0,0.0,1.5001854744000562,0.21158691366066834,0.9773591857487978,0.0
25.248,0.0,0.0,9.866779389166028,0.0,0.0,1.4999836721867024,0.23497922859415357,0.9720003920417402,0.0
25.264,0.0,0.0,9.84929673487302,0.0,0.0,1.4999204521020228,0.258236214979282,0.9660818067188588,0.0
25.28,0.0,0.0,9.917665808563939,0.0,0.0,1.4996309428343528,0.28134447872064167,0.9596068383944596,0.0
25.296,0.0,0.0,9.836182778484494,0.0,0.0,1.499770792466152,0.3042907113747348,0.9525792161133151,0.0
25.312,0.0,0.0,9.782584761757338,0.0,0.0,1.49984843628816,0.32706169781453154,0.9450029872030438,0.0
25.328,0.0,0.0,9.79455149433991,0.0,0.0,1.5001227354047524,0.34964432384028643,0.9368825149431859,0.0
25.344,0.0,0.0,9.852151785354634,0.0,0.0,1.4999510715764135,0.37202558373223277,0.9282224760523156,0.0
25.36,0.0,0.0,9.78478856446482,0.0,0.0,1.5001011215405766,0.39419258774079596,0.9190278579946393,0.0
25.376,0.0,0.0,9.75188797975184,0.0,0.0,1.5001515561357919,0.4161325695100232,0.9093039561076295,0.0
25.392,0.0,0.0,9.68374593261915,0.0,0.0,1.4998143033919917,0.4378328934299426,0.89905637055235,0.0
25.408,0.0,0.0,9.797306601774341,0.0,0.0,1.4997533499166078,0.4592810619136294,0.8882910030882273,0.0
25.424,0.0,0.0,9.802647705568504,0.0,0.0,1.4997067618938604,0.48046472259477785,0.8770140536741262,0.0
25.44,0.0,0.0,9.797824072016507,0.0,0.0,1.5001067797269614,0.5013716754416394,0.8652320168976896,0.0
25.456,0.0,0.0,9.8771253802169,0.0,0.0,1.5001071177010359,0.5219898797832315,0.852951678234991,0.0
25.472,0.0,0.0,9.800046490445256,0.0,0.0,1.499983698140202,0.5423074612437637,0.8401801101426668,0.0
25.488,0.0,0.0,9.80502825607804,0.0,0.0,1.4998747919746838,0.5623127185812928,0.8269246679847662,0.0
25.504,0.0,0.0,9.84071496169832,0.0,0.0,1.4999091439492158,0.5819941304266701,0.8131929857966705,0.0
25.52,0.0,0.0,9.813871587247045,0.0,0.0,1.4998702863877085,0.601340361918893,0.7989929718885235,0.0
25.536,0.0,0.0,9.856856043385969,0.0,0.0,1.5000610303902608,0.6203402712330428,0.7843328042907008,0.0
25.552,0.0,0.0,9.84565935276042,0.0,0.0,1.5001989331060608,0.6389829159970589,0.7692209260439393,0.0
25.568,0.0,0.0,9.824110234759134,0.0,0.0,1.4999816507650081,0.6572575595936281,0.7536660403368514,0.0
25.584,0.0,0.0,9.838253242657082,0.0,0.0,1.5000505317108885,0.6751536773435936,0.7376771054936047,0.0
25.6,0.0,0.0,9.792921647804647,0.0,0.0,1.5003634320469805,0.6926609625672931,0.7212633298146738,0.0
25.616,0.0,0.0,9.773162243472763,0.0,0.0,1.5000433086695621,0.7097693325203528,0.7044341662736219,0.0
25.632,0.0,0.0,9.87773452041683,0.0,0.0,1.4999500552224365,0.7264689342005113,0.6871993070729723,0.0
25.648,0.0,0.0,9.849633472440608,0.0,0.0,1.4999543036879253,0.7427501500221352,0.6695686780622998,0.0
25.664,0.0,0.0,9.790388859851046,0.0,0.0,1.5000605898371322,0.7586036033551441,0.6515524330217725,0.0
25.68,0.0,0.0,9.850394400972037,0.0,0.0,1.4997759468755223,0.774020163925178,0.6331609478144088,0.0
25.696,0.0,0.0,9.82804312732497,0.0,0.0,1.4999697073452785,0.7889909530718764,0.6144048144104439,0.0
25.712,0.0,0.0,9.796633006162761,0.0,0.0,1.4865642250250948,0.8033778338767934,0.5954696096657089,0.0
25.728,0.0,0.0,9.809049529287686,0.0,0.0,1.438504994822446,0.8168676848234829,0.576825090899419,0.0
25.744,0.0,0.0,9.855483313192224,0.0,0.0,1.4046581742553605,0.8296246349974533,0.5583215605771843,0.0
25.76,0.0,0.0,9.820425775616368,0.0,0.0,1.3682045475518183,0.8416466650017805,0.540028602290083,0.0
25.776,0.0,0.0,9.752947104658825,0.0,0.0,1.3353634046056324,0.8529887954259839,0.5219292240119622,0.0
25.792,0.0,0.0,9.775080529395446,0.0,0.0,1.3009159758898297,0.8636677469246604,0.5040615269211496,0.0
25.808,0.0,0.0,9.778495461353982,0.0,0.0,1.2689646020380503,0.8737233584190394,0.48642316243467987,0.0
25.824,0.0,0.0,9.805315909304628,0.0,0.0,1.237158874113002,0.8831789828739546,0.4690361224998849,0.0
25.84,0.0,0.0,9.803810793734238,0.0,0.0,1.2063628771724662,0.8920669598843737,0.45190324084105793,0.0
25.856,0.0,0.0,9.808826972568415,0.0,0.0,1.1761801463243917,0.9004122180879298,0.43503774263617034,0.0
25.872,0.0,0.0,9.775630622080435,0.0,0.0,1.1469760262566135,0.9082428126106205,0.4184435366225046,0.0
25.888,0.0,0.0,9.740009537685452,0.0,0.0,1.1182264505541062,0.9155831634902625,0.402128674348353,0.0
25.904,0.0,0.0,9.746623748727158,0.0,0.0,1.0903723276849366,0.9224584079485793,0.3860964718887918,0.0
25.92,0.0,0.0,9.832360689247036,0.0,0.0,1.063101928804739,0.9288916292194933,0.370351645285876,0.0
25.936,0.0,0.0,9.799496397197485,0.0,0.0,1.0363355783328638,0.9349056563868537,0.3548963421280447,0.0
25.952,0.0,0.0,9.902101556311592,0.0,0.0,1.0105868750963634,0.9405219413950473,0.3397329506457849,0.0
25.968,0.0,0.0,9.792599661596311,0.0,0.0,0.9854891132805884,0.945761309692456,0.3248623479087885,0.0
25.984,0.0,0.0,9.738850827201551,0.0,0.0,0.960975865725854,0.9506435162594022,0.3102851994439303,0.0
26.0,0.0,0.0,9.824808417314005,0.0,0.0,0.9369553403527613,0.9551875668196943,0.2960012030263932,0.0
26.016000000000002,0.0,0.0,9.738642536941148,0.0,0.0,0.9134274968406483,0.9594115528346259,0.2820097024704151,0.0
26.032,0.0,0.0,9.784728844815536,0.0,0.0,0.8906882258852317,0.963332797697345,0.26830937531254107,0.0
26.048000000000002,0.0,0.0,9.810896821112795,0.0,0.0,0.8685919619817517,0.9669678058832438,0.2548985335096012,0.0
26.064,0.0,0.0,9.803062305345303,0.0,0.0,0.8465864272565388,0.9703323379989622,0.24177500663523457,0.0
26.080000000000002,0.0,0.0,9.821228517566048,0.0,0.0,0.8255238959912566,0.9734414062640614,0.22893629806268492,0.0
26.096,0.0,0.0,9.770568970899022,0.0,0.0,0.8051496136895786,0.9763093205139239,0.21637955235566989,0.0
26.112000000000002,0.0,0.0,9.783168193230054,0.0,0.0,0.7850706353726584,0.9789497020840954,0.20410164327966826,0.0
26.128,0.0,0.0,9.768028930556868,0.0,0.0,0.765424576241457,0.9813755176521054,0.19209917582608785,0.0
26.144000000000002,0.0,0.0,9.821896830110836,0.0,0.0,0.746430942785995,0.983599099986356,0.1803685407881057,0.0
26.16,0.0,0.0,9.838841704103265,0.0,0.0,0.7275858577701636,0.9856321762939183,0.1689059296002207,0.0
26.176000000000002,0.0,0.0,9.801548336767127,0.0,0.0,0.7094796005526403,0.9874858910329073,0.15770737145404806,0.0
26.192,0.0,0.0,9.82719844132106,0.0,0.0,0.6916800359544768,0.9891708313371932,0.14676875155047978,0.0
26.208000000000002,0.0,0.0,9.8242487504208,0.0,0.0,0.6744377276570191,0.9906970498717946,0.13608583826145648,0.0
26.224,0.0,0.0,9.79261130383594,0.0,0.0,0.6577322321540202,0.9920740882924831,0.12565430091580135,0.0
26.240000000000002,0.0,0.0,9.759487505522447,0.0,0.0,0.6412225461082017,0.9933109992838447,0.1154697306731502,0.0
26.256,0.0,0.0,9.832980820028185,0.0,0.0,0.6251802651631239,0.9944163683966524,0.10552765639780559,0.0
26.272000000000002,0.0,0.0,9.867453093476735,0.0,0.0,0.6096017196677073,0.9953983349031722,0.09582356115273684,0.0
26.288,0.0,0.0,9.809880796677586,0.0,0.0,0.5944135907533431,0.9962646121350445,0.08635289576736546,0.0
26.304000000000002,0.0,0.0,9.80426064120609,0.0,0.0,0.5795492142031192,0.9970225070100915,0.07711109203812598,0.0
26.32,0.0,0.0,9.824408286952043,0.0,0.0,0.5650218718182641,0.9976789389254559,0.06809357403291931,0.0
26.336000000000002,0.0,0.0,9.827637560824282,0.0,0.0,0.550962341842361,0.9982404579137664,0.059295768686425054,0.0
26.352,0.0,0.0,9.86505627326779,0.0,0.0,0.5372627485413976,0.998713262133818,0.050713115049541395,0.0
26.368000000000002,0.0,0.0,9.785571833962631,0.0,0.0,0.5237503047463747,0.9991032146667083,0.04234107276215186,0.0
26.384,0.0,0.0,9.733041203157502,0.0,0.0,0.5107655545084624,0.999415859651728,0.03417512950374286,0.0
26.400000000000002,0.0,0.0,9.829812967400587,0.0,0.0,0.49797128970119164,0.9996564377620822,0.02621080771026034,0.0
26.416,0.0,0.0,9.843656388885469,0.0,0.0,0.48557718006052586,0.9998299010427742,0.018443670480579846,0.0
26.432000000000002,0.0,0.0,9.781546166218952,0.0,0.0,0.473499532932599,0.9999409271223182,0.010869326830984516,0.0
26.448,4.9791166201751125,-0.03399117110856377,9.78762850750452,0.0,0.0,0.42542528670799606,0.999991748645295,0.004062344313960186,0.0
26.464000000000002,5.016088967836696,0.0038367674916453707,9.830586666139602,0.0,0.0,0.3775374910303754,0.9999980460567535,-0.0019768365322365552,0.0
26.48,4.9517268025827645,0.03390405480434279,9.821221344435084,0.0,0.0,0.32938451799032925,0.9999737330928107,-0.007247973815372341,0.0
26.496000000000002,4.98831668599951,0.05638279994368468,9.830605897523103,0.0,0.0,0.28142606554203486,0.9999309549581668,-0.011750970872605841,0.0
26.512,4.973894229841394,0.07131426855139263,9.829129785013542,0.0,0.0,0.23345652637371866,0.9998800873507161,-0.015485829636294409,0.0
26.528000000000002,5.00085156704768,0.07812761132335874,9.775977659563305,0.0,0.0,0.18542748005692292,0.9998297360826006,-0.01845261079082194,0.0
26.544,5.005492820801762,0.07776967819297854,9.843142535540684,0.0,0.0,0.1374614807658821,0.9997867370835192,-0.020651400724652602,0.0
26.560000000000002,5.009649629873166,0.06984609687207124,9.785127741394932,0.0,0.0,0.08945782372889588,0.9997561566086314,-0.02208228527888736,0.0
26.576,4.985425956519286,0.054151918943608116,9.787631812389874,0.0,0.0,0.04144251129182381,0.9997412915099142,-0.02274533029192692,0.0
26.592000000000002,5.030002140693503,0.030591970203236955,9.723839219293382,0.0,0.0,-0.00654856248694776,0.9997436694663847,-0.02264056893914233,0.0
26.608,5.012774764864303,-0.0030947199847811196,9.833846551032446,0.0,0.0,-0.026415180467143456,0.9997531499879819,-0.02221799021306306,0.0
26.624000000000002,4.98904732924765,-0.021101274012609424,9.852932110093274,0.0,0.0,-0.026092217986279545,0.9997623382690781,-0.02180061876978539,0.0
26.64,4.995026710892138,-0.023049047696709964,9.80362172566695,0.0,0.0,-0.025775989714551004,0.9997712453307154,-0.02138824466548304,0.0
26.656,4.999771514223197,-0.024682885391566732,9.798367664147444,0.0,0.0,-0.025477659194988136,0.9997798816795116,-0.020980662260809694,0.0
26.672,4.996045574087209,-0.026829254313618458,9.82613116649637,0.0,0.0,-0.025194692167548455,0.9997882573343918,-0.020577669845247146,0.0
26.688,4.983644740163675,-0.028394660171692423,9.826396147620622,0.0,0.0,-0.02491559946145299,0.9997963818515829,-0.02017906926703669,0.0
26.704,5.021428379552236,-0.03000852785038291,9.848990345644852,0.0,0.0,-0.0246548006304189,0.9998042643479795,-0.019784665566935138,0.0
26.72,4.983263704662656,-0.03160070122832149,9.764234860474678,0.0,0.0,-0.024409507230024597,0.999811913522991,-0.01939426661400717,0.0
26.736,5.006246601825715,-0.03303548661549243,9.852757221726439,0.0,0.0,-0.02416343479384653,0.9998193376789599,-0.019007682741617904,0.0
26.752,4.970276190544065,-0.03471186861712789,9.783105748497896,0.0,0.0,-0.02393840973726017,0.9998265447402396,-0.018624726381716736,0.0
26.768,5.036886668567555,-0.03641703704559827,9.79295059253161,0.0,0.0,-0.023722384450744004,0.9998335422710071,-0.01824521169541265,0.0
26.784,4.986852349917281,-0.03789082945675681,9.835676756244158,0.0,0.0,-0.0235206023545952,0.9998403374918815,-0.017868954197728344,0.0
26.8,5.015874576708229,-0.039500265301771045,9.828183634562683,0.0,0.0,-0.02332225299762941,0.9998469372954099,-0.01749577037425941,0.0
26.816,4.978999505990275,-0.04124781848904964,9.772431043263925,0.0,0.0,-0.023143086948406992,0.9998533482604743,-0.01712547728732335,0.0
26.832,5.00927928262625,-0.04244185233311468,9.770780369985019,0.0,0.0,-0.022973504146662153,0.9998595766656708,-0.016757892168934665,0.0
26.848,5.026062242551658,-0.044299489122983274,9.773908865752084,0.0,0.0,-0.022815511458863135,0.9998656285016975,-0.016392831997723543,0.0
26.864,4.977279225890594,-0.045724791359755525,9.804098761294336,0.0,0.0,-0.022674810738214028,0.9998715094827899,-0.016030113056595383,0.0
26.88,4.986695467340906,-0.047323303709100914,9.75667626654678,0.0,0.0,-0.022536758391782874,0.9998772250572285,-0.015669550467601094,0.0
26.896,5.00757914298541,-0.048787137902165725,9.790032750142792,0.0,0.0,-0.022414761591080273,0.9998827804169385,-0.015310957700048122,0.0
26.912,5.012137985346752,-0.05017495546695392,9.777137539861185,0.0,0.0,-0.022304936989472158,0.9998881805061969,-0.014954146047413842,0.0
26.928,4.998616265125003,-0.051986708168164204,9.812829977187727,0.0,0.0,-0.0222043406429865,0.9998934300294485,-0.014598924068042012,0.0
26.944,1.2474904307517856,-0.054451676205899545,9.906868354448845,0.0,0.0,-0.02211715869088624,0.99989853345823,-0.014245096983907206,0.0
26.96,2.911373141380317e-05,-0.05580717858969183,9.851122211107,0.0,0.0,-0.022031778988910133,0.9999034935658523,-0.013892571929040547,0.0
26.976,2.9076218275559585e-05,-0.05533430591688718,9.819969793060281,0.0,0.0,-0.021958368465914042,0.9999083125287745,-0.013541290036718464,0.0
26.992,2.8763888936174676e-05,-0.05469594534589895,9.75781186383315,0.0,0.0,-0.021885084119635106,0.9999129924459292,-0.013191191675789367,0.0
27.008,2.8870650346292532e-05,-0.05469441863595993,9.785290251697079,0.0,0.0,-0.021814377613803313,0.9999175353389145,-0.012842216387788858,0.0
27.024,2.854149281792831e-05,-0.05485114862925372,9.773317647059894,0.0,0.0,-0.021749579994648407,0.9999219431520808,-0.012494302820357097,0.0
27.04,2.8291886865450894e-05,-0.05420160468689806,9.797729651936217,0.0,0.0,-0.02168446646647301,0.9999262177525021,-0.012147388656648482,0.0
27.056,2.796476345009731e-05,-0.05461471466163057,9.802448674937558,0.0,0.0,-0.021624899336399682,0.9999303609298283,-0.011801410540421569,0.0
27.072,2.8123971469006288e-05,-0.05398098939882806,9.852657280734062,0.0,0.0,-0.02156905520185371,0.9999343743960108,-0.011456303996437938,0.0
27.088,2.7601402994779043e-05,-0.054334949475234776,9.723063691571017,0.0,0.0,-0.021518265219131028,0.9999382597848946,-0.011112003345793727,0.0
27.104,2.7736806594434402e-05,-0.05378370236618213,9.822274743910203,0.0,0.0,-0.021473098303943436,0.9999420186516658,-0.010768441615741262,0.0
27.12,2.7701731269363824e-05,-0.0533260948917771,9.85761850306862,0.0,0.0,-0.021428233132814684,0.9999456524721478,-0.010425550443545026,0.0
27.136,2.75421726265165e-05,-0.053388891443214126,9.83812112937353,0.0,0.0,-0.021396729436469357,0.9999491626419315,-0.010083259973841758,0.0
27.152,2.734531689649349e-05,-0.053401903304152835,9.84531422374283,0.0,0.0,-0.02136169836380169,0.9999525504753336,-0.009741498748942515,0.0
27.168,2.7391283256284875e-05,-0.05330414646649137,9.834386554627596,0.0,0.0,-0.02133232684414526,0.9999558172041619,-0.009400193591443947,0.0
27.184,2.742748431987192e-05,-0.05276938086269503,9.795298429441829,0.0,0.0,-0.021308069933332487,0.9999589639762807,-0.009059269478461852,0.0
27.2,2.7392060216634204e-05,-0.05369899593531445,9.80903108232614,0.0,0.0,-0.021289372878784858,0.9999619918539518,-0.00871864940670908,0.0
27.216,2.7114968159218406e-05,-0.05286621807495962,9.816978213945717,0.0,0.0,-0.02127432893632691,0.9999649018119402,-0.008378254247582305,0.0
27.232,2.723054008231528e-05,-0.05308148127263306,9.750021384820089,0.0,0.0,-0.021268946137947897,0.9999676947353563,-0.008038002591298837,0.0
27.248,2.6993897752518203e-05,-0.0534434152168267,9.774696903195233,0.0,0.0,-0.021262957079718908,0.9999703714172182,-0.007697810579054166,0.0
27.264,2.7253454549236034e-05,-0.053500917723584944,9.861948741355544,0.0,0.0,-0.021269496066196696,0.9999729325557027,-0.00735759172202409,0.0
27.28,2.718156695289191e-05,-0.05333668006445646,9.801580218829654,0.0,0.0,-0.021271332477997902,0.9999753787510588,-0.007017256705915258,0.0
27.296,2.719879779705264e-05,-0.052670190979481946,9.799401824184056,0.0,0.0,-0.02128322915367202,0.9999777105021477,-0.00667671317962204,0.0
27.312,2.71688690171886e-05,-0.053759260541127694,9.851372470285906,0.0,0.0,-0.021306828198953673,0.9999799282025774,-0.0063358655263590245,0.0
27.328,2.738510021377923e-05,-0.05338619905309446,9.85533088780289,0.0,0.0,-0.021330471988412092,0.9999820321363841,-0.005994614615464514,0.0
27.344,2.7230255802291494e-05,-0.053715053690479464,9.833956054963409,0.0,0.0,-0.02135677251759169,0.9999840224732163,-0.005652857532829188,0.0
27.36,2.7446716802132825e-05,-0.05283936022467619,9.861697115685454,0.0,0.0,-0.0213945833127123,0.9999858992629684,-0.0053104872876616385,0.0
27.376,2.7579654600745592e-05,-0.053523603562980464,9.867717052357985,0.0,0.0,-0.021444654827487204,0.9999876624298024,-0.004967392493006321,0.0
27.392,2.7759554758881576e-05,-0.05364358857845499,9.77395256695079,0.0,0.0,-0.021494002847201536,0.9999893117654863,-0.004623457017100984,0.0
27.408,2.7698148417886377e-05,-0.05343588588197938,9.801490915500635,0.0,0.0,-0.021556862914048926,0.9999908469219755,-0.004278559602263676,0.0
27.424,2.809510088210296e-05,-0.053774012888199656,9.8166229081011,0.0,0.0,-0.021623358753159662,0.9999922674031432,-0.003932573447577221,0.0
27.44,2.807529606063814e-05,-0.05402055166986239,9.845362002762599,0.0,0.0,-0.021700223943009425,0.9999935725555594,-0.0035853657511005135,0.0
27.456,2.8510777420107944e-05,-0.0541163318892442,9.79616149498129,0.0,0.0,-0.021787800897361653,0.9999947615582006,-0.0032367972067661485,0.0
27.472,2.8510678574488568e-05,-0.05432321876476535,9.824776059849228,0.0,0.0,-0.021882476734980352,0.9999958334109538,-0.0028867214504168684,0.0
27.488,2.894049608767555e-05,-0.05508782923013899,9.757192825594263,0.0,0.0,-0.02198250605967465,0.9999967869217607,-0.0025349844486310604,0.0
27.504,2.9044222285142084e-05,-0.05520121434541049,9.787126860262969,0.0,0.0,-0.022097977467041074,0.9999976206922215,-0.0021814238230463386,0.0
27.52,2.9295705949976756e-05,-0.05540867004290423,9.835415519308002,0.0,0.0,-0.022216607910499984,0.9999983331014481,-0.0018258681017889677,0.0
27.536,2.9678323399373453e-05,-0.05564683441935839,9.7763059348797,0.0,0.0,-0.022360248714237647,0.999998922287926,-0.0014681358882969872,0.0
27.552,3.02063781539895e-05,-0.05589651761739945,9.851747793398179,0.0,0.0,-0.02250743430083491,0.9999993861291016,-0.0011080349363125578,0.0
27.568,-1.0163928394403035,-0.056488367200612906,9.866224600397324,0.0,0.0,-0.022667143919770094,0.9999997222183633,-0.000745361117968593,0.0
27.584,-3.945587698121487,-0.0573187209554045,9.772469803438266,0.0,0.0,-0.022837251313291607,0.9999999278173705,-0.0003799542787058889,0.0
27.6,-2.724901071769633,-0.056537838091646156,9.810820952136746,0.0,0.0,-0.0230085668029511,0.9999999999301995,-1.1815287518032443e-05,0.0
27.616,-3.1110939933122674,-0.05561137887877955,9.768749163426856,0.0,0.0,-0.023184509657754124,0.999999935516258,0.00035912042580895547,0.0
27.632,-2.8903462078393534,-0.0549722961292311,9.860410105431697,0.0,0.0,-0.02336057624528864,0.999999731433488,0.0007328935475339362,0.0
27.648,-2.8734497642615273,-0.05425095910929591,9.885193391788935,0.0,0.0,-0.023540821415902243,0.9999993844423001,0.0011095562270634783,0.0
27.664,-2.7879654577648445,-0.053654007626443546,9.766163988416066,0.0,0.0,-0.023722842334100536,0.9999988912033089,0.0014891582027421893,0.0
27.68,-2.7530523312338095,-0.05288612676370221,9.825227195278279,0.0,0.0,-0.023913341194261372,0.9999982482700002,0.001871752369090874,0.0
27.696,-2.6998168488285996,-0.05245157370713992,9.755676395567432,0.0,0.0,-0.024099712893657567,0.9999974520859204,0.002257392670183515,0.0
27.712,-2.637819531506063,-0.05174448072086659,9.832682283628616,0.0,0.0,-0.024300581088035997,0.9999964989785755,0.0026461350290562617,0.0
27.728,-2.599219257366081,-0.051420631749806385,9.826829034001364,0.0,0.0,-0.024493466783058613,0.9999953851546933,0.0030380370828156523,0.0
27.744,-2.5452538740000032,-0.050351259241501134,9.788131850950624,0.0,0.0,-0.024689524077656,0.9999941066943516,0.003433158395091588,0.0
27.76,-2.4966665911734744,-0.049638064447184306,9.762038756308144,0.0,0.0,-0.024902769001781073,0.9999926595451815,0.0038315604856498943,0.0
27.776,-2.4371426607589886,-0.04931643814654938,9.813262664171424,0.0,0.0,-0.025107882227838572,0.9999910395160373,0.004233306938453144,0.0
27.792,-2.3656749501710075,-0.04888138825941622,9.795579868225621,0.0,0.0,-0.025324390457676805,0.9999892422703834,0.00463846348529671,0.0
27.808,-2.358802458120589,-0.04799344016577129,9.802984890668483,0.0,0.0,-0.025540320126035222,0.999987263319242,0.005047098106127397,0.0
27.824,-2.3099484023617967,-0.0480522217190749,9.850493196899855,0.0,0.0,-0.025759761973917335,0.9999850980137358,0.005459281130267348,0.0
27.84,-2.2664821683391496,-0.0470324104887836,9.83785902840051,0.0,0.0,-0.025987980393093954,0.9999827415371657,0.005875085345285586,0.0
27.856,-2.2228090487290033,-0.046795662551309826,9.78504801078866,0.0,0.0,-0.026216596811518156,0.9999801888966032,0.00629458611141711,0.0
27.872,-2.161586915473702,-0.04607448701943424,9.797435691855059,0.0,0.0,-0.026454025115512623,0.9999774349139564,0.006717861482943629,0.0
27.888,-2.1185490529456614,-0.045487067906897015,9.823744471857486,0.0,0.0,-0.02669997963730878,0.9999744742164721,0.007144992336629583,0.0
27.904,-2.0889601595392566,-0.04511447499084152,9.792092703852228,0.0,0.0,-0.026940977052731806,0.9999713012266286,0.007576062507878341,0.0
27.92,-2.0381311487436498,-0.04468121544804237,9.845565520122733,0.0,0.0,-0.02719214070228077,0.9999679101513791,0.008011158935100168,0.0
27.936,-1.9993061128596106,-0.04363060769487602,9.789295226364338,0.0,0.0,-0.02744978809881979,0.9999642949706873,0.008450371812926264,0.0
27.952,-1.96643543098177,-0.043462364786334695,9.817335430235948,0.0,0.0,-0.027713810860024262,0.9999604494253048,0.008893794754911163,0.0
27.968,-1.9189202763025583,-0.04272861883742521,9.849850788404583,0.0,0.0,-0.027987233120693036,0.9999563670037316,0.009341524966444548,0.0
27.984,-1.8668979082611676,-0.042764677170439865,9.764638137839443,0.0,0.0,-0.028259866540679524,0.9999520409282869,0.009793663428646354,0.0
28.0,-1.8303406979853432,-0.04200610156352666,9.851438878863744,0.0,0.0,-0.028542210446025458,0.9999474641402276,0.010250315094094471,0.0
28.016000000000002,-1.789823356665807,-0.04165712242560171,9.788956319804601,0.0,0.0,-0.02882989752490438,0.9999426292838273,0.010711589095311789,0.0
28.032,-1.7609593052301893,-0.041098498233409,9.843244909716194,0.0,0.0,-0.029126220417920016,0.9999375286893339,0.01117759896701941,0.0
28.048000000000002,-1.723277591151271,-0.04073694188736449,9.752291463456519,0.0,0.0,-0.029428162134311372,0.9999321543547128,0.011648462883264148,0.0
28.064,-1.7027155495509723,-0.04021778142419928,9.814281832325122,0.0,0.0,-0.029739485237635633,0.9999264979260641,0.012124303910627243,0.0
28.080000000000002,-1.6489076141285808,-0.039993621595603324,9.828731063469704,0.0,0.0,-0.030064670993528587,0.9999205506766063,0.012605250278848214,0.0
28.096,-1.6342744711378658,-0.03982154778836679,9.80678725400018,0.0,0.0,-0.030385186055356703,0.9999143034840987,0.013091435670306007,0.0
28.112000000000002,-1.5891465559372537,-0.039159198161940884,9.843300393021133,0.0,0.0,-0.030729981653689956,0.9999077468065585,0.013582999529973829,0.0
28.128,-1.5701916766891695,-0.038940547088145636,9.834031380565326,0.0,0.0,-0.031066647765312403,0.9999008706561248,0.014080087397595014,0.0
28.144000000000002,-1.5333205815277777,-0.03799768547080855,9.864904730412484,0.0,0.0,-0.03142900425835,0.9998936645708941,0.014582851264023521,0.0
28.16,-1.5043780428356948,-0.03801853830373327,9.862516129124522,0.0,0.0,-0.03178914513013833,0.9998861175845427,0.01509144995387245,0.0
28.176000000000002,-1.467860038646059,-0.03773147514970989,9.816230623656537,0.0,0.0,-0.032162948308744825,0.9998782181935228,0.015606049536832086,0.0
28.192,-1.4456204806658761,-0.03739449994085755,9.836072188313958,0.0,0.0,-0.03255187900737834,0.9998699543216021,0.0161268237702694,0.0
28.208000000000002,-1.4102793141675642,-0.037129286223032215,9.779307291197574,0.0,0.0,-0.03295267230311678,0.9998613132814871,0.01665395457601343,0.0
28.224,-1.3834049378115731,-0.036811207856095235,9.797304943515957,0.0,0.0,-0.033363299027524135,0.9998522817332418,0.017187632554543055,0.0
28.240000000000002,-1.3630637747547307,-0.03626358649553372,9.884520509072674,0.0,0.0,-0.033781590553853255,0.9998428456391801,0.01772805754014162,0.0
28.256,-1.3312724823806632,-0.03625415915030512,9.804205335140583,0.0,0.0,-0.03422122442268939,0.9998329902148708,0.01827543920101848,0.0
28.272000000000002,-1.2973137472250758,-0.036061419447420695,9.78367196750696,0.0,0.0,-0.03466310102565893,0.9998226998758527,0.01882999768881344,0.0
28.288,-1.27183803174507,-0.03568148205498816,9.778970615716569,0.0,0.0,-0.035124880454587254,0.9998119581796074,0.0193919643424587,0.0
28.304000000000002,-1.250417624303101,-0.035557009020987365,9.812425899823868,0.0,0.0,-0.035608132720274195,0.9998007477622802,0.01996158245193704,0.0
28.32,-1.2267326061149322,-0.03542373252685726,9.825153215299473,0.0,0.0,-0.03610144313292149,0.999789050269577,0.02053910808816426,0.0
28.336000000000002,-1.193444920627568,-0.03492622750927438,9.776528244385855,0.0,0.0,-0.0366116168765118,0.9997768462811901,0.021124811005968955,0.0
28.352,-1.1756001984054145,-0.03488182189628244,9.87684218042193,0.0,0.0,-0.037141757659538824,0.9997641152280213,0.02171897562805083,0.0
28.368000000000002,-1.1554496520666642,-0.03444921146176603,9.867011097269733,0.0,0.0,-0.03769453760531204,0.9997508353013765,0.022321902118767698,0.0
28.384,-1.1299134412770988,-0.03449429966858754,9.885057055546735,0.0,0.0,-0.038266623649029864,0.9997369833531873,0.022933907557782195,0.0
28.400000000000002,-1.1108236769044442,-0.03420375222371334,9.901564239159942,0.0,0.0,-0.03884774230629962,0.9997225347861913,0.02355532722490888,0.0
28.416,-1.0930163213249027,-0.033951580738855854,9.824414240618415,0.0,0.0,-0.03946131850473421,0.9997074634328507,0.024186516009048538,0.0
28.432000000000002,-1.0623561723204258,-0.033916343279985044,9.85210859241581,0.0,0.0,-0.040097434532803164,0.9996917414216092,0.024827849955861184,0.0
28.448,-1.0446007827381185,-0.03366515503421173,9.833469268920554,0.0,0.0,-0.04075310076087336,0.9996753390288918,0.02547972797088961,0.0
28.464000000000002,-1.0218090104288204,-0.033878243365667936,9.788144494578836,0.0,0.0,-0.04144456013162805,0.9996582245150009,0.026142573697251613,0.0
28.48,-1.0010459951423445,-0.03343518399927783,9.833660243243667,0.0,0.0,-0.042155903832691896,0.9996403639417943,0.026816837589788735,0.0
28.496000000000002,-0.98144585058339,-0.033204964409097565,9.844588850423959,0.0,0.0,-0.042903853822726885,0.9996217209696912,0.027502999210872077,0.0
28.512,-0.9676752738236488,-0.03347100953065052,9.832675845697935,0.0,0.0,-0.043682394927636904,0.9996022566311665,0.028201569776865627,0.0
28.528000000000002,-0.94358716644506,-0.0332332063650796,9.81301391251159,0.0,0.0,-0.04448850483330744,0.9995819290774356,0.0289130949888202,0.0
28.544,-0.9224923930939924,-0.03312083256407276,9.823934477489649,0.0,0.0,-0.04533635534410241,0.9995606932944715,0.02963815818628917,0.0
28.560000000000002,-0.9065566145586013,-0.03285703985517519,9.77788826624426,0.0,0.0,-0.04621811840847069,0.999538500783858,0.030377383869541568,0.0
28.576,-0.8818030909399591,-0.03263811868562739,9.815765839153112,0.0,0.0,-0.04715923838400928,0.9995152992031834,0.031131441642990663,0.0
28.592000000000002,-0.8702025917642858,-0.03297661099084304,9.754021384824105,0.0,0.0,-0.04812597983409498,0.9994910319597441,0.031901050641729004,0.0
28.608,-0.8553345198164631,-0.032783485354805,9.825443891808556,0.0,0.0,-0.049135616851833035,0.9994656377501867,0.03268698451390926,0.0
28.624000000000002,-0.8351402977095056,-0.03296426169090434,9.773461833209941,0.0,0.0,-0.050230905485908646,0.9994390500373365,0.03349007704480306,0.0
28.64,-0.8174160772706387,-0.03280008886369211,9.794372749137601,0.0,0.0,-0.051355813112536335,0.9994111964537702,0.03431122852425439,0.0
28.656000000000002,-0.8001667996909961,-0.03316456967816758,9.753318089664138,0.0,0.0,-0.05254994500687476,0.9993819981196451,0.035151412978512306,0.0
28.672,-0.7811431059204029,-0.03316161804286053,9.85328571259609,0.0,0.0,-0.05380706596410641,0.999351368859738,0.03601168641105299,0.0
28.688,-0.7728253715822297,-0.03314988802665382,9.803277748004517,0.0,0.0,-0.05512052858267279,0.9993192143015318,0.03689319622598637,0.0
28.704,-0.7572370159427221,-0.033407205988638326,9.801566716764254,0.0,0.0,-0.05654441410058334,0.999285430832266,0.037797192043491745,0.0
28.72,-0.7405107085506927,-0.03364110679332761,9.857323647741875,0.0,0.0,-0.05802622539162401,0.9992499043879904,0.0387250381612722,0.0
28.736,-0.7262760516951733,-0.03349884540027227,9.880625132913094,0.0,0.0,-0.059622547766428266,0.9992125090415068,0.03967822797173149,0.0
28.752,-0.7141604535004977,-0.03386668691185301,9.756015528298457,0.0,0.0,-0.06129713027293779,0.9991731053482806,0.04065840071465902,0.0
28.768,-0.6922445410777067,-0.03390929367451941,9.813832493732887,0.0,0.0,-0.06310950831200825,0.9991315383994527,0.0416673610340675,0.0
28.784,-0.6764944251611222,-0.03456495076632615,9.806805813031115,0.0,0.0,-0.06504228847946396,0.9990876355182736,0.0427071019211703,0.0
28.8,-0.6628261178086442,-0.034731468252949114,9.894516112480067,0.0,0.0,-0.06710923406891431,0.9990412035196943,0.04377983177127067,0.0
28.816,-0.6555520441455541,-0.03503573676478554,9.79876393257208,0.0,0.0,-0.06933169250684208,0.9989920254311468,0.044888006471381386,0.0
28.832,-0.6379031557983724,-0.0357788051092661,9.854622322582342,0.0,0.0,-0.07171714534752431,0.9989398565439598,0.046034367682558586,0.0
28.848,-0.6299159058763157,-0.03608144190342891,9.791896640094638,0.0,0.0,-0.07431661623022973,0.9988844196267566,0.04722198880731055,0.0
28.864,-0.6131673773971476,-0.036612924902085585,9.784104423665397,0.0,0.0,-0.07710835184728879,0.9988253990809697,0.04845433056747059,0.0
28.88,-0.6026780399334579,-0.03707163435477903,9.86776735597997,0.0,0.0,-0.08016320956787538,0.9987624337489328,0.04973530870426942,0.0
28.896,-0.585345415689786,-0.03808313435907338,9.789950252181699,0.0,0.0,-0.08348470736267498,0.9986951079891399,0.051069377111536196,0.0
28.912,-0.57174603057217,-0.03888194445419671,9.830858963276064,0.0,0.0,-0.0871229083733495,0.9986229404996224,0.05246163081612717,0.0
28.928,-5.006803411472939,-0.04978113646861809,9.780538734026132,0.0,0.0,-0.13515284812764497,0.9985071779567197,0.05462065148739732,0.0
28.944,-5.001060980161452,-0.06380642750127669,9.788808875762452,0.0,0.0,-0.1831465799142881,0.9983428466693143,0.05754615976944046,0.0
28.96,-4.98625919578583,-0.07032442602907936,9.822295321204674,0.0,0.0,-0.23112218807274632,0.9981232079064732,0.061237748476666555,0.0
28.976,-5.009164049094534,-0.06510909329182837,9.786856644266525,0.0,0.0,-0.22307409009413054,0.9978983271784526,0.06479914053786524,0.0
28.992,-5.004802645105734,-0.049182610286776805,9.818403509098799,0.0,0.0,-0.2710568103049122,0.997607944864285,0.06912588765186169,0.0
29.008,-2.7483803272474385,-0.025717353094450474,9.795326687400765,0.0,0.0,-0.319053816485531,0.9972420980536232,0.07421723431661773,0.0
29.024,0.0,0.0,9.752258441335192,0.0,0.0,-0.36710287185992796,0.9967890664288643,0.08007219896988899,0.0
29.04,0.0,0.0,9.756445645454228,0.0,0.0,-0.415037092561126,0.9962353765837113,0.08668952902808336,0.0
29.056,0.0,0.0,9.860364961555021,0.0,0.0,-0.4630597282911772,0.9955658076540603,0.09406764922181568,0.0
29.072,0.0,0.0,9.826272341307853,0.0,0.0,-0.5109968508038476,0.9947633985384975,0.10220460326295669,0.0
29.088,0.0,0.0,9.852243006656753,0.0,0.0,-0.55910055550915,0.9938094570212912,0.11109798888839703,0.0
29.104,0.0,0.0,9.818991241025351,0.0,0.0,-0.6070444917305078,0.9926835711459812,0.12074488633835304,0.0
29.12,0.0,0.0,9.761443172976524,0.0,0.0,-0.6550621239135682,0.991363623222439,0.13114178034203383,0.0
29.136,0.0,0.0,9.793360682588258,0.0,0.0,-0.7029931731924997,0.9898258068844541,0.14228447570110897,0.0
29.152,0.0,0.0,9.832169374146543,0.0,0.0,-0.7508967908401221,0.9880446476483524,0.1541680065819206,0.0
29.168,0.0,0.0,9.846043094574407,0.0,0.0,-0.7990711732473812,0.9859930274557032,0.16678653965094828,0.0
29.184,0.0,0.0,9.809954074410266,0.0,0.0,-0.8469060117516423,0.9836422137146267,0.18013327121492212,0.0
29.2,0.0,0.0,9.872748395835318,0.0,0.0,-0.8950071694753106,0.9809618933843535,0.19420031855737108,0.0
29.216,0.0,0.0,9.736687357423088,0.0,0.0,-0.9430421455399489,0.9779202126762433,0.20897860569745288,0.0
29.232,0.0,0.0,9.768800144392836,0.0,0.0,-0.9911223604963237,0.9744838229711915,0.2244577438348952,0.0
29.248,0.0,0.0,9.855389384473586,0.0,0.0,-1.039107549053977,0.970617933577888,0.24062590678684426,0.0
29.264,0.0,0.0,9.771357768495397,0.0,0.0,-1.0870808086454429,0.9662863719784147,0.2574697017685637,0.0
29.28,0.0,0.0,9.73900623433861,0.0,0.0,-1.13499180684263,0.9614516522268088,0.2749740359203751,0.0
29.296,0.0,0.0,9.893852908197761,0.0,0.0,-1.183262911029034,0.9560750521820177,0.2931219790379972,0.0
29.312,0.0,0.0,9.777159725162115,0.0,0.0,-1.2309278631349072,0.9501167002687372,0.31189462302265925,0.0
29.328,0.0,0.0,9.807893143168961,0.0,0.0,-1.2791208256141937,0.9435356724674154,0.33127093863099794,0.0
29.344,0.0,0.0,9.769811731913915,0.0,0.0,-1.3269250862869593,0.9362901002377622,0.3512276301727437,0.0
29.36,0.0,0.0,9.852967313809874,0.0,0.0,-1.37483496291686,0.9283372900777975,0.37173898887661905,0.0
29.376,0.0,0.0,9.809511689801507,0.0,0.0,-1.423005844259551,0.9196338554123294,0.39277674572135074,0.0
29.392,0.0,0.0,9.754707760429763,0.0,0.0,-1.4709569837750296,0.9101358614900273,0.41430992460935057,0.0
29.408,0.0,0.0,9.794044073159528,0.0,0.0,-1.4999215215793702,0.8999317735599558,0.43603073622995037,0.0
29.424,0.0,0.0,9.835810634115727,0.0,0.0,-1.4996838903491536,0.8892093995615072,0.45750043030740833,0.0
29.44,0.0,0.0,9.799537232152133,0.0,0.0,-1.4999501619469444,0.8779749146928769,0.47870664207846075,0.0
29.456,0.0,0.0,9.804867423303099,0.0,0.0,-1.5001402516017983,0.8662347890856497,0.49963715852380325,0.0
29.472,0.0,0.0,9.749981808312366,0.0,0.0,-1.4999479217824434,0.8539957840785428,0.5202799254017737,0.0
29.488,0.0,0.0,9.783264423650422,0.0,0.0,-1.4999345379624789,0.8412649483234343,0.5406230541905974,0.0
29.504,0.0,0.0,9.789709393890371,0.0,0.0,-1.49989348152583,0.8280496137259249,0.5606548289351898,0.0
29.52,0.0,0.0,9.888147842601022,0.0,0.0,-1.5000059525405534,0.8143573912227677,0.5803637129945738,0.0
29.536,0.0,0.0,9.877512253792549,0.0,0.0,-1.4999631111648157,0.8001961663986005,0.5997383556860303,0.0
29.552,0.0,0.0,9.741717233639466,0.0,0.0,-1.4998431442804638,0.7855740949445021,0.6187675988221477,0.0
29.568,0.0,0.0,9.756289263220259,0.0,0.0,-1.4996203416047238,0.7704995979609925,0.6374404831370135,0.0
29.584,0.0,0.0,9.811444778095288,0.0,0.0,-1.4999411171538792,0.7549813571081744,0.6557462545978434,0.0
29.6,0.0,0.0,9.841941896928711,0.0,0.0,-1.4997579087910113,0.7390283096058192,0.6736743705984112,0.0
29.616,0.0,0.0,9.791886987804643,0.0,0.0,-1.4797858984539216,0.7228720047285326,0.6909819569133137,0.0
29.632,0.0,0.0,9.762502521257233,0.0,0.0,-1.437717140874183,0.7067894745324467,0.7074239455165113,0.0
29.648,0.0,0.0,9.807709893247782,0.0,0.0,-1.4112584326051412,0.6906374960538061,0.7232011124469659,0.0
29.664,0.0,0.0,9.811028962413246,0.0,0.0,-1.3755544497667445,0.6745562737646469,0.7382234306256844,0.0
29.68,0.0,0.0,9.801756569496806,0.0,0.0,-1.3469436034420335,0.6584893720129287,0.7525900258082211,0.0
29.696,0.0,0.0,9.821009210744332,0.0,0.0,-1.3150240484972084,0.6425110418065275,0.7662764260739663,0.0
29.712,0.0,0.0,9.870368798791516,0.0,0.0,-1.2862784417438835,0.6266036692710276,0.7793380791775061,0.0
29.728,0.0,0.0,9.809611185975097,0.0,0.0,-1.2566128431894548,0.610809190258815,0.7917778306415069,0.0
29.744,0.0,0.0,9.775149835576144,0.0,0.0,-1.2285015433687125,0.5951264889887485,0.8036320439753041,0.0
29.76,0.0,0.0,9.780038175061632,0.0,0.0,-1.200729625416646,0.5795811204627755,0.8149145506144271,0.0
29.776,0.0,0.0,9.756374084246156,0.0,0.0,-1.1735063991535495,0.5641782457570808,0.8256530185340952,0.0
29.792,0.0,0.0,9.774651621585214,0.0,0.0,-1.1470112028537234,0.5489346235958196,0.8358652876018458,0.0
29.808,0.0,0.0,9.805481454564143,0.0,0.0,-1.1208954383670033,0.5338571259280728,0.8455746975257821,0.0
29.824,0.0,0.0,9.851117085654373,0.0,0.0,-1.0953821849737033,0.5189573827145463,0.854800114018516,0.0
29.84,0.0,0.0,9.86808316374472,0.0,0.0,-1.0705091049447117,0.5042420261897929,0.8635623770313365,0.0
29.856,0.0,0.0,9.793031705211765,0.0,0.0,-1.0459142846819176,0.48971939071793663,0.8718801054932114,0.0
29.872,0.0,0.0,9.810074236155273,0.0,0.0,-1.0221243594305893,0.4753951123711571,0.8797724064402196,0.0
29.888,0.0,0.0,9.73444380739913,0.0,0.0,-0.9989509498309777,0.4612752008233317,0.8872571155563617,0.0
29.904,0.0,0.0,9.810061365617283,0.0,0.0,-0.9761256397470605,0.4473640742595131,0.8943519357959309,0.0
29.92,0.0,0.0,9.789774386611855,0.0,0.0,-0.9536429154533018,0.43366597789808686,0.9010737037632915,0.0
29.936,0.0,0.0,9.784383200204182,0.0,0.0,-0.9316954921722257,0.42018412147291534,0.9074388707026136,0.0
29.952,0.0,0.0,9.782736181127698,0.0,0.0,-0.9106062483678095,0.40692134465909613,0.91346320082466,0.0
29.968,0.0,0.0,9.716981285091139,0.0,0.0,-0.8894708295951117,0.39387975091518695,0.9191619780098556,0.0
29.984,0.0,0.0,9.815241857436956,0.0,0.0,-0.8692866080904236,0.3810610292155016,0.9245498861679788,0.0
30.0,0.0,0.0,9.906896048884699,0.0,0.0,-0.8490667554355084,0.3684663094340398,0.9296411021529001,0.0
30.016000000000002,0.0,0.0,9.814559231211478,0.0,0.0,-0.8294428457074119,0.35609632622695997,0.9344492530082428,0.0
30.032,0.0,0.0,9.775901788465365,0.0,0.0,-0.8103124611402244,0.34395137182305363,0.9389874620148236,0.0
30.048000000000002,0.0,0.0,9.757330845753337,0.0,0.0,-0.791673045839738,0.33203138636606505,0.9432683385271812,0.0
30.064,0.0,0.0,9.813270960427843,0.0,0.0,-0.773370576370324,0.3203359522969523,0.947304004882279,0.0
30.080000000000002,0.0,0.0,9.85736434209888,0.0,0.0,-0.755319368788296,0.30886434945742636,0.951106100093066,0.0
30.096,0.0,0.0,9.877849582430379,0.0,0.0,-0.737817199104897,0.2976155661420961,0.9546857989882954,0.0
30.112000000000002,0.0,0.0,9.860668221406165,0.0,0.0,-0.7205863388185911,0.2865883364520667,0.9580538217708007,0.0
30.128,0.0,0.0,9.71286670040946,0.0,0.0,-0.7038315979961942,0.27578115702412465,0.9612204499647493,0.0
30.144000000000002,0.0,0.0,9.801711292807875,0.0,0.0,-0.6874189998903677,0.2651923147160297,0.9641955383715246,0.0
30.16,0.0,0.0,9.848996564031976,0.0,0.0,-0.6712751280280598,0.25481990427808093,0.9669885296029678,0.0
30.176000000000002,0.0,0.0,9.808478090268206,0.0,0.0,-0.6556537320205293,0.24466185019664247,0.9696084668866891,0.0
30.192,0.0,0.0,9.821655978735931,0.0,0.0,-0.6402972341787829,0.23471592337035568,0.9720640078289092,0.0
30.208000000000002,0.0,0.0,9.844433429976329,0.0,0.0,-0.6252752515556053,0.22497975900679976,0.9743634373462718,0.0
30.224,0.0,0.0,9.87150609809661,0.0,0.0,-0.6103831702975172,0.21545087160411763,0.976514680854838,0.0
30.240000000000002,0.0,0.0,9.81676734887394,0.0,0.0,-0.5961030232933624,0.20612666991079281,0.9785253169701268,0.0
30.256,0.0,0.0,9.826625454817812,0.0,0.0,-0.5821705891495856,0.1970044700520415,0.9804025901534095,0.0
30.272000000000002,0.0,0.0,9.900245512396026,0.0,0.0,-0.5683745923532686,0.18808150814921923,0.9821534229906829,0.0
30.288,0.0,0.0,9.735720642458505,0.0,0.0,-0.5548390580775832,0.17935495165572446,0.9837844282751039,0.0
30.304000000000002,0.0,0.0,9.817177696459739,0.0,0.0,-0.5416910219436315,0.17082191003192487,0.9853019207598478,0.0
30.32,0.0,0.0,9.822139632262736,0.0,0.0,-0.5287105388950976,0.1624794444413927,0.9867119286468652,0.0
30.336000000000002,0.0,0.0,9.81636140611102,0.0,0.0,-0.5162600982031502,0.1543245767732675,0.9880202047548177,0.0
30.352,0.0,0.0,9.786078961286503,0.0,0.0,-0.5038104555779542,0.1463542978745612,0.9892322373910204,0.0
30.368000000000002,0.0,0.0,9.796654465699033,0.0,0.0,-0.4917581773519999,0.13856557515235843,0.9903532609037525,0.0
30.384,0.0,0.0,9.761333952510116,0.0,0.0,-0.4800521320105428,0.1309553595167007,0.9913882659250369,0.0
30.400000000000002,0.0,0.0,9.830863612770695,0.0,0.0,-0.46850978975058233,0.12352059175667336,0.9923420092952234,0.0
30.416,0.0,0.0,9.834092643339947,0.0,0.0,-0.4572494727073373,0.11625820835658174,0.993219023674898,0.0
30.432000000000002,0.0,0.0,9.802922359671806,0.0,0.0,-0.44616598927726114,0.10916514681216863,0.9940236268426811,0.0
30.448,0.0,0.0,9.814628343528348,0.0,0.0,-0.4353890257328532,0.10223835046746253,0.994759930683626,0.0
30.464000000000002,0.0,0.0,9.806611117342399,0.0,0.0,-0.42478489768147015,0.09547477291539269,0.9954318498705746,0.0
30.48,0.0,0.0,9.787738532087305,0.0,0.0,-0.4145102007296244,0.08887138198673897,0.9960431102436115,0.0
30.496000000000002,0.0,0.0,9.844469347416055,0.0,0.0,-0.4043666518389818,0.08242516336107844,0.9965972568921206,0.0
30.512,0.0,0.0,9.815678607882099,0.0,0.0,-0.3945481563377509,0.07613312382405074,0.997097661945304,0.0
30.528000000000002,0.0,0.0,9.773908050418248,0.0,0.0,-0.38483971430288605,0.06999229419867029,0.9975475320769466,0.0
30.544,0.0,0.0,9.902095896644017,0.0,0.0,-0.3753688683371667,0.0639997319732121,0.9979499157309234,0.0
30.560000000000002,0.0,0.0,9.814759823605868,0.0,0.0,-0.36615101181576554,0.058152523649072314,0.9983077100740253,0.0
30.576,0.0,0.0,9.813642450779671,0.0,0.0,-0.35709347387493834,0.052447786828865535,0.9986236676830538,0.0
30.592000000000002,0.0,0.0,9.821664895662146,0.0,0.0,-0.3483065563788631,0.046882672064828365,0.9989004029732202,0.0
30.608,0.0,0.0,9.824317761565853,0.0,0.0,-0.33965186812088843,0.04145436448550438,0.9991403983750747,0.0
30.624000000000002,5.007755075056849,0.02332910347817294,9.784221306155478,0.0,0.0,-0.2916046714436405,0.036792318888446834,0.9993229334258327,0.0
30.64,4.99921733645267,-0.0038367465088167286,9.821146353578387,0.0,0.0,-0.24364250657773512,0.032897062811763175,0.9994587451507736,0.0
30.656000000000002,5.03538583985043,-0.02337106487622974,9.762706946481478,0.0,0.0,-0.1955899742734973,0.02976897293242865,0.9995568059147756,0.0
30.672,4.999847933929922,-0.03488006391463448,9.784369758396371,0.0,0.0,-0.14757445503661806,0.02740830950939593,0.9996243217178328,0.0
30.688000000000002,5.025504265577088,-0.03944872498542344,9.778559470627913,0.0,0.0,-0.0995864769734481,0.025815244049335082,0.9996667310532412,0.0
30.704,5.000652901794618,-0.03550883818945591,9.876009517999677,0.0,0.0,-0.05160646904639682,0.024989880188310245,0.9996877041797473,0.0
30.72,5.020549588074931,-0.024452441772953852,9.813408869514731,0.0,0.0,-0.003601918802034331,0.024932267784612515,0.9996891426954263,0.0
30.736,5.009003047314361,-0.002878126956203865,9.881851238013803,0.0,0.0,0.010771149796503328,0.02510456813029533,0.9996848306636404,0.0
30.752,4.999480024975191,0.0060170929589794175,9.781588365486272,0.0,0.0,0.010641755719887841,0.02527477146506242,0.9996805419369674,0.0
30.768,5.012274401891059,0.006832146534323012,9.794659745923905,0.0,0.0,0.010514826468087072,0.025442988055062576,0.9996762747804061,0.0
30.784,5.0312642761874,0.007565188027159863,9.807430610499479,0.0,0.0,0.010401039732678129,0.025609325967635575,0.999672027428738,0.0
30.8,5.007606372622513,0.008225142813464075,9.83463494090985,0.0,0.0,0.010288190686695809,0.025773891360524628,0.9996677980830111,0.0
30.816,4.982269283087392,0.00905408475689618,9.77784129089168,0.0,0.0,0.010185083288600658,0.02593678876847833,0.9996635849066323,0.0
30.832,4.997503925558373,0.009785968918986594,9.850874081447063,0.0,0.0,0.010088280987083037,0.02609812138947687,0.9996593860210288,0.0
30.848,4.990186892059123,0.010453032703568458,9.773936454843351,0.0,0.0,0.009995235161662432,0.02625799137239918,0.9996551995008516,0.0
30.864,4.991887536100088,0.011224765679314151,9.745450950404857,0.0,0.0,0.009912341670145486,0.026416500108701328,0.9996510233686589,0.0
30.88,5.0117921340528016,0.011879248902854427,9.825183281645327,0.0,0.0,0.009832177400260858,0.02657374853034349,0.9996468555890355,0.0
30.896,4.96481897932264,0.012500634374232314,9.855995626864106,0.0,0.0,0.0097597447680763,0.026729837416455203,0.9996426940620783,0.0
30.912,4.998191175986032,0.013225394643927147,9.830454513635393,0.0,0.0,0.009692751158202386,0.02688486771157134,0.9996385366161767,0.0
30.928,4.986503151523849,0.013920941461276174,9.845155342914138,0.0,0.0,0.009632822755720407,0.027038940858645756,0.9996343809999948,0.0
30.944,4.96675148843135,0.014579561428834141,9.80270759245126,0.0,0.0,0.009580028801942626,0.02719215915012924,0.9996302248735549,0.0
30.96,4.982493772483057,0.015335337280034791,9.778293370880801,0.0,0.0,0.009533540341481996,0.027344626100910412,0.9996260657983072,0.0
30.976,4.985385800198744,0.016018294876495597,9.81249196761906,0.0,0.0,0.009492194218470806,0.02749644684787077,0.9996219012260297,0.0
30.992,5.0082310523224125,0.016664842252445352,9.759526721972566,0.0,0.0,0.00945886030969675,0.027647728580581583,0.9996177284864122,0.0
31.008,4.973894800069156,0.01751538968751934,9.753487149430365,0.0,0.0,0.009430739491932768,0.027798581009303488,0.9996135447731136,0.0
31.024,5.014865385247411,0.018003649835586076,9.894733010443439,0.0,0.0,0.0094126457378956,0.027949116876913222,0.9996093471280671,0.0
31.04,5.016380152629409,0.018909777882639322,9.837650971200391,0.0,0.0,0.009397967045098925,0.028099452522521186,0.9996051324237659,0.0
31.056,4.980267510391555,0.019442911715953626,9.774875988675385,0.0,0.0,0.009396634739072911,0.02824970850612787,0.9996008973431942,0.0
31.072,5.030550174746967,0.020350279485336173,9.845032153065787,0.0,0.0,0.009397835654040586,0.028400010305200913,0.9995966383570247,0.0
31.088,5.003491257847733,0.02094227582048677,9.80570490963497,0.0,0.0,0.009409084669554323,0.02855048909633845,0.9995923516976107,0.0
31.104,5.010404316588344,0.021854118369352908,9.805538819720503,0.0,0.0,0.009428524758740947,0.02870128263725927,0.9995880333292192,0.0
31.12,1.2483486427487958,0.023463408760439147,9.836925105294684,0.0,0.0,0.009458268754559868,0.02885253626817742,0.9995836789138234,0.0
31.136,5.38524176211198e-06,0.023592501493648596,9.811783839947633,0.0,0.0,0.00949031037522799,0.029004331532868063,0.9995792858759787,0.0
31.152,5.3869430844939295e-06,0.023899332322624367,9.820106104134416,0.0,0.0,0.009528853616563157,0.02915672975211394,0.9995748521797467,0.0
31.168,5.464207892849689e-06,0.023728401140365236,9.82396379964468,0.0,0.0,0.009570117328631717,0.029309795368251196,0.9995703756591987,0.0
31.184,5.49393249815677e-06,0.023878689063133486,9.821987124503996,0.0,0.0,0.00961828847780594,0.029463596216263842,0.9995658540076313,0.0
31.2,5.558015937155546e-06,0.024002321051748748,9.808620908235955,0.0,0.0,0.009667336010678169,0.029618203823597655,0.9995612847656035,0.0
31.216,5.638360004796332e-06,0.024318438950086993,9.82753640633886,0.0,0.0,0.00972120295461364,0.02977369374235299,0.9995566653076438,0.0
31.232,-3.689926974443753,0.024888248292668932,9.840374862276915,0.0,0.0,0.009782360444777764,0.029930145918442022,0.999551992827437,0.0
31.248,-2.851288291416142,0.024338752342000787,9.772854484007999,0.0,0.0,0.009842922517577344,0.030087559813333036,0.9995472668886045,0.0
31.264,-3.0795459089435697,0.024356558057224767,9.840947769290455,0.0,0.0,0.009904362628608611,0.030245952026967494,0.9995424865337055,0.0
31.28,-2.9163417350253185,0.02352234910624922,9.776371600165788,0.0,0.0,0.009966033879556302,0.030405332800319474,0.9995376509853454,0.0
31.296,-2.882604763828525,0.023361133973551787,9.828616636448567,0.0,0.0,0.010027848220556641,0.030565715283325662,0.9995327593677051,0.0
31.312,-2.843128274713799,0.022945378920995168,9.835714722468511,0.0,0.0,0.01009319379317766,0.03072711189765318,0.9995278108159018,0.0
31.328,-2.760930657280714,0.022815694402358113,9.824672511912757,0.0,0.0,0.010155763258657921,0.030889535783485737,0.9995228044317352,0.0
31.344,-2.691129202914678,0.02250208411489479,9.808444794919598,0.0,0.0,0.010220440986682814,0.03105300024405679,0.99951773930023,0.0
31.36,-2.6650373158494554,0.02211073992411881,9.821595929001038,0.0,0.0,0.010286093183810859,0.031217518979661237,0.9995126144820559,0.0
31.376,-2.6116388371537798,0.02193358384276528,9.772182972337625,0.0,0.0,0.01035235113645243,0.03138310601119142,0.9995074290154577,0.0
31.392,-2.5415433529791303,0.02138441447199725,9.765237099646034,0.0,0.0,0.010421939260546999,0.03154977572670208,0.9995021819143742,0.0
31.408,-2.505634964062326,0.021197746811960308,9.757318109164283,0.0,0.0,0.010489654105417546,0.031717542880120894,0.9994968721680162,0.0
31.424,-2.4584269203759153,0.02106492046030422,9.7820520892086,0.0,0.0,0.010561387592865274,0.03188642260970357,0.9994914987398119,0.0
31.44,-2.4109828549409498,0.020783784429670587,9.798636992808905,0.0,0.0,0.010631229722090392,0.03205643044925927,0.9994860605665553,0.0
31.456,-2.3550130227915096,0.020393394999695683,9.834754182809135,0.0,0.0,0.010702220922179194,0.03222758234321938,0.9994805565574105,0.0
31.472,-2.319123272034686,0.02005783580146761,9.765188609253432,0.0,0.0,0.010772421713370178,0.03239989466091222,0.9994749855929173,0.0
31.488,-2.247618314745616,0.019851525153807514,9.849768195390814,0.0,0.0,0.010849829601938763,0.03257338421209892,0.9994693465239297,0.0
31.504,-2.212677677844938,0.01951263700114016,9.825949734011347,0.0,0.0,0.010922928183249869,0.03274806826301367,0.9994636381705144,0.0
31.52,-2.1887913521864157,0.01922024976801331,9.82542587483342,0.0,0.0,0.011000776234399908,0.03292396455297761,0.9994578593207991,0.0
31.536,-2.1371291194967426,0.01900190484528307,9.768341328251942,0.0,0.0,0.011074924440688033,0.03310109131210732,0.9994520087297578,0.0
31.552,-2.079023617408111,0.018794992379442696,9.885407030578527,0.0,0.0,0.0111549347832762,0.03327946727952156,0.9994460851179473,0.0
31.568,-2.049807387164,0.01847293175055022,9.830101385245062,0.0,0.0,0.011232913940248125,0.0334591117225082,0.9994400871701821,0.0
31.584,-2.0098774346491934,0.018321469385524643,9.824529769553271,0.0,0.0,0.011314138518104802,0.03364004445660397,0.9994340135341391,0.0
31.6,-1.9573567441692714,0.018078547309800165,9.787875708716745,0.0,0.0,0.011396256773226717,0.03382228586660553,0.9994278628189018,0.0
31.616,-1.9208056638670872,0.017822358702192943,9.787355230236061,0.0,0.0,0.011481176217468896,0.03400585692852705,0.9994216335934282,0.0
31.632,-1.8905994489559774,0.017527461812652842,9.77865774653344,0.0,0.0,0.011566577289859844,0.03419077923264752,0.9994153243849447,0.0
31.648,-1.8571795813530774,0.017306759449824526,9.847927039067839,0.0,0.0,0.011650615226884155,0.03437707500769144,0.999408933677259,0.0
31.664,-1.7980854883045385,0.01713181648182535,9.781899280648734,0.0,0.0,0.011737311669643674,0.03456476714609265,0.999402459908988,0.0
31.68,-1.7797805092865768,0.017017414589735477,9.790191544813075,0.0,0.0,0.011827109700142007,0.03475387923064876,0.999395901471695,0.0
31.696,-1.740858518898513,0.01675391877719131,9.825887663661234,0.0,0.0,0.011916960376794773,0.034944435562386564,0.9993892567079289,0.0
31.712,-1.7203703875170984,0.0165302822734725,9.827356991352215,0.0,0.0,0.012008134702871076,0.03513646118983139,0.9993825239091664,0.0
31.728,-1.6672124469388856,0.01635197095335759,9.815563202266283,0.0,0.0,0.012104047216127083,0.0353299819398731,0.9993757013136394,0.0
31.744,-1.6290723152429252,0.016099595802107243,9.816370590007162,0.0,0.0,0.012197418887325596,0.03552502444996075,0.9993687871040549,0.0
31.76,-1.611529121088385,0.01585901562030133,9.772009979693552,0.0,0.0,0.012294332536627133,0.03572161620230994,0.9993617794051838,0.0
31.776,-1.5766562716237944,0.01575002431019037,9.761257262061465,0.0,0.0,0.012393016952284234,0.03591978555962396,0.9993546762813244,0.0
31.792,-1.546350406570605,0.015500492696348315,9.768836026344367,0.0,0.0,0.012492420061708592,0.03611956180274455,0.9993474757336298,0.0
31.808,-1.5125083969458182,0.015369051781518322,9.855715877898001,0.0,0.0,0.012597992590488216,0.03632097517049068,0.9993401756972771,0.0
31.824,-1.479423761332395,0.015168781057204346,9.833391409629343,0.0,0.0,0.012700591374238087,0.03652405690135673,0.9993327740384914,0.0
31.84,-1.4508863888805328,0.014991925128158539,9.85353130581732,0.0,0.0,0.012807585245125331,0.03672883927777726,0.9993252685513897,0.0
31.856,-1.416764745937428,0.014816301150550555,9.769078840348799,0.0,0.0,0.012916518065970264,0.03693535567257161,0.9993176569546546,0.0
31.872,-1.3831952236428593,0.014553286474233046,9.80395179214618,0.0,0.0,0.013026007136605771,0.03714364059821971,0.9993099368880061,0.0
31.888,-1.3574059291792426,0.01446931860531655,9.784761018545174,0.0,0.0,0.01313899047382112,0.037353729758610656,0.9993021059084789,0.0
31.904,-1.3364423096037032,0.014246303324605683,9.792726573186249,0.0,0.0,0.013253387084843344,0.03756566010410783,0.9992941614864678,0.0
31.92,-1.3103938099401076,0.014019445820809896,9.768274775403928,0.0,0.0,0.013372033763263598,0.03777946988949451,0.9992861010015446,0.0
31.936,-1.2834389324695834,0.01387646267518516,9.839197431803962,0.0,0.0,0.013492521052503769,0.03799519873539194,0.999277921738021,0.0
31.952,-1.2588534995275256,0.013733650877967272,9.824391564192412,0.0,0.0,0.013614107916132639,0.03821288769335672,0.9992696208802382,0.0
31.968,-1.235568511391375,0.013569831002375032,9.790490139166243,0.0,0.0,0.013741860339083995,0.038432579314764535,0.9992611955075682,0.0
31.984,-1.204226019596487,0.013470980111542187,9.85465826435416,0.0,0.0,0.013868809816965389,0.038654317723915324,0.9992526425890995,0.0
32.0,-1.1825556862844637,0.013364532533811875,9.83335067789642,0.0,0.0,0.014000501532437794,0.038878148695603756,0.9992439589779878,0.0
32.016,-1.157409687299567,0.013158494077545008,9.80940399002859,0.0,0.0,0.014132843870394499,0.039104119737465,0.9992351414054443,0.0
32.032000000000004,-1.142474754440789,0.013052803124946086,9.874155303516005,0.0,0.0,0.014268230760649717,0.03933228017747878,0.9992261864743339,0.0
32.048,-1.1161867828301446,0.012803160250947661,9.794580755365251,0.0,0.0,0.01441379901736469,0.039562681257060105,0.9992170906523529,0.0
32.064,-1.1030394610331848,0.012713257558360934,9.775287352272096,0.0,0.0,0.014552332523838796,0.039795376230138714,0.9992078502647493,0.0
32.08,-1.0743879783851946,0.012714093807667758,9.823090718788238,0.0,0.0,0.014702017621442163,0.04003042046853669,0.9991984614865618,0.0
32.096000000000004,-1.0544131173460713,0.01246767685063223,9.779475414620544,0.0,0.0,0.014851523437428873,0.04026787157457942,0.9991889203343147,0.0
32.112,-1.0275855495733401,0.012290906021035919,9.884494655677287,0.0,0.0,0.015008669698861195,0.040507789500932284,0.9991792226571509,0.0
32.128,-1.0036036146257516,0.012166424538419604,9.907758207640253,0.0,0.0,0.015166368975946833,0.040750236678795695,0.9991693641273346,0.0
32.144,-0.9860156968277457,0.012036676615130476,9.853059571082989,0.0,0.0,0.015328482703094767,0.040995278154719754,0.9991593402300842,0.0
32.160000000000004,-0.963474859490866,0.012021338434297119,9.800401722107845,0.0,0.0,0.015494550896520356,0.041242981737063866,0.9991491462526685,0.0
32.176,-0.9472452578698048,0.011970313882631898,9.726891549242486,0.0,0.0,0.015666063684087708,0.041493418152712236,0.9991387772727093,0.0
32.192,-0.9290247124197937,0.011736916481509006,9.74572599524616,0.0,0.0,0.015839873628045977,0.041746661215078605,0.9991282281456139,0.0
32.208,-0.912646777593823,0.011686240724687635,9.800347221620296,0.0,0.0,0.016023174561849034,0.04200278800428938,0.9991174934910644,0.0
32.224000000000004,-0.899576224429264,0.01160073992832951,9.775635650330656,0.0,0.0,0.016207035655873597,0.042261879060639176,0.9991065676784754,0.0
32.24,-0.8732281553377386,0.011343153832172428,9.790653991694516,0.0,0.0,0.0163981335563803,0.04252401859248582,0.9990954448113283,0.0
32.256,-0.8581756466864676,0.011384186863404961,9.793361252477544,0.0,0.0,0.01659368449929263,0.04278929470002126,0.9990841187102689,0.0
32.272,-0.8420291015264806,0.011160454558599295,9.752066838434962,0.0,0.0,0.016797667428928572,0.04305779961619994,0.9990725828948621,0.0
32.288000000000004,-0.8200197755884758,0.011180815365896171,9.766234904776674,0.0,0.0,0.0170052261175878,0.04332962996664767,0.9990608305638619,0.0
32.304,-0.8054864596807383,0.011035713412959022,9.833759824843431,0.0,0.0,0.017220263880735293,0.04360488705012183,0.9990488545738623,0.0
32.32,-0.7969294041201015,0.010974672794238284,9.790494040840173,0.0,0.0,0.017437078985280387,0.0438836771417451,0.9990366474161592,0.0
32.336,-0.7748773370657336,0.010896370031351908,9.746806632664828,0.0,0.0,0.017666265633993265,0.04416611182109287,0.9990242011916461,0.0
32.352000000000004,-0.7678903987110826,0.010806791815313818,9.84473772960503,0.0,0.0,0.017902841246231548,0.04445230832779438,0.9990115075835366,0.0
32.368,-0.7398054536778231,0.010695205509909952,9.784116371362364,0.0,0.0,0.018148263653168437,0.04474238994712386,0.9989985578276975,0.0
32.384,-0.729173327024548,0.010732824433490032,9.827770498676838,0.0,0.0,0.018401676777660084,0.04503648642924469,0.9989853426803162,0.0
32.4,-0.7187231820209268,0.01060425833812071,9.763526124777732,0.0,0.0,0.018658469648691733,0.04533473444500601,0.9989718523826389,0.0
32.416000000000004,-0.7003205529763462,0.01047314127204168,9.8615558081944,0.0,0.0,0.018927877107598426,0.04563727808273107,0.9989580766224374,0.0
32.432,-0.6894228341858548,0.010464313341324047,9.90271123604095,0.0,0.0,0.0192047393461001,0.045944269390253645,0.9989440044918413,0.0
32.448,-0.6735301083208113,0.010388132613134433,9.795170391154134,0.0,0.0,0.019492029216082063,0.04625586896718307,0.9989296244411269,0.0
32.464,-0.6549428020371618,0.01039265572927198,9.774546331304087,0.0,0.0,0.01979769651411888,0.04657224661333388,0.9989149242279779,0.0
32.480000000000004,-0.6490340594546943,0.010349836562766451,9.820889777272363,0.0,0.0,0.020106098766263188,0.046893582039530785,0.9988998908616928,0.0
32.496,-0.6356001526348248,0.010239678964769159,9.8166816263042,0.0,0.0,0.020425213076905143,0.047220065648368635,0.9988845105417161,0.0
32.512,-0.6194826123713348,0.010236245119473191,9.789103466616648,0.0,0.0,0.020761910509270027,0.047551899393225745,0.9988687685897966,0.0
32.528,-0.6104543670792446,0.010191576012218442,9.822961449644778,0.0,0.0,0.021110534279542684,0.04788929772515989,0.9988526493749671,0.0
32.544000000000004,-0.5972146162414839,0.010060456756450814,9.801096139476511,0.0,0.0,0.0214733130500594,0.048232488638707376,0.9988361362304214,0.0
32.56,-0.583775434583841,0.010096049793413522,9.84851216281204,0.0,0.0,0.0218491720299356,0.048581714829198035,0.9988192113612225,0.0
32.576,-0.5741001263447543,0.010083069188710927,9.777323501014399,0.0,0.0,0.022246703419830184,0.048937234976265,0.998801855741607,0.0
32.592,-0.5590376931242669,0.010080069628910454,9.850917859121623,0.0,0.0,0.022658002160547242,0.04929932517027678,0.998784049000461,0.0
32.608000000000004,-0.5500924058264443,0.009974722400930718,9.798931585307342,0.0,0.0,0.023086567094971314,0.04966828050135555,0.9987657692933006,0.0
32.624,-0.5406906885796263,0.009946345724449223,9.750230229749096,0.0,0.0,0.023539037908095275,0.05004441683351826,0.9987469931588245,0.0
32.64,-0.5296268800375522,0.010061941784752637,9.782538574426864,0.0,0.0,0.024008765267445574,0.050428072790768316,0.9987276953577532,0.0
32.656,-0.5214990560699131,0.009989957502399338,9.797620492597886,0.0,0.0,0.02450313978711304,0.05081961198594572,0.9987078486912967,0.0
32.672000000000004,-0.5061216707910013,0.009929737522204779,9.82955250137301,0.0,0.0,0.02502046736540209,0.051219425528833594,0.9986874237961026,0.0
32.688,-0.5009656975097252,0.009953332518514067,9.87015565571782,0.0,0.0,0.025564766620971614,0.05162793485673041,0.9986663889119475,0.0
32.704,-0.4865342161158456,0.010032199203606054,9.76741886892854,0.0,0.0,0.02613636539988482,0.052045594938506454,0.9986447096177383,0.0
32.72,-0.47715453058082086,0.010038541041587669,9.790815068940312,0.0,0.0,0.026744500513876827,0.052472897912598425,0.9986223485305415,0.0
32.736000000000004,-0.46947828261752944,0.009983929808660714,9.81276017472281,0.0,0.0,0.027376805187012982,0.05291037723170774,0.998599264961275,0.0
32.752,-0.45910245532872124,0.010080302529546266,9.782644124629973,0.0,0.0,0.028056943989217657,0.05335861240103253,0.9985754145194224,0.0
32.768,-0.44926835677327015,0.010126517466688847,9.819856405046194,0.0,0.0,0.028766314367043924,0.0538182344150959,0.998550748657494,0.0
32.784,-0.44019273607146686,0.010143199588902195,9.80065801208349,0.0,0.0,0.029526444125728392,0.054289932020369226,0.9985252141439512,0.0
32.8,-0.43228430773845566,0.010243107086625921,9.801864751188461,0.0,0.0,0.030332923622160213,0.054774458958823026,0.9984987524507821,0.0
32.816,-0.4224405746503419,0.010253742086837268,9.882119915511563,0.0,0.0,0.03118222296566537,0.055272642382720935,0.9984712990387014,0.0
32.832,-0.41154092759033384,0.010297387361023536,9.795600959299195,0.0,0.0,0.03209852760827546,0.055785392675136984,0.9984427825188988,0.0
32.848,-0.4044895786720604,0.010434704762750083,9.775201766148802,0.0,0.0,0.033070848550252864,0.05631371496763712,0.9984131236650208,0.0
32.864,-0.395011863535425,0.010523782401098579,9.797537938208581,0.0,0.0,0.03411745434162303,0.056858722719526335,0.9983822342423289,0.0
32.88,-0.3878443238813454,0.010564644954191519,9.799603344993622,0.0,0.0,0.035236232137795004,0.05742165381723482,0.9983500156122068,0.0
32.896,-4.9771459267086975,0.00950901758108087,9.792577329874216,0.0,0.0,-0.012760228262616718,0.0572178418252428,0.9983617173033337,0.0
32.912,-5.011627002844167,-0.007663436045120185,9.805306665193413,0.0,0.0,-0.06075396191259862,0.05624726003178372,0.9984168697187147,0.0
32.928,-4.994507215385789,-0.016983297492630535,9.769994730285772,0.0,0.0,-0.10877156252221352,0.0545097834280013,0.9985132365224971,0.0
32.944,-3.6688091137299867,-0.015330366051799594,9.78348000650029,0.0,0.0,-0.15675062913627083,0.05200519729610367,0.998646814171153,0.0
32.96,0.0,0.0,9.813123091973162,0.0,0.0,-0.20476763907786313,0.04873321258472519,0.9988118311229458,0.0
32.976,0.0,0.0,9.779148669866288,0.0,0.0,-0.25272703038640953,0.04469348807566546,0.9990007468083448,0.0
32.992,0.0,0.0,9.849203285979325,0.0,0.0,-0.3008205163250339,0.039885659346716416,0.99920425048059,0.0
33.008,0.0,0.0,9.781221946178132,0.0,0.0,-0.3488241356388157,0.034309374536428766,0.9994112601021259,0.0
33.024,0.0,0.0,9.80057214329431,0.0,0.0,-0.3968323954496088,0.027964336914501613,0.9996089214592536,0.0
33.04,0.0,0.0,9.801321006471309,0.0,0.0,-0.4447720826568428,0.020850354260579254,0.9997826077339055,0.0
33.056,0.0,0.0,9.72321684857338,0.0,0.0,-0.49270840653040343,0.012967395049289333,0.9999159197980777,0.0
33.072,0.0,0.0,9.818909310393641,0.0,0.0,-0.5408625507497951,0.00431565143489855,0.9999906875329853,0.0
33.088,0.0,0.0,9.798032006094402,0.0,0.0,-0.5887385081338319,-0.005104390980167776,0.999986972511503,0.0
33.104,0.0,0.0,9.920643436283143,0.0,0.0,-0.6367443876876417,-0.015291876617437984,0.9998830724187289,0.0
33.12,0.0,0.0,9.830757519754444,0.0,0.0,-0.6846889274303137,-0.026245496672349464,0.9996555276216011,0.0
33.136,0.0,0.0,9.821109411967566,0.0,0.0,-0.7327084879447402,-0.03796339919663278,0.999279130334181,0.0
33.152,0.0,0.0,9.778632034808515,0.0,0.0,-0.7807226192782201,-0.05044309258311403,0.9987269368604472,0.0
33.168,0.0,0.0,9.795354406399804,0.0,0.0,-0.8287682797697519,-0.06368134254781359,0.9979702834309787,0.0
33.184,0.0,0.0,9.800450338260847,0.0,0.0,-0.8766260785871728,-0.07767406272748927,0.9969788061836653,0.0
33.2,0.0,0.0,9.846527713426172,0.0,0.0,-0.9249054277081704,-0.09241619904118764,0.9957204658712101,0.0
33.216,0.0,0.0,9.75185980215153,0.0,0.0,-0.9725296904910854,-0.10790160799696367,0.994161577909582,0.0
33.232,0.0,0.0,9.785381157366265,0.0,0.0,-1.0205696718638295,-0.12412292916243056,0.9922668484113224,0.0
33.248,0.0,0.0,9.761336597511063,0.0,0.0,-1.068809700877296,-0.1410714520595159,0.989999416875495,0.0
33.264,0.0,0.0,9.839087246236936,0.0,0.0,-1.116646711706008,-0.15873697778993848,0.9873209062316654,0.0
33.28,0.0,0.0,9.88541301519263,0.0,0.0,-1.1647102801661253,-0.1771076757488181,0.9841914809582796,0.0
33.296,0.0,0.0,9.78982261662921,0.0,0.0,-1.2127947382518436,-0.1961699358395479,0.9805699140156747,0.0
33.312,0.0,0.0,9.85815905791945,0.0,0.0,-1.2609757027072754,-0.2159082166634037,0.9764136633503387,0.0
33.328,0.0,0.0,9.838010769040652,0.0,0.0,-1.3087029630697473,-0.23630489022290427,0.9716789587393262,0.0
33.344,0.0,0.0,9.804199407370579,0.0,0.0,-1.356721312487604,-0.2573400837481468,0.9663208997514733,0.0
33.36,0.0,0.0,9.84399461160124,0.0,0.0,-1.404917830067024,-0.27899151933054306,0.9602935656046203,0.0
33.376,0.0,0.0,9.828558496706833,0.0,0.0,-1.45288701781431,-0.3012343521282903,0.9535501376948406,0.0
33.392,0.0,0.0,9.80799675551643,0.0,0.0,-1.5000126091386012,-0.32402951743575037,0.9460469712600716,0.0
33.408,0.0,0.0,9.820136799270626,0.0,0.0,-1.5000913562323437,-0.34663806861360086,0.9379989602274794,0.0
33.424,0.0,0.0,9.786862768682832,0.0,0.0,-1.4998510348287661,-0.36904698501133826,0.9294107395839802,0.0
33.44,0.0,0.0,9.834312346414409,0.0,0.0,-1.50012125675243,-0.3912433609515356,0.9202872554324255,0.0
33.456,0.0,0.0,9.78466062282112,0.0,0.0,-1.5000533585362898,-0.413214413162441,0.910633762143058,0.0
33.472,0.0,0.0,9.837715336249158,0.0,0.0,-1.499974381092585,-0.4349474881400864,0.9004558193274279,0.0
33.488,0.0,0.0,9.797072457899432,0.0,0.0,-1.5000028338214102,-0.4564300694356538,0.8897592886365192,0.0
33.504,0.0,0.0,9.907278069352442,0.0,0.0,-1.4999987755363384,-0.4776497848639112,0.8785503303849241,0.0
33.52,0.0,0.0,9.789109850664037,0.0,0.0,-1.500096079986943,-0.4985944136285663,0.8668354000030145,0.0
33.536,0.0,0.0,9.859938192410082,0.0,0.0,-1.4999967232413323,-0.5192518933604319,0.8546212443191468,0.0
33.552,0.0,0.0,9.855935652982078,0.0,0.0,-1.4998524083734528,-0.5396103270643512,0.8419148976740487,0.0
33.568,0.0,0.0,9.77832064954651,0.0,0.0,-1.5001036031587087,-0.5596579899708752,0.8287236778696261,0.0
33.584,0.0,0.0,9.789725273315549,0.0,0.0,-1.4998923053085016,-0.5793833362887649,0.8150551819545105,0.0
33.6,0.0,0.0,9.818723764991146,0.0,0.0,-1.5000509274198865,-0.5987750058544047,0.8009172818487922,0.0
33.616,0.0,0.0,9.793875150565727,0.0,0.0,-1.4999318018177705,-0.6178218306743154,0.7863181198104476,0.0
33.632,0.0,0.0,9.847176677483082,0.0,0.0,-1.5000925044129048,-0.6365128413569937,0.7712661037460719,0.0
33.648,0.0,0.0,9.84234300202957,0.0,0.0,-1.5003352498231668,-0.6548372734303698,0.7557699023686237,0.0
33.664,0.0,0.0,9.768991609260366,0.0,0.0,-1.500079054027605,-0.6727845735412528,0.7398384402049644,0.0
33.68,0.0,0.0,9.803400479549481,0.0,0.0,-1.49993357132286,-0.6903444055331855,0.723480892456071,0.0
33.696,0.0,0.0,9.795795983567809,0.0,0.0,-1.500041715305084,-0.7075066563992128,0.7067066797128821,0.0
33.712,0.0,0.0,9.776012391661114,0.0,0.0,-1.4999483403774008,-0.724261442106137,0.6895254625308183,0.0
33.728,0.0,0.0,9.856857115804743,0.0,0.0,-1.4904790518305862,-0.7404960673439684,0.6720606923843389,0.0
33.744,0.0,0.0,9.808152574378814,0.0,0.0,-1.4425681912058632,-0.755807070410631,0.6547943740727311,0.0
33.76,0.0,0.0,9.78973984869591,0.0,0.0,-1.4168198302448647,-0.7704574091831363,0.6374914749506924,0.0
33.776,0.0,0.0,9.76095264257498,0.0,0.0,-1.3799626491589136,-0.7843432855101476,0.6203270189788185,0.0
33.792,0.0,0.0,9.811000730559044,0.0,0.0,-1.3517314099119606,-0.7975758565941952,0.6032186609995054,0.0
33.808,0.0,0.0,9.856048204440931,0.0,0.0,-1.3190619789840208,-0.8101261599955515,0.5862555798377209,0.0
33.824,0.0,0.0,9.798235557651285,0.0,0.0,-1.2902252389012059,-0.8220553332499312,0.569407612414292,0.0
33.84,0.0,0.0,9.846310097269928,0.0,0.0,-1.2597140992032028,-0.8333653024534187,0.5527226001049007,0.0
33.856,0.0,0.0,9.854423170088854,0.0,0.0,-1.2318326611629071,-0.8440954490098368,0.536192943781324,0.0
33.872,0.0,0.0,9.839692709710112,0.0,0.0,-1.2029996027313348,-0.8542599697102738,0.5198460388909413,0.0
33.888,0.0,0.0,9.714428171609546,0.0,0.0,-1.1759228134050363,-0.8638883664858397,0.503683323379311,0.0
33.904,0.0,0.0,9.742946275817495,0.0,0.0,-1.1489154014220941,-0.8729992290563123,0.48772158663225557,0.0
33.92,0.0,0.0,9.824181764022342,0.0,0.0,-1.1225354804183323,-0.8816171533815623,0.4719652475165844,0.0
33.936,0.0,0.0,9.782376962864628,0.0,0.0,-1.0964915189259794,-0.8897617959245441,0.4564251817254719,0.0
33.952,0.0,0.0,9.820283754729143,0.0,0.0,-1.0711310741722975,-0.897454927160497,0.4411061705704732,0.0
33.968,0.0,0.0,9.838413232242502,0.0,0.0,-1.046634544565143,-0.9047158752877306,0.42601547507380005,0.0
33.984,0.0,0.0,9.80156017917012,0.0,0.0,-1.0227279783098266,-0.9115644623803715,0.41115718518005334,0.0
34.0,0.0,0.0,9.838456625776598,0.0,0.0,-0.9990233315007953,-0.9180191160296838,0.39653613026315526,0.0
34.016,0.0,0.0,9.754761711025456,0.0,0.0,-0.9758084543749322,-0.924098092233408,0.38215535575283477,0.0
34.032000000000004,0.0,0.0,9.841839740527076,0.0,0.0,-0.9532606832235958,-0.9298186991091987,0.3680179163938591,0.0
34.048,0.0,0.0,9.782798043582243,0.0,0.0,-0.9310453351711081,-0.9351978093950903,0.3541257648105039,0.0
34.064,0.0,0.0,9.833723587849676,0.0,0.0,-0.9094142458444763,-0.9402515470995,0.3404805841410008,0.0
34.08,0.0,0.0,9.826810012017441,0.0,0.0,-0.8884311355512238,-0.9449955067027196,0.3270833109647606,0.0
34.096000000000004,0.0,0.0,9.882977406248125,0.0,0.0,-0.8677011334855159,-0.9494446323796224,0.31393453146400385,0.0
34.112,0.0,0.0,9.812148514071101,0.0,0.0,-0.8473139462817261,-0.9536133167389972,0.30103428731300524,0.0
34.128,0.0,0.0,9.75825565418671,0.0,0.0,-0.8275167321597732,-0.9575153601385558,0.28838227251121434,0.0
34.144,0.0,0.0,9.84234821525485,0.0,0.0,-0.8081605479768774,-0.9611640202438163,0.2759777639389534,0.0
34.160000000000004,0.0,0.0,9.763064473899735,0.0,0.0,-0.7891045312175317,-0.9645720046355424,0.26381972608842463,0.0
34.176,0.0,0.0,9.75161525366979,0.0,0.0,-0.7707649019807924,-0.9677515003859996,0.25190679526492865,0.0
34.192,0.0,0.0,9.725820952782835,0.0,0.0,-0.7525402339600087,-0.9707141804403093,0.2402373407530537,0.0
34.208,0.0,0.0,9.819821961870403,0.0,0.0,-0.7348529148302494,-0.9734712250422541,0.22880947099002028,0.0
34.224000000000004,0.0,0.0,9.767900041026598,0.0,0.0,-0.7173376243198857,-0.9760333336958033,0.21762107323202148,0.0
34.24,0.0,0.0,9.815077059112184,0.0,0.0,-0.7003732360335101,-0.9784107431493647,0.206669827720226,0.0
34.256,0.0,0.0,9.876524529473908,0.0,0.0,-0.6838289214942229,-0.9806132414509446,0.19595323598009637,0.0
34.272,0.0,0.0,9.83645226218469,0.0,0.0,-0.6675798490450717,-0.9826501843049874,0.18546863693189258,0.0
34.288000000000004,0.0,0.0,9.87141575979854,0.0,0.0,-0.6516966409353401,-0.984530509701284,0.1752132285740149,0.0
34.304,0.0,0.0,9.81738864944755,0.0,0.0,-0.6359814266120618,-0.9862627533010246,0.16518408352829447,0.0
34.32,0.0,0.0,9.844393601344718,0.0,0.0,-0.6208353890743863,-0.9878550629515206,0.15537816642323757,0.0
34.336,0.0,0.0,9.78171550610451,0.0,0.0,-0.6061619374446213,-0.9893152133091879,0.14579234793018436,0.0
34.352000000000004,0.0,0.0,9.80304015020125,0.0,0.0,-0.5915259557112912,-0.9906506199131441,0.13642341905150934,0.0
34.368,0.0,0.0,9.737759534476858,0.0,0.0,-0.5771749820589424,-0.9918683530895618,0.1272681033857284,0.0
34.384,0.0,0.0,9.813314602198629,0.0,0.0,-0.5632194107547719,-0.9929751514212289,0.11832306901018005,0.0
34.4,0.0,0.0,9.81384819676013,0.0,0.0,-0.5496947379507089,-0.9939774349270932,0.10958493900055888,0.0
34.416000000000004,0.0,0.0,9.871129444783158,0.0,0.0,-0.5364143222644312,-0.9948813178450178,0.1010503013501728,0.0
34.432,0.0,0.0,9.773231474447707,0.0,0.0,-0.5233815414592959,-0.9956926210722328,0.09271571788163799,0.0
34.448,0.0,0.0,9.763217830694972,0.0,0.0,-0.5106129739365974,-0.996416884221648,0.08457773251880962,0.0
34.464,0.0,0.0,9.833533170028385,0.0,0.0,-0.4980910631899388,-0.9970593773153016,0.07663287876377299,0.0
34.480000000000004,0.0,0.0,9.844052691915381,0.0,0.0,-0.4860253934249844,-0.9976251121003012,0.06887768656728942,0.0
34.496,0.0,0.0,9.797062846179962,0.0,0.0,-0.47403175565069783,-0.9981188529973194,0.06130868854669464,0.0
34.512,0.0,0.0,9.797285261457032,0.0,0.0,-0.4624096615784312,-0.9985451276789122,0.05392242565672424,0.0
34.528,0.0,0.0,9.799319531050145,0.0,0.0,-0.4509820442880665,-0.9989082372846801,0.04671545231305402,0.0
34.544000000000004,0.0,0.0,9.858050993569622,0.0,0.0,-0.43990467530579364,-0.9992122662761217,0.039684341034433496,0.0
34.56,0.0,0.0,9.84049529852928,0.0,0.0,-0.4289476503048097,-0.9994610919379792,0.03282568662103677,0.0
34.576,0.0,0.0,9.877706942970532,0.0,0.0,-0.41832855179041484,-0.9996583935317687,0.026136109914903463,0.0
34.592,5.000025905927531,0.029611338223219597,9.790812463709585,0.0,0.0,-0.37034303393315054,-0.9997956923228848,0.020213203917329347,0.0
34.608000000000004,4.988231422609118,-0.0038443911894544226,9.843864169893948,0.0,0.0,-0.32224380809481096,-0.9998866294228872,0.01505749983689683,0.0
34.624,5.010507388636927,-0.02955119628894898,9.841018553724696,0.0,0.0,-0.27428339538100394,-0.9999430808615642,0.010669350359008803,0.0
34.64,4.961751549626897,-0.047255831974209433,9.805705791845114,0.0,0.0,-0.22626677461685132,-0.9999751556654533,0.007048975234215426,0.0
34.656,4.985669193328036,-0.05824118473425578,9.77276359093296,0.0,0.0,-0.17828461510076088,-0.9999911946547329,0.00419650008939359,0.0
34.672000000000004,4.99571822971423,-0.06128537451741409,9.786419018172307,0.0,0.0,-0.13027435511554492,-0.9999977697498997,0.00211198845330397,0.0
34.688,5.048058832327167,-0.05556778351387638,9.79352741577354,0.0,0.0,-0.08227368050921913,-0.9999996836160826,0.0007954669915887907,0.0
34.704,5.003485144351488,-0.043571918107990604,9.809432134652994,0.0,0.0,-0.03428354798321951,-0.9999999695093427,0.00024694394865654526,0.0
34.72,5.029931448919041,-0.023103107267373788,9.810716600765332,0.0,0.0,0.013716267290839121,-0.9999998912258149,0.00046642079530769475,0.0
34.736000000000004,5.0134862356431595,0.008088577692488597,9.828952005945029,0.0,0.0,0.021754323292723438,-0.999999668271947,0.0008145280818299774,0.0
34.752,5.0076480393477425,0.015722954886034892,9.847427844897062,0.0,0.0,0.02147973088874753,-0.999999329284368,0.0011582015429945193,0.0
34.768,5.0387131150352396,0.017158862848192746,9.762425037215165,0.0,0.0,0.02121471122894157,-0.999998878575208,0.0014976142116037577,0.0
34.784,4.965115519269981,0.018650950049274546,9.859497606459778,0.0,0.0,0.020958765827598758,-0.9999983201726806,0.001832935300785442,0.0
34.800000000000004,4.993288295924256,0.02005514727756693,9.784123663678452,0.0,0.0,0.020713505286969892,-0.9999976578339843,0.0021643305074891357,0.0
34.816,5.020787491261767,0.021578640943485168,9.845457762722972,0.0,0.0,0.020475437087893206,-0.9999968950571029,0.002491962309903988,0.0
34.832,5.003431132150965,0.022929586896677418,9.81095018463513,0.0,0.0,0.02025107130171092,-0.9999960350915672,0.0028159902601318206,0.0
34.848,4.976874695545687,0.024371813654550527,9.856135983517955,0.0,0.0,0.020036126428619978,-0.9999950809482246,0.0031365712734796897,0.0
34.864,5.0181039033095125,0.025524611285192487,9.808157863805652,0.0,0.0,0.019831156721810076,-0.9999940354080532,0.003453859915744641,0.0
34.88,5.030841615928004,0.0273408886850313,9.871781733122416,0.0,0.0,0.01963647696656945,-0.9999929010300589,0.003768008689907489,0.0
34.896,4.996578565685266,0.028177419336603542,9.872199340078087,0.0,0.0,0.01944524971691236,-0.9999916801582837,0.004079168323690511,0.0
34.912,4.999981534268011,0.02970603774477972,9.791259559843686,0.0,0.0,0.019269124315058807,-0.9999903749279428,0.004387488059510391,0.0
34.928,5.01157959212191,0.030864502020120976,9.758838377802148,0.0,0.0,0.019103584248724968,-0.9999889872707072,0.0046931159484424325,0.0
34.944,5.021183837846573,0.032224486784869034,9.814366083395017,0.0,0.0,0.018938521794927898,-0.9999875189191386,0.004996199149896069,0.0
34.96,4.978442549284905,0.03343981985244889,9.819809236385758,0.0,0.0,0.018795023269681837,-0.9999859714102793,0.005296884238866647,0.0
34.976,4.987560781307531,0.03455743812803592,9.87582857212958,0.0,0.0,0.018649540810739502,-0.9999843460883874,0.005595317522737582,0.0
34.992,5.038283592615516,0.035622791516316116,9.820540236567236,0.0,0.0,0.018520831267954542,-0.9999826441068046,0.005891645369825424,0.0
35.008,4.981017504150457,0.03689937432753219,9.798417624648254,0.0,0.0,0.018398222586529768,-0.9999808664289342,0.0061860145520528905,0.0
35.024,5.007604722389584,0.03850351574757777,9.84400268501207,0.0,0.0,0.01828642767103323,-0.9999790138282952,0.006478572604402026,0.0
35.04,4.983019683797856,0.039530135908179165,9.793143691730755,0.0,0.0,0.018180327980617323,-0.9999770868876117,0.0067694682040984585,0.0
35.056,5.000277369208552,0.040876218813045095,9.796726018372874,0.0,0.0,0.018083264655092912,-0.9999750859968826,0.007058851572830674,0.0
35.072,5.027641066294603,0.041901483881690765,9.856081185792727,0.0,0.0,0.018001681208829317,-0.9999730113503662,0.007346874905725652,0.0
35.088,1.2520935736957755,0.044222643169292385,9.735625956926777,0.0,0.0,0.01792762106143621,-0.9999708629423946,0.007633692831311349,0.0
35.104,1.9171634979203356e-05,0.04489943302961169,9.806636805421576,0.0,0.0,0.017854723055193575,-0.9999686412272767,0.007919378894460484,0.0
35.12,1.9113101428374636e-05,0.04461094022017824,9.862407298053851,0.0,0.0,0.017789423423764213,-0.999966346793359,0.00820397956750207,0.0
35.136,1.893684484139889e-05,0.044318397579918636,9.769730061605422,0.0,0.0,0.017723970961643108,-0.9999639801679188,0.008487541854640467,0.0
35.152,1.8765288041520283e-05,0.04449516897117843,9.798065738994358,0.0,0.0,0.017662058400509446,-0.9999615418165041,0.008770113337916963,0.0
35.168,1.8720920881402095e-05,0.044411665004748295,9.750119493036026,0.0,0.0,0.017603688054720235,-0.9999590321421565,0.009051742225778073,0.0
35.184,1.853628241684704e-05,0.043975518421310124,9.890697213029725,0.0,0.0,0.01754458076232075,-0.9999564514845111,0.009332477404454963,0.0
35.2,1.844886914464368e-05,0.04374368522908369,9.830797354025636,0.0,0.0,0.0174952154597524,-0.9999538001187688,0.009612368492385849,0.0
35.216,1.832802622809559e-05,0.04354636816469405,9.827402891738151,0.0,0.0,0.017443044060294732,-0.9999510782545266,0.009891465897915829,0.0
35.232,1.831688848846965e-05,0.04364924123300587,9.816852755895933,0.0,0.0,0.01739680008511058,-0.9999482860344617,0.010169820880557123,0.0
35.248,1.810842103957543e-05,0.04336589490041457,9.812417259995179,0.0,0.0,0.017353859523340297,-0.9999454235328554,0.01044748561608722,0.0
35.264,1.802072157500165e-05,0.04302854268482016,9.80967192385786,0.0,0.0,0.017315973723516433,-0.9999424907539489,0.010724513265821814,0.0
35.28,1.7897660544575087e-05,0.04328196957143246,9.801713382916232,0.0,0.0,0.01727920323374667,-0.9999394876301132,0.011000958050401695,0.0
35.296,1.789912672209687e-05,0.043139848127754475,9.83895274698579,0.0,0.0,0.01724568512385274,-0.9999364140198244,0.011276875328497315,0.0
35.312,1.7948983919702693e-05,0.04315508784977779,9.828400171682823,0.0,0.0,0.01721614218549348,-0.9999332697054251,0.01155232168083852,0.0
35.328,1.7775105727577733e-05,0.042886473360713676,9.799946098060554,0.0,0.0,0.01719298942660782,-0.9999300543906572,0.011827355000059683,0.0
35.344,1.7728371831857883e-05,0.04333712698810434,9.823985670563578,0.0,0.0,0.017170513537058174,-0.9999267676979443,0.012102034586864749,0.0
35.36,1.7565556120173263e-05,0.042912347842779044,9.834735861375894,0.0,0.0,0.017149045293302453,-0.9999234091654051,0.012376421253087333,0.0
35.376,1.7586287902903345e-05,0.04282401686406155,9.774834279678183,0.0,0.0,0.01713753860849428,-0.9999199782435741,0.012650577432286971,0.0
35.392,1.7595391979457458e-05,0.042561652656724576,9.793307595308416,0.0,0.0,0.017123579649879716,-0.9999164742918005,0.012924567298575015,0.0
35.408,1.763314544518704e-05,0.043080921915195934,9.849532234063922,0.0,0.0,0.017117109525484637,-0.9999128965742994,0.013198456894450658,0.0
35.424,1.7653666697840278e-05,0.04293038457148219,9.760033141275235,0.0,0.0,0.0171165363149011,-0.9999092442558226,0.01347231426851689,0.0
35.44,1.762395199974855e-05,0.04293498261185205,9.866287911421475,0.0,0.0,0.017115728314087857,-0.9999055163969104,0.01374620962403576,0.0
35.456,1.7614641091387595e-05,0.042600126511656226,9.829534621770105,0.0,0.0,0.017125404356317823,-0.9999017119486853,0.014020215479399575,0.0
35.472,1.7639509530951077e-05,0.04283549761483997,9.85515158591832,0.0,0.0,0.017142295690249377,-0.9998978297471417,0.014294406841712261,0.0
35.488,1.7584368909192314e-05,0.04313709434601119,9.703252425773602,0.0,0.0,0.01715835644970742,-0.9998938685068821,0.014568861394837044,0.0
35.504,1.7646673340291463e-05,0.042698552389752766,9.79794611351376,0.0,0.0,0.017178181466485455,-0.9998898268142395,0.014843659703391746,0.0
35.52,1.770143159710238e-05,0.042716458091907314,9.860753449818377,0.0,0.0,0.0172011125238801,-0.9998857031197224,0.015118885434410003,0.0
35.536,1.7819712088361905e-05,0.04296305521610506,9.790547369150755,0.0,0.0,0.01723791909825928,-0.9998814957297093,0.01539462559854576,0.0
35.552,1.776111484394842e-05,0.04313005210072812,9.921784499540305,0.0,0.0,0.017271960156216855,-0.9998772027973128,0.01567097081298051,0.0
35.568,1.7943114055270075e-05,0.04304533982051124,9.7814689400526,0.0,0.0,0.017319749445335497,-0.9998728223123132,0.015948015588447,0.0
35.584,1.7988044520058353e-05,0.043100321404351404,9.854295270913294,0.0,0.0,0.017368931634086076,-0.9998683520900608,0.01622585864312404,0.0
35.6,1.8072354078189473e-05,0.043320761038930726,9.886571643206478,0.0,0.0,0.017424771717378086,-0.999863789759223,0.01650460324650021,0.0
35.616,1.817235176194946e-05,0.04364963914165587,9.812317979580436,0.0,0.0,0.017487641293549804,-0.9998591327482408,0.016784357596766903,0.0
35.632,1.840442175990536e-05,0.043599771169986375,9.827071235028015,0.0,0.0,0.017560611243820058,-0.99985437827033,0.01706523523576484,0.0
35.648,1.8598841517442572e-05,0.04389104799093724,9.762604338871055,0.0,0.0,0.0176346768846954,-0.9998495233068546,0.017347355506115287,0.0
35.664,1.893248747282249e-05,0.044461696954660526,9.810080840353068,0.0,0.0,0.01771896304886347,-0.9998445645888562,0.017630844055818332,0.0
35.68,1.884185683049992e-05,0.04449890067004569,9.777497849237246,0.0,0.0,0.017815949138786386,-0.9998394985765027,0.017915833396411153,0.0
35.696,1.911806957600286e-05,0.04464053644619579,9.883795810007392,0.0,0.0,0.017918581683619286,-0.9998343214361775,0.0182024635216937,0.0
35.712,1.9331474336628144e-05,0.04488633804403479,9.798561508492904,0.0,0.0,0.018032190012884416,-0.9998290290148878,0.018490882595129786,0.0
35.728,1.9775239130554645e-05,0.04482299285486355,9.796562602845638,0.0,0.0,0.018152508559207515,-0.9998236168116132,0.01878124771532173,0.0
35.744,-1.4092962826988613,0.04605329715102796,9.803888994094692,0.0,0.0,0.018285269606280186,-0.9998180799451629,0.019073725770497995,0.0
35.76,-3.7976902054789865,0.04604299637144826,9.827195067157039,0.0,0.0,0.01842264688145509,-0.999812414360511,0.019368430256633665,0.0
35.776,-2.789461247518575,0.04534401431308171,9.809428426994176,0.0,0.0,0.01856331386853128,-0.9998066179475511,0.019665368246739683,0.0
35.792,-3.070470520242567,0.04513365344022343,9.803090821576056,0.0,0.0,0.018709451681804393,-0.9998006877019827,0.01996459042010268,0.0
35.808,-2.886049358343962,0.04423327661084357,9.852317992487654,0.0,0.0,0.018848598712585762,-0.9997946208589316,0.020266131884139442,0.0
35.824,-2.8839285525112666,0.043521258065092654,9.843560747719252,0.0,0.0,0.018998662739208055,-0.9997884144331809,0.020570035614609215,0.0
35.84,-2.8082969585349025,0.043608277426026305,9.832691422881565,0.0,0.0,0.01914844916080719,-0.9997820653981234,0.020876343268466935,0.0
35.856,-2.772166226882899,0.0427520975980225,9.808938958576475,0.0,0.0,0.019303147335903194,-0.9997755706082637,0.021185098888623213,0.0
35.872,-2.701397362784875,0.04210021500895559,9.754161367786212,0.0,0.0,0.019458619116258825,-0.9997689268242557,0.021496347519430428,0.0
35.888,-2.6496008425136313,0.04174710226977726,9.788889871123112,0.0,0.0,0.01961865427991041,-0.9997621306964766,0.021810135837295182,0.0
35.904,-2.605817581794303,0.04082172165022468,9.74916645477941,0.0,0.0,0.019777342441133935,-0.9997551787648732,0.0221265119893927,0.0
35.92,-2.5406125651195044,0.04062151217540444,9.814723589247583,0.0,0.0,0.01994438786841768,-0.9997480674518955,0.022445525750146588,0.0
35.936,-2.505855394039529,0.04024526098781768,9.709705357450128,0.0,0.0,0.02010738995575097,-0.9997407930577937,0.022767228557154167,0.0
35.952,-2.434991704065756,0.03993829369420963,9.757801342962997,0.0,0.0,0.020283729903069998,-0.9997333517545279,0.0230916736001807,0.0
35.968,-2.3919222712417327,0.03961595403377041,9.81146792055894,0.0,0.0,0.020457253689837925,-0.999725739579764,0.023418915894940637,0.0
35.984,-2.33985765369053,0.038671256848893415,9.808510699132842,0.0,0.0,0.020635966570955365,-0.9997179524303316,0.023749012369050387,0.0
36.0,-2.2879906775493772,0.03822308489282822,9.743641798788532,0.0,0.0,0.020817762826311766,-0.9997099860553621,0.024082021949746492,0.0
36.016,-2.2601935433414937,0.037751630601461875,9.882150187151554,0.0,0.0,0.021004317665724387,-0.9997018360489734,0.024418005657944518,0.0
36.032000000000004,-2.200526873819174,0.03760757596674592,9.844629701567492,0.0,0.0,0.02119528923703516,-0.9996934978425203,0.02475702670732062,0.0
36.048,-2.1574487701922203,0.03707088714975876,9.862837074267787,0.0,0.0,0.021389557048727633,-0.9996849666963507,0.02509915060946578,0.0
36.064,-2.1114422431946007,0.03668163449783878,9.735110568461444,0.0,0.0,0.02158479981658155,-0.9996762376910456,0.0254444452852884,0.0
36.08,-2.069926871396649,0.03596235373485061,9.794921026399038,0.0,0.0,0.02178940764665266,-0.9996673057180987,0.025792981183210315,0.0
36.096000000000004,-2.027728728958016,0.03560191750060604,9.71817960716309,0.0,0.0,0.021995885457938714,-0.9996581654699889,0.026144831404634507,0.0
36.112,-1.9868818171654583,0.03556758068012361,9.801202352197924,0.0,0.0,0.022212432152608697,-0.999648811429605,0.026500071837228797,0.0
36.128,-1.94697348521613,0.03516174826983644,9.833982952311617,0.0,0.0,0.022429140027476747,-0.9996392378589689,0.02685878129662086,0.0
36.144,-1.910644135182995,0.03480090058858245,9.749635053458316,0.0,0.0,0.02265004391903329,-0.9996294387871993,0.027221041677145286,0.0
36.160000000000004,-1.874576398268883,0.0343228171043273,9.821525768229531,0.0,0.0,0.02287191393928289,-0.9996194079976568,0.02758693811234839,0.0
36.176,-1.8216567953061322,0.03405598869749553,9.748836973527531,0.0,0.0,0.02311445383220273,-0.9996091390142027,0.027956559146017412,0.0
36.192,-1.7925519918319384,0.03367557519954918,9.84141627875148,0.0,0.0,0.02334968493385574,-0.9995986250864997,0.028329996914570617,0.0
36.208,-1.760455031656973,0.0331177166883302,9.796404465919021,0.0,0.0,0.0235987187783614,-0.9995878591742705,0.028707347341730857,0.0
36.224000000000004,-1.7265907262183309,0.033119358431971606,9.747583163217787,0.0,0.0,0.023843624600624894,-0.9995768339304281,0.02908871034648171,0.0
36.24,-1.6988192100398762,0.032699535499070995,9.824444463940175,0.0,0.0,0.024100811549618392,-0.9995655416829795,0.029474190065413592,0.0
36.256,-1.6551470508698565,0.03251133474413655,9.825605955649682,0.0,0.0,0.024369517106048653,-0.9995539744155958,0.029863895090669616,0.0
36.272,-1.6238918684731458,0.03191067960054626,9.790205779792608,0.0,0.0,0.024639663497680278,-0.999542123746731,0.030257938724821267,0.0
36.288000000000004,-1.5923502954802835,0.031697361067182676,9.772682470940278,0.0,0.0,0.02491665216915055,-0.9995299809071547,0.030656439254143367,0.0
36.304,-1.5626906790123254,0.03120130555261705,9.824844731524554,0.0,0.0,0.025202573529195173,-0.9995175367157613,0.031059520241897697,0.0
36.32,-1.5289691330019106,0.031026529378295645,9.833122974353222,0.0,0.0,0.025500889238623373,-0.999504781553487,0.031467310843418146,0.0
36.336,-1.506722426586091,0.03067453632904225,9.702826867262194,0.0,0.0,0.025801387650233938,-0.999491705335164,0.03187994614496575,0.0
36.352000000000004,-1.4740806743937749,0.030401920342151143,9.705691494803228,0.0,0.0,0.026117029550983856,-0.9994782974791099,0.03229756752853371,0.0
36.368,-1.4335741759953478,0.030175166411761642,9.878435294186536,0.0,0.0,0.026436061152343274,-0.9994645468742349,0.03272032306503474,0.0
36.384,-1.416852387205728,0.030255745887745718,9.766132497915336,0.0,0.0,0.026760782059879234,-0.9994504418444222,0.033148367938547287,0.0
36.4,-1.3868008006163757,0.03007528576610801,9.859945709314847,0.0,0.0,0.02710556320992379,-0.9994359701099054,0.03358186490462448,0.0
36.416000000000004,-1.3575933984143613,0.02977091144432421,9.836213625527055,0.0,0.0,0.02745978120713711,-0.9994211187453422,0.0340209847859901,0.0
36.432,-1.3270104694134974,0.029764280769633198,9.813071338751213,0.0,0.0,0.02782703936471206,-0.9994058741342395,0.03446590700934225,0.0
36.448,-1.2968770833459429,0.029403316049594043,9.856348299987687,0.0,0.0,0.028196651386456592,-0.9993902219193455,0.034916820187432335,0.0
36.464,-1.2743853391268387,0.02913909572586835,9.752084403119332,0.0,0.0,0.028589291147130297,-0.99937414694858,0.03537392275106338,0.0
36.480000000000004,-1.2594344164046756,0.028898284587375155,9.791938873022339,0.0,0.0,0.028985564529038554,-0.9993576332160157,0.035837423636243995,0.0
36.496,-1.2213324922913031,0.028531739762852025,9.787406305100367,0.0,0.0,0.02940211132868424,-0.9993406637973623,0.0363075430323705,0.0
36.512,-1.2031784679427564,0.028414242646301324,9.798737682735515,0.0,0.0,0.029831579921742315,-0.9993232207793346,0.036784513198053266,0.0
36.528,-1.1807716043193495,0.02836061085691405,9.778730576542417,0.0,0.0,0.030277892902658348,-0.9993052851822003,0.03726857935206907,0.0
36.544000000000004,-1.1550306028729667,0.028020735216944474,9.81359669220424,0.0,0.0,0.030730758002974888,-0.9992868368747148,0.03776000064787192,0.0
36.56,-1.1269257152223298,0.02796296989998172,9.81489609612525,0.0,0.0,0.03121327902656175,-0.9992678544805281,0.038259051241268105,0.0
36.576,-1.107398927840376,0.027713456026076107,9.778403589146572,0.0,0.0,0.031708345807072005,-0.9992483152750363,0.03876602146212027,0.0
36.592,-1.0863384738015476,0.027677627415365724,9.831274905982955,0.0,0.0,0.0322304651466831,-0.9992281950714867,0.0392812191025034,0.0
36.608000000000004,-1.0625149817167328,0.027710062538774134,9.843029429656578,0.0,0.0,0.03276028848328472,-0.9992074680949842,0.039804970835452105,0.0
36.624,-1.0403775933042136,0.02747639312947594,9.710434106779106,0.0,0.0,0.03331808429521473,-0.9991861068428346,0.04033762378052939,0.0
36.64,-1.0202719226000279,0.027197136397935702,9.873665234329247,0.0,0.0,0.033900990957102424,-0.9991640819294284,0.0408795472348036,0.0
36.656,-0.9985163422968365,0.027206401041775238,9.801112738671094,0.0,0.0,0.034506078260745275,-0.9991413619135837,0.04143113459066033,0.0
36.672000000000004,-0.9790069113787196,0.027177613451197145,9.783119164537325,0.0,0.0,0.035134421291649856,-0.9991179131059382,0.04199280546516104,0.0
36.688,-0.9557468607348819,0.02706525164295873,9.869706733083948,0.0,0.0,0.03578893562033496,-0.999093699353588,0.04256500806956724,0.0
36.704,-0.9358566956546319,0.02701937294290765,9.764573222923001,0.0,0.0,0.03648745864042483,-0.999068681798698,0.043148221852261755,0.0
36.72,-0.9265285541227004,0.027105824003786378,9.838210153330934,0.0,0.0,0.03720732452187446,-0.9990428186072599,0.04374296045379213,0.0
36.736000000000004,-0.9065212230535443,0.02694867177528219,9.87765045076815,0.0,0.0,0.03796670787369085,-0.9990160646634952,0.044349775019310214,0.0
36.752,-0.8926011183598752,0.02711119535247125,9.731273486802978,0.0,0.0,0.038753925979363904,-0.9989883712246042,0.04496925792152734,0.0
36.768,-0.8692934263551668,0.026865072991171152,9.809456561403799,0.0,0.0,0.03958905650986975,-0.9989596855295793,0.045602046956732804,0.0
36.784,-0.8530302930411328,0.02682287462314954,9.759932132157587,0.0,0.0,0.04046321513166914,-0.9989299503546305,0.046248830087856706,0.0
36.800000000000004,-0.8319066798458341,0.02715422945484848,9.80059208263912,0.0,0.0,0.04138719506958692,-0.9988991035063168,0.04691035082235986,0.0
36.816,-0.8108612974510858,0.02717121312909679,9.774754051399476,0.0,0.0,0.0423678465872566,-0.9988670772417207,0.0475874143296586,0.0
36.832,-0.803227465367195,0.027019286387148643,9.735149432373591,0.0,0.0,0.04339488243234503,-0.9988337976028202,0.048280894423451196,0.0
36.848,-0.7883298230548859,0.027245660599605814,9.817477396185641,0.0,0.0,0.04448494246260739,-0.9987991836495131,0.0489917415598393,0.0
36.864000000000004,-0.7657784057524315,0.027375252960728298,9.839170935106363,0.0,0.0,0.04563064176284621,-0.9987631465723902,0.049720992033730836,0.0
36.88,-0.7525133438069539,0.027423351337528174,9.846883201513712,0.0,0.0,0.04685224026892599,-0.9987255886621353,0.050469778595424834,0.0
36.896,-0.7417291943657647,0.027680442149766518,9.87769075373075,0.0,0.0,0.0481661002931427,-0.9986864021071176,0.05123934275867203,0.0
36.912,-0.7210482923200529,0.02784220706366058,9.79795152783315,0.0,0.0,0.04955457487876815,-0.9986454675839775,0.05203104913394743,0.0
36.928,-0.7101470429111592,0.028126857610139305,9.805509660628287,0.0,0.0,0.051022852738967395,-0.9986026525973765,0.05284640219999514,0.0
36.944,-0.6959290520070408,0.02825757298811065,9.870976961674497,0.0,0.0,0.05261601159953543,-0.9985578095139328,0.05368706602838623,0.0
36.96,-0.6786493832399744,0.02858825464803414,9.856308495261645,0.0,0.0,0.054317215684101285,-0.9985107732208894,0.05455488760708375,0.0
36.976,-0.6667670742287624,0.02920225348135373,9.825861533551933,0.0,0.0,0.056150335740407925,-0.9984613583210811,0.05545192457996466,0.0
36.992,-0.6542652284425753,0.029175409127891544,9.855390122524936,0.0,0.0,0.05813024817143828,-0.9984093557506583,0.0563804784438325,0.0
37.008,-0.6365239020019423,0.02950653030890996,9.821357397745555,0.0,0.0,0.060261919220140236,-0.9983545286724773,0.05734313454246897,0.0
37.024,-0.6268929564786457,0.0302760479355909,9.764596703370412,0.0,0.0,0.06258517702306868,-0.9982966074527527,0.05834281059672033,0.0
37.04,-0.6167267073689663,0.030702953010814667,9.865415284748902,0.0,0.0,0.06510485813954908,-0.9982352834666982,0.05938281605111597,0.0
37.056,-0.5990569159874234,0.031019771836416635,9.796490475630254,0.0,0.0,0.06787565979328264,-0.9981702013933055,0.06046692526041334,0.0
37.072,-0.5863202751234664,0.031874707322345826,9.85776931902935,0.0,0.0,0.07091733370616922,-0.9981009495394955,0.06159946857204134,0.0
37.088,-0.575843858514641,0.03276919643257122,9.78054818090411,0.0,0.0,0.0742579891153601,-0.9980270475633976,0.06278544681602756,0.0
37.104,-0.567634524350674,0.033212695882857794,9.824191041269854,0.0,0.0,0.07799617801975689,-0.9979479307202381,0.0640306767978845,0.0
37.12,-0.5485861879044525,0.03425647009477905,9.800566080676322,0.0,0.0,0.08213868897244342,-0.9978629293924377,0.06534197842385016,0.0
37.136,-5.012026525812209,0.045301112239054725,9.835510318916052,0.0,0.0,0.13010065168981888,-0.9977247211720215,0.0674194390529319,0.0
37.152,-5.006638686807861,0.059269850163404816,9.839182333642963,0.0,0.0,0.1781397162700174,-0.9975285203651411,0.0702627287979371,0.0
37.168,-4.98739932807192,0.06466372208909482,9.844395203893347,0.0,0.0,0.22611348731930392,-0.9972677778900182,0.07387136916495682,0.0
37.184,-5.000384895442812,0.06365474032938831,9.842114985056934,0.0,0.0,0.2741428503784082,-0.9969341832255487,0.07824470791311103,0.0
37.2,-4.986970789223874,0.054548668215508314,9.84636414316469,0.0,0.0,0.32208861681358736,-0.9965176671258086,0.0833818871586399,0.0
37.216,-1.5181874613108908,0.0167920504216503,9.796341132990005,0.0,0.0,0.370103439591636,-0.9960064052718355,0.08928180473913132,0.0
37.232,0.0,0.0,9.853829711616317,0.0,0.0,0.41806268390588425,-0.9953868230682074,0.09594306885951503,0.0
37.248,0.0,0.0,9.828214710473059,0.0,0.0,0.4661353114919744,-0.9946436018279275,0.10336394604874126,0.0
37.264,0.0,0.0,9.894333328203171,0.0,0.0,0.5141705311884065,-0.9937596866248936,0.11154230246499923,0.0
37.28,0.0,0.0,9.808459850429847,0.0,0.0,0.5621170055588168,-0.9927162961286878,0.12047553859825368,0.0
37.296,0.0,0.0,9.831026056770117,0.0,0.0,0.6101603743580843,-0.9914929347715317,0.13016051743188162,0.0
37.312,0.0,0.0,9.849319592727415,0.0,0.0,0.6581225857865002,-0.9900674076318242,0.14059348614071437,0.0
37.328,0.0,0.0,9.791986275067618,0.0,0.0,0.7061108958032667,-0.9884158384526823,0.151769991420837,0.0
37.344,0.0,0.0,9.761126142656163,0.0,0.0,0.7541210345683538,-0.9865126912471047,0.16368478856752286,0.0
37.36,0.0,0.0,9.86534649335835,0.0,0.0,0.8020659441638788,-0.9843307959736602,0.17633174444172117,0.0
37.376,0.0,0.0,9.784644282851382,0.0,0.0,0.8499640203324946,-0.9818413787977384,0.18970373449290895,0.0
37.392,0.0,0.0,9.82453620471376,0.0,0.0,0.8980099726322754,-0.9790140974831675,0.20379253403699385,0.0
37.408,0.0,0.0,9.834612646801881,0.0,0.0,0.9460037475852682,-0.9758170824871596,0.21858870402252797,0.0
37.424,0.0,0.0,9.847255185445102,0.0,0.0,0.9942812676269308,-0.9722169843577787,0.23408147155694897,0.0
37.44,0.0,0.0,9.807374413020993,0.0,0.0,1.0420164863860921,-0.968179028057149,0.25025860550701223,0.0
37.456,0.0,0.0,9.814777074386752,0.0,0.0,1.0902529955911453,-0.9636670748550532,0.26710628753420473,0.0
37.472,0.0,0.0,9.792127969773365,0.0,0.0,1.138155414427328,-0.9586436924560587,0.2846089789767946,0.0
37.488,0.0,0.0,9.772440467661372,0.0,0.0,1.1862163698254387,-0.9530702340383974,0.30274928404538753,0.0
37.504,0.0,0.0,9.793733121598756,0.0,0.0,1.2341533635382027,-0.9469069268940988,0.32150780985844474,0.0
37.52,0.0,0.0,9.81719836439254,0.0,0.0,1.2820897516125245,-0.9401129713668216,0.34086302390820533,0.0
37.536,0.0,0.0,9.850795410200126,0.0,0.0,1.3299876940297128,-0.9326466507859327,0.3607911096157755,0.0
37.552,0.0,0.0,9.841957712330434,0.0,0.0,1.3780423184866533,-0.9244654530921106,0.38126582070675963,0.0
37.568,0.0,0.0,9.873308770669462,0.0,0.0,1.4261321863382241,-0.9155262048404786,0.4022583352155552,0.0
37.584,0.0,0.0,9.834093389013647,0.0,0.0,1.474028758887503,-0.9057852182514443,0.4237371100071172,0.0
37.6,0.0,0.0,9.800021428562623,0.0,0.0,1.5001676006139664,-0.8953561632523369,0.4453508065851623,0.0
37.616,0.0,0.0,9.777529216898335,0.0,0.0,1.5000055614183891,-0.8844114573569252,0.46670801803247364,0.0
37.632,0.0,0.0,9.768251211230965,0.0,0.0,1.5000601890906142,-0.8729574038081381,0.48779644436645425,0.0
37.648,0.0,0.0,9.85290819426449,0.0,0.0,1.5000339232996167,-0.8610005991909113,0.5086039404024428,0.0
37.664,0.0,0.0,9.790133987817836,0.0,0.0,1.4997891358761903,-0.8485479296331023,0.5291185227483309,0.0
37.68,0.0,0.0,9.815632412452539,0.0,0.0,1.500136397501397,-0.83560656683965,0.5493283767060042,0.0
37.696,0.0,0.0,9.825406734369366,0.0,0.0,1.5000008613751352,-0.8221839639622706,0.5692218630756273,0.0
37.712,0.0,0.0,9.784374643359225,0.0,0.0,1.499806364797756,-0.8082878513070567,0.5887875248588589,0.0
37.728,0.0,0.0,9.739554807802335,0.0,0.0,1.50010363639805,-0.7939262318824645,0.6080140938571336,0.0
37.744,0.0,0.0,9.83398452005074,0.0,0.0,1.5001092895437287,-0.7791073767902446,0.6268904971612058,0.0
37.76,0.0,0.0,9.771528785253428,0.0,0.0,1.5000381234203277,-0.7638398204619715,0.6454058635282321,0.0
37.776,0.0,0.0,9.757782163769894,0.0,0.0,1.499877644286212,-0.7481323557439202,0.6635495296427032,0.0
37.792,0.0,0.0,9.83384763656726,0.0,0.0,1.4997839726148168,-0.7319940288331164,0.6813110462576275,0.0
37.808,0.0,0.0,9.796416534021214,0.0,0.0,1.4997803897444568,-0.7154341340674754,0.6986801842124347,0.0
37.824,0.0,0.0,9.859999784166211,0.0,0.0,1.499754374673531,-0.6984622085730365,0.715646940324121,0.0
37.84,0.0,0.0,9.833801702542598,0.0,0.0,1.5000302731972317,-0.6810880267713685,0.7322015431482535,0.0
37.856,0.0,0.0,9.888295299043172,0.0,0.0,1.5000488581792137,-0.663321594750311,0.7483344586065138,0.0
37.872,0.0,0.0,9.790832358595079,0.0,0.0,1.5000567489238112,-0.6451731445013024,0.7640363954775333,0.0
37.888,0.0,0.0,9.786587626092874,0.0,0.0,1.4998976680863776,-0.6266531280265976,0.779298310747868,0.0
37.904,0.0,0.0,9.777050821660362,0.0,0.0,1.4999491370193263,-0.6077722113197828,0.7941114148200247,0.0
37.92,0.0,0.0,9.818116836226935,0.0,0.0,1.4999329579425895,-0.5885412682230481,0.8084671765745386,0.0
37.936,0.0,0.0,9.73143378947875,0.0,0.0,1.500095890122814,-0.5689713741647549,0.8223573282831926,0.0
37.952,0.0,0.0,9.814716780180339,0.0,0.0,1.4999834696100147,-0.5490737997809109,0.8357738703705401,0.0
37.968,0.0,0.0,9.74275792881068,0.0,0.0,1.50005641425767,-0.5288600044242123,0.8487090760210015,0.0
37.984,0.0,0.0,9.825944149233724,0.0,0.0,1.4999108120596323,-0.5083416295644139,0.8611554956288651,0.0
38.0,0.0,0.0,9.850455268440815,0.0,0.0,1.5001585615134228,-0.4875304920838039,0.8731059610886436,0.0
38.016,0.0,0.0,9.773326829487717,0.0,0.0,1.5001434854959852,-0.4664385774716606,0.8845535899233091,0.0
38.032000000000004,0.0,0.0,9.732931784000728,0.0,0.0,1.499745353600449,-0.4450780329216039,0.8954917892480286,0.0
38.048,0.0,0.0,9.79987618443034,0.0,0.0,1.499881715313855,-0.42346116033582193,0.905914259567118,0.0
38.064,0.0,0.0,9.764860642966836,0.0,0.0,1.4998336715065514,-0.4016004092401926,0.9158149984020297,0.0
38.08,0.0,0.0,9.794236339454327,0.0,0.0,1.5002671887752401,-0.3795083696143891,0.9251883037482846,0.0
38.096000000000004,0.0,0.0,9.749256740207322,0.0,0.0,1.5000304910778959,-0.35719776464109637,0.934028777359351,0.0
38.112,0.0,0.0,9.837212564208468,0.0,0.0,1.4996487104247276,-0.33468144337851835,0.942331327855586,0.0
38.128,0.0,0.0,9.808883958790407,0.0,0.0,1.4998412825725194,-0.31197237336037337,0.9500911736564527,0.0
38.144,0.0,0.0,9.83453356007828,0.0,0.0,1.4999155745472936,-0.2890836331276849,0.9573038457343094,0.0
38.160000000000004,0.0,0.0,9.907280175242562,0.0,0.0,1.4999589719936592,-0.2660284046966136,0.9639651901882011,0.0
38.176,0.0,0.0,9.775246100374185,0.0,0.0,1.5002776608884751,-0.24281996596672137,0.9700713706361611,0.0
38.192,0.0,0.0,9.809128516206052,0.0,0.0,1.4999458088137958,-0.21947168307399148,0.9756188704246499,0.0
38.208,0.0,0.0,9.836120103898475,0.0,0.0,1.4999362061239534,-0.19599700269305093,0.9806044946538539,0.0
38.224000000000004,0.0,0.0,9.852313908171148,0.0,0.0,1.5000508929575074,-0.1724094442929903,0.9850253720176868,0.0
38.24,0.0,0.0,9.80703432710693,0.0,0.0,1.4999897781243705,-0.14872259235129165,0.988878956457418,0.0
38.256,0.0,0.0,9.774967581043766,0.0,0.0,1.5000203591448837,-0.12495008853026475,0.9921630286279969,0.0
38.272,0.0,0.0,9.838106936369392,0.0,0.0,1.4998661913535827,-0.10110562382061479,0.9948756971762074,0.0
38.288000000000004,0.0,0.0,9.817113068235473,0.0,0.0,1.4999095440439043,-0.07720293065653346,0.9970153998299337,0.0
38.304,0.0,0.0,9.855631229761544,0.0,0.0,1.4999250751080575,-0.05325577500700623,0.9985809042978957,0.0
38.32,0.0,0.0,9.856999865920224,0.0,0.0,1.5001313371011928,-0.02927794844767436,0.9995713089793521,0.0
38.336,0.0,0.0,9.809874744818215,0.0,0.0,1.499942881900628,-0.005283260218110646,0.9999860434833416,0.0
38.352000000000004,0.0,0.0,9.843621196208431,0.0,0.0,1.4996961436698435,0.018714470731166794,0.9998248689571853,0.0
38.368,0.0,0.0,9.80836406102886,0.0,0.0,1.5000082920371658,0.04270142369733745,0.9990878782240433,0.0
38.384,0.0,0.0,9.84970722798323,0.0,0.0,1.5002948378806913,0.06666378418477499,0.997775495729458,0.0
38.4,0.0,0.0,9.839658693360139,0.0,0.0,1.5000377638903144,0.09058775186109212,0.9958884772969078,0.0
38.416000000000004,0.0,0.0,9.768844247712146,0.0,0.0,1.500056940421156,0.11445954850496348,0.9934279096925153,0.0
38.432,0.0,0.0,9.814047431573302,0.0,0.0,1.5003907863310366,0.13826542594126595,0.9903952099991601,0.0
38.448,0.0,0.0,9.874010881238215,0.0,0.0,1.4996798031592602,0.16199167395885808,0.986792124800359,0.0
38.464,0.0,0.0,9.783040156880306,0.0,0.0,1.5000280721720127,0.1856246282065545,0.9826207291743742,0.0
38.480000000000004,0.0,0.0,9.865872341521875,0.0,0.0,1.5000178886864401,0.20915067806263526,0.977883425499144,0.0
38.496,0.0,0.0,9.819448654758837,0.0,0.0,1.5000886490937013,0.23255627447345262,0.9725829420687104,0.0
38.512,0.0,0.0,9.83136996648858,0.0,0.0,1.5000239798811466,0.25582793775654017,0.9667223315219504,0.0
38.528,0.0,0.0,9.801145127761272,0.0,0.0,1.4997516030566183,0.2789522653638179,0.960304969084506,0.0
38.544000000000004,0.0,0.0,9.817174392073817,0.0,0.0,1.4999655305291593,0.3019159396003304,0.9533345506249365,0.0
38.56,0.0,0.0,9.8111157743851,0.0,0.0,1.500062066391395,0.3247057352941449,0.9458150905262025,0.0
38.576,0.0,0.0,9.790839729428763,0.0,0.0,1.499857808890018,0.3473085274129433,0.9377509193737179,0.0
38.592,0.0,0.0,9.788192331505929,0.0,0.0,1.5001786160979702,0.3697112986229638,0.9291466814612866,0.0
38.608000000000004,0.0,0.0,9.779857028111017,0.0,0.0,1.5001289746183901,0.3919011467858962,0.9200073321163804,0.0
38.624,0.0,0.0,9.811341773811126,0.0,0.0,1.5001619252416254,0.4138652923894478,0.9103381348462761,0.0
38.64,0.0,0.0,9.849664109917356,0.0,0.0,1.5001592793136391,0.4355910859072831,0.9001446583067156,0.0
38.656,0.0,0.0,9.79868845388826,0.0,0.0,1.4999935878549442,0.45706601508410194,0.889432773094819,0.0
38.672000000000004,0.0,0.0,9.820354283448054,0.0,0.0,1.4999346878201325,0.4782777121416573,0.8782086483681099,0.0
38.688,0.0,0.0,9.857762903246929,0.0,0.0,1.5001826349247884,0.49921396090157294,0.8664787482915913,0.0
38.704,0.0,0.0,9.84794081405299,0.0,0.0,1.499898220168827,0.5198627038208512,0.8542498283149224,0.0
38.72,0.0,0.0,9.825734655770882,0.0,0.0,1.4999406070160701,0.5402120489360124,0.8415289312818398,0.0
38.736000000000004,0.0,0.0,9.78601610688608,0.0,0.0,1.5000743491257127,0.5602502767118831,0.8283233833740651,0.0
38.752,0.0,0.0,9.775686216742564,0.0,0.0,1.4998964350140105,0.5799658467910763,0.8146407898920295,0.0
38.768,0.0,0.0,9.797529696128198,0.0,0.0,1.4999414299981768,0.5993474046402792,0.800489030874853,0.0
38.784,0.0,0.0,9.807114721441101,0.0,0.0,1.5000804825596221,0.6183837880895222,0.7858762565620957,0.0
38.800000000000004,0.0,0.0,9.796813239441416,0.0,0.0,1.49972616161384,0.6370640337606657,0.7708108826998941,0.0
38.816,0.0,0.0,9.854565228698597,0.0,0.0,1.5000342344814237,0.6553773833813956,0.7553015856941883,0.0
38.832,0.0,0.0,9.831160971418518,0.0,0.0,1.4998065252834278,0.6733132899810914,0.7393572976138388,0.0
38.848,0.0,0.0,9.803071270363226,0.0,0.0,1.4998073108246714,0.6908614239650153,0.7229872010464857,0.0
38.864000000000004,0.0,0.0,9.805913671190728,0.0,0.0,1.5000576856062673,0.7080116790632952,0.7062007238101455,0.0
38.88,0.0,0.0,9.862162038337129,0.0,0.0,1.5001537433842496,0.7247541781512997,0.6890075335235705,0.0
38.896,0.0,0.0,9.708024666047532,0.0,0.0,1.499875734553373,0.7410792789380444,0.6714175320384986,0.0
38.912,0.0,0.0,9.849726954754432,0.0,0.0,1.4999043249201804,0.7569775795193505,0.65344084973701,0.0
38.928,0.0,0.0,9.817556533197388,0.0,0.0,1.5000021944500461,0.7724399237925621,0.6350878396972668,0.0
38.944,0.0,0.0,9.781870739206578,0.0,0.0,1.500094506177001,0.7874574067297009,0.6163690717309999,0.0
38.96,0.0,0.0,9.761992026128608,0.0,0.0,1.496116205817911,0.801983116238829,0.5973467010604955,0.0
38.976,0.0,0.0,9.786516991834702,0.0,0.0,1.4478672358934261,0.8156053429830403,0.578608610804849,0.0
38.992,0.0,0.0,9.788282917681514,0.0,0.0,1.407212256774318,0.8284256376916944,0.5600990651796426,0.0
39.008,0.0,0.0,9.797070272848515,0.0,0.0,1.3751182167234113,0.8405477495790006,0.5417374647166999,0.0
39.024,0.0,0.0,9.841826244089445,0.0,0.0,1.3388222367772729,0.8519587235069573,0.5236089508787983,0.0
39.04,0.0,0.0,9.834900409081962,0.0,0.0,1.3068947802096436,0.8627193615728952,0.5056830066032041,0.0
39.056,0.0,0.0,9.760219978425885,0.0,0.0,1.2735265854332296,0.8728413719555913,0.48800403625654687,0.0
39.072,0.0,0.0,9.821808355810697,0.0,0.0,1.2420326809057696,0.882366479703762,0.4705628496759923,0.0
39.088,0.0,0.0,9.788213205317703,0.0,0.0,1.2107299411681594,0.8913154728081669,0.4533836432126262,0.0
39.104,0.0,0.0,9.851042194179563,0.0,0.0,1.1807088639554686,0.8997209664260044,0.4364655571444975,0.0
39.12,0.0,0.0,9.814168505872788,0.0,0.0,1.1512340782148465,0.9076063395644539,0.4198222628475213,0.0
39.136,0.0,0.0,9.830074572824424,0.0,0.0,1.1226560934988268,0.9149992682060554,0.40345549839156136,0.0
39.152,0.0,0.0,9.780975492118799,0.0,0.0,1.094717042967669,0.9219230532219815,0.3873730552553435,0.0
39.168,0.0,0.0,9.773762262452909,0.0,0.0,1.0670608579450847,0.9284021994619535,0.37157685077814956,0.0
39.184,0.0,0.0,9.74945599491094,0.0,0.0,1.0404658892843845,0.9344588657545634,0.3560710999402998,0.0
39.2,0.0,0.0,9.803123156309763,0.0,0.0,1.0144400215489058,0.9401151655453682,0.340856972220908,0.0
39.216,0.0,0.0,9.919507784651689,0.0,0.0,0.9890541012729697,0.9453917280488034,0.32593631362107744,0.0
39.232,0.0,0.0,9.840692213450547,0.0,0.0,0.9644748507044623,0.9503086526484038,0.31130927500088307,0.0
39.248,0.0,0.0,9.793486570974517,0.0,0.0,0.940513444108157,0.9548849375802537,0.29697601920416966,0.0
39.264,0.0,0.0,9.737156373172253,0.0,0.0,0.9169041654427617,0.9591388837342368,0.2829356847572297,0.0
39.28,0.0,0.0,9.717075911732271,0.0,0.0,0.8940582564651414,0.96308787862111,0.26918718032828026,0.0
39.296,0.0,0.0,9.829708071148321,0.0,0.0,0.8715940573344898,0.966748575855236,0.2557287451223918,0.0
39.312,0.0,0.0,9.779525053085525,0.0,0.0,0.8499309964127812,0.9701368239404264,0.24255832872689084,0.0
39.328,0.0,0.0,9.832687048722397,0.0,0.0,0.8287686241982009,0.9732677545746096,0.22967341575658665,0.0
39.344,0.0,0.0,9.818407114911311,0.0,0.0,0.8081070061582708,0.9761557699556056,0.21707121592320536,0.0
39.36,0.0,0.0,9.824014180701779,0.0,0.0,0.7878257112699502,0.9788145938926236,0.20474860386048624,0.0
39.376,0.0,0.0,9.79006967847455,0.0,0.0,0.7680636379452438,0.9812572822832636,0.19270222096816508,0.0
39.392,0.0,0.0,9.746448112700229,0.0,0.0,0.7490534295740897,0.98349625873477,0.18092846391519057,0.0
39.408,0.0,0.0,9.870058826815743,0.0,0.0,0.7302683316117372,0.985543333725104,0.16942354426114525,0.0
39.424,0.0,0.0,9.759259462104119,0.0,0.0,0.7121200733272465,0.9874097333553478,0.15818349621601158,0.0
39.44,0.0,0.0,9.867488350559386,0.0,0.0,0.6943312761080986,0.9891061212409331,0.14720421503379905,0.0
39.456,0.0,0.0,9.766000035271905,0.0,0.0,0.677089803806715,0.9906426237635964,0.1364814712068189,0.0
39.472,0.0,0.0,9.801094869784,0.0,0.0,0.6600708033390363,0.9920288522342717,0.12601093736161761,0.0
39.488,0.0,0.0,9.832324666032667,0.0,0.0,0.64373677817125,0.9932739259331657,0.11578820346355037,0.0
39.504,0.0,0.0,9.796909354126525,0.0,0.0,0.6276118259787224,0.9943864935263742,0.10580879685698398,0.0
39.52,0.0,0.0,9.787521821547541,0.0,0.0,0.6119329923055578,0.9953747543785583,0.09606819632857048,0.0
39.536,0.0,0.0,9.822339780643622,0.0,0.0,0.5966232009836431,0.99624647880768,0.08656184761948388,0.0
39.552,0.0,0.0,9.818061464650754,0.0,0.0,0.5816900468204549,0.9970090278572145,0.0772851756238686,0.0
39.568,0.0,0.0,9.787255185334086,0.0,0.0,0.5672434890191036,0.9976693722323706,0.06823359663294559,0.0
39.584,0.0,0.0,9.73889780417715,0.0,0.0,0.5530430328427007,0.9982341106181877,0.0594025285515351,0.0
39.6,0.0,0.0,9.812011100070862,0.0,0.0,0.5393082592395391,0.9987094872571962,0.05078740062720541,0.0
39.616,0.0,0.0,9.725623732604094,0.0,0.0,0.5259019733363549,0.9991014088727611,0.0423836618104685,0.0
39.632,0.0,0.0,9.800976387656544,0.0,0.0,0.5126768723926686,0.9994154609040837,0.03418678846978889,0.0
39.648,0.0,0.0,9.846386598413195,0.0,0.0,0.4999523044938114,0.9996569230924619,0.026192291104673623,0.0
39.664,0.0,0.0,9.844017217421023,0.0,0.0,0.4874958774507484,0.99983078441831,0.018395720411739123,0.0
39.68,0.0,0.0,9.795455015188033,0.0,0.0,0.4752231246257241,0.9999417574132388,0.010792672575572392,0.0
39.696,5.0009466571128645,-0.03407118158711944,9.7715611738188,0.0,0.0,0.4272974464621185,0.9999921711011114,0.003956985782838425,0.0
39.712,4.947388060965763,0.003835541160473055,9.772281497009788,0.0,0.0,0.3793154145756268,0.9999977720558658,-0.002110896327324381,0.0
39.728,5.0068461406794365,0.03405180866958625,9.783060151986781,0.0,0.0,0.3312484006316431,0.9999725401613508,-0.007410730278182723,0.0
39.744,5.0177113386552366,0.05695529454632909,9.78274829127319,0.0,0.0,0.28324817256149387,0.9999286867704118,-0.011942419084910618,0.0
39.76,4.996723716107035,0.07167673442317456,9.835418950212924,0.0,0.0,0.23521714616171865,0.9998766537188022,-0.015705965366401366,0.0
39.776,5.030074626254914,0.07889451445513598,9.805976940363893,0.0,0.0,0.18725201400647512,0.9998251129418954,-0.018701431248074083,0.0
39.792,4.989287588167796,0.07870574595289986,9.793527555487962,0.0,0.0,0.13922758365002944,0.9997809664786542,-0.0209289050599434,0.0
39.808,4.973045941717093,0.07100549432074815,9.804799059240544,0.0,0.0,0.09123305861922203,0.9997493466838226,-0.022388474831257475,0.0
39.824,5.005044841047014,0.05497256645526843,9.774154178636682,0.0,0.0,0.04323851317449631,0.9997336165058391,-0.02308020858129558,0.0
39.84,4.999981150056306,0.03178809551931143,9.82534361979545,0.0,0.0,-0.004754910870006502,0.9997353697245134,-0.02300414140520366,0.0
39.856,5.007139791243828,-0.0017671880896172618,9.774067421876024,0.0,0.0,-0.02544852184644455,0.9997446541466046,-0.022597046384120155,0.0
39.872,5.01221660820433,-0.02038098960409206,9.812389828490401,0.0,0.0,-0.0251017403279372,0.999753650000992,-0.02219547948781471,0.0
39.888,5.010059815431357,-0.022211270195267165,9.837416690819797,0.0,0.0,-0.02476918024993036,0.9997623675715868,-0.02179927493417198,0.0
39.904,4.993693916487843,-0.02363194645349001,9.89084868490784,0.0,0.0,-0.0244425667708113,0.9997708167063313,-0.02140827088663205,0.0
39.92,4.986824962581983,-0.025392120239954238,9.8102586118009,0.0,0.0,-0.024129065978547963,0.9997790068378151,-0.021022309254506676,0.0
39.936,4.996161415167164,-0.027134986679286908,9.835889579327663,0.0,0.0,-0.02381952632881362,0.9997869470027437,-0.020641235499195203,0.0
39.952,5.008642444561372,-0.02872783346763032,9.81829737128959,0.0,0.0,-0.023527368614420584,0.9997946458603302,-0.02026489844575968,0.0
39.968,5.00748376992428,-0.030325715729601615,9.781188105825724,0.0,0.0,-0.023239717004541353,0.9998021117096754,-0.019893150099319162,0.0
39.984,5.022371589737867,-0.03156413294533921,9.899705207661073,0.0,0.0,-0.022961012737582654,0.9998093525061907,-0.019525845465734177,0.0
40.0,4.995826280617867,-0.033341339750656535,9.800407161524552,0.0,0.0,-0.022695037018232465,0.9998163758771257,-0.019162842376070983,0.0
40.016,4.9980215608868805,-0.03427979461918771,9.815786755708704,0.0,0.0,-0.022429828009522524,0.9998231891362448,-0.01880400131431753,0.0
40.032000000000004,4.97303430499026,-0.035754857509019626,9.786665293348076,0.0,0.0,-0.0221782868140392,0.9998297992977057,-0.01844918524785124,0.0
40.048,5.001319144052136,-0.03735088036674609,9.845315890033909,0.0,0.0,-0.021932086375966345,0.9998362130891808,-0.018098259460132337,0.0
40.064,4.996453893794934,-0.03844546542218536,9.776264520577396,0.0,0.0,-0.02169659922106571,0.9998424369642638,-0.017751091385105115,0.0
40.08,4.995823385769424,-0.040215950399016924,9.761963249333242,0.0,0.0,-0.0214728368580666,0.9998484771141988,-0.017407550442770998,0.0
40.096000000000004,4.983901679710602,-0.04104743367117644,9.821847767116795,0.0,0.0,-0.02125519340738977,0.999854339478968,-0.01706750787539706,0.0
40.112,4.983928267519568,-0.042350526070776794,9.848046196328205,0.0,0.0,-0.02104295953830617,0.9998600297577691,-0.016730836583787344,0.0
40.128,5.004661398536371,-0.04373839414242912,9.823430383313285,0.0,0.0,-0.020843308573109044,0.999865553418913,-0.01639741096303836,0.0
40.144,5.017623487188366,-0.044736893366978454,9.768127182272577,0.0,0.0,-0.02064451435944041,0.9998709157091712,-0.016067106737169837,0.0
40.160000000000004,4.973127248456623,-0.04631935445489262,9.73509551368312,0.0,0.0,-0.020459945988539213,0.9998761216625931,-0.015739800791984608,0.0
40.176,4.979413469808227,-0.04738140815777734,9.801124937157304,0.0,0.0,-0.020280717605908355,0.9998811761088233,-0.015415371005472038,0.0
40.192,1.2454766428564754,-0.050089414043484604,9.80403487286582,0.0,0.0,-0.02010436754928903,0.9998860836809332,-0.015093696075042014,0.0
40.208,2.401408843401606e-05,-0.05059758391493973,9.752719011031616,0.0,0.0,-0.019938983794671905,0.9998908479465284,-0.01477471464268264,0.0
40.224000000000004,2.349024917602519e-05,-0.04973308791284771,9.833577257211683,0.0,0.0,-0.019771978374874818,0.9998954720809407,-0.014458385526499968,0.0
40.24,2.327102455313799e-05,-0.049625410013798464,9.828693167343134,0.0,0.0,-0.019608162071325368,0.9998999591807521,-0.014144667911628115,0.0
40.256,2.2994789549978732e-05,-0.04907712438782635,9.78479740374025,0.0,0.0,-0.019450886201125474,0.9999043122655897,-0.013833521340500587,0.0
40.272,2.2551970594784135e-05,-0.04862223959726616,9.811199424974024,0.0,0.0,-0.01928701124236655,0.9999085342798727,-0.013524905703075522,0.0
40.288000000000004,2.241070031394078e-05,-0.04810297408418979,9.775548406612836,0.0,0.0,-0.0191356919827434,0.9999126280945115,-0.01321878122700486,0.0
40.304,2.1842563315431304e-05,-0.0479073447359663,9.790547132040992,0.0,0.0,-0.018984091703986686,0.999916596508562,-0.012915108467744116,0.0
40.32,2.1352976644596526e-05,-0.04763445510456337,9.799364087151346,0.0,0.0,-0.01883018740148517,0.9999204422508323,-0.012613848298591928,0.0
40.336,2.131507019076006e-05,-0.04681905279019056,9.807524282702493,0.0,0.0,-0.01868171083578192,0.9999241679814452,-0.012314961900650167,0.0
40.352000000000004,2.0950179253239386e-05,-0.04662534530979357,9.77936870240472,0.0,0.0,-0.018535777281425955,0.999927776293358,-0.012018410752696343,0.0
40.368,2.0523110318647243e-05,-0.046387050060253225,9.811427608743026,0.0,0.0,-0.018393507663190353,0.9999312697138375,-0.011724156620961027,0.0
40.384,2.0144516565416722e-05,-0.04602507968205777,9.831263653744632,0.0,0.0,-0.01825156342737098,0.9999346507058962,-0.01143216154879713,0.0
40.4,1.9978296244228988e-05,-0.045481650690338916,9.76517863920685,0.0,0.0,-0.018112931641964532,0.9999379216696827,-0.011142387846232829,0.0
40.416000000000004,1.9725508945255523e-05,-0.04473947776143383,9.846720405722028,0.0,0.0,-0.01797584774802348,0.999941084943836,-0.010854798079395916,0.0
40.432,1.9254788382653322e-05,-0.044566033260936416,9.795214301694875,0.0,0.0,-0.017842586371082585,0.9999441428067971,-0.010569355059798268,0.0
40.448,1.8989577854495408e-05,-0.044711739994101274,9.779127376806212,0.0,0.0,-0.017708306174085045,0.9999470974780823,-0.010286021833471654,0.0
40.464,1.878770425187197e-05,-0.04433704422333994,9.883680271777397,0.0,0.0,-0.01757890274706846,0.9999499511195189,-0.010004761669934123,0.0
40.480000000000004,1.848944668882127e-05,-0.04388095741390679,9.762457581890722,0.0,0.0,-0.017449383242974577,0.9999527058364405,-0.009725538050982797,0.0
40.496,1.8265304499909407e-05,-0.04361140730747456,9.81477096763938,0.0,0.0,-0.017325737539808404,0.999955363678849,-0.009448314659292334,0.0
40.512,1.7899965769940473e-05,-0.04324725987732886,9.7580953502505,0.0,0.0,-0.01720343279578034,0.999957926642535,-0.009173055366807516,0.0
40.528,1.765745349023925e-05,-0.042922568104108695,9.82952719193939,0.0,0.0,-0.017083304969288917,0.9999603966701662,-0.008899724222910596,0.0
40.544000000000004,1.747821579447279e-05,-0.04255751346382132,9.810512753446625,0.0,0.0,-0.01696639110607104,0.9999627756523368,-0.008628285442351606,0.0
40.56,1.7320703330346783e-05,-0.04267350496100265,9.79763851544763,0.0,0.0,-0.016845002532282796,0.9999650654285827,-0.0083587033929158,0.0
40.576,1.7046968240092994e-05,-0.04203474185624106,9.829039586282553,0.0,0.0,-0.016735508032534638,0.9999672677883621,-0.008090942582822487,0.0
40.592,1.6736743530362937e-05,-0.04176974795504983,9.889722064692304,0.0,0.0,-0.016624390205342097,0.9999693844720002,-0.007824967647813586,0.0
40.608000000000004,1.649278673504747e-05,-0.04158976386607014,9.791902581111474,0.0,0.0,-0.016517087121709604,0.9999714171715999,-0.007560743337938848,0.0
40.624,1.6385098955778145e-05,-0.04107456729437639,9.779572189128984,0.0,0.0,-0.016406778515673546,0.9999733675319183,-0.007298234503986746,0.0
40.64,1.6022239239014768e-05,-0.04102677659800647,9.781249264039324,0.0,0.0,-0.01630356383504828,0.9999752371512082,-0.007037406083558408,0.0
40.656,1.5911667112814206e-05,-0.040685177957015886,9.819324530636683,0.0,0.0,-0.01619973204101674,0.9999770275820272,-0.006778223086743401,0.0
40.672000000000004,1.558541355473581e-05,-0.040327196639807626,9.805409444515357,0.0,0.0,-0.016100541069565672,0.9999787403320112,-0.006520650581381368,0.0
40.688,1.5571879429911466e-05,-0.04013013491430122,9.783779990211597,0.0,0.0,-0.015999912036429687,0.9999803768646146,-0.006264653677874314,0.0
40.704,1.529860816162909e-05,-0.03981209052861395,9.792616108511744,0.0,0.0,-0.015905367120136155,0.9999819385998172,-0.006010197513516521,0.0
40.72,1.5044216217098904e-05,-0.039654404145600175,9.835512011109948,0.0,0.0,-0.015807377379308728,0.9999834269147965,-0.005757247236313017,0.0
40.736000000000004,1.508293636331899e-05,-0.039678082664807886,9.813321765748313,0.0,0.0,-0.015718258644721705,0.9999848431445648,-0.005505767988250029,0.0
40.752,1.4732298159690955e-05,-0.03934016634492735,9.774861408514399,0.0,0.0,-0.015626597487071875,0.9999861885825734,-0.005255724887974422,0.0
40.768,1.4531892806667574e-05,-0.039359401882208704,9.888202485042568,0.0,0.0,-0.0155424761004015,0.9999874644812816,-0.0050070830128475016,0.0
40.784,1.457334349108784e-05,-0.03898468734036024,9.856519637955813,0.0,0.0,-0.015453436768243485,0.9999886720526899,-0.0047598073803272675,0.0
40.800000000000004,1.4329260641725402e-05,-0.03868529411032362,9.833964086686198,0.0,0.0,-0.015371440153530896,0.999989812468838,-0.00451386292862546,0.0
40.816,1.4207072159671274e-05,-0.038267831332093924,9.739508165869191,0.0,0.0,-0.0152903319561317,0.9999908868622666,-0.004269214496599215,0.0
40.832,1.3950912080928804e-05,-0.038228088496299564,9.865592823042542,0.0,0.0,-0.0152132206005019,0.9999918963264421,-0.0040258268028159185,0.0
40.848,1.3791382634430109e-05,-0.03804037432933203,9.83883567364008,0.0,0.0,-0.015135741654324925,0.9999928419161452,-0.0037836644237324124,0.0
40.864000000000004,1.368472149760115e-05,-0.03788228717894634,9.779581528379415,0.0,0.0,-0.015059784386011294,0.9999937246478181,-0.003542691770930016,0.0
40.88,1.3472191467119124e-05,-0.037611366647628444,9.824047279041059,0.0,0.0,-0.014987686489141616,0.9999945454998749,-0.0033028730673327887,0.0
40.896,1.341010520380892e-05,-0.03730430153796928,9.834939650158748,0.0,0.0,-0.014916683473666984,0.9999953054129701,-0.0030641723223371266,0.0
40.912,1.3280352912901205e-05,-0.037589738787942695,9.812382297803826,0.0,0.0,-0.01484778507272036,0.9999960052902261,-0.0028265533057761595,0.0
40.928000000000004,1.3245486186526947e-05,-0.037174369995748,9.793461211774577,0.0,0.0,-0.01478359118250082,0.9999966459974169,-0.0025899795206259287,0.0
40.944,1.310754513244387e-05,-0.036817985806402186,9.77097282260053,0.0,0.0,-0.014722252953566032,0.9999972283631068,-0.002354414174373919,0.0
40.96,1.2936621096463322e-05,-0.036692876316633,9.758822778689474,0.0,0.0,-0.014663384090441555,0.9999977531787441,-0.002119820148929199,0.0
40.976,1.2723735620213525e-05,-0.03683400886923429,9.808376953893074,0.0,0.0,-0.014602385552816484,0.9999982211987037,-0.0018861599689911606,0.0
40.992,1.2801644815940445e-05,-0.036704371485797554,9.801250387686972,0.0,0.0,-0.014548880055781161,0.9999986331402818,-0.0016533957687379277,0.0
41.008,1.259482935476738e-05,-0.03646356125013441,9.820990829930013,0.0,0.0,-0.014494007581652587,0.9999989896836362,-0.0014214892567143392,0.0
41.024,1.2529901233297823e-05,-0.03628087902942674,9.834397559349028,0.0,0.0,-0.014443037233205513,0.9999992914716705,-0.001190401678783011,0.0
41.04,1.2444004277006868e-05,-0.03600311261704975,9.792361822694799,0.0,0.0,-0.014391446307869689,0.9999995391098617,-0.0009600937789839899,0.0
41.056,1.2415362754559905e-05,-0.03618869078271521,9.828056693920368,0.0,0.0,-0.014348465373762179,0.9999997331660228,-0.0007305257581385143,0.0
41.072,1.2333189557737068e-05,-0.03607798798130359,9.7442157345646,0.0,0.0,-0.014304109185435803,0.9999998741700039,-0.000501657230015315,0.0
41.088,1.2265540769291429e-05,-0.03575592603769662,9.807638846978424,0.0,0.0,-0.014264618011172736,0.9999999626133207,-0.0002734471748698863,0.0
41.104,1.2144852883212662e-05,-0.03553622372699033,9.866680318257492,0.0,0.0,-0.014222954599159982,0.9999999989487104,-4.5853890134308144e-05,0.0
41.12,1.2022420033684552e-05,-0.03561809255583984,9.802317112930115,0.0,0.0,-0.014191261038109375,0.9999999835896101,0.00018116506197412552,0.0
41.136,1.1994645949558134e-05,-0.035683800977075686,9.804887688206552,0.0,0.0,-0.0141546076276095,0.9999999169095491,0.00040765291017697794,0.0
41.152,1.2038553070982352e-05,-0.03536159861413363,9.776031038679012,0.0,0.0,-0.014126212552633612,0.9999997992414529,0.0006336537334846777,0.0
41.168,1.188418428986221e-05,-0.03537406164462835,9.79959784244968,0.0,0.0,-0.014097584741988274,0.999999630876851,0.0008592125244701454,0.0
41.184,1.1973686288726191e-05,-0.03544216450519263,9.760706640706523,0.0,0.0,-0.014072469235944579,0.9999994120649786,0.0010843752568147724,0.0
41.2,1.1911848364494364e-05,-0.034972851088679396,9.78856120510507,0.0,0.0,-0.014049326660599208,0.9999991430117696,0.0013091889574990288,0.0
41.216,1.183525800666267e-05,-0.03533293046458398,9.89384888735906,0.0,0.0,-0.014031804405684519,0.9999988238787272,0.0015337017840505898,0.0
41.232,1.185620189067535e-05,-0.03500746203134218,9.85491397583116,0.0,0.0,-0.014017415380561548,0.9999984547816628,0.0017579631073052768,0.0
41.248,1.1804753055155891e-05,-0.03501316987279422,9.875328121439637,0.0,0.0,-0.014003073783471223,0.9999980357892951,0.001982023600189836,0.0
41.264,1.1735702270945637e-05,-0.03521853971776437,9.802023528433391,0.0,0.0,-0.013993966686649945,0.9999975669216934,0.002205935333080853,0.0
41.28,1.1757885031201945e-05,-0.035132153670986974,9.822331977378113,0.0,0.0,-0.013990914849861447,0.9999970481485531,0.0024297518763629284,0.0
41.296,1.1630768134536958e-05,-0.035020495314884395,9.814069745222113,0.0,0.0,-0.013985857241215925,0.9999964793872891,0.0026535284108756174,0.0
41.312,1.1819644647098863e-05,-0.03495441388932842,9.846547128466659,0.0,0.0,-0.01399022657053281,0.9999958605009268,0.0028773218470069897,0.0
41.328,1.1819738808206717e-05,-0.035153185568086144,9.806410938535631,0.0,0.0,-0.013990239402294645,0.9999951912957737,0.003101190953304467,0.0
41.344,1.1707402755866867e-05,-0.03491758751321708,9.832459243249511,0.0,0.0,-0.014001332887142568,0.999994471518851,0.003325196495535282,0.0
41.36,1.1809624031588139e-05,-0.035154558179083646,9.816850971070718,0.0,0.0,-0.014013665636521575,0.9999937008550565,0.0035494013872858668,0.0
41.376,1.1858135226720022e-05,-0.03537400137055776,9.83422820166555,0.0,0.0,-0.014029645079210293,0.9999928789240365,0.0037738708532733733,0.0
41.392,1.173962413024549e-05,-0.03523258750824578,9.746316065658796,0.0,0.0,-0.014048765771090111,0.9999920052767344,0.003998672606723699,0.0
41.408,1.1858209120321775e-05,-0.03523559867284762,9.724237533693545,0.0,0.0,-0.014076556328223506,0.999991079391577,0.004223877042323959,0.0
41.424,1.1908198021967832e-05,-0.03531509012012429,9.816500233635438,0.0,0.0,-0.014106754109297601,0.9999901006702671,0.004449557446441655,0.0
41.44,1.2022836307018128e-05,-0.0354225031524681,9.78241384237303,0.0,0.0,-0.014135967654624174,0.9999890684331293,0.004675790226538489,0.0
41.456,1.2047077192606773e-05,-0.03532180442460765,9.774496879749165,0.0,0.0,-0.014181309955420177,0.9999879819139643,0.004902655161947642,0.0
41.472,1.2073979691977167e-05,-0.035707307072325604,9.802453526330702,0.0,0.0,-0.014223638657089019,0.9999868402543524,0.005130235678478831,0.0
41.488,1.211592043197468e-05,-0.03539812324817873,9.798119283215607,0.0,0.0,-0.014273955661376146,0.9999856424973356,0.00535861914965747,0.0
41.504,1.2305816957186886e-05,-0.03573838576894624,9.775531352870251,0.0,0.0,-0.014330888134463248,0.9999843875804121,0.005587897227784591,0.0
41.52,1.2386085460636804e-05,-0.035676139255825925,9.798035012825853,0.0,0.0,-0.014392310143479508,0.9999830743277462,0.005818166208475404,0.0
41.536,1.2527076558389362e-05,-0.03597426864228774,9.840455284069716,0.0,0.0,-0.014459883985151347,0.999981701441501,0.006049527432844057,0.0
41.552,1.2713989487194602e-05,-0.036087666431015734,9.807126967493543,0.0,0.0,-0.014533100883186212,0.999980267492177,0.006282087732148169,0.0
41.568,1.26545923274717e-05,-0.03630863853823458,9.87361097758983,0.0,0.0,-0.014617197700719156,0.9999787709078206,0.0065159599204116314,0.0
41.584,1.2843827660319456e-05,-0.0367597700785869,9.788494984896547,0.0,0.0,-0.014705947316266316,0.9999772099619545,0.006751263341413362,0.0
41.6,1.2970175100638356e-05,-0.03687791740201259,9.762371554630578,0.0,0.0,-0.014804715038464335,0.9999755827600431,0.006988124477450668,0.0
41.616,1.3245729491691288e-05,-0.03682275801123205,9.78427664304009,0.0,0.0,-0.014908941732705393,0.9999738872242886,0.007226677628461583,0.0
41.632,1.3413071423138944e-05,-0.03726413199552622,9.793000867058332,0.0,0.0,-0.015025349685325916,0.9999721210765112,0.007467065671550264,0.0
41.648,-1.2928244876400576,-0.03789173945255537,9.79475163980865,0.0,0.0,-0.01514771273024221,0.9999702818188221,0.007709440912644307,0.0
41.664,-3.989982442717089,-0.038241607632494866,9.80360668906433,0.0,0.0,-0.015281921094375412,0.9999683671183263,0.007953914929657963,0.0
41.68,-2.8318727336293126,-0.03776405382011356,9.828622403999994,0.0,0.0,-0.015414020140352373,0.9999663753695347,0.008200495735919307,0.0
41.696,-3.2090306764847014,-0.03747939107645042,9.848527401204048,0.0,0.0,-0.01554554398143738,0.99996430458514,0.008449234021931287,0.0
41.712,-2.9717995951400233,-0.03663221045474656,9.812439071309422,0.0,0.0,-0.01568378456646261,0.9999621528451277,0.008700165362652638,0.0
41.728,-2.98632731599766,-0.03670003177793095,9.853764028352506,0.0,0.0,-0.01582263435234148,0.9999599181092985,0.00895333316955688,0.0
41.744,-2.9057096159961575,-0.036047722913663933,9.781801229732611,0.0,0.0,-0.015963180020473183,0.9999575982893695,0.009208779688754708,0.0
41.76,-2.8442760606923607,-0.035460000199926504,9.849712540549174,0.0,0.0,-0.016110799002741306,0.9999551912149208,0.009466549652919718,0.0
41.776,-2.76833287625159,-0.03504240659201244,9.82555223434432,0.0,0.0,-0.01625749479212797,0.999952694642348,0.00972668892826028,0.0
41.792,-2.723008691435463,-0.03487814919668408,9.808991947694105,0.0,0.0,-0.016411782852757406,0.9999501062459859,0.009989245148737821,0.0
41.808,-2.6748904149399997,-0.03396872422215962,9.7222063200372,0.0,0.0,-0.0165651886294699,0.9999474236161747,0.010254267568908524,0.0
41.824,-2.6050023748766282,-0.033748278119525604,9.849892003568307,0.0,0.0,-0.016726435574496237,0.999944644254153,0.010521807232394547,0.0
41.84,-2.569643597544386,-0.03327880329799454,9.834003255013545,0.0,0.0,-0.01688483911676078,0.9999417655678726,0.0107919170218278,0.0
41.856,-2.4879708019270583,-0.033167026232685685,9.830670802626994,0.0,0.0,-0.017047192959228873,0.9999387848670382,0.011064651762769087,0.0
41.872,-2.4379658989669135,-0.03248699467289887,9.831610924535015,0.0,0.0,-0.017213782056198966,0.9999356993580336,0.01134006831373737,0.0
41.888,-2.388103146502188,-0.03237196605468988,9.842293537326073,0.0,0.0,-0.017383700595948112,0.999932506138432,0.011618225669814202,0.0
41.904,-2.3463526868028928,-0.031861143894818644,9.842747922787188,0.0,0.0,-0.01755882404179322,0.9999292021911758,0.011899185069526601,0.0
41.92,-2.2917123387451337,-0.031472665585017476,9.84179232318529,0.0,0.0,-0.017741638288624257,0.9999257843783537,0.012183010109748905,0.0
41.936,-2.2409728948825864,-0.031239487736039042,9.860561431252336,0.0,0.0,-0.01792290062055155,0.9999222494345604,0.012469766867458945,0.0
41.952,-2.184461670827444,-0.031016606661050748,9.785863539922556,0.0,0.0,-0.01811037253223859,0.9999185939597977,0.012759524029580582,0.0
41.968,-2.1738990056046337,-0.030659772835505878,9.82248360801491,0.0,0.0,-0.01830610981720294,0.9999148144118812,0.013052353031278219,0.0
41.984,-2.1118361927975307,-0.030426076742414206,9.850961351053815,0.0,0.0,-0.018496686199137587,0.9999109070983135,0.013348328203477849,0.0
42.0,-2.0580613179196643,-0.030008655781977252,9.864663892505018,0.0,0.0,-0.018699486253241113,0.9999068681675739,0.013647526930330759,0.0
42.016,-2.024528178158017,-0.029645633954732794,9.86050672877597,0.0,0.0,-0.018907981469530013,0.9999026935997786,0.013950029817438196,0.0
42.032000000000004,-1.975260906494289,-0.029390758693591788,9.82089436394935,0.0,0.0,-0.019115354845844784,0.9998983791966557,0.014255920871728807,0.0
42.048,-1.94204702814405,-0.029066859007903425,9.81209972305615,0.0,0.0,-0.019336578389313408,0.9998939205707733,0.014565287693980793,0.0
42.064,-1.8941737347667729,-0.028995863896680248,9.807291548423496,0.0,0.0,-0.019560531999211234,0.9998893131339542,0.014878221685053738,0.0
42.08,-1.8674348066439383,-0.02858059003097773,9.815087140775063,0.0,0.0,-0.01978922712884007,0.9998845520848055,0.015194818267035589,0.0
42.096000000000004,-1.8231652502301687,-0.028268242873824522,9.83839991524939,0.0,0.0,-0.020024891651356208,0.9998796323952781,0.015515177120598753,0.0
42.112,-1.7769041934774727,-0.028162109842522143,9.852472584817203,0.0,0.0,-0.02026887369082358,0.9998745487961691,0.015839402440028887,0.0
42.128,-1.7421858759070061,-0.027521339148506598,9.806548896709687,0.0,0.0,-0.020516915157717794,0.9998692957614633,0.016167603207516864,0.0
42.144,-1.7208364576955322,-0.02763688624370611,9.822381605925091,0.0,0.0,-0.02077244745128175,0.9998638674914043,0.016499893488488147,0.0
42.160000000000004,-1.6813834054971026,-0.027411599740737265,9.813187113960709,0.0,0.0,-0.02103417346466958,0.9998582578941726,0.01683639274993987,0.0
42.176,-1.6267121827381026,-0.027013097196248375,9.831358407566643,0.0,0.0,-0.021304252657947335,0.9998524605660267,0.017177226203959197,0.0
42.192,-1.598289786643708,-0.02689636024705027,9.820722229304938,0.0,0.0,-0.021583566747241396,0.9998464687697587,0.01752252517886459,0.0
42.208,-1.5768547918077465,-0.02677083472314303,9.814910375891927,0.0,0.0,-0.021874321163400223,0.9998402754112872,0.017872427520665007,0.0
42.224000000000004,-1.5395188695916957,-0.02642246299919608,9.811665393255389,0.0,0.0,-0.022169256902736727,0.9998338730141955,0.018227078027863136,0.0
42.24,-1.4949972582510767,-0.026213244589086023,9.752242302913137,0.0,0.0,-0.022480927981859935,0.9998272536919964,0.01858662892297814,0.0
42.256,-1.4823661822649663,-0.02598205797893577,9.812876418866047,0.0,0.0,-0.02279164446458774,0.9998204091178797,0.018951240364576988,0.0
42.272,-1.4448614525061674,-0.025823823657233055,9.86413957447364,0.0,0.0,-0.023119014853060574,0.9998133304916648,0.019321081004050448,0.0
42.288000000000004,-1.411482634388501,-0.025659387388386242,9.865903177442016,0.0,0.0,-0.023454634914830165,0.9998060085036492,0.01969632859192115,0.0
42.304,-1.3836716822331423,-0.02561560105049449,9.84573468485133,0.0,0.0,-0.02380722297792277,0.999798433294997,0.020077170639050356,0.0
42.32,-1.3615886009989249,-0.025183887445222417,9.747857381319491,0.0,0.0,-0.024171841711845714,0.9997905944142705,0.02046380513882863,0.0
42.336,-1.3289776774187743,-0.025122607421136395,9.764060095359097,0.0,0.0,-0.02454527616338691,0.9997824807696487,0.020856441357215847,0.0
42.352000000000004,-1.3070612659285985,-0.02517811927713516,9.831327982363804,0.0,0.0,-0.02493629018711426,0.999774080576317,0.021255300698421874,0.0
42.368,-1.271963298809485,-0.02496672566911324,9.81302510088252,0.0,0.0,-0.02533709944637043,0.9997653812984325,0.021660617655092113,0.0
42.384,-1.2440661656215377,-0.02467993158356156,9.756121259057693,0.0,0.0,-0.0257616855433837,0.9997563695849961,0.022072640853078945,0.0
42.4,-1.2189016304832836,-0.024498963303184393,9.825421970188883,0.0,0.0,-0.026194576261192606,0.9997470311988471,0.022491634202328473,0.0
42.416000000000004,-1.1956563898533448,-0.024565412832165706,9.75576241657728,0.0,0.0,-0.026647042067070126,0.9997373509378948,0.022917878167073528,0.0
42.432,-1.165500040917498,-0.024462792507109244,9.795452032578831,0.0,0.0,-0.027117761935619995,0.9997273125475495,0.02335167117048451,0.0
42.448,-1.1466913726166796,-0.0243857987904352,9.841427933567406,0.0,0.0,-0.027611376727004613,0.9997168986231697,0.02379333115121503,0.0
42.464,-1.1247722295253084,-0.024432548028495142,9.702399161715192,0.0,0.0,-0.028126218744764,0.9997060905011343,0.024243197291978342,0.0
42.480000000000004,-1.0929560952502475,-0.024418680954748074,9.801720724887414,0.0,0.0,-0.02865972909978494,0.9996948681369378,0.02470163194347446,0.0
42.496,-1.0730102736586975,-0.024225272852997904,9.714772108889486,0.0,0.0,-0.029224244578930154,0.9996832099684206,0.025169022770757925,0.0
42.512,-1.0542650573409882,-0.024169190947895453,9.840086687348352,0.0,0.0,-0.02980822098071016,0.9996710927619418,0.025645785153612065,0.0
42.528,-1.0301035617619667,-0.02422486754225227,9.790517949844471,0.0,0.0,-0.03042257538167221,0.9996584914388962,0.026132364877874667,0.0
42.544000000000004,-1.0153627217062775,-0.024091363699280246,9.842150898542071,0.0,0.0,-0.031060393162477835,0.9996453788795245,0.0266292411610286,0.0
42.56,-0.9905208094713956,-0.024109600568511153,9.749872825961232,0.0,0.0,-0.03173831264502512,0.9996317257003942,0.027136930063145347,0.0
42.576,-0.9709117241733233,-0.02420071906619117,9.842563476903381,0.0,0.0,-0.03245896000527373,0.9996175000012463,0.02765598834355421,0.0
42.592,-0.9459069729742619,-0.024337128495032008,9.730730310203853,0.0,0.0,-0.03320758284085042,0.9996026670760594,0.028187017834974543,0.0
42.608000000000004,-0.9248027315780816,-0.02415603874479581,9.786249021758573,0.0,0.0,-0.0339945103940098,0.9995871890821629,0.028730670420655594,0.0
42.624,-0.9056552806443662,-0.024147909669643346,9.836666338885095,0.0,0.0,-0.03482280433506449,0.9995710246599542,0.02928765371704174,0.0
42.64,-0.8946192933028191,-0.024174143023849664,9.738094690072513,0.0,0.0,-0.03570797167613323,0.9995541284942037,0.02985873758538859,0.0
42.656,-0.8749533462115302,-0.02457059189601109,9.812292304965213,0.0,0.0,-0.036638805582264254,0.9995364508059722,0.03044476162167609,0.0
42.672000000000004,-0.8494226881108442,-0.02472533706624896,9.837961317353267,0.0,0.0,-0.037639440397227095,0.9995179367616925,0.031046643806527694,0.0
42.688,-0.8338405920437226,-0.024569187407165186,9.799059920156875,0.0,0.0,-0.03869356044262809,0.9994985257828607,0.031665390537434314,0.0
42.704,-0.8136207495711967,-0.024995827352939648,9.79843246888089,0.0,0.0,-0.039816609350484984,0.9994781507358148,0.032302108316885826,0.0
42.72,-0.8015324995922551,-0.025178719790053518,9.860659331280152,0.0,0.0,-0.04101544160086828,0.9994567369760102,0.03295801743531143,0.0
42.736000000000004,-0.7787053807367598,-0.02538653276360109,9.772820751099312,0.0,0.0,-0.04229046749445506,0.999434201214643,0.03363446807143707,0.0
42.752,-0.76340361787787,-0.02553842883521718,9.782337355413604,0.0,0.0,-0.04368381598423307,0.9994104501669467,0.03433295934085871,0.0
42.768,-0.7507018340407604,-0.025934471511164753,9.802139758751974,0.0,0.0,-0.04516801629599284,0.9993853789302864,0.03505516196465391,0.0
42.784,-0.7382283484759983,-0.026134788131357355,9.879824292816057,0.0,0.0,-0.046773695947605394,0.9993588690253291,0.035802945415362504,0.0
42.800000000000004,-0.7195801588883234,-0.026524900607882353,9.824486652065687,0.0,0.0,-0.048485762918189346,0.9993307860136986,0.03657841064403085,0.0
42.816,-0.6991378481006454,-0.026788117809091225,9.795602940270452,0.0,0.0,-0.05036827389519629,0.9993009765786323,0.037383929822749115,0.0
42.832,-0.693272647397451,-0.027255425641552106,9.752248422913716,0.0,0.0,-0.05242662982435225,0.9992692649183466,0.038222194985993864,0.0
42.848,-0.6784170184607596,-0.027885409711633308,9.787301993356264,0.0,0.0,-0.054671345979961476,0.9992354482508125,0.03909627807090921,0.0
42.864000000000004,-0.6574804561764892,-0.02850357403626714,9.810867095095812,0.0,0.0,-0.057134823926706775,0.9991992911569568,0.04000970571542739,0.0
42.88,-0.6493157037296468,-0.02909938395223845,9.803225336016066,0.0,0.0,-0.059857822050187554,0.9991605183871473,0.040966553385994364,0.0
42.896,-0.6327063360786289,-0.029838092895128836,9.787412576522057,0.0,0.0,-0.0628732242808494,0.9991188056077921,0.041971565146643706,0.0
42.912,-0.618607700033856,-0.030704070548313884,9.798717508193103,0.0,0.0,-0.06623779123802825,0.9990737673466743,0.04303030792038708,0.0
42.928000000000004,-0.6121351335243037,-0.03177696725283026,9.775907234016241,0.0,0.0,-0.07000713547656204,0.9990249410676346,0.04414937286994166,0.0
42.944,-4.9746077600814145,-0.03402233393329625,9.77185918055609,0.0,0.0,-0.022006477979070637,0.9990093328212007,0.04450115657080641,0.0
42.96,-5.006939805716264,-0.006245955393445278,9.780360697355526,0.0,0.0,0.02599101413797067,0.999027753137109,0.0440856945257701,0.0
42.976,-4.977565268056582,0.01364089576057587,9.7971383028528,0.0,0.0,0.0739849383943925,0.9990792447662245,0.042902944856391415,0.0
42.992000000000004,-4.984733374383495,0.0260410574990955,9.76742646768438,0.0,0.0,0.12201304273528657,0.9991610825232966,0.04095279197899027,0.0
43.008,-5.036263904156629,0.03061340072684853,9.7851953133156,0.0,0.0,0.17000078053390916,0.9992687728588608,0.038235057070003714,0.0
43.024,-3.7034332331908697,0.02319147193636403,9.823003798613852,0.0,0.0,0.21795645448380382,0.9993960532165529,0.03474951532291025,0.0
43.04,0.0,0.0,9.805053439530962,0.0,0.0,0.265998513205412,0.9995348912686141,0.030495919999898553,0.0
43.056,0.0,0.0,9.740480892040498,0.0,0.0,0.31398963154770615,0.999675484158913,0.025474033281812365,0.0
43.072,0.0,0.0,9.820622444576417,0.0,0.0,0.3620676473574518,0.9998062579193583,0.01968366391935219,0.0
43.088,0.0,0.0,9.792137197103754,0.0,0.0,0.4100144710400308,0.9999138672621446,0.013124711686825854,0.0
43.104,0.0,0.0,9.802212620653767,0.0,0.0,0.4579290170666479,0.9999831959868521,0.005797218636633574,0.0
43.12,0.0,0.0,9.788620682154901,0.0,0.0,0.5059499429759298,0.9999973582779326,-0.002298572852059761,0.0
43.136,0.0,0.0,9.84435778765138,0.0,0.0,0.5540813889533637,0.9999377012045881,-0.011162155243668053,0.0
43.152,0.0,0.0,9.793967642643256,0.0,0.0,0.6020421362778328,0.9997838087713592,-0.020792684257553137,0.0
43.168,0.0,0.0,9.823260105314201,0.0,0.0,0.6499371189095651,0.999513507903848,-0.031188900553634494,0.0
43.184,0.0,0.0,9.792913175884127,0.0,0.0,0.6980540836449317,0.9991028767898061,-0.04234904473932571,0.0
43.2,0.0,0.0,9.827696497409404,0.0,0.0,0.7459036397893655,0.9985262560311802,-0.05427076576163316,0.0
43.216,0.0,0.0,9.867636410200735,0.0,0.0,0.7940749766306137,0.9977562630975046,-0.06695102276816386,0.0
43.232,0.0,0.0,9.807996477951328,0.0,0.0,0.8421415273909485,0.9967638106050877,-0.0803859805440287,0.0
43.248,0.0,0.0,9.7524767111267,0.0,0.0,0.8901345985494883,0.9955181289795374,-0.09457089865852626,0.0
43.264,0.0,0.0,9.829245748542645,0.0,0.0,0.937963487919481,0.9939867940911177,-0.10950001448612706,0.0
43.28,0.0,0.0,9.772017753727953,0.0,0.0,0.9857784163739137,0.9921357604829265,-0.12516642030099415,0.0
43.296,0.0,0.0,9.735475777269249,0.0,0.0,1.0339696610351876,0.9899294008406653,-0.14156193468316788,0.0
43.312,0.0,0.0,9.803721937100436,0.0,0.0,1.0820658058431998,0.9873305523794971,-0.1586769685177954,0.0
43.328,0.0,0.0,9.76913999619978,0.0,0.0,1.130014734383532,0.9843005708477889,-0.176500385916624,0.0
43.344,0.0,0.0,9.893528141039644,0.0,0.0,1.1780032146795896,0.9807993928690236,-0.19501936044340568,0.0
43.36,0.0,0.0,9.806476888505397,0.0,0.0,1.2260847281420608,0.9767856073613871,-0.2142192270820865,0.0
43.376,0.0,0.0,9.84519987133608,0.0,0.0,1.2736807729221515,0.9722165367890248,-0.23408333044869983,0.0
43.392,0.0,0.0,9.794145471003233,0.0,0.0,1.3221479474116542,0.9670483290092033,-0.2545928698147446,0.0
43.408,0.0,0.0,9.788322176277461,0.0,0.0,1.3699636220776867,0.9612360604850435,-0.27572674158157723,0.0
43.424,0.0,0.0,9.822712082804657,0.0,0.0,1.418010298233008,0.9547338516335385,-0.2974613799218124,0.0
43.44,0.0,0.0,9.79210335253818,0.0,0.0,1.4662549382102479,0.9474949950726057,-0.3197705963849132,0.0
43.456,0.0,0.0,9.775214746928446,0.0,0.0,1.5001411478267617,0.9395487664577074,-0.3424151215232769,0.0
43.472,0.0,0.0,9.772649515847958,0.0,0.0,1.5002608557418853,0.931061435672042,-0.3648624439488339,0.0
43.488,0.0,0.0,9.864041442436712,0.0,0.0,1.4998684803536029,0.9220378907142702,-0.3870996358654701,0.0
43.504,0.0,0.0,9.808017220819254,0.0,0.0,1.500164568173946,0.912483328397947,-0.4091138904948163,0.0
43.52,0.0,0.0,9.839274060533997,0.0,0.0,1.499866724407415,0.9024032513585863,-0.4308925294518952,0.0
43.536,0.0,0.0,9.859148636366518,0.0,0.0,1.5001463246868105,0.8918034648846018,-0.4524230100468131,0.0
43.552,0.0,0.0,9.840882024575901,0.0,0.0,1.499852034665624,0.8806900735739402,-0.47369293250831596,0.0
43.568,0.0,0.0,9.852557110371212,0.0,0.0,1.5003193651963822,0.8690694778183402,-0.494690047125023,0.0
43.584,0.0,0.0,9.838035743114947,0.0,0.0,1.5000626492020794,0.8569483701172368,-0.5154022613002501,0.0
43.6,0.0,0.0,9.79769502541646,0.0,0.0,1.499821036819733,0.8443337312234378,-0.5358176465163381,0.0
43.616,0.0,0.0,9.825344857098932,0.0,0.0,1.4999785065086848,0.8312328261227877,-0.555924445204493,0.0
43.632,0.0,0.0,9.805279518398967,0.0,0.0,1.5000571216939993,0.8176531998501397,-0.5757110775161683,0.0
43.648,0.0,0.0,9.844078404970126,0.0,0.0,1.4999969611250992,0.8036026731440407,-0.5951661479920983,0.0
43.664,0.0,0.0,9.808551701160486,0.0,0.0,1.5000745372365576,0.7890893379426334,-0.6142784521251389,0.0
43.68,0.0,0.0,9.812716022690823,0.0,0.0,1.4999797545908498,0.7741215527233746,-0.6330369828131305,0.0
43.696,0.0,0.0,9.877845251231209,0.0,0.0,1.4999158292574495,0.7587079376892402,-0.6514309366980817,0.0
43.712,0.0,0.0,9.784192076141142,0.0,0.0,1.499969220781572,0.7428573698042069,-0.6694497203880032,0.0
43.728,0.0,0.0,9.842650013280846,0.0,0.0,1.4997743255808293,0.7265789776808572,-0.6870829565578239,0.0
43.744,0.0,0.0,9.876388950045806,0.0,0.0,1.5000134694917346,0.7098821363230526,-0.7043204899258709,0.0
43.76,0.0,0.0,9.833011095885997,0.0,0.0,1.500360880421188,0.6927764617267127,-0.721152393102468,0.0
43.776,0.0,0.0,9.85697294741207,0.0,0.0,1.4999958279282808,0.6752718053417959,-0.73756897230729,0.0
43.792,0.0,0.0,9.827345528388596,0.0,0.0,1.4772235470983468,0.6576532833079547,-0.7533207543631513,0.0
43.808,0.0,0.0,9.77409703434803,0.0,0.0,1.436244940497804,0.6401710721879375,-0.7682323856319432,0.0
43.824,0.0,0.0,9.73808846300589,0.0,0.0,1.4084824364935824,0.6226970604254899,-0.7824630156994347,0.0
43.84,0.0,0.0,9.878731570306504,0.0,0.0,1.3729500891441127,0.6053568633234425,-0.7959541871409455,0.0
43.856,0.0,0.0,9.839336187136658,0.0,0.0,1.3439851670008165,0.5881003777660012,-0.8087879485201833,0.0
43.872,0.0,0.0,9.78055689471963,0.0,0.0,1.3121353941236162,0.5709935468135966,-0.8209545477657271,0.0
43.888,0.0,0.0,9.807113784800555,0.0,0.0,1.2832155925932904,0.5540207066929864,-0.8325028868150572,0.0
43.904,0.0,0.0,9.748495632124895,0.0,0.0,1.2530638074241465,0.5372186516757628,-0.8434430154383139,0.0
43.92,0.0,0.0,9.81961367661393,0.0,0.0,1.2248460257786358,0.5205860983811195,-0.8538091790162035,0.0
43.936,0.0,0.0,9.81768522468247,0.0,0.0,1.1966718692497518,0.5041450556495285,-0.8636189917227005,0.0
43.952,0.0,0.0,9.80498690473271,0.0,0.0,1.1694931817049403,0.48789953835290567,-0.8728997883348475,0.0
43.968,0.0,0.0,9.870000077234378,0.0,0.0,1.1425533703247597,0.47186358072531553,-0.8816715721770118,0.0
43.984,0.0,0.0,9.804761766125502,0.0,0.0,1.1164373010806452,0.45604249313962764,-0.8899580015096177,0.0
44.0,0.0,0.0,9.771420003328233,0.0,0.0,1.0906101501535428,0.4404456286695837,-0.8977792870109308,0.0
44.016,0.0,0.0,9.764499399845919,0.0,0.0,1.065640654339062,0.42507791748217616,-0.9051567621517372,0.0
44.032000000000004,0.0,0.0,9.860493349993558,0.0,0.0,1.0408928270986917,0.40994568634309,-0.9121099353963278,0.0
44.048,0.0,0.0,9.781101498506768,0.0,0.0,1.0165415561116051,0.3950528612876917,-0.9186583896032345,0.0
44.064,0.0,0.0,9.804166826656573,0.0,0.0,0.9932762598045494,0.38040362928114874,-0.9248205657476105,0.0
44.08,0.0,0.0,9.813713811271226,0.0,0.0,0.9702388428096179,0.36600075329706383,-0.930614554252179,0.0
44.096000000000004,0.0,0.0,9.795184012046855,0.0,0.0,0.9477356447338097,0.351846800463899,-0.9360575991910526,0.0
44.112,0.0,0.0,9.781651616057063,0.0,0.0,0.9258443652243487,0.3379434088286978,-0.9411664318436139,0.0
44.128,0.0,0.0,9.820562383922095,0.0,0.0,0.9042145271813852,0.3242918645587705,-0.94595707438604,0.0
44.144,0.0,0.0,9.837349761181668,0.0,0.0,0.8832295599094137,0.3108927948903377,-0.9504449853017661,0.0
44.160000000000004,0.0,0.0,9.758156182869461,0.0,0.0,0.8624920583447979,0.29774644881395207,-0.9546449875313234,0.0
44.176,0.0,0.0,9.736867734939416,0.0,0.0,0.8425744556447653,0.28485257904115596,-0.9585713370498838,0.0
44.192,0.0,0.0,9.851615637983999,0.0,0.0,0.8228378119885617,0.27221058650178326,-0.962237702751433,0.0
44.208,0.0,0.0,9.813219104845498,0.0,0.0,0.8033367905081867,0.25981948467916677,-0.9656572038674243,0.0
44.224000000000004,0.0,0.0,9.850445438743064,0.0,0.0,0.7845801825440238,0.24767798045601735,-0.9688424113328383,0.0
44.24,0.0,0.0,9.86386237042955,0.0,0.0,0.7660750194654122,0.23578447309839082,-0.9718053726162015,0.0
44.256,0.0,0.0,9.863408383151228,0.0,0.0,0.7480160346856637,0.2241371043520611,-0.9745576219252884,0.0
44.272,0.0,0.0,9.811867619074697,0.0,0.0,0.7303632833092054,0.21273377089501305,-0.9771101998857591,0.0
44.288000000000004,0.0,0.0,9.76509916595488,0.0,0.0,0.7130481423203543,0.2015721587137161,-0.9794736672476156,0.0
44.304,0.0,0.0,9.823049623614034,0.0,0.0,0.6961835746932719,0.1906497597617817,-0.9816581223128421,0.0
44.32,0.0,0.0,9.767540817568403,0.0,0.0,0.6797156923982562,0.17996389758729098,-0.9836732158421266,0.0
44.336,0.0,0.0,9.809573386767434,0.0,0.0,0.6633292414994387,0.16951174426621957,-0.9855281673071674,0.0
44.352000000000004,0.0,0.0,9.894567142519877,0.0,0.0,0.6477027496550807,0.15929034061214797,-0.9872317799724976,0.0
44.368,0.0,0.0,9.802898749933581,0.0,0.0,0.6322408622057973,0.1492966118226067,-0.9887924563316055,0.0
44.384,0.0,0.0,9.847481636505613,0.0,0.0,0.6169596951207598,0.1395273839494482,-0.9902182128845256,0.0
44.4,0.0,0.0,9.823872349740366,0.0,0.0,0.6021674197404856,0.12997939773724682,-0.991516694848787,0.0
44.416000000000004,0.0,0.0,9.800949435982561,0.0,0.0,0.5878752367854122,0.12064932227246475,-0.9926951903959216,0.0
44.432,0.0,0.0,9.868272291075716,0.0,0.0,0.5736697290597461,0.11153376693971793,-0.9937606446384545,0.0
44.448,0.0,0.0,9.767653168563525,0.0,0.0,0.5598893088714422,0.1026292928093536,-0.9947196732031854,0.0
44.464,0.0,0.0,9.744952240192697,0.0,0.0,0.546236740810022,0.09393242281939962,-0.9955785754742204,0.0
44.480000000000004,0.0,0.0,9.846788582220814,0.0,0.0,0.5329366746121249,0.08543965128400142,-0.996343347440263,0.0
44.496,0.0,0.0,9.788633562665495,0.0,0.0,0.5199972812233047,0.07714745247397467,-0.9970196941769885,0.0
44.512,0.0,0.0,9.848284071657252,0.0,0.0,0.5073876687440422,0.06905228853400602,-0.9976130419397174,0.0
44.528,0.0,0.0,9.91060173790616,0.0,0.0,0.4948793851024779,0.061150616649092285,-0.9981285498789403,0.0
44.544000000000004,0.0,0.0,9.828713311526224,0.0,0.0,0.48288680311181537,0.05343889560223997,-0.9985711213713387,0.0
44.56,0.0,0.0,9.822700558632684,0.0,0.0,0.4708804091508774,0.04591359170723035,-0.9989454149734818,0.0
44.576,0.0,0.0,9.844270012716322,0.0,0.0,0.45936476421422207,0.03857118420093094,-0.9992558549987776,0.0
44.592,0.0,0.0,9.779311202344656,0.0,0.0,0.4479432123856242,0.031408170107857306,-0.9995066417240439,0.0
44.608000000000004,0.0,0.0,9.826319086948494,0.0,0.0,0.43682141315486944,0.024421068633191552,-0.9997017612302246,0.0
44.624,0.0,0.0,9.787878409951041,0.0,0.0,0.4260183885148311,0.01760642510730351,-0.9998449948841777,0.0
44.64,4.947403015790179,-0.030378868614873992,9.772810601666006,0.0,0.0,0.37803279922832916,0.011558907662511254,-0.9999331935952771,0.0
44.656,5.00002994926428,0.00383572058661615,9.780769488679889,0.0,0.0,0.3299991400889021,0.006278947857615028,-0.9999802872126039,0.0
44.672000000000004,4.998014403917076,0.030145227857439227,9.793306353625379,0.0,0.0,0.2819629158754685,0.0017668076291376565,-0.9999984391941827,0.0
44.688,4.96837374425681,0.0487965275194369,9.851178273847916,0.0,0.0,0.23404392344754846,-0.00197737401263779,-0.9999980449940961,0.0
44.704,4.978279030812379,0.05977456454973788,9.807144345664701,0.0,0.0,0.1860088474184622,-0.004953541069892995,-0.999987731140172,0.0
44.72,5.019999181770157,0.06318413931226848,9.802753279276574,0.0,0.0,0.13802477837861,-0.007161687432894705,-0.9999743547877183,0.0
44.736000000000004,4.989780815631079,0.05894571676830938,9.821508236464961,0.0,0.0,0.09000880817549914,-0.008601830548723639,-0.9999630035712377,0.0
44.752,4.964617457879983,0.046939581708733046,9.817601804321503,0.0,0.0,0.04201081960165972,-0.009273991884626099,-0.9999569956125735,0.0
44.768,4.9971257537333384,0.02740974850863287,9.843211513268868,0.0,0.0,-0.005988881510237845,-0.009178184186311417,-0.9999578795804562,0.0
44.784,5.009894301254066,-0.0026653158976658715,9.877328129523331,0.0,0.0,-0.02067791644746051,-0.00884739824517416,-0.9999608610062154,0.0
44.800000000000004,4.974048703137341,-0.014932301985196447,9.796964405211078,0.0,0.0,-0.020386319881493198,-0.008521273865231743,-0.9999636932867682,0.0
44.816,5.028342396811768,-0.016280712651345907,9.806518652778824,0.0,0.0,-0.02010615300971489,-0.008199681846351769,-0.999966382043726,0.0
44.832,4.992782172437555,-0.01768542678662512,9.774391857049501,0.0,0.0,-0.01982291167362866,-0.00788249616754062,-0.999968932644494,0.0
44.848,4.988654854231363,-0.019159135470055034,9.767014960875727,0.0,0.0,-0.019555369785076875,-0.007569593846780813,-0.9999713502140924,0.0
44.864000000000004,5.005753592306527,-0.02041206142723407,9.791302130287946,0.0,0.0,-0.01929674559049495,-0.007260854805483776,-0.9999736396463127,0.0
44.88,5.011484210721825,-0.02153830487012284,9.803425571010582,0.0,0.0,-0.019045206485179905,-0.006956161737226603,-0.9999758056142588,0.0
44.896,5.011067024862323,-0.022791170879902695,9.863388079362345,0.0,0.0,-0.01879994035518798,-0.006655399980458506,-0.9999778525802961,0.0
44.912,4.994849680610314,-0.02419482108246365,9.77582072570935,0.0,0.0,-0.018557924290140904,-0.006358457394855914,-0.9999797848054519,0.0
44.928000000000004,5.006371063813358,-0.02521682241241197,9.872507559422141,0.0,0.0,-0.01832992798081855,-0.006065224241032587,-0.9999816063582901,0.0
44.944,5.0049027122663485,-0.026339752189631895,9.795273824883648,0.0,0.0,-0.01810124391278037,-0.0057755930633034865,-0.9999833211232911,0.0
44.96,5.011898384874172,-0.027456023995490544,9.79899383779705,0.0,0.0,-0.017884927947786452,-0.005489458575221058,-0.9999849328087653,0.0
44.976,4.989143643502906,-0.028741048502447596,9.809167861637505,0.0,0.0,-0.01767086491066496,-0.005206717547590875,-0.9999864449543202,0.0
44.992000000000004,4.9987058567291625,-0.029714755891855092,9.886401666947377,0.0,0.0,-0.01746608967519181,-0.004927268698689638,-0.999987860937907,0.0
45.008,4.965036303599203,-0.030610086954990477,9.773435130972475,0.0,0.0,-0.017265508710531213,-0.004651012586407863,-0.9999891839824676,0.0
45.024,5.008714814359674,-0.03157330980990682,9.797838357207695,0.0,0.0,-0.017071601422746698,-0.004377851502029465,-0.9999904171621977,0.0
45.04,4.996210467698237,-0.03287282915033028,9.82400981208116,0.0,0.0,-0.016885774148346324,-0.0041076893653726985,-0.9999915634084507,0.0
45.056,4.97477184913558,-0.03396762996555591,9.840992364289177,0.0,0.0,-0.016703217502732962,-0.003840431621004938,-0.9999926255152907,0.0
45.072,5.015848308163684,-0.03450362041063244,9.773859962501257,0.0,0.0,-0.01652698944352366,-0.003575985135241072,-0.9999936061447156,0.0
45.088,4.984755218082196,-0.035643668436000954,9.793943926413307,0.0,0.0,-0.016355809878118823,-0.0033142580936272163,-0.9999945078315626,0.0
45.104,4.987480300434425,-0.03670298171473487,9.753598254202368,0.0,0.0,-0.016194444507485316,-0.0030551598986056578,-0.9999953329881065,0.0
45.12,5.0069813220095885,-0.0377770141268339,9.848858542881691,0.0,0.0,-0.016037246838319235,-0.002798601067040486,-0.9999960839083659,0.0
45.136,1.2529141960279957,-0.03953365081319774,9.828176669422826,0.0,0.0,-0.015883389980350417,-0.0025444931272788473,-0.9999967627721228,0.0
45.152,1.507496789953825e-05,-0.03965678350999319,9.856957794902492,0.0,0.0,-0.01573013247314983,-0.0022927886725414653,-0.9999973715565972,0.0
45.168,1.4738063670171744e-05,-0.03922687094510452,9.827597607962504,0.0,0.0,-0.015585305180035511,-0.002043454146763364,-0.9999979121453955,0.0
45.184,1.4530375944714876e-05,-0.0391749221233867,9.748129068832322,0.0,0.0,-0.015436546994173997,-0.0017964563723007778,-0.9999983863709493,0.0
45.2,1.4298626801314222e-05,-0.038599642975446595,9.838466168590566,0.0,0.0,-0.015293106512043499,-0.0015517625432765912,-0.9999987960157799,0.0
45.216,1.4110655781318317e-05,-0.038387269835699074,9.780283670081873,0.0,0.0,-0.015150576873280754,-0.001309340218968891,-0.9999991428137281,0.0
45.232,1.3674562214573595e-05,-0.037698556314486556,9.836131438411762,0.0,0.0,-0.015011458927171305,-0.0010691573172409037,-0.9999994284511522,0.0
45.248,1.3458485415975443e-05,-0.03742015509016333,9.782468401741633,0.0,0.0,-0.014873028016767521,-0.0008311821080110643,-0.999999654568092,0.0
45.264,1.3204155714594164e-05,-0.03733058979142639,9.793239116264619,0.0,0.0,-0.01473902511270899,-0.0005953832067566071,-0.999999822759403,0.0
45.28,1.2956103573218611e-05,-0.036733935849021696,9.830970461422124,0.0,0.0,-0.014602798025903854,-0.0003617295680534219,-0.9999999345758577,0.0
45.296,1.2784556731897223e-05,-0.03652198369191258,9.872366049711324,0.0,0.0,-0.014469717569146221,-0.00013019047914378156,-0.9999999915252196,0.0
45.312,1.2494650914480462e-05,-0.035889574230984815,9.844520584197998,0.0,0.0,-0.01433981343427619,9.926444646621696e-05,-0.9999999950732849,0.0
45.328,1.2322723038547058e-05,-0.035551990905056924,9.776523134354084,0.0,0.0,-0.014212040999063867,0.00032666527538033314,-0.9999999466448976,0.0
45.344,1.2100538421606217e-05,-0.03527358292114973,9.784685888138998,0.0,0.0,-0.014086399693878355,0.0005520417606738082,-0.9999998476249357,0.0
45.36,1.1908075900418956e-05,-0.035039469673196974,9.79440446884252,0.0,0.0,-0.013961278020996143,0.0007754233482224544,-0.9999996993592704,0.0
45.376,1.16212146887712e-05,-0.03471061775292354,9.870493765126398,0.0,0.0,-0.013842805352656922,0.000996839183025807,-0.9999995031556982,0.0
45.392,1.1393480103116914e-05,-0.03462968843091871,9.867507279502169,0.0,0.0,-0.013718511359127519,0.0012163181155123,-0.9999992602848473,0.0
45.408,1.1223978567279469e-05,-0.03453918721907902,9.753634406858449,0.0,0.0,-0.013597895086554282,0.0014338887078335235,-0.9999989719810584,0.0
45.424,1.1025934363790817e-05,-0.03403035724102124,9.886645185789344,0.0,0.0,-0.013479337434832945,0.0016495792401568516,-0.9999986394432399,0.0
45.44,1.087757079192392e-05,-0.03360300922710722,9.79207120136832,0.0,0.0,-0.013366281648030567,0.00186341771695017,-0.9999982638356991,0.0
45.456,1.0659322066461353e-05,-0.03354916700868946,9.869070075982464,0.0,0.0,-0.013251031922241694,0.002075431873268892,-0.9999978462889505,0.0
45.472,1.042222734225635e-05,-0.03318756081039643,9.7956638474112,0.0,0.0,-0.013138380411199573,0.002285649181048763,-0.9999973879004991,0.0
45.488,1.0283617534365852e-05,-0.032841047931400476,9.785545403155027,0.0,0.0,-0.013026457202504685,0.0024940968554035335,-0.9999968897356011,0.0
45.504,1.012007926654755e-05,-0.03251082838563743,9.848244452983735,0.0,0.0,-0.012919407765147916,0.002700801860939901,-0.999996352828003,0.0
45.52,9.979001477013431e-06,-0.0323318436406047,9.784779595227015,0.0,0.0,-0.01281162038785022,0.0029057909180825745,-0.9999957781806583,0.0
45.536,9.767677820616195e-06,-0.032062223078905,9.84808772008449,0.0,0.0,-0.012705959418226515,0.0031090905094276447,-0.9999951667664222,0.0
45.552,9.639312365991948e-06,-0.03180499274173032,9.885767904611784,0.0,0.0,-0.012602655224840083,0.003310726886112666,-0.9999945195287252,0.0
45.568,9.465731974272817e-06,-0.03176352405600067,9.820873220157392,0.0,0.0,-0.012500234753830239,0.003510726074225648,-0.9999938373822271,0.0
45.584,9.338475251985746e-06,-0.03126695363664708,9.773823906976403,0.0,0.0,-0.012397520215304644,0.003709113881242679,-0.9999931212134492,0.0
45.6,9.087580878294268e-06,-0.030856487037056544,9.865143582287036,0.0,0.0,-0.012300717798755252,0.00390591590250929,-0.9999923718813871,0.0
45.616,9.00563278261754e-06,-0.03074044686486364,9.788466506603902,0.0,0.0,-0.012201754404425865,0.004101157527766822,-0.999991590218104,0.0
45.632,8.826863525443583e-06,-0.030638814483969996,9.835522885485315,0.0,0.0,-0.012107120890245841,0.00429486394772869,-0.9999907770293038,0.0
45.648,8.79897459104231e-06,-0.03036726169377624,9.832317869450565,0.0,0.0,-0.012011685042237819,0.004487060160717608,-0.9999899330948859,0.0
45.664,8.648929488355948e-06,-0.030006648347746714,9.751843265326821,0.0,0.0,-0.011919209239553981,0.00467777097936195,-0.9999890591694814,0.0
45.68,8.477897440525892e-06,-0.029889881215779446,9.79097817387208,0.0,0.0,-0.011830235392497473,0.004867021037365485,-0.9999881559829705,0.0
45.696,8.372543227033482e-06,-0.02983053109888296,9.776226947681316,0.0,0.0,-0.011737619885475612,0.00505483479635395,-0.999987224240981,0.0
45.712,8.249167813828855e-06,-0.029420630294714284,9.810004498786174,0.0,0.0,-0.011650410847544054,0.005241236552804714,-0.9999862646253685,0.0
45.728,8.10764579657077e-06,-0.02894165018957175,9.81499700191792,0.0,0.0,-0.011566743248037725,0.0054262504450692485,-0.999985277794682,0.0
45.744,7.993207159587859e-06,-0.02884590943209678,9.790480743257389,0.0,0.0,-0.011477944242021301,0.005609900460495045,-0.9999842643846069,0.0
45.76,7.856037214336183e-06,-0.028700701837442943,9.772439222759433,0.0,0.0,-0.011393175980290451,0.005792210442657186,-0.999983225008394,0.0
45.776,7.723749517310603e-06,-0.028555549655038166,9.762157415703978,0.0,0.0,-0.011310569822678598,0.005973204098706198,-0.9999821602572694,0.0
45.792,7.717154175514221e-06,-0.02797123894729422,9.857614894463978,0.0,0.0,-0.01123272568029639,0.006152905006844611,-0.9999810707008292,0.0
45.808,7.544866391132402e-06,-0.02807199523562811,9.764969059984237,0.0,0.0,-0.011151024690100183,0.006331336623937081,-0.999979956887414,0.0
45.824,7.466762292891004e-06,-0.02787073075592626,9.8340054292791,0.0,0.0,-0.011075958091551106,0.006508522293271827,-0.9999788193444691,0.0
45.84,7.289877075265065e-06,-0.027635727079835044,9.911713242546869,0.0,0.0,-0.010999786600011158,0.006684485252478683,-0.9999776585788853,0.0
45.856,7.2940604988396365e-06,-0.027362815993942018,9.759596418325405,0.0,0.0,-0.010922369878439458,0.006859248641618867,-0.9999764750773252,0.0
45.872,7.120499293176588e-06,-0.027238563864973184,9.83183329424571,0.0,0.0,-0.010851205574368781,0.007032835511456637,-0.9999752693065308,0.0
45.888,7.01566962106461e-06,-0.027197986111312238,9.819288753488264,0.0,0.0,-0.010777884771577508,0.0072052688319288166,-0.9999740417136135,0.0
45.904,6.940000319759005e-06,-0.026848313292143287,9.79445630084812,0.0,0.0,-0.010706599699587802,0.0073765715008250535,-0.9999727927263288,0.0
45.92,6.860954130803573e-06,-0.026804832921248852,9.85515394031592,0.0,0.0,-0.01063935949400355,0.007546766352693893,-0.9999715227533323,0.0
45.936,6.747977296992604e-06,-0.026716185072468594,9.827877245816408,0.0,0.0,-0.010571000059163971,0.00771587616798929,-0.9999702321844187,0.0
45.952,6.655125756884427e-06,-0.02629493061647611,9.758390688978562,0.0,0.0,-0.010504476120327873,0.007883923682481109,-0.9999689213907444,0.0
45.968,6.6099411695495285e-06,-0.026312872736106392,9.8330220790317,0.0,0.0,-0.0104378007274353,0.008050931596937115,-0.9999675907250302,0.0
45.984,6.501043088098029e-06,-0.02602717020854236,9.79429323848533,0.0,0.0,-0.0103738835018485,0.008216922587105742,-0.9999662405217478,0.0
46.0,6.4304266996393894e-06,-0.025764219931157163,9.764971007733275,0.0,0.0,-0.010312126632234873,0.008381919314017003,-0.9999648710972869,0.0
46.016,6.333428581097442e-06,-0.02592157422300187,9.812455288739502,0.0,0.0,-0.01025245985372509,0.00854594443462099,-0.9999634827501056,0.0
46.032000000000004,6.296792916880681e-06,-0.02569529433418717,9.843989666612378,0.0,0.0,-0.010193364337215719,0.008709020612791956,-0.999962075760859,0.0
46.048,6.179978015739601e-06,-0.02556380057671261,9.808276269374659,0.0,0.0,-0.010134237725689894,0.008871170530723291,-0.9999606503925116,0.0
46.064,6.111455293909628e-06,-0.025420726987257728,9.806350205367021,0.0,0.0,-0.010078489493216205,0.009032416900735108,-0.9999592068904269,0.0
46.08,6.023699836353114e-06,-0.025251146830264283,9.751332268298835,0.0,0.0,-0.010024361422271427,0.009192782477531738,-0.9999577454824383,0.0
46.096000000000004,6.025276974269165e-06,-0.02497556447739144,9.880327500012204,0.0,0.0,-0.009968840187431872,0.009352290070934433,-0.9999562663788998,0.0
46.112,5.94234147537485e-06,-0.024942724467436186,9.729428755913387,0.0,0.0,-0.009918139849866364,0.009510962559127879,-0.9999547697727127,0.0
46.128,5.847258695180239e-06,-0.024800544832015173,9.791083210958018,0.0,0.0,-0.00986669211276637,0.00966882290244849,-0.9999532558393325,0.0
46.144,5.807976210147245e-06,-0.02448945137364076,9.790457379707926,0.0,0.0,-0.009816091501375815,0.009825894157767752,-0.9999517247367496,0.0
46.160000000000004,5.801939690460334e-06,-0.02453827232144168,9.814587138820125,0.0,0.0,-0.009769832737116624,0.009982199493494144,-0.9999501766054507,0.0
46.176,5.720740938559397e-06,-0.024471350535199467,9.823549526987925,0.0,0.0,-0.009724079750678934,0.010137762205257961,-0.9999486115683494,0.0
46.192,5.656602336141024e-06,-0.024281379747849312,9.799415530648945,0.0,0.0,-0.009677000716172657,0.010292605732312403,-0.999947029730695,0.0
46.208,5.546833400642514e-06,-0.024308035124243586,9.820638274233591,0.0,0.0,-0.009635423363028967,0.010446753674713436,-0.9999454311799518,0.0
46.224000000000004,5.566373707347346e-06,-0.024085006736410328,9.801291165371023,0.0,0.0,-0.009592794082232283,0.01060022981133,-0.9999438159856517,0.0
46.24,5.510739535829642e-06,-0.02398349950388661,9.716401086670789,0.0,0.0,-0.009552083420830814,0.010753058118750625,-0.999942184199214,0.0
46.256,5.48431048941927e-06,-0.023683336421143467,9.783410530954692,0.0,0.0,-0.009513192873312848,0.0109052627911491,-0.9999405358537357,0.0
46.272,5.446798437598006e-06,-0.023830458762513128,9.769364507391863,0.0,0.0,-0.009476160356921998,0.011056868261183331,-0.9999388709637479,0.0
46.288000000000004,5.370373590943762e-06,-0.02358464977795162,9.788630386618523,0.0,0.0,-0.009439390090014639,0.011207899222008122,-0.9999371895249368,0.0
46.304,5.337695836093233e-06,-0.023410781652872383,9.807696026885136,0.0,0.0,-0.009406342055484051,0.011358380650483639,-0.999935491513827,0.0
46.32,5.269605724057564e-06,-0.02333363248606365,9.834252695831823,0.0,0.0,-0.009372628376178202,0.011508337831675384,-0.9999337768874257,0.0
46.336,5.228284391372584e-06,-0.02347214778435657,9.827017289501375,0.0,0.0,-0.009341861416190037,0.011657796384741138,-0.9999320455828246,0.0
46.352000000000004,5.223971973233884e-06,-0.023266566745606523,9.763361120374537,0.0,0.0,-0.009312301303024137,0.011806782290326086,-0.9999302975167563,0.0
46.368,5.193759633030832e-06,-0.023222177559690933,9.801554968217978,0.0,0.0,-0.00928390171349929,0.01195532191957263,-0.9999285325851042,0.0
46.384,5.1633069317280824e-06,-0.02321944795819252,9.858042879681665,0.0,0.0,-0.009258672681073724,0.012103442064886522,-0.9999267506623583,0.0
46.4,5.13688865355633e-06,-0.02308288797685286,9.79477477102787,0.0,0.0,-0.009233341626776177,0.012251169972596072,-0.9999249516010202,0.0
46.416000000000004,5.096610258336774e-06,-0.023236700549064647,9.746135525802192,0.0,0.0,-0.009210061316695963,0.012398533377665064,-0.9999231352309451,0.0
46.432,5.058324349825325e-06,-0.023321673230701036,9.808802565812922,0.0,0.0,-0.009190392570419344,0.01254556054063213,-0.9999213013586226,0.0
46.448,5.072201062659888e-06,-0.022916391038776456,9.77929478998551,0.0,0.0,-0.009171063181346945,0.012692280286959026,-0.9999194497663886,0.0
46.464,5.058202891952503e-06,-0.022922807882423835,9.776150485700848,0.0,0.0,-0.009155426366980012,0.01283872204900221,-0.9999175802115635,0.0
46.480000000000004,5.02786976180071e-06,-0.022923292926719012,9.860435358312273,0.0,0.0,-0.009138636644398753,0.012984915910833677,-0.9999156924255107,0.0
46.496,5.004974666983594e-06,-0.022757825315660837,9.695721323009039,0.0,0.0,-0.009124832156669406,0.013130892656159686,-0.9999137861126091,0.0
46.512,4.976895018252615e-06,-0.022744610619582314,9.827819272508354,0.0,0.0,-0.00911365579403818,0.01327668381961659,-0.9999118609491309,0.0
46.528,4.990768579690874e-06,-0.022849458127360594,9.910006347638898,0.0,0.0,-0.009103310393332776,0.013422321741751848,-0.9999099165820193,0.0
46.544000000000004,4.986036452301923e-06,-0.02268189773445077,9.770824209003187,0.0,0.0,-0.009096508600105241,0.013567839628024951,-0.9999079526275547,0.0
46.56,4.9775858320571085e-06,-0.02275627326659286,9.787836012749398,0.0,0.0,-0.00908895015826389,0.013713271612206954,-0.9999059686698994,0.0
46.576,4.970599309561945e-06,-0.022577445313467736,9.777031675988095,0.0,0.0,-0.009086669013582831,0.013858652824592763,-0.999903964259512,0.0
46.592,4.916894952997138e-06,-0.02261040111637639,9.779816946846154,0.0,0.0,-0.0090848733248861,0.014004019465489221,-0.9999019389114165,0.0
46.608000000000004,4.948643385208432e-06,-0.022764833687437588,9.785499659485438,0.0,0.0,-0.009087608100972288,0.014149408884499733,-0.9998998921033141,0.0
46.624,4.961023194264955e-06,-0.022653880992727533,9.752748489926025,0.0,0.0,-0.009092752318908168,0.01429485966616741,-0.9998978232735206,0.0
46.64,4.990982062595358e-06,-0.022719993363881773,9.845284545400098,0.0,0.0,-0.00909834775311855,0.01444041172263466,-0.9998957318187136,0.0
46.656,4.960995092577743e-06,-0.02261350909141013,9.77442605777679,0.0,0.0,-0.009106382173821516,0.014586106394024185,-0.9998936170914695,0.0
46.672000000000004,4.958894112162647e-06,-0.022818168145156536,9.783941622151879,0.0,0.0,-0.009119756711248206,0.014731986557354644,-0.9998914783975679,0.0
46.688,5.007195323744858e-06,-0.022654369458996924,9.827297300137225,0.0,0.0,-0.009133574304533836,0.014878096744889074,-0.9998893149930397,0.0
46.704,4.99147501432073e-06,-0.022621964629600817,9.792764957691965,0.0,0.0,-0.009149703465056776,0.015024483272942837,-0.9998871260809298,0.0
46.72,5.005760268707669e-06,-0.022850372847101494,9.81195718483303,0.0,0.0,-0.009172574863787522,0.015171194382289357,-0.9998849108077463,0.0
46.736000000000004,5.01625861137294e-06,-0.022938972371719556,9.774696599823994,0.0,0.0,-0.009193517535079661,0.01531828039146744,-0.9998826682595555,0.0
46.752,5.075037923222479e-06,-0.022965223165797535,9.795244437237967,0.0,0.0,-0.009219595623927499,0.015465793864456906,-0.999880397457687,0.0
46.768,5.104744182762735e-06,-0.02306715004661642,9.761544049210887,0.0,0.0,-0.009252046456327474,0.015613789794390794,-0.9998780973540009,0.0
46.784,5.1271835570878655e-06,-0.023164221202520256,9.809979869477223,0.0,0.0,-0.009283574984534288,0.015762325805203283,-0.9998757668256645,0.0
46.800000000000004,5.207386902446604e-06,-0.023248862260678245,9.74400611336527,0.0,0.0,-0.009322882546453502,0.015911462373376106,-0.9998734046693815,0.0
46.816,5.230881298576703e-06,-0.02328618818548746,9.842084465754404,0.0,0.0,-0.00936319738917393,0.01606126307225741,-0.9998710095949997,0.0
46.832,5.29700886294377e-06,-0.023474948768396314,9.820539678563408,0.0,0.0,-0.00940906893378952,0.016211794841795957,-0.9998685802184243,0.0
46.848,5.354458504537223e-06,-0.023572703982496817,9.817669256330184,0.0,0.0,-0.009459634110302054,0.0163631282869447,-0.9998661150537431,0.0
46.864000000000004,5.393784769607115e-06,-0.02370216567155483,9.881025793968112,0.0,0.0,-0.009515094705019949,0.01651533800849933,-0.9998636125044582,0.0
46.88,5.4490411414181945e-06,-0.023893351294514344,9.82647535251691,0.0,0.0,-0.009573715320848547,0.016668502970721914,-0.9998610708537037,0.0
46.896,5.5142714755055845e-06,-0.02388703802793593,9.848514742196242,0.0,0.0,-0.009638848690440379,0.016822706910783226,-0.9998584882533099,0.0
46.912,5.603853072704638e-06,-0.024096363956706144,9.867229211671434,0.0,0.0,-0.00970939934271923,0.016978038795900652,-0.9998558627115435,0.0
46.928000000000004,5.656429115961783e-06,-0.024371746046760463,9.727605026450101,0.0,0.0,-0.009788076881044466,0.01713459333501754,-0.999853192079339,0.0
46.944,-2.7428035267768,-0.024923146602946315,9.833371714251687,0.0,0.0,-0.009870448676459304,0.01729247155304626,-0.9998504740347864,0.0
46.96,-3.4090593643516103,-0.024721037418891024,9.786046599882232,0.0,0.0,-0.00995305942109559,0.01745171062189044,-0.999847707301652,0.0
46.976,-3.040259630415253,-0.024347312318017938,9.860270345924334,0.0,0.0,-0.010041115072266392,0.01761233006577116,-0.9998448908854086,0.0
46.992000000000004,-3.094996015378363,-0.024211555299269518,9.79923694439561,0.0,0.0,-0.010129897260218535,0.017774357512280844,-0.9998420236292461,0.0
47.008,-2.9664796158721582,-0.023890366644248182,9.802512595237415,0.0,0.0,-0.010218167234389572,0.017937818550793013,-0.9998391043891208,0.0
47.024,-2.913468911856744,-0.023623228330485503,9.803199704167387,0.0,0.0,-0.010309220619595398,0.018102740798955803,-0.9998361319614161,0.0
47.04,-2.8776553379433696,-0.023185209567726746,9.7390995471911,0.0,0.0,-0.010403774501979912,0.018269152347949093,-0.9998331051092915,0.0
47.056000000000004,-2.7899501317227626,-0.02290178600080065,9.759866360063974,0.0,0.0,-0.010496739019110586,0.01843708243632105,-0.9998300225494513,0.0
47.072,-2.7558362005022707,-0.02285512035275676,9.78425447682722,0.0,0.0,-0.010595204260850392,0.01860656124467585,-0.9998268829545683,0.0
47.088,-2.6936809373972572,-0.02243792876586568,9.785665492880204,0.0,0.0,-0.010693769966998305,0.01877762004207764,-0.9998236849492793,0.0
47.104,-2.641220780716279,-0.022122551294968054,9.801910750984156,0.0,0.0,-0.01079348557311762,0.018950291196920658,-0.9998204271085643,0.0
47.12,-2.5902079931369437,-0.02183050740862477,9.804280745108107,0.0,0.0,-0.010898467337009754,0.019124608245546477,-0.9998171079549771,0.0
47.136,-2.528292769182,-0.021724666120562973,9.857715958839712,0.0,0.0,-0.011000240518126288,0.01930060594231803,-0.99981372595612,0.0
47.152,-2.4793579569232267,-0.021307927391798074,9.852177958777432,0.0,0.0,-0.011109398751478303,0.019478320321695324,-0.9998102795217928,0.0
47.168,-2.424372951196065,-0.02118490634514496,9.809836128499724,0.0,0.0,-0.011218514437214274,0.019657788760550934,-0.9998067670010269,0.0
47.184,-2.3932081752455288,-0.020863702321178134,9.838613017963604,0.0,0.0,-0.011330277527344465,0.01983905004574749,-0.9998031866788997,0.0
47.2,-2.3301652502614068,-0.020662265951954386,9.771708071426385,0.0,0.0,-0.011446946208792793,0.020022144445396753,-0.9997995367731511,0.0
47.216,-2.275728708782894,-0.020342018089900354,9.777417975431831,0.0,0.0,-0.011564963731180952,0.020207113784861,-0.9997958154305738,0.0
47.232,-2.232867554265708,-0.02029894312399465,9.793020806324167,0.0,0.0,-0.011684961079062157,0.020394001527547567,-0.9997920207231574,0.0
47.248,-2.193660297739748,-0.02004359470319167,9.837745310361624,0.0,0.0,-0.011804737827346675,0.020582852861003028,-0.9997881506439765,0.0
47.264,-2.140962727096625,-0.019674135808999207,9.824683706279211,0.0,0.0,-0.011933342648539486,0.020773714788669545,-0.999784203102789,0.0
47.28,-2.088739286535515,-0.0196727411519954,9.857092822368346,0.0,0.0,-0.012058910781904787,0.020966636227776867,-0.9997801759213333,0.0
47.296,-2.0455581233228384,-0.019451093575819676,9.781510007423634,0.0,0.0,-0.012190815596578045,0.02116166811386832,-0.9997760668282866,0.0
47.312,-1.9996584751040336,-0.01925403291477919,9.842502724608574,0.0,0.0,-0.012327209373213743,0.021358863512496745,-0.9997718734538668,0.0
47.328,-1.9765994951567136,-0.019097737130859414,9.808340949077186,0.0,0.0,-0.012468155951140217,0.021558277738702787,-0.999767593324039,0.0
47.344,-1.9289688637053644,-0.018865824677893807,9.807409579821359,0.0,0.0,-0.01261040564487872,0.021759968484920882,-0.9997632238542961,0.0
47.36,-1.8827448239035105,-0.01878274188191561,9.857345043234192,0.0,0.0,-0.012753885858993204,0.021963995958048366,-0.9997587623429738,0.0
47.376,-1.839570697848417,-0.018486931514064633,9.817819730057797,0.0,0.0,-0.01290530188247709,0.022170423026465318,-0.9997542059640597,0.0
47.392,-1.8071638250567488,-0.01841212993177771,9.848224220843132,0.0,0.0,-0.013058920256351325,0.022379315377892214,-0.999749551759448,0.0
47.408,-1.775130846959028,-0.018221606628559154,9.825880247523001,0.0,0.0,-0.013215369374975186,0.02259074168905668,-0.9997447966305895,0.0
47.424,-1.7354841339133538,-0.01803020177747062,9.781996841917984,0.0,0.0,-0.013380883999414755,0.022804773808239965,-0.9997399373294812,0.0
47.44,-1.6985934829201499,-0.017902736493106277,9.80145575053777,0.0,0.0,-0.013547686370109962,0.023021486951899726,-0.9997349704489303,0.0
47.456,-1.6584170020589788,-0.017701181945018594,9.809975885813145,0.0,0.0,-0.0137198184007015,0.023240959916688068,-0.9997298924120209,0.0
47.472,-1.6385050970227104,-0.017558700832625385,9.801125083991773,0.0,0.0,-0.013894436629424555,0.023463275308338197,-0.9997246994607091,0.0
47.488,-1.588495280006194,-0.01744671190069875,9.803254455357992,0.0,0.0,-0.014082223126579061,0.023688519789044123,-0.9997193876434547,0.0
47.504,-1.5576270989328564,-0.017162411408117733,9.76502458182483,0.0,0.0,-0.014269940486771738,0.023916784345172665,-0.9997139528017934,0.0
47.52,-1.5258287653349722,-0.017117508398782115,9.843909792329532,0.0,0.0,-0.01446655159529137,0.024148164577329524,-0.9997083905557391,0.0
47.536,-1.5099948157625795,-0.016977356574431102,9.782023680663219,0.0,0.0,-0.01466678589982934,0.024382761015064296,-0.9997026962878925,0.0
47.552,-1.4763580132386085,-0.016899439005060045,9.823805192983095,0.0,0.0,-0.01487500832480485,0.024620679458768394,-0.9996968651261184,0.0
47.568,-1.4399549030734022,-0.016836751791525578,9.796950589110535,0.0,0.0,-0.015088892446645269,0.024862031351631616,-0.9996908919246341,0.0
47.584,-1.402628377286714,-0.016596728444845263,9.84779117450579,0.0,0.0,-0.015310438360816329,0.025106934184884026,-0.9996847712433334,0.0
47.6,-1.384841988891068,-0.016520876903772144,9.84597686828586,0.0,0.0,-0.015541285193574632,0.025355511939961363,-0.9996784973251462,0.0
47.616,-1.3467150338860352,-0.01629798948734033,9.786688388931113,0.0,0.0,-0.01577711693087446,0.025607895571709248,-0.9996720640712076,0.0
47.632,-1.3208061004523455,-0.016275527095658302,9.787772560309197,0.0,0.0,-0.01602612596157697,0.025864223537269675,-0.9996654650135786,0.0
47.648,-1.2893035021581074,-0.016174194830168676,9.844025472980343,0.0,0.0,-0.016281946087395145,0.026124642375944057,-0.9996586932852277,0.0
47.664,-1.2591350464242563,-0.01622795702395731,9.826463147989669,0.0,0.0,-0.016548224791690186,0.02638930734603188,-0.9996517415869374,0.0
47.68,-1.2364875132917967,-0.016052306896792795,9.878043422828389,0.0,0.0,-0.016824277077325735,0.026658383125497762,-0.9996446021507515,0.0
47.696,-1.2149454926106855,-0.01608349087401037,9.760606942953705,0.0,0.0,-0.017109994524855777,0.02693204458430175,-0.9996372666995311,0.0
47.712,-1.1830417477690225,-0.01588513487546775,9.830645962449148,0.0,0.0,-0.017410820456397875,0.027210477637359183,-0.9996297264021048,0.0
47.728,-1.1574605264041824,-0.015940250822087696,9.802634210156738,0.0,0.0,-0.017720891353372185,0.027493880188448953,-0.9996219718234405,0.0
47.744,-1.1277448530898735,-0.015856224782758624,9.75938179370057,0.0,0.0,-0.01804270310195903,0.027782463176954438,-0.9996139928691581,0.0
47.76,-1.1210758492079091,-0.01581141892878692,9.82210730644182,0.0,0.0,-0.0183811398407669,0.028076451741167564,-0.9996057787236056,0.0
47.776,-1.0887622057608972,-0.015747636032418955,9.737820630591132,0.0,0.0,-0.018733497911712724,0.028376086514089478,-0.9995973177805876,0.0
47.792,-1.070748572754948,-0.015726822217797944,9.803767047661335,0.0,0.0,-0.019104567175376532,0.028681625070240177,-0.9995885975656836,0.0
47.808,-1.0484778811629107,-0.01565582370635778,9.810947399311921,0.0,0.0,-0.019489815167118292,0.028993343545095075,-0.9995796046489125,0.0
47.824,-1.026148303821282,-0.015614965022620879,9.80924038063483,0.0,0.0,-0.019895739703399782,0.02931153845244867,-0.9995703245462776,0.0
47.84,-1.0107041884063,-0.015666969231517933,9.821660147375159,0.0,0.0,-0.020321043820420506,0.029636528729455117,-0.9995607416084669,0.0
47.856,-0.9804022494868739,-0.01567428987133981,9.840706548664738,0.0,0.0,-0.020767094259513896,0.02996865804442607,-0.9995508388946589,0.0
47.872,-0.9567290089519477,-0.015742072016439394,9.772904234839073,0.0,0.0,-0.021236265181073025,0.03030829740894434,-0.999540598029,0.0
47.888,-0.9506496899901603,-0.015643814886774757,9.772374742581905,0.0,0.0,-0.02173010609466162,0.030655848143732286,-0.9995299990368417,0.0
47.904,-0.9183649134734074,-0.01580346113255499,9.757681874741229,0.0,0.0,-0.022253769395944804,0.031011745257316217,-0.9995190201572431,0.0
47.92,-0.9041512729396093,-0.015848307876909693,9.826503362944052,0.0,0.0,-0.022802974613875544,0.03137646130838099,-0.9995076376275289,0.0
47.936,-0.885641085614824,-0.015763911817315113,9.815835034549021,0.0,0.0,-0.023390947919946694,0.031750510837288554,-0.9994958254347895,0.0
47.952,-0.8619390551823042,-0.01602451634157646,9.834401726089306,0.0,0.0,-0.024009431441798054,0.032134455470416684,-0.9994835550281056,0.0
47.968,-0.8499696346308301,-0.016044619388957314,9.863049545119628,0.0,0.0,-0.02466601269274717,0.032528909823644744,-0.9994707949838683,0.0
47.984,-0.829472832583665,-0.016006422236590212,9.805355604052654,0.0,0.0,-0.025365360968892435,0.03293454835988839,-0.9994575106147986,0.0
48.0,-0.8151465194405879,-0.016213652903681205,9.861271789563467,0.0,0.0,-0.02611515499049215,0.033352113391746194,-0.9994436635110076,0.0
48.016,-0.7984840708850879,-0.01638480224247448,9.812078162157054,0.0,0.0,-0.02690693855284447,0.03378242446648777,-0.999429210998541,0.0
48.032000000000004,-0.7775668408605276,-0.01654204563455014,9.816341566294804,0.0,0.0,-0.027762988849166774,0.03422638942996568,-0.99941410549711,0.0
48.048,-0.762359621880779,-0.016578633018543378,9.836311499801612,0.0,0.0,-0.02868308132378667,0.03468501754297138,-0.9993982937538187,0.0
48.064,-0.7491766347118102,-0.016759966894216625,9.794807808283009,0.0,0.0,-0.02967066174496977,0.03515943512418663,-0.9993817159232743,0.0
48.08,-0.7339172755356914,-0.01707723190064718,9.818269605475578,0.0,0.0,-0.030737382273228232,0.03565090432669514,-0.999364304455932,0.0
48.096000000000004,-0.721787422995887,-0.017311942021168515,9.861555051075088,0.0,0.0,-0.03189051180753723,0.03616084583213431,-0.9993459827450675,0.0
48.112,-0.7003099768635628,-0.01753553872348973,9.810620050432554,0.0,0.0,-0.03315268552772679,0.03669086648523414,-0.9993266634672382,0.0
48.128,-0.6814547400281478,-0.01787070785442182,9.798384149836435,0.0,0.0,-0.03451722896334364,0.03724279321694473,-0.9993062465297614,0.0
48.144,-0.6676118207295209,-0.018286239823003383,9.796595715084997,0.0,0.0,-0.036023577384874224,0.037818715053721974,-0.9992846165090732,0.0
48.160000000000004,-0.6598267553423491,-0.018489317857172203,9.820197049478553,0.0,0.0,-0.03767760492459456,0.03842103563948391,-0.9992616394220234,0.0
48.176,-0.640855852451606,-0.019203133850499484,9.74834000235023,0.0,0.0,-0.039499235991669636,0.039052539590297246,-0.9992371586122829,0.0
48.192,-0.6290703066471061,-0.019484176429209996,9.754054122339678,0.0,0.0,-0.04152975211101807,0.03971647729196663,-0.9992109894469321,0.0
48.208,-0.6179871363856504,-0.020115665755242946,9.831447602050009,0.0,0.0,-0.04380423026948526,0.04041667464696527,-0.9991829123891588,0.0
48.224000000000004,-0.6069562832473157,-0.020898443350237664,9.726601454924593,0.0,0.0,-0.046344028345201356,0.04115767711960734,-0.9991526638177562,0.0
48.24,-5.044897046355913,-0.028745001249164612,9.824575005617469,0.0,0.0,-0.09434345832314348,0.04266596986408779,-0.9990893929051378,0.0
48.256,-4.967061105022792,-0.04682433234719362,9.779653947094022,0.0,0.0,-0.1423622303683441,0.044941401887878187,-0.9989896247691226,0.0
48.272,-4.995446198794024,-0.05741604539274584,9.79124470851162,0.0,0.0,-0.19036006866453797,0.04798372883784667,-0.9988481174667228,0.0
48.288000000000004,-5.019825121841377,-0.059701135346539154,9.863054857170777,0.0,0.0,-0.23831749580215528,0.05179259287422376,-0.9986578629958135,0.0
48.304,-4.966775499934726,-0.055553210955637485,9.847865727925875,0.0,0.0,-0.28637230874038727,0.056367495766727255,-0.9984100888016847,0.0
48.32,-3.4750538081917624,-0.03488938366411668,9.834351491612123,0.0,0.0,-0.3343161996187379,0.06170776522170891,-0.9980942599330699,0.0
48.336,0.0,0.0,9.891567225172931,0.0,0.0,-0.3823140631537214,0.06781251445328956,-0.9976980820285877,0.0
48.352000000000004,0.0,0.0,9.838144098631933,0.0,0.0,-0.43032844388251607,0.07468059501679174,-0.9972075053507861,0.0
48.368,0.0,0.0,9.800640675738801,0.0,0.0,-0.4783202758345152,0.0823105429296413,-0.9966067301210783,0.0
48.384,0.0,0.0,9.750192569852974,0.0,0.0,-0.5264194233499941,0.09070051811348959,-0.995878213444769,0.0
48.4,0.0,0.0,9.760024814380838,0.0,0.0,-0.5743189325693243,0.09984823720190884,-0.9950026781510046,0.0
48.416000000000004,0.0,0.0,9.83863347941625,0.0,0.0,-0.6224196995946172,0.10975089977085208,-0.9939591239077633,0.0
48.432,0.0,0.0,9.800210816520599,0.0,0.0,-0.6703989595943158,0.12040510806436068,-0.9927248410068168,0.0
48.448,0.0,0.0,9.868527283468906,0.0,0.0,-0.718519085861306,0.13180678030605444,-0.9912754272478217,0.0
48.464,0.0,0.0,9.819880392843633,0.0,0.0,-0.7664398122362519,0.1439510577078924,-0.9895848083841927,0.0
48.480000000000004,0.0,0.0,9.828954926277067,0.0,0.0,-0.8142318975973891,0.15683220531185876,-0.9876252626259714,0.0
48.496,0.0,0.0,9.816021626724579,0.0,0.0,-0.8623807202219133,0.1704435068277333,-0.9853674497263774,0.0
48.512,0.0,0.0,9.835383668875322,0.0,0.0,-0.9104855371244803,0.1847771536612472,-0.9827804452088207,0.0
48.528,0.0,0.0,9.855775695412666,0.0,0.0,-0.9583315633952807,0.199824128361801,-0.9798317803196865,0.0
48.544000000000004,0.0,0.0,9.788599604488644,0.0,0.0,-1.0064204966527863,0.21557408275777573,-0.9764874883187924,0.0
48.56,0.0,0.0,9.76856428182422,0.0,0.0,-1.054142274844105,0.23201521109042875,-0.9727121577438331,0.0
48.576,0.0,0.0,9.760771886915789,0.0,0.0,-1.1023736933372636,0.2491341185045479,-0.9684689933069421,0.0
48.592,0.0,0.0,9.852384986315444,0.0,0.0,-1.1505207235896473,0.2669156853056053,-0.9637198851003538,0.0
48.608000000000004,0.0,0.0,9.865171673174638,0.0,0.0,-1.198125873073537,0.2853429274491107,-0.9584254868036282,0.0
48.624,0.0,0.0,9.77664398943516,0.0,0.0,-1.2463857956696323,0.30439685378833736,-0.9525453035965071,0.0
48.64,0.0,0.0,9.784849452010368,0.0,0.0,-1.2945172246400727,0.3240563206715214,-0.94603779048875,0.0
48.656,0.0,0.0,9.827624813952442,0.0,0.0,-1.3423733576125154,0.3442978845490393,-0.9388604617806932,0.0
48.672000000000004,0.0,0.0,9.802600699536612,0.0,0.0,-1.390474074993178,0.36509565332481975,-0.9309700123652335,0.0
48.688,0.0,0.0,9.827727796540888,0.0,0.0,-1.4383116582280997,0.3864211372642666,-0.922322451572871,0.0
48.704,0.0,0.0,9.820823645835986,0.0,0.0,-1.4861865081887793,0.4082431003529874,-0.9128732502457176,0.0
48.72,0.0,0.0,9.685873943443449,0.0,0.0,-1.5000550886176454,0.43003134683848887,-0.90281395687942,0.0
48.736000000000004,0.0,0.0,9.818477444440921,0.0,0.0,-1.500066385247091,0.45157193093159625,-0.8922347175461789,0.0
48.752,0.0,0.0,9.725874627424842,0.0,0.0,-1.4999819787169577,0.47285244704227614,-0.8811416250104925,0.0
48.768,0.0,0.0,9.833956186005281,0.0,0.0,-1.5002563822827168,0.4938606393580866,-0.8695410679736882,0.0
48.784,0.0,0.0,9.812341320565105,0.0,0.0,-1.5001719301453733,0.5145844089025057,-0.8574397273945609,0.0
48.800000000000004,0.0,0.0,9.80481426410986,0.0,0.0,-1.500226335466564,0.5350118205029406,-0.8448445726416957,0.0
48.816,0.0,0.0,9.795464338483061,0.0,0.0,-1.5000802133762419,0.555131109664397,-0.8317628574796877,0.0
48.832,0.0,0.0,9.879940921554097,0.0,0.0,-1.5000154848210978,0.5749306893448524,-0.8182021158915765,0.0
48.848,0.0,0.0,9.879006434714697,0.0,0.0,-1.4999122576369022,0.5943991566284303,-0.8041701577398972,0.0
48.864000000000004,0.0,0.0,9.82110135137673,0.0,0.0,-1.500073522843614,0.613525299292535,-0.7896750642688456,0.0
48.88,0.0,0.0,9.803322768499445,0.0,0.0,-1.4998081724746029,0.6322981022651628,-0.7747251834501533,0.0
48.896,0.0,0.0,9.781510091525766,0.0,0.0,-1.499832637973564,0.650706753968669,-0.7593291251753472,0.0
48.912,0.0,0.0,9.826602935297538,0.0,0.0,-1.4997752250178347,0.6687406525463393,-0.743495756297167,0.0
48.928000000000004,0.0,0.0,9.784200698281147,0.0,0.0,-1.4998111854047407,0.6863894119681812,-0.7272341955229928,0.0
48.944,0.0,0.0,9.81656565565092,0.0,0.0,-1.5000937123074016,0.7036428680124159,-0.7105538081632256,0.0
48.96,0.0,0.0,9.847055284642856,0.0,0.0,-1.4665107112796998,0.7201192833116945,-0.6938502848616924,0.0
48.976,0.0,0.0,9.824713043234416,0.0,0.0,-1.4333212666537032,0.7358387155199441,-0.6771568391015179,0.0
48.992000000000004,0.0,0.0,9.861443027577803,0.0,0.0,-1.4012389559424865,0.7508308100524826,-0.660494583381221,0.0
49.008,0.0,0.0,9.761418432027599,0.0,0.0,-1.3692266989816608,0.7651186323718764,-0.6438893370738402,0.0
49.024,0.0,0.0,9.83214360847762,0.0,0.0,-1.3381785623499332,0.7787290647627875,-0.6273603778480713,0.0
49.04,0.0,0.0,9.806895048354013,0.0,0.0,-1.3079202602749704,0.7916859412440126,-0.610928285837693,0.0
49.056000000000004,0.0,0.0,9.850930228807185,0.0,0.0,-1.2782410419105124,0.804014418062476,-0.5946098010861056,0.0
49.072,0.0,0.0,9.820931812474832,0.0,0.0,-1.2493280500707864,0.8157380576306911,-0.5784214910710936,0.0
49.088,0.0,0.0,9.84049586169645,0.0,0.0,-1.2209110298035908,0.8268806559582427,-0.5623774362490608,0.0
49.104,0.0,0.0,9.801606560902227,0.0,0.0,-1.1930131055401358,0.8374650023563843,-0.5464909604268137,0.0
49.120000000000005,0.0,0.0,9.809743442594314,0.0,0.0,-1.1659969298410127,0.847513638849905,-0.530773616491431,0.0
49.136,0.0,0.0,9.803280457346919,0.0,0.0,-1.1393429243288529,0.8570483319389857,-0.5152360204028851,0.0
49.152,0.0,0.0,9.815515733046189,0.0,0.0,-1.1135467793628362,0.8660903866551858,-0.4998874294713469,0.0
49.168,0.0,0.0,9.814628574651932,0.0,0.0,-1.0878575508703303,0.8746604221968401,-0.48473616106336215,0.0
49.184,0.0,0.0,9.782340703820351,0.0,0.0,-1.0630639231748726,0.8827785024198789,-0.4697894375838136,0.0
49.2,0.0,0.0,9.707067337478374,0.0,0.0,-1.038802269347784,0.8904640423834546,-0.4550536113713606,0.0
49.216,0.0,0.0,9.8352394685065,0.0,0.0,-1.014978725982007,0.8977358647018653,-0.44053412720014584,0.0
49.232,0.0,0.0,9.844928253989742,0.0,0.0,-0.9916663361302478,0.9046121634944979,-0.4262356550756915,0.0
49.248,0.0,0.0,9.83822396126482,0.0,0.0,-0.9688279901722385,0.9111105319038617,-0.41216210239887674,0.0
49.264,0.0,0.0,9.793031620995396,0.0,0.0,-0.9466379031185165,0.917247951974012,-0.3983167013815522,0.0
49.28,0.0,0.0,9.722661183171866,0.0,0.0,-0.9248221109067815,0.9230408117723261,-0.38470204028921606,0.0
49.296,0.0,0.0,9.839927391404585,0.0,0.0,-0.9034129890520616,0.9285049075013412,-0.37132012704124473,0.0
49.312,0.0,0.0,9.863747691634316,0.0,0.0,-0.8825405037018215,0.9336554574796277,-0.3581724259606077,0.0
49.328,0.0,0.0,9.824167516817699,0.0,0.0,-0.8621273587871329,0.9385071103460133,-0.34525990764926073,0.0
49.344,0.0,0.0,9.778213578246804,0.0,0.0,-0.8421465316498851,0.9430739585546924,-0.3325830854027041,0.0
49.36,0.0,0.0,9.801595301020322,0.0,0.0,-0.8225708654441147,0.9473695497732282,-0.32014205622265773,0.0
49.376,0.0,0.0,9.856330581197067,0.0,0.0,-0.8035786994275596,0.951406900696133,-0.30793653454531594,0.0
49.392,0.0,0.0,9.803780055108945,0.0,0.0,-0.7848060812615383,0.9551985101598274,-0.2959658868661153,0.0
49.408,0.0,0.0,9.825293596299707,0.0,0.0,-0.7664847621481323,0.9587563733678492,-0.28422916199174436,0.0
49.424,0.0,0.0,9.831010751949927,0.0,0.0,-0.748713041662145,0.9620919958948831,-0.27272512065264587,0.0
49.44,0.0,0.0,9.724162398092558,0.0,0.0,-0.7311223372484104,0.9652164081719273,-0.26145226217358186,0.0
49.456,0.0,0.0,9.820733050377731,0.0,0.0,-0.7140008359499206,0.9681401798682325,-0.2504088499328776,0.0
49.472,0.0,0.0,9.776991673191096,0.0,0.0,-0.6971359184888913,0.9708734344256141,-0.2395929346341689,0.0
49.488,0.0,0.0,9.801103055604678,0.0,0.0,-0.6809537460863765,0.9734258634773155,-0.22900237621789588,0.0
49.504,0.0,0.0,9.831515446108428,0.0,0.0,-0.6647953657842726,0.9758067412312988,-0.21863486402573828,0.0
49.52,0.0,0.0,9.782696190761781,0.0,0.0,-0.6491923207998933,0.9780249386873757,-0.2084879356355071,0.0
49.536,0.0,0.0,9.817151952117744,0.0,0.0,-0.6338846635911363,0.9800889377025507,-0.19855899423870424,0.0
49.552,0.0,0.0,9.774613979566569,0.0,0.0,-0.6188113026322132,0.9820068448360822,-0.18884532479011126,0.0
49.568,0.0,0.0,9.791286511498528,0.0,0.0,-0.6041647265062917,0.9837864049671824,-0.17934410891285782,0.0
49.584,0.0,0.0,9.867117998931535,0.0,0.0,-0.589832979638686,0.9854350146469684,-0.17005243869974185,0.0
49.6,0.0,0.0,9.847954834406066,0.0,0.0,-0.5757521619691288,0.9869597351731565,-0.16096732943965103,0.0
49.616,0.0,0.0,9.79892090016366,0.0,0.0,-0.5620265590681904,0.9883673053651811,-0.15208573136613054,0.0
49.632,0.0,0.0,9.81665938687349,0.0,0.0,-0.5485317987590144,0.9896641540298711,-0.1434045404732351,0.0
49.648,0.0,0.0,9.891416837085144,0.0,0.0,-0.5355247858994003,0.9908564121049236,-0.13492060847238313,0.0
49.664,0.0,0.0,9.859974984373189,0.0,0.0,-0.5227310341785422,0.991949924473696,-0.12663075193896964,0.0
49.68,0.0,0.0,9.802572295189657,0.0,0.0,-0.5100155809619594,0.9929502614448151,-0.11853176070856818,0.0
49.696,0.0,0.0,9.857062694312882,0.0,0.0,-0.49774648251904213,0.9938627298936091,-0.11062040556978205,0.0
49.712,0.0,0.0,9.828174403802516,0.0,0.0,-0.4857483805437269,0.9946923840632484,-0.10289344530421257,0.0
49.728,0.0,0.0,9.811068496018583,0.0,0.0,-0.4739506500201757,0.9954440360256376,-0.09534763311686906,0.0
49.744,0.0,0.0,9.770048424208138,0.0,0.0,-0.4624688735523024,0.9961222658031199,-0.08797972250046412,0.0
49.76,0.0,0.0,9.82862331564649,0.0,0.0,-0.45116600322903555,0.9967314311534904,-0.08078647257254885,0.0
49.776,0.0,0.0,9.80511362483716,0.0,0.0,-0.44015247716092293,0.9972756770217104,-0.07376465292326193,0.0
49.792,0.0,0.0,9.796845564614703,0.0,0.0,-0.4294417324148517,0.9977589446627044,-0.06691104800828027,0.0
49.808,0.0,0.0,9.833918128002903,0.0,0.0,-0.41888355004560085,0.998184980440328,-0.060222461119937405,0.0
49.824,0.0,0.0,9.829980639621287,0.0,0.0,-0.40856063208330545,0.9985573443082814,-0.053695717967007166,0.0
49.84,0.0,0.0,9.797918951791432,0.0,0.0,-0.398627732487755,0.9988794179792677,-0.047327669891932794,0.0
49.856,0.0,0.0,9.838930906486356,0.0,0.0,-0.3886992039690811,0.9991544127891454,-0.0411151967522763,0.0
49.872,0.0,0.0,9.840727841422277,0.0,0.0,-0.37900875944439494,0.9993853772631992,-0.035055209491500955,0.0
49.888,0.0,0.0,9.867641911904332,0.0,0.0,-0.3696074429284711,0.9995752043919316,-0.029144652422497388,0.0
49.904,5.008359115790321,0.02588272289908164,9.867595692116963,0.0,0.0,-0.321600538894925,0.9997119379648896,-0.0240008560365062,0.0
49.92,4.992893670935283,-0.003819043499576533,9.759953120448603,0.0,0.0,-0.2736243162168018,0.9998074253213554,-0.01962427762447536,0.0
49.936,5.017679095410184,-0.025833270375084434,9.771013669913572,0.0,0.0,-0.22557848662382143,0.9998717480402739,-0.016015226220290377,0.0
49.952,5.023657652032433,-0.03998075856559576,9.764074091502257,0.0,0.0,-0.17761963389290703,0.9999132203968741,-0.013173901303423437,0.0
49.968,5.011065942333465,-0.04647969191253455,9.826163643773462,0.0,0.0,-0.1295966452436474,0.9999383883875146,-0.01110042472070937,0.0
49.984,5.021233823798091,-0.04516624025383527,9.76428857589671,0.0,0.0,-0.08159691748690176,0.999952029151175,-0.009794865820823352,0.0
50.0,4.984313155566624,-0.03633631184043186,9.883380638540178,0.0,0.0,-0.03360327862652248,0.9999571506524857,-0.009257259797690605,0.0
50.016,5.0189017022508935,-0.019880950319954706,9.744778597896826,0.0,0.0,0.014397947369995487,0.9999549915276893,-0.009487619240822594,0.0
50.032000000000004,5.011799498059466,0.007915182450152174,9.784986800104924,0.0,0.0,0.01573057641268999,0.999952572169377,-0.009739271628145701,0.0
50.048,5.004409970358884,0.010062679527494603,9.899362799090769,0.0,0.0,0.015540807998299858,0.9999501198892596,-0.009987879327232576,0.0
50.064,5.013973588139322,0.011141036257220327,9.843727925723805,0.0,0.0,0.01535758157998487,0.9999476354294868,-0.010233591694905411,0.0
50.08,5.012240838105298,0.01236185709748828,9.772416044167857,0.0,0.0,0.015184880281857995,0.9999451193901419,-0.010476555151150651,0.0
50.096000000000004,4.9602415528414765,0.013367324274578441,9.776693079908785,0.0,0.0,0.015022417703382805,0.9999425722332009,-0.010716913531890665,0.0
50.112,4.999438786134493,0.014440543071984389,9.785552132719946,0.0,0.0,0.014867960116966042,0.9999399942856949,-0.010954808438525693,0.0
50.128,5.020263335557509,0.015441319809407794,9.809349032580345,0.0,0.0,0.014724085620773037,0.9999373857420822,-0.011190379586511,0.0
50.144,5.031618659911266,0.016475885497957032,9.810210666862597,0.0,0.0,0.014588468677466266,0.9999347466658396,-0.011423765155289454,0.0
50.160000000000004,4.989572793860513,0.01761491704173825,9.798595916246441,0.0,0.0,0.014460216223466353,0.999932076990262,-0.011655102142019614,0.0
50.176,5.015267230436629,0.01849438414023038,9.833443056798894,0.0,0.0,0.014338909912447536,0.9999293765184629,-0.011884526721681724,0.0
50.192,4.986963770969261,0.019646020455145054,9.796692672157823,0.0,0.0,0.014226044876979533,0.9999266449225482,-0.012112174616333828,0.0
50.208,5.002856647632233,0.020469227122409433,9.783391908741793,0.0,0.0,0.014128309906621497,0.9999238817419319,-0.012338181476510371,0.0
50.224000000000004,5.003242571676852,0.021422802196906388,9.817670555611771,0.0,0.0,0.014032436193363208,0.9999210863807481,-0.012562683278064021,0.0
50.24,5.019136958906131,0.022511034859778224,9.734560507037024,0.0,0.0,0.013945363105121684,0.9999182581043015,-0.01278581673807616,0.0
50.256,4.958210167932663,0.023438648405093576,9.80846064767636,0.0,0.0,0.013871074751123294,0.9999153960344864,-0.013007719753906168,0.0
50.272,5.003143732479982,0.024319335520676333,9.88382581472985,0.0,0.0,0.013802292397453802,0.9999124991440833,-0.013228531869938935,0.0
50.288000000000004,5.019993514132685,0.02527288834537414,9.815243007776491,0.0,0.0,0.013743191882363642,0.9999095662498265,-0.013448394777220584,0.0
50.304,4.9515786112522795,0.026420504789672086,9.876114806626013,0.0,0.0,0.013693676813181668,0.9999065960041174,-0.01366745285189769,0.0
50.32,4.96171715181338,0.027374311538328176,9.79392389702431,0.0,0.0,0.013652191604517857,0.9999035868852216,-0.01388585373926449,0.0
50.336,5.024075660850771,0.028363336258448495,9.802921775540185,0.0,0.0,0.013620256444815773,0.9999005371857695,-0.014103748991295309,0.0
50.352000000000004,4.988869183581039,0.029430415076793726,9.76931296312709,0.0,0.0,0.013597096635818233,0.9998974449993371,-0.014321294766815916,0.0
50.368,5.028583121601297,0.030388641923771824,9.857909843206306,0.0,0.0,0.013587884860828481,0.999894308204837,-0.01453865260505092,0.0
50.384,5.007260683652267,0.03153012130604873,9.772346441381588,0.0,0.0,0.01358695863752277,0.9998911244484094,-0.014755990285153443,0.0
50.4,1.2526329180329696,0.033644957691559355,9.806869384639537,0.0,0.0,0.013596686889236648,0.9998878911224185,-0.014973482786668185,0.0
50.416000000000004,1.1080971759247576e-05,0.03379217386383092,9.79008139704773,0.0,0.0,0.013611488925109994,0.9998846067241778,-0.015191222335175064,0.0
50.432,1.109370887396582e-05,0.03384912215030688,9.78283076698762,0.0,0.0,0.0136316111597244,0.9998812700848121,-0.01540927427179639,0.0
50.448,1.126765443292241e-05,0.034074884228386774,9.733141812164952,0.0,0.0,0.013651288895840955,0.9998778799379471,-0.015627706511076807,0.0
50.464,1.1191074150726417e-05,0.033968699174585164,9.802112835128248,0.0,0.0,0.01368058885317955,0.9998744349134722,-0.015846589742427253,0.0
50.480000000000004,1.1287253896171925e-05,0.034043062539451226,9.861715942259195,0.0,0.0,0.01371480884340232,0.9998709335306798,-0.016065997649908004,0.0
50.496,1.1363901640069e-05,0.03462160645604492,9.874873196125012,0.0,0.0,0.01374998499170254,0.9998673741907131,-0.0162860071524183,0.0
50.512,1.1440502883411244e-05,0.03440240277455345,9.794185925791833,0.0,0.0,0.013796863960118422,0.9998637551682372,-0.01650669866664674,0.0
50.528,1.1396982943698277e-05,0.03437725377154486,9.84319645250562,0.0,0.0,0.013843821942782832,0.9998600746022465,-0.016728156395444952,0.0
50.544000000000004,1.1578431674724105e-05,0.034413786012401894,9.790779006931455,0.0,0.0,0.013894900517268627,0.9998563304858984,-0.016950468644668787,0.0
50.56,1.1693413523539243e-05,0.034983439840518646,9.916835573296122,0.0,0.0,0.013956420912200129,0.9998525206552593,-0.01717372817196096,0.0
50.576,1.1740739514249385e-05,0.03466069200416154,9.777946081516363,0.0,0.0,0.014020100292424098,0.999848642776817,-0.017398032571444722,0.0
50.592,1.1822118796366309e-05,0.035122268454096384,9.833392745343343,0.0,0.0,0.014095536125385087,0.9998446943336089,-0.017623484698902698,0.0
50.608000000000004,1.2090780941326584e-05,0.03548508723589511,9.79107840771759,0.0,0.0,0.01416974481757575,0.9998406726097757,-0.017850193142689992,0.0
50.624,-0.13388299232234002,0.03517629976185494,9.839828577511316,0.0,0.0,0.014257705352200436,0.9998365746733338,-0.018078272746452535,0.0
50.64,-4.287857480817382,0.03655747058645251,9.800896029846859,0.0,0.0,0.014350171927692468,0.999832397439573,-0.018307840676493964,0.0
50.656,-2.6169335051893805,0.0353320250005849,9.824817856533869,0.0,0.0,0.01444147290170021,0.9998281402460139,-0.018538877317613087,0.0
50.672000000000004,-3.163615233113561,0.03491233213191693,9.762936160626415,0.0,0.0,0.014536281353297579,0.999823801417428,-0.018771417613059914,0.0
50.688,-2.863444452223903,0.03442914253352808,9.849220875048271,0.0,0.0,0.014628458883487235,0.9998193796349001,-0.01900547569738497,0.0
50.704,-2.9019787475434002,0.034258631047302035,9.756424572750994,0.0,0.0,0.014727806995220437,0.9998148733878003,-0.019241074620119387,0.0
50.72,-2.796201363444828,0.03374812311411807,9.863725831568905,0.0,0.0,0.014825282310481608,0.9998102811907129,-0.01947823465685897,0.0
50.736000000000004,-2.7921019330018746,0.03334921558224856,9.74114091090086,0.0,0.0,0.014924002987468592,0.9998056014950233,-0.019716977942238756,0.0
50.752,-2.7142734767580246,0.03286130872407042,9.871699932116396,0.0,0.0,0.015021786878497118,0.9998008327222728,-0.019957326670926968,0.0
50.768,-2.6753760260176973,0.03226825623578363,9.792863139721577,0.0,0.0,0.015126128014746802,0.9997959732488305,-0.020199303835127365,0.0
50.784,-2.6021005579460166,0.03204044966977067,9.84166022918174,0.0,0.0,0.015230757473228013,0.9997910214099014,-0.020442932963403573,0.0
50.800000000000004,-2.570231402365643,0.03153962588227705,9.873296420227673,0.0,0.0,0.015335647927837835,0.9997859754957175,-0.02068823825454326,0.0
50.816,-2.491031864113158,0.03109112425024741,9.847032261848984,0.0,0.0,0.015442796498382838,0.9997808337507461,-0.02093524455704612,0.0
50.832,-2.4522091026065964,0.03075593319450136,9.8783065133349,0.0,0.0,0.015551039774132908,0.9997755943715834,-0.02118397741094124,0.0
50.848,-2.391303043460484,0.030472796444975154,9.794781422398259,0.0,0.0,0.01565943787793274,0.9997702555052579,-0.021434463066559616,0.0
50.864000000000004,-2.3628151751200392,0.029780239630357405,9.841115475201198,0.0,0.0,0.01576896488896547,0.9997648152472457,-0.021686728514015197,0.0
50.88,-2.3041696630208497,0.029514231029351884,9.818760294907396,0.0,0.0,0.015882114665146083,0.9997592716394739,-0.021940801510171,0.0
50.896,-2.2528561234037254,0.029247616184976163,9.823861576176588,0.0,0.0,0.015997809688974213,0.9997536226681887,-0.022196710608401164,0.0
50.912,-2.2082255395317323,0.02885891461504206,9.79595381871138,0.0,0.0,0.016118306721689728,0.9997478662617338,-0.02245448518916143,0.0
50.928000000000004,-2.1781302560221127,0.028318869530610163,9.746624987757725,0.0,0.0,0.016230975918143282,0.9997420002882114,-0.022714155492246778,0.0
50.944,-2.124096431747075,0.027828140902647337,9.82845369903732,0.0,0.0,0.01635529951510045,0.9997360225530249,-0.022975752650524102,0.0
50.96,-2.0788362863020096,0.027819000630279485,9.80970944881702,0.0,0.0,0.016477368051436733,0.9997299307962969,-0.02323930872533296,0.0
50.976,-2.0341435821071547,0.027366373286642674,9.780226566922527,0.0,0.0,0.016601090722285473,0.9997237226901551,-0.02350485674361597,0.0
50.992000000000004,-2.0024031573643795,0.026763163746776023,9.796054393950497,0.0,0.0,0.01672708037994916,0.999717395835873,-0.023772430736897422,0.0
51.008,-1.9549916484720975,0.026917600065057973,9.833449400183705,0.0,0.0,0.016856567474089763,0.9997109477608637,-0.024042065782208712,0.0
51.024,-1.933695398452047,0.026262923476208525,9.789076739149216,0.0,0.0,0.01699161856735593,0.9997043759155115,-0.02431379804509279,0.0
51.04,-1.8905837282306046,0.02595745464765553,9.808957332192989,0.0,0.0,0.017120828060266567,0.9996976776698361,-0.02458766482479669,0.0
51.056000000000004,-1.8499854714178348,0.02563046353312625,9.835117536896536,0.0,0.0,0.017262092470177747,0.9996908503099717,-0.024863704601809398,0.0
51.072,-1.815727829579524,0.025404985455039004,9.86834240630436,0.0,0.0,0.0173989536426875,0.9996838910344568,-0.02514195708787008,0.0
51.088,-1.77323692983605,0.024923651155068064,9.792973309549938,0.0,0.0,0.01753961128774012,0.999676796950318,-0.025422463278618627,0.0
51.104,-1.7371008923553368,0.02468738266175226,9.81778169909395,0.0,0.0,0.017680771324732246,0.999669565068933,-0.025705265509048118,0.0
51.120000000000005,-1.6984756334473665,0.024315936680875855,9.816493027503508,0.0,0.0,0.017828693876423565,0.9996621923016611,-0.02599040751194242,0.0
51.136,-1.666175474722184,0.024116659995346842,9.79559822606591,0.0,0.0,0.01798046811097892,0.999654675455225,-0.026277934479498267,0.0
51.152,-1.625313687238468,0.023690789240522744,9.809431732012122,0.0,0.0,0.018130109961876244,0.9996470112268238,-0.02656789312833168,0.0
51.168,-1.599846100938954,0.02360666821199491,9.814096709523616,0.0,0.0,0.018281457187483707,0.9996391961989622,-0.026860331768105834,0.0
51.184000000000005,-1.5682831947467941,0.023241509887478185,9.756377543290991,0.0,0.0,0.018443441194903216,0.9996312268339745,-0.027155300374014445,0.0
51.2,-1.5331783309951568,0.022878585512027736,9.7539731568123,0.0,0.0,0.0186031401600873,0.9996230994682214,-0.02745285066339037,0.0
51.216,-1.5010489318763351,0.02252071988830182,9.820980914393028,0.0,0.0,0.018769091250240115,0.9996148103059366,-0.02775303617672293,0.0
51.232,-1.4756410354467548,0.022471071982719554,9.893753286627351,0.0,0.0,0.01893656004721825,0.9996063554126986,-0.02805591236338726,0.0
51.248,-1.4432317584852588,0.022159310116636508,9.832119027125026,0.0,0.0,0.019111704122572397,0.9995977307084979,-0.02836153667242495,0.0
51.264,-1.4189714250749847,0.022013368146241347,9.833346060024159,0.0,0.0,0.01928352862028048,0.999588931960374,-0.028669968648728308,0.0
51.28,-1.3884773374129664,0.021567716048126084,9.818870372861003,0.0,0.0,0.019464987421363496,0.9995799547745826,-0.02898127003503103,0.0
51.296,-1.358401900069167,0.02137382860116368,9.81035098562463,0.0,0.0,0.019646773065670864,0.9995707945882668,-0.02929550488011712,0.0
51.312,-1.338499608361399,0.02121096656336495,9.777724939339084,0.0,0.0,0.019836820748411144,0.9995614466605849,-0.02961273965371693,0.0
51.328,-1.3102500808066626,0.02096894537876344,9.83901166832422,0.0,0.0,0.02002599965061667,0.9995519060632589,-0.029933043368592795,0.0
51.344,-1.2865825707451317,0.02083545544645852,9.798405013329326,0.0,0.0,0.020223343444397322,0.9995421676704958,-0.030256487710351304,0.0
51.36,-1.2526853722167344,0.020555063160497614,9.800332220130253,0.0,0.0,0.020429520248229308,0.99953222614823,-0.03058314717559024,0.0
51.376,-1.2266137202625607,0.02025543671840783,9.871234925362145,0.0,0.0,0.02063129608490831,0.9995220759426353,-0.030913099219017057,0.0
51.392,-1.2108689224845626,0.020120244673804286,9.73366235927157,0.0,0.0,0.0208430064861913,0.9995117112678443,-0.031246424410254634,0.0
51.408,-1.1801283896075068,0.019851087768416632,9.867520166761258,0.0,0.0,0.021062300246051387,0.9995011260928083,-0.03158320660111168,0.0
51.424,-1.1628537004607788,0.019661231310846208,9.792475112958408,0.0,0.0,0.021281638880523018,0.9994903141272298,-0.031923533104152836,0.0
51.44,-1.1470752428191988,0.01960327534127463,9.846628854604717,0.0,0.0,0.02150580047926584,0.9994792688064831,-0.032267494883520036,0.0
51.456,-1.1204240976600892,0.019345842392232627,9.757382155316021,0.0,0.0,0.021741251992346704,0.9994679832754402,-0.03261518675900213,0.0
51.472,-1.0793959231533172,0.019136964990942976,9.810278627831071,0.0,0.0,0.021981604045927625,0.9994564503711011,-0.03296670762449304,0.0
51.488,-1.07139788694047,0.019065729341688084,9.824534732378417,0.0,0.0,0.022226646047051147,0.999444662603928,-0.03332216068205541,0.0
51.504,-1.0445528798895543,0.018745768015052077,9.767824268521577,0.0,0.0,0.022482420058182056,0.9994326121377607,-0.03368165369295987,0.0
51.52,-1.0260224776748361,0.018599208505537597,9.813981376181783,0.0,0.0,0.02273789636767758,0.9994202907681878,-0.03404529924719297,0.0
51.536,-1.0061216025100395,0.018464129831013976,9.832265691146043,0.0,0.0,0.023007680181247298,0.9994076898992273,-0.03441321505308435,0.0
51.552,-0.9869638701505765,0.018320232867454954,9.788265524936966,0.0,0.0,0.02328140204725787,0.9993948005181585,-0.03478552424888954,0.0
51.568,-0.9625182667811272,0.0181291380014629,9.804103216526906,0.0,0.0,0.023567260408415648,0.9993816131683281,-0.03516235573835129,0.0
51.584,-0.9446381007753201,0.01797717715932349,9.817454763661582,0.0,0.0,0.02386048763353271,0.9993681179197328,-0.03554384455248748,0.0
51.6,-0.9253801051654915,0.01777522028324745,9.789315268569105,0.0,0.0,0.02415688926838616,0.9993543043371598,-0.035930132240104946,0.0
51.616,-0.9051607117516729,0.017755974125402838,9.72316698940313,0.0,0.0,0.024465339293321096,0.99934016144564,-0.0363213672898222,0.0
51.632,-0.8889088369101298,0.017413693301796637,9.85336594375033,0.0,0.0,0.024793616371486412,0.9993256776929378,-0.036717705586692496,0.0
51.648,-0.8730840860235333,0.017490985475746505,9.822778289292911,0.0,0.0,0.02511563585755068,0.9993108409087721,-0.03711931090689574,0.0
51.664,-0.8555869627019318,0.01713807826627356,9.846096155014019,0.0,0.0,0.025453625511931904,0.9992956382604262,-0.03752635545436629,0.0
51.68,-0.8388783214190192,0.017215823927352797,9.832393598297779,0.0,0.0,0.02580567824722252,0.9992800562043521,-0.0379390204436943,0.0
51.696,-0.8228517180520758,0.017022850306388435,9.888851955195074,0.0,0.0,0.02617185760682069,0.9992640804333396,-0.038357496734175156,0.0
51.712,-0.8039304157640571,0.01688061845331397,9.909449250014783,0.0,0.0,0.026555389907420686,0.9992476958187541,-0.038781985520481184,0.0
51.728,-0.7858064301018093,0.0169158580265477,9.820146887254616,0.0,0.0,0.026937491164194857,0.999230886347285,-0.03921269908613273,0.0
51.744,-0.7733268980230616,0.01677679312893269,9.831026983427403,0.0,0.0,0.02734132146165629,0.9992136350515739,-0.039649861626750216,0.0
51.76,-0.7591859374410568,0.016697210043253558,9.808814502765163,0.0,0.0,0.02775689475788704,0.999195923934005,-0.040093710150974966,0.0
51.776,-0.7412889028385059,0.016584412557156508,9.80464697115934,0.0,0.0,0.028196103403404754,0.999177733882838,-0.040544495468026555,0.0
51.792,-0.7318469686875794,0.01658800083916528,9.750068826069818,0.0,0.0,0.028647892760924838,0.9991590445797519,-0.041002483272081704,0.0
51.808,-0.7143478643631502,0.01646427124034955,9.76430029431134,0.0,0.0,0.029119493457895582,0.9991398343977321,-0.04146795533508293,0.0
51.824,-0.6972203005324219,0.01630792025391393,9.852885637848598,0.0,0.0,0.02960180474022203,0.9991200802880738,-0.04194121082125735,0.0
51.84,-0.6811706591288578,0.016251208631211395,9.802920034245235,0.0,0.0,0.030110295719507577,0.9990997576550948,-0.04242256773854173,0.0
51.856,-0.6713644604268574,0.01626284940385954,9.812496616072607,0.0,0.0,0.030640656010200034,0.999078840216932,-0.04291236454438136,0.0
51.872,-0.6573540437769424,0.016120466271613704,9.784884358352514,0.0,0.0,0.0311828470352409,0.9990572998505428,-0.04341096192602626,0.0
51.888,-0.6423518017326711,0.016100372784565276,9.801240373135974,0.0,0.0,0.03176762673774304,0.999035106418726,-0.043918744778567234,0.0
51.904,-0.6335811510431162,0.01617142754213955,9.735958825053412,0.0,0.0,0.032367305719668796,0.9990122275766337,-0.04443612440765423,0.0
51.92,-0.6167115543127402,0.01598290511453982,9.797953442045898,0.0,0.0,0.032998334056029886,0.9989886285548008,-0.044963540988212584,0.0
51.936,-0.6063861351182154,0.0159027397175199,9.849147250202314,0.0,0.0,0.03365269426661742,0.9989642719152283,-0.04550146631569358,0.0
51.952,-0.5909166125116958,0.015931809333224398,9.780167063013582,0.0,0.0,0.03434773164774246,0.9989391172764364,-0.04605040689260093,0.0
51.968,-0.581070029318418,0.016044730200963087,9.799894994472139,0.0,0.0,0.035072741542243116,0.9989131210026718,-0.04661090740053911,0.0
51.984,-0.5669372398150828,0.016017383942768706,9.80159075560397,0.0,0.0,0.035837174729469935,0.998886235851564,-0.047183554616985084,0.0
52.0,-0.5613874218855798,0.016081672609799515,9.815504241359372,0.0,0.0,0.03663422608354351,0.9988584105734459,-0.04776898184690013,0.0
52.016,-0.5514602330334789,0.016088719891196156,9.863847722067721,0.0,0.0,0.037474365056174665,0.9988295894542337,-0.04836787395252119,0.0
52.032000000000004,-0.5379853763707547,0.016148899245385512,9.765110726772246,0.0,0.0,0.03836102233106097,0.998799711792136,-0.04898097308083998,0.0
52.048,-0.5285430019285554,0.01615119752734846,9.777101280491497,0.0,0.0,0.03930027111046965,0.9987687112964713,-0.04960908520811743,0.0
52.064,-0.5146904653281684,0.016232565244200373,9.819651112909185,0.0,0.0,0.04029710282267146,0.9987365153943825,-0.05025308764530314,0.0
52.08,-0.5039028238177725,0.016297550366639157,9.766206761049537,0.0,0.0,0.04135296708948499,0.9987030444281504,-0.05091393767863467,0.0
52.096000000000004,-0.49266970487319817,0.016515167320471105,9.795266282953683,0.0,0.0,0.04248013209297655,0.9986682107219096,-0.05159268255770309,0.0
52.112,-0.4856966641587462,0.01643369671967747,9.800420832950259,0.0,0.0,0.043669548081501,0.9986319174916637,-0.05229047109104197,0.0
52.128,-0.4762177819249987,0.016563857640370785,9.785761212377757,0.0,0.0,0.04494334232053551,0.9985940575662422,-0.05300856716973766,0.0
52.144,-0.46595247553784136,0.016738435355780703,9.787289216565577,0.0,0.0,0.046307017325234234,0.9985545118788166,-0.05374836561662505,0.0
52.160000000000004,-0.45755781828394687,0.016938913394158744,9.874150214235632,0.0,0.0,0.047765503212476745,0.9985131476782445,-0.054511410857583195,0.0
52.176,-0.4462139209897737,0.01713091053608708,9.750056988059814,0.0,0.0,0.04933087562656213,0.998469816396012,-0.05529941903957213,0.0
52.192,-0.4374880582335875,0.017315256819857745,9.894098917424769,0.0,0.0,0.051003885322268926,0.9984243510868108,-0.05611430438739077,0.0
52.208,-0.42519748784369477,0.01746202042201973,9.762166366915043,0.0,0.0,0.05284181314297565,0.9983765633372687,-0.05695821081165454,0.0
52.224000000000004,-5.045046070129738,0.025548206861991014,9.842148038620651,0.0,0.0,0.10082779200059767,0.9982833758941021,-0.05856877507234718,0.0
52.24,-4.981574018168752,0.03694311311165793,9.781380799917281,0.0,0.0,0.14883271331199213,0.9981410783762577,-0.06094577637442825,0.0
52.256,-5.021970589624437,0.0409501481909012,9.830712727735934,0.0,0.0,0.19682997075570954,0.9979441951669379,-0.06408887058306285,0.0
52.272,-5.010934725178789,0.036959546234117464,9.82417994385417,0.0,0.0,0.24483867507577267,0.9976854868056618,-0.06799756920177318,0.0
52.288000000000004,-0.5439644017103066,0.004662219849901533,9.809397351890137,0.0,0.0,0.2927847001655707,0.9973559520086577,-0.07267121158274573,0.0
52.304,0.0,0.0,9.84447675406069,0.0,0.0,0.3407930208300046,0.9969448304669299,-0.07810893038100473,0.0
52.32,0.0,0.0,9.816773579585556,0.0,0.0,0.38877075670964417,0.9964396066075947,-0.08430961026894862,0.0
52.336,0.0,0.0,9.733650146481803,0.0,0.0,0.4368953934800156,0.9958260145402319,-0.09127183993389326,0.0
52.352000000000004,0.0,0.0,9.756230544304463,0.0,0.0,0.48481205898590585,0.9950880444459549,-0.09899385738885863,0.0
52.368,0.0,0.0,9.832564192037333,0.0,0.0,0.5328583797811122,0.9942079507026432,-0.10747348863627182,0.0
52.384,0.0,0.0,9.858364008250982,0.0,0.0,0.5806776723051525,0.9931662620751913,-0.11670807973569175,0.0
52.4,0.0,0.0,9.757449727299088,0.0,0.0,0.628769356581527,0.9919417943346481,-0.1266944223403644,0.0
52.416000000000004,0.0,0.0,9.842667607756647,0.0,0.0,0.6768392988834186,0.9905116657046176,-0.13742867278360796,0.0
52.432,0.0,0.0,9.775518709436763,0.0,0.0,0.7248072030751259,0.9888513155671301,-0.14890626481500358,0.0
52.448,0.0,0.0,9.780243228320337,0.0,0.0,0.7729226237589951,0.9869345268932382,-0.16112181610824827,0.0
52.464,0.0,0.0,9.769153514697404,0.0,0.0,0.8208604549992812,0.9847334528956272,-0.17406902868763183,0.0
52.480000000000004,0.0,0.0,9.826584031488032,0.0,0.0,0.8688066431825147,0.9822186484313877,-0.1877405834485926,0.0
52.496,0.0,0.0,9.810201298901159,0.0,0.0,0.9168653850216528,0.9793591067125016,-0.2021280289798793,0.0
52.512,0.0,0.0,9.85798285124881,0.0,0.0,0.9648517925294908,0.9761223019093108,-0.21722166493070658,0.0
52.528,0.0,0.0,9.749123420383848,0.0,0.0,1.0129307996673778,0.9724742382579507,-0.23301042020609,0.0
52.544000000000004,0.0,0.0,9.831698125039615,0.0,0.0,1.0607481134045766,0.9683795063061119,-0.2494817263174423,0.0
52.56,0.0,0.0,9.904768592583599,0.0,0.0,1.1086822998054975,0.9638013469521951,-0.26662138626362036,0.0
52.576,0.0,0.0,9.858390229761161,0.0,0.0,1.156765379861175,0.9587017239505284,-0.2844134393700214,0.0
52.592,0.0,0.0,9.84646040084142,0.0,0.0,1.2050978230326896,0.9530414055694003,-0.3028400225701711,0.0
52.608000000000004,0.0,0.0,9.759967637228383,0.0,0.0,1.2528926039839645,0.9467800560987741,-0.3218812286754264,0.0
52.624,0.0,0.0,9.775731788871456,0.0,0.0,1.3008678725679248,0.9398763379101581,-0.3415149622441017,0.0
52.64,0.0,0.0,9.841152716265569,0.0,0.0,1.3487850419693326,0.9322880247717165,-0.3617167937312999,0.0
52.656,0.0,0.0,9.86237825020263,0.0,0.0,1.39711020393311,0.9239721271167145,-0.3824598126750238,0.0
52.672000000000004,0.0,0.0,9.863118988421146,0.0,0.0,1.444975253694188,0.9148850299522382,-0.40371448075253913,0.0
52.688,0.0,0.0,9.843743053227685,0.0,0.0,1.49310484649467,0.9049826440771621,-0.4254484856232404,0.0
52.704,0.0,0.0,9.87740451973954,0.0,0.0,1.5000374982907938,0.8945127530850129,-0.4470424303891867,0.0
52.72,0.0,0.0,9.79788005603041,0.0,0.0,1.500060605302476,0.8835276969308704,-0.4683789157893767,0.0
52.736000000000004,0.0,0.0,9.838829586123014,0.0,0.0,1.4998239591837852,0.8720338020960654,-0.4894456537777001,0.0
52.752,0.0,0.0,9.851699253655942,0.0,0.0,1.4998890568798038,0.8600376881108106,-0.5102305116601829,0.0
52.768,0.0,0.0,9.77167430199081,0.0,0.0,1.4999692875525517,0.8475462637418998,-0.5307215190824148,0.0
52.784,0.0,0.0,9.764274419455498,0.0,0.0,1.4999148263472089,0.834566723013829,-0.5509068749234838,0.0
52.800000000000004,0.0,0.0,9.75910361668943,0.0,0.0,1.5000294269072583,0.821106541065638,-0.5707749540924372,0.0
52.816,0.0,0.0,9.810366375388853,0.0,0.0,1.4999779260735198,0.8071734698458485,-0.590314314223375,0.0
52.832,0.0,0.0,9.811424989817684,0.0,0.0,1.500160705311351,0.7927755336479841,-0.609513702265301,0.0
52.848,0.0,0.0,9.747979098124507,0.0,0.0,1.499894855107597,0.7779210244892448,-0.6283620609629484,0.0
52.864000000000004,0.0,0.0,9.786722127768142,0.0,0.0,1.4998555009561363,0.7626184973349917,-0.6468485352248386,0.0
52.88,0.0,0.0,9.773021607922743,0.0,0.0,1.5000230746657708,0.7468767651717945,-0.6649624783749203,0.0
52.896,0.0,0.0,9.783927071823758,0.0,0.0,1.5001123457085768,0.7307048939318855,-0.6826934582841643,0.0
52.912,0.0,0.0,9.811250087653821,0.0,0.0,1.4918718244474714,0.7142041888196166,-0.6999374091106386,0.0
52.928000000000004,0.0,0.0,9.828943924834608,0.0,0.0,1.4437205310776082,0.6978468611831943,-0.7162469953422238,0.0
52.944,0.0,0.0,9.750988639108927,0.0,0.0,1.4183777932547166,0.6814170886460446,-0.7318953144413132,0.0
52.96,0.0,0.0,9.857793297951032,0.0,0.0,1.3816024943277911,0.6650743519787218,-0.7467771463697073,0.0
52.976,0.0,0.0,9.832835365267469,0.0,0.0,1.3534056790649909,0.6487491385265088,-0.761002335910418,0.0
52.992000000000004,0.0,0.0,9.71339705209634,0.0,0.0,1.3207188129469654,0.6325245403098108,-0.7745403190963416,0.0
53.008,0.0,0.0,9.845063409081808,0.0,0.0,1.2920906891728998,0.6163768879491492,-0.7874512886535407,0.0
53.024,0.0,0.0,9.82417960276331,0.0,0.0,1.262180505567041,0.6003521151958047,-0.7997357924839449,0.0
53.04,0.0,0.0,9.821862216803089,0.0,0.0,1.2339973715360482,0.5844462732837296,-0.8114324085496956,0.0
53.056000000000004,0.0,0.0,9.826846485238638,0.0,0.0,1.2055937396331478,0.5686866735419804,-0.8225542336744471,0.0
53.072,0.0,0.0,9.86253842717787,0.0,0.0,1.1785257580040729,0.5530771110024829,-0.8331300674475428,0.0
53.088,0.0,0.0,9.913468025186319,0.0,0.0,1.1515364759113418,0.537635063830954,-0.8431776432872768,0.0
53.104,0.0,0.0,9.824304061498038,0.0,0.0,1.1254880599023562,0.5223666994670348,-0.8527209574578996,0.0
53.120000000000005,0.0,0.0,9.797221816099382,0.0,0.0,1.0995649545328225,0.5072838868025472,-0.8617790077453155,0.0
53.136,0.0,0.0,9.849668683221841,0.0,0.0,1.0746420131575232,0.4923928485590702,-0.8703730709804187,0.0
53.152,0.0,0.0,9.895776841289587,0.0,0.0,1.0501059927954295,0.47770193448627896,-0.8785219757001342,0.0
53.168,0.0,0.0,9.750465017995111,0.0,0.0,1.0259471877891697,0.4632165010339337,-0.8862451541023396,0.0
53.184000000000005,0.0,0.0,9.839343511029028,0.0,0.0,1.002597734350837,0.4489424688765383,-0.8935606636591824,0.0
53.2,0.0,0.0,9.799393090105296,0.0,0.0,0.9796017368599205,0.434884033214874,-0.9004864672246687,0.0
53.216,0.0,0.0,9.737859128430326,0.0,0.0,0.9570537739750584,0.4210453017103804,-0.907039609889014,0.0
53.232,0.0,0.0,9.784668339146112,0.0,0.0,0.9349477973650622,0.4074292860592551,-0.9132367583826475,0.0
53.248000000000005,0.0,0.0,9.775301441533765,0.0,0.0,0.9134071241904135,0.3940386664972618,-0.9190938631636377,0.0
53.264,0.0,0.0,9.876918084094871,0.0,0.0,0.8924499480128564,0.38087536030099617,-0.9246263893679362,0.0
53.28,0.0,0.0,9.8317532127217,0.0,0.0,0.8719890528715244,0.36794088829317007,-0.9298491827829034,0.0
53.296,0.0,0.0,9.840385738290221,0.0,0.0,0.8515477674071436,0.3552362011086613,-0.9347765729958615,0.0
53.312,0.0,0.0,9.914234373608897,0.0,0.0,0.8319018843509867,0.3427618633619347,-0.9394223251683209,0.0
53.328,0.0,0.0,9.820601261766122,0.0,0.0,0.812732519360544,0.330517993553079,-0.9437996905793343,0.0
53.344,0.0,0.0,9.743761887864597,0.0,0.0,0.7937393108393915,0.3185043636492272,-0.947921394597886,0.0
53.36,0.0,0.0,9.796211661174041,0.0,0.0,0.7753674377357955,0.30672038782606204,-0.95179966573425,0.0
53.376,0.0,0.0,9.78298164842032,0.0,0.0,0.7572371974295805,0.29516518181705903,-0.9554462389077172,0.0
53.392,0.0,0.0,9.863447162885924,0.0,0.0,0.7396625601170175,0.2838375715359039,-0.9588723757542505,0.0
53.408,0.0,0.0,9.822341364620346,0.0,0.0,0.7222587326228819,0.2727361324063355,-0.962088874314652,0.0
53.424,0.0,0.0,9.77297872724475,0.0,0.0,0.7055069036155532,0.26185920506931293,-0.9651060857338262,0.0
53.44,0.0,0.0,9.84445912939961,0.0,0.0,0.6889676251414919,0.2512049240019869,-0.9679339265451729,0.0
53.456,0.0,0.0,9.781672202903788,0.0,0.0,0.6728312674583203,0.24077123477215648,-0.9705818937659467,0.0
53.472,0.0,0.0,9.808742024828762,0.0,0.0,0.65692116228682,0.23055591632715797,-0.9730590780864975,0.0
53.488,0.0,0.0,9.80444659784536,0.0,0.0,0.6414315703828914,0.22055659750309065,-0.9753741780967241,0.0
53.504,0.0,0.0,9.8605481204308,0.0,0.0,0.6262890178040776,0.2107707751306304,-0.9775355136008274,0.0
53.52,0.0,0.0,9.795056416707046,0.0,0.0,0.6116729336599603,0.20119582894503477,-0.979551039208841,0.0
53.536,0.0,0.0,9.799792767546405,0.0,0.0,0.5971345566057726,0.19182903663508227,-0.9814283573973478,0.0
53.552,0.0,0.0,9.80923803564543,0.0,0.0,0.5829906022322812,0.18266758692738677,-0.983174731513237,0.0
53.568,0.0,0.0,9.791512454809375,0.0,0.0,0.5691071841301462,0.17370859222992024,-0.9847970983839764,0.0
53.584,0.0,0.0,9.832993448939627,0.0,0.0,0.5555451605580204,0.16494909992879145,-0.9863020807200407,0.0
53.6,0.0,0.0,9.813714621626724,0.0,0.0,0.5422494884201384,0.15638610304932435,-0.9876959991682897,0.0
53.616,0.0,0.0,9.765448073310619,0.0,0.0,0.5292947599251405,0.14801654990663,-0.9889848840875871,0.0
53.632,0.0,0.0,9.915262039135651,0.0,0.0,0.5164956822449657,0.13983735309037942,-0.9901744869873574,0.0
53.648,0.0,0.0,9.879383066072963,0.0,0.0,0.5040914647172999,0.13184539764265155,-0.9912702916563431,0.0
53.664,0.0,0.0,9.84396160653655,0.0,0.0,0.4920310672850736,0.12403754860695831,-0.9922775249573964,0.0
53.68,0.0,0.0,9.793104746275366,0.0,0.0,0.4801358653605904,0.11641065790851197,-0.9932011672996099,0.0
53.696,0.0,0.0,9.816580149659151,0.0,0.0,0.46852253006122174,0.10896157066665799,-0.994045962779315,0.0
53.712,0.0,0.0,9.806001497705289,0.0,0.0,0.4571294681025019,0.10168713094193184,-0.9948164289962238,0.0
53.728,0.0,0.0,9.791395516748196,0.0,0.0,0.4460523626462971,0.09458418698166278,-0.9955168665437155,0.0
53.744,0.0,0.0,9.845622343223695,0.0,0.0,0.4352436889680433,0.08764959598302176,-0.9961513681785582,0.0
53.76,0.0,0.0,9.815028677212586,0.0,0.0,0.4245763229944543,0.0808802284186394,-0.996723827672916,0.0
53.776,0.0,0.0,9.792297975705866,0.0,0.0,0.4142113174819146,0.07427297194880879,-0.997237948354299,0.0
53.792,0.0,0.0,9.805696772944875,0.0,0.0,0.40406167501655493,0.06782473495496776,-0.9976972513384452,0.0
53.808,0.0,0.0,9.840904658274173,0.0,0.0,0.39414450280038876,0.061532449718790856,-0.9981050834614582,0.0
53.824,0.0,0.0,9.82330599933212,0.0,0.0,0.38434107552687935,0.05539307527510476,-0.9984646249174612,0.0
53.84,0.0,0.0,9.813922996992623,0.0,0.0,0.3748586239375556,0.04940359996136534,-0.9987788966086826,0.0
53.856,0.0,0.0,9.791044439424141,0.0,0.0,0.36548544989519827,0.04356104368738352,-0.9990507672149929,0.0
53.872,4.988030725633072,-0.025331240321658045,9.758190124933149,0.0,0.0,0.3175558688077442,0.03848443381731063,-0.9992591997844008,0.0
53.888,5.016327803718477,0.0038250095436914017,9.827410828205014,0.0,0.0,0.2695522911063853,0.034174387615668315,-0.9994158850203924,0.0
53.904,4.9951394114725565,0.025527718111880943,9.774727895007214,0.0,0.0,0.2215902171215683,0.03063135133685482,-0.9995307500598861,0.0
53.92,4.993314589154682,0.03925424858936125,9.808134730571702,0.0,0.0,0.1735715480914681,0.027855638330255218,-0.9996119564176962,0.0
53.936,4.983851231669012,0.04551208329288025,9.8318944858511,0.0,0.0,0.12557423898809203,0.02584746037278374,-0.9996658985842607,0.0
53.952,5.013877759955184,0.043971397216451824,9.81071518994405,0.0,0.0,0.07756511658745498,0.024606952220182565,-0.999697203108238,0.0
53.968,4.977809253230128,0.03500418304456342,9.799095145929787,0.0,0.0,0.029556432023621258,0.024134189371537537,-0.9997087280320097,0.0
53.984,5.031093794166767,0.017418187673224398,9.83134916557057,0.0,0.0,-0.011711239145118771,0.024321494159480928,-0.9997041887087652,0.0
54.0,5.003683665607827,-0.006552896264263025,9.768865848965028,0.0,0.0,-0.011573299095726694,0.024506578977168122,-0.9996996686939714,0.0
54.016,5.038458355894467,-0.007408132099732481,9.803034501106705,0.0,0.0,-0.011439824813042813,0.024689570262910094,-0.9996951660982626,0.0
54.032000000000004,4.959832887341374,-0.00823208626859902,9.77845542239379,0.0,0.0,-0.011314756079703354,0.024870592127147373,-0.9996906789838772,0.0
54.048,5.0186204494210065,-0.009110472083851644,9.864528856740877,0.0,0.0,-0.01120213019874868,0.0250497667146982,-0.9996862053602317,0.0
54.064,4.967146588749386,-0.009884248176853414,9.853669308521678,0.0,0.0,-0.011094201323196513,0.02522721456587504,-0.9996817431789218,0.0
54.08,5.0103700758439285,-0.01062585605775666,9.849771109738526,0.0,0.0,-0.010993130196275321,0.025403054979359765,-0.9996772903280916,0.0
54.096000000000004,5.001872054023582,-0.011418763835706225,9.816483151828006,0.0,0.0,-0.010900636012585358,0.02557740637984643,-0.9996728446261209,0.0
54.112,5.0154357422417934,-0.012249960982468552,9.852306309572402,0.0,0.0,-0.010814362823996032,0.025750386693655727,-0.9996684038145487,0.0
54.128,5.022427500830638,-0.013021752102499898,9.825971651609617,0.0,0.0,-0.010736851379894862,0.02592211373578898,-0.9996639655501587,0.0
54.144,5.036573908704066,-0.013707337045561438,9.828328689636791,0.0,0.0,-0.010665244961442815,0.026092705612194157,-0.9996595273961207,0.0
54.160000000000004,5.011641342855936,-0.014588719696133921,9.812140327086896,0.0,0.0,-0.010602178427359006,0.02626228114142594,-0.9996550868120709,0.0
54.176,5.022094556394735,-0.015285417395430694,9.8243911321905,0.0,0.0,-0.010545640602582526,0.02643096030037653,-0.9996506411429945,0.0
54.192,5.018917285342502,-0.01611008324356378,9.844100022037644,0.0,0.0,-0.010498188975020186,0.02659886469936007,-0.999646187606748,0.0
54.208,4.998976276546877,-0.016752057556833094,9.8222072509179,0.0,0.0,-0.010457981261732053,0.026766118092575467,-0.9996417232800231,0.0
54.224000000000004,5.023340654541261,-0.017539054534179553,9.804141028300362,0.0,0.0,-0.010423608894871088,0.026932846930874818,-0.9996372450825342,0.0
54.24,5.013017968269096,-0.01827622909812171,9.814467670428158,0.0,0.0,-0.010396815325404752,0.027099180964878237,-0.9996327497591467,0.0
54.256,4.985916281624008,-0.01918016718056375,9.78483433442699,0.0,0.0,-0.01038271096733637,0.027265253907819566,-0.9996282338596395,0.0
54.272,5.033308199984345,-0.019974921622848228,9.840295187786701,0.0,0.0,-0.010376000812742037,0.027431204169158018,-0.9996236937157054,0.0
54.288000000000004,4.963889975064324,-0.020910014648780683,9.76924831169469,0.0,0.0,-0.010376296816907379,0.02759717567202615,-0.9996191254147389,0.0
54.304,4.995775174186594,-0.021698440353307702,9.854379619199296,0.0,0.0,-0.010386689319062725,0.027763318770091826,-0.9996145247698588,0.0
54.32,5.006163740820458,-0.022481852526107644,9.893949604955418,0.0,0.0,-0.01040915233087638,0.02792979128249706,-0.999609887285493,0.0
54.336,5.01165177268002,-0.023293019171372713,9.775013837252928,0.0,0.0,-0.010439474142835732,0.028096759669413177,-0.9996052081177245,0.0
54.352000000000004,5.0082061721592765,-0.024000133559881225,9.879001349836436,0.0,0.0,-0.010482402527181123,0.028264400375563953,-0.9996004820284001,0.0
54.368,1.2494637643735398,-0.0258177518795372,9.810768031072033,0.0,0.0,-0.010535407621317466,0.02843290137515718,-0.9995957033317974,0.0
54.384,-1.3742608845138464,-0.026762755898741112,9.777822292996392,0.0,0.0,-0.010596240201075205,0.02860237395445863,-0.9995908684077548,0.0
54.4,-3.7887113471628227,-0.026987862643813244,9.817710289589648,0.0,0.0,-0.010660911257677763,0.02877287191375195,-0.9995859752126551,0.0
54.416000000000004,-2.7973889899056084,-0.026312883784179175,9.767785779215384,0.0,0.0,-0.010724689830288871,0.028944390259615947,-0.9995810233655394,0.0
54.432,-3.0896929613846744,-0.02590057807232722,9.79242641476785,0.0,0.0,-0.010787446692905898,0.029116947513834066,-0.999576011800742,0.0
54.448,-2.8643018034529106,-0.02567951604061095,9.854956639730739,0.0,0.0,-0.010855594959751863,0.02929055331945654,-0.9995709396967482,0.0
54.464,-2.882399881178179,-0.02529905341594832,9.856456083023827,0.0,0.0,-0.010921583009885931,0.02946522120794866,-0.9995658061074152,0.0
54.480000000000004,-2.799453986695801,-0.024882013698930283,9.795862231910947,0.0,0.0,-0.01098984227274343,0.02964096358453054,-0.9995606101071512,0.0
54.496,-2.7357045500007904,-0.024625236406047465,9.881368315880946,0.0,0.0,-0.011057276389127776,0.02981779371605183,-0.9995553507324679,0.0
54.512,-2.693530003662981,-0.024283031945876228,9.77254789650315,0.0,0.0,-0.011123746250478583,0.02999572496175926,-0.9995500270041607,0.0
54.528,-2.6239063478423668,-0.023844437183357377,9.85976872660199,0.0,0.0,-0.01119394475440491,0.030174771090444124,-0.9995446379175066,0.0
54.544000000000004,-2.6069132930485592,-0.02344043850828228,9.796414565571828,0.0,0.0,-0.011265753072654122,0.030354946170276297,-0.9995391824450905,0.0
54.56,-2.552343635296936,-0.023146955747699673,9.788884596643474,0.0,0.0,-0.011339004090715355,0.030536264627550748,-0.9995336595345833,0.0
54.576,-2.474444642767924,-0.022902839221981063,9.787492687023148,0.0,0.0,-0.011411380640107239,0.03071874123952088,-0.9995280681084746,0.0
54.592,-2.425280702993317,-0.022608986334324753,9.825674632120426,0.0,0.0,-0.011484466543049228,0.030902391153855013,-0.9995224070629803,0.0
54.608000000000004,-2.3935785982483178,-0.02216788658109287,9.716858118147627,0.0,0.0,-0.011557154057067703,0.03108722989829277,-0.9995166752672269,0.0
54.624,-2.336695976719161,-0.021837804256440576,9.757258395833405,0.0,0.0,-0.011632610587999767,0.03127327339488596,-0.99951087156227,0.0
54.64,-2.2956247105719183,-0.021703151109292572,9.716317970936723,0.0,0.0,-0.011711040954919542,0.031460537973190816,-0.999504994760125,0.0
54.656,-2.2399199218067145,-0.021439685227414303,9.81831665907085,0.0,0.0,-0.011786757845606765,0.03164904038467467,-0.9994990436427287,0.0
54.672000000000004,-2.1969055553414685,-0.021049444938542636,9.804987370547675,0.0,0.0,-0.01186644616151626,0.031838797817477754,-0.9994930169608679,0.0
54.688,-2.1678133323056947,-0.020649545220359028,9.815893011678714,0.0,0.0,-0.011945165627276258,0.0320298279119194,-0.9994869134330538,0.0
54.704,-2.1100353336341593,-0.02044243494890377,9.782889013947912,0.0,0.0,-0.012027403979407604,0.03222214877663697,-0.9994807317443475,0.0
54.72,-2.070941712238761,-0.02024655129049627,9.766482697030657,0.0,0.0,-0.012107162699100468,0.03241577900545164,-0.9994744705451309,0.0
54.736000000000004,-2.024036392968688,-0.019954595759072144,9.861166091869618,0.0,0.0,-0.012190033503242985,0.03261073769497392,-0.9994681284498219,0.0
54.752,-1.980746152719545,-0.019552491851641502,9.787460264188875,0.0,0.0,-0.012276910502909718,0.032807044462999126,-0.9994617040355287,0.0
54.768,-1.931399080736051,-0.01924542809562014,9.836044895976567,0.0,0.0,-0.012360987042748782,0.0330047194677321,-0.9994551958406421,0.0
54.784,-1.9207126829688874,-0.019124211318308746,9.841281830726583,0.0,0.0,-0.012449895141432816,0.03320378342788749,-0.9994486023633603,0.0
54.800000000000004,-1.8704150298288449,-0.019033026878585515,9.846453662312099,0.0,0.0,-0.012535518463733544,0.033404257643709745,-0.9994419220601428,0.0
54.816,-1.8301750808884139,-0.018589349251148524,9.87093191542657,0.0,0.0,-0.012626466039066215,0.03360616401896952,-0.9994351533440927,0.0
54.832,-1.7859208573355736,-0.018403845746058464,9.752191634981614,0.0,0.0,-0.012714583671984761,0.03380952508398898,-0.999428294583256,0.0
54.848,-1.7464031590774787,-0.01820685899474642,9.873922189264029,0.0,0.0,-0.012810712684969318,0.03401436401974883,-0.9994213440988402,0.0
54.864000000000004,-1.7308584863864787,-0.017965747035599094,9.841578132170813,0.0,0.0,-0.012904357092300532,0.034220704683147155,-0.9994143001633451,0.0
54.88,-1.68422253563478,-0.01776854542590812,9.892473289112115,0.0,0.0,-0.012997708677971703,0.0344285716334708,-0.9994071609985987,0.0
54.896,-1.6555236681980314,-0.017312772470687052,9.731960610775944,0.0,0.0,-0.013095274656929792,0.03463799016015152,-0.999399924773694,0.0
54.912,-1.6214170922796878,-0.01719026223385096,9.828097685837466,0.0,0.0,-0.013194831202767762,0.03484898631188028,-0.9993925896028218,0.0
54.928000000000004,-1.5833078293002631,-0.01703370189048509,9.786689185895767,0.0,0.0,-0.013295870242009717,0.03506158692716315,-0.9993851535429916,0.0
54.944,-1.5543968988778911,-0.016735131661181988,9.81914079078497,0.0,0.0,-0.01339952736759707,0.0352758196664044,-0.9993776145916334,0.0
54.96,-1.5323081295682774,-0.01660577444643935,9.837692680594381,0.0,0.0,-0.013501323892200455,0.03549171304560298,-0.9993699706840748,0.0
54.976,-1.497594012302472,-0.016456818078542698,9.791861280572904,0.0,0.0,-0.013610596055014915,0.03570929647177378,-0.9993622196908841,0.0
54.992000000000004,-1.4567562163722028,-0.016184518076800873,9.842366241046419,0.0,0.0,-0.013714704039257123,0.035928600280184485,-0.9993543594150711,0.0
55.008,-1.43676419764789,-0.01595460120898765,9.798960069456713,0.0,0.0,-0.01382446845205651,0.036149655773532005,-0.999346387589136,0.0
55.024,-1.4186032807685978,-0.015806499572246984,9.822591469240685,0.0,0.0,-0.01393478246889387,0.03637249526318018,-0.9993383018719588,0.0
55.04,-1.3759328593000484,-0.015598702303406351,9.7951091756743,0.0,0.0,-0.014050077209310957,0.03659715211257929,-0.9993300998455159,0.0
55.056000000000004,-1.3570941157551721,-0.015379762988991305,9.789310518433224,0.0,0.0,-0.014167366480953352,0.03682366078302399,-0.9993217790114137,0.0
55.072,-1.3229921577989927,-0.015197556267299484,9.856043749905831,0.0,0.0,-0.01428519560454524,0.03705205688188604,-0.9993133367872269,0.0
55.088,-1.291907867415826,-0.015000712052133651,9.796234863349294,0.0,0.0,-0.014403895089004635,0.0372823772134959,-0.9993047705026283,0.0
55.104,-1.274640174106408,-0.014875389216050215,9.826150513590758,0.0,0.0,-0.014529606965779011,0.037514659832840434,-0.9992960773952965,0.0
55.120000000000005,-1.247959145302027,-0.014675790614648286,9.825377348965656,0.0,0.0,-0.014653278480014627,0.03774894410227469,-0.9992872546065837,0.0
55.136,-1.2291026514203034,-0.014540737280218402,9.7849134702045,0.0,0.0,-0.014784741460180974,0.0379852707514447,-0.9992782991769309,0.0
55.152,-1.1987910418583425,-0.014270467516311244,9.785849709163141,0.0,0.0,-0.014910884847744397,0.038223681940644426,-0.9992692080410066,0.0
55.168,-1.1760276376567282,-0.014152056212776029,9.819505725901255,0.0,0.0,-0.015043230878635442,0.038464221327851315,-0.9992599780225575,0.0
55.184000000000005,-1.1452862497521863,-0.014039702532455471,9.761233148977642,0.0,0.0,-0.01518034930331538,0.03870693413968645,-0.9992506058289412,0.0
55.2,-1.1343644429752278,-0.013840326281116314,9.763574124237588,0.0,0.0,-0.01531825631377841,0.038951867246595,-0.9992410880453245,0.0
55.216,-1.0979162801230808,-0.013738032976268771,9.868861303370352,0.0,0.0,-0.015462573244555943,0.03919906924253492,-0.9992314211285188,0.0
55.232,-1.0775232944763402,-0.0135589732802454,9.877022838686077,0.0,0.0,-0.015606637769277424,0.039448590529514944,-0.9992216014004276,0.0
55.248000000000005,-1.0598018546440982,-0.013369117728120671,9.796379271425193,0.0,0.0,-0.015755945538852893,0.03970048340733084,-0.9992116250410742,0.0
55.264,-1.040374425615852,-0.013247486902101065,9.784267953712638,0.0,0.0,-0.015905048938939806,0.03995480216889776,-0.9992014880811799,0.0
55.28,-1.012013671610195,-0.013017800307907055,9.830328622970525,0.0,0.0,-0.01606283508077668,0.04021160320158963,-0.9991911863942545,0.0
55.296,-0.997912554573825,-0.012976894250034487,9.849486318867774,0.0,0.0,-0.01622205986482507,0.04047094509505894,-0.9991807156881646,0.0
55.312,-0.9768877287892023,-0.012901311171397985,9.858894377258105,0.0,0.0,-0.016381841650988868,0.04073288875602989,-0.9991700714961337,0.0
55.328,-0.9518553030700406,-0.012662385472193362,9.793340946857787,0.0,0.0,-0.016547180314682487,0.040997497530620625,-0.999159249167132,0.0
55.344,-0.9427255304108826,-0.01270854823718983,9.87025650233689,0.0,0.0,-0.016726483453445157,0.04126483733478809,-0.9991482438556022,0.0
55.36,-0.9205750262142838,-0.01236469559810435,9.805364533318677,0.0,0.0,-0.016898058953949437,0.041534976793556146,-0.9991370505104686,0.0
55.376,-0.8963306495842508,-0.012264287290441957,9.793216202580542,0.0,0.0,-0.017076299970137557,0.04180798738974489,-0.9991256638633695,0.0
55.392,-0.882446013247755,-0.012189736973311731,9.837049890540149,0.0,0.0,-0.017259481359759615,0.04208394362298718,-0.9991140784160422,0.0
55.408,-0.8736075279749633,-0.012085676503250124,9.844362862473098,0.0,0.0,-0.017451355707090617,0.04236292317990184,-0.9991022884267927,0.0
55.424,-0.8465387093229448,-0.011941840502548103,9.778644302508203,0.0,0.0,-0.01764650711906141,0.0426450071163729,-0.9990902878959663,0.0
55.44,-0.8245302466241113,-0.011820664617647931,9.832396382211941,0.0,0.0,-0.017845989167134896,0.042930280052984715,-0.9990780705503313,0.0
55.456,-0.8146003118337314,-0.011824540590088115,9.756085808233912,0.0,0.0,-0.018047644202979374,0.043218830384765906,-0.9990656298262757,0.0
55.472,-0.7991977644589067,-0.011572349907449146,9.801885257775462,0.0,0.0,-0.018258472677623965,0.043510750506523234,-0.9990529588517113,0.0
55.488,-0.7869830631375827,-0.011633653834635617,9.808125251804697,0.0,0.0,-0.018481081224886467,0.04380613705516956,-0.9990400504265601,0.0
55.504,-0.7675151208899169,-0.011437425371027902,9.81848652599971,0.0,0.0,-0.018701168496027782,0.0441050911706115,-0.9990268970016936,0.0
55.52,-0.7530300220734617,-0.01134771403208722,9.807860732781213,0.0,0.0,-0.018933856272502346,0.04440771877692757,-0.999013490656172,0.0
55.536,-0.7370644802157048,-0.011279141668774383,9.841782551042202,0.0,0.0,-0.01916832298660543,0.044714130885757326,-0.9989998230726227,0.0
55.552,-0.7191392962408466,-0.011219445822389994,9.722945501889926,0.0,0.0,-0.019415006603964943,0.04502444392404775,-0.9989858855105663,0.0
55.568,-0.7060798170920088,-0.011060281728329234,9.91450340209855,0.0,0.0,-0.019669514650854616,0.04533878008852662,-0.9989716687774906,0.0
55.584,-0.6922139719905093,-0.010979944898545285,9.771781069343541,0.0,0.0,-0.019924222449536143,0.045657267729580384,-0.9989571631974363,0.0
55.6,-0.6832337402011132,-0.010948896498884041,9.840072145188207,0.0,0.0,-0.020194089769845155,0.045980041767489196,-0.99894235857684,0.0
55.616,-0.6685537386757738,-0.010828052812011468,9.872650645291538,0.0,0.0,-0.02047259724697777,0.04630724414437124,-0.9989272441673386,0.0
55.632,-0.6542750433547204,-0.010723647983231287,9.792913322515655,0.0,0.0,-0.020760351536711588,0.046639024315552294,-0.9989118086252128,0.0
55.648,-0.6393066006520849,-0.01078659957622194,9.79053754857044,0.0,0.0,-0.02105952433623914,0.04697553978457762,-0.9988960399670966,0.0
55.664,-0.6248124789788979,-0.010669946513088304,9.818926268146956,0.0,0.0,-0.021360927606317973,0.04731695668658827,-0.9988799255215411,0.0
55.68,-0.6155750285082195,-0.010579698666460722,9.820036818643375,0.0,0.0,-0.021682973007652824,0.047663450425410245,-0.998863451875953,0.0
55.696,-0.6070563073645668,-0.010598139555643395,9.916011186638988,0.0,0.0,-0.022007343621512375,0.04801520637039247,-0.9988466048183818,0.0
55.712,-0.5899205148447356,-0.010387805757284983,9.793882926744619,0.0,0.0,-0.022350774277625232,0.048372420619854285,-0.998829369273539,0.0
55.728,-0.5803836235097284,-0.010419885653442207,9.804072270732787,0.0,0.0,-0.022706386516876464,0.04873530083891505,-0.9988117292323616,0.0
55.744,-0.5693050274122635,-0.010375255010705124,9.851149111652788,0.0,0.0,-0.023079725529680493,0.04910406718058428,-0.9987936676743223,0.0
55.76,-0.5577401799669276,-0.01027635943235899,9.719556687838212,0.0,0.0,-0.023462854130591078,0.049478953300227516,-0.998775166481583,0.0
55.776,-0.5460827785396499,-0.010255159139531712,9.826038896684445,0.0,0.0,-0.023858128532270918,0.04986020747500461,-0.9987562063439454,0.0
55.792,-0.53217510514882,-0.01026086800998735,9.823144632706345,0.0,0.0,-0.02427034116086358,0.050248093841579806,-0.9987367666533999,0.0
55.808,-0.5234772548789322,-0.010218440218798244,9.736576108447936,0.0,0.0,-0.024703183291797177,0.05064289376741327,-0.9987168253868873,0.0
55.824,-0.5136709786048853,-0.010203490975948595,9.801257389052333,0.0,0.0,-0.025156272128493782,0.05104490737331513,-0.9986963589756647,0.0
55.84,-0.500621501452725,-0.010199675268840622,9.821771213671695,0.0,0.0,-0.02563300768769703,0.05145445522771369,-0.9986753421594123,0.0
55.856,-0.4909392386391999,-0.010104758385390052,9.796420563747688,0.0,0.0,-0.02612195843488047,0.05187188023641194,-0.9986537478229075,0.0
55.872,-0.4816318565167201,-0.010122605925270638,9.892662182322777,0.0,0.0,-0.02664065630937253,0.05229754975551523,-0.9986315468127218,0.0
55.888,-0.47365123129636105,-0.010076482372365777,9.782470023665715,0.0,0.0,-0.02718143173575772,0.052731857959909076,-0.998608707730959,0.0
55.904,-0.4628119972439875,-0.010106934452910273,9.870017043602708,0.0,0.0,-0.027746970876621358,0.053175228505269054,-0.9985851967025209,0.0
55.92,-0.4517173137327852,-0.010061764584953992,9.871885004683284,0.0,0.0,-0.028347050293342484,0.05362811752834569,-0.9985609771117465,0.0
55.936,-0.4420963188645999,-0.010071308147590061,9.81663679753432,0.0,0.0,-0.02897059587744989,0.05409101703841761,-0.9985360093034951,0.0
55.952,-0.4373699819165135,-0.010089541690666072,9.878097335215035,0.0,0.0,-0.029637456435652663,0.05456445876270697,-0.9985102502427969,0.0
55.968,-0.424623413286057,-0.010152892687365434,9.827399719502656,0.0,0.0,-0.03032276282306054,0.05504901852064477,-0.9984836531260358,0.0
55.984,-0.4189856277140479,-0.010145474474150805,9.82915697278881,0.0,0.0,-0.031064330004955804,0.05554532121666319,-0.9984561669352029,0.0
56.0,-0.41353408686712784,-0.010243664345591241,9.787108562508328,0.0,0.0,-0.031842849196238907,0.056054046559450656,-0.9984277359249947,0.0
56.016,-0.40207159050681684,-0.0102232967510573,9.789732970964563,0.0,0.0,-0.032669464597461485,0.056575935638231385,-0.9983982990303313,0.0
56.032000000000004,-0.3951433432941094,-0.010325360340993298,9.7977124318571,0.0,0.0,-0.03354526084719282,0.057111798514814974,-0.9983677891791197,0.0
56.048,-0.3834650216146607,-0.010394866407000871,9.77064723386775,0.0,0.0,-0.0344825549028237,0.05766252302555963,-0.9983361324916207,0.0
56.064,-0.3764123899494861,-0.01043976071969047,9.830204649346507,0.0,0.0,-0.03547452179260737,0.058229085032065635,-0.9983032473433754,0.0
56.08,-0.36969296329718104,-0.010530446390475217,9.824037292913259,0.0,0.0,-0.036528758747360224,0.058812560416244664,-0.9982690432630303,0.0
56.096000000000004,-4.990243975530129,-0.017005076783946183,9.883809085531688,0.0,0.0,-0.08452372185728893,0.06016264202270917,-0.9981885876450639,0.0
56.112,-5.00889115726835,-0.02782776824718829,9.77736289809662,0.0,0.0,-0.13254283373114237,0.06227914041978,-0.9980587701476168,0.0
56.128,-5.005064404464102,-0.030975758391178172,9.816764068967634,0.0,0.0,-0.18052898599164088,0.0651617444954281,-0.9978747151092228,0.0
56.144,-2.760147003086522,-0.018018451709191537,9.813796993239299,0.0,0.0,-0.22855070708103328,0.0688100027382042,-0.9976297827967889,0.0
56.160000000000004,0.0,0.0,9.887563144177205,0.0,0.0,-0.27650463702924133,0.07322329774858753,-0.9973155712545662,0.0
56.176,0.0,0.0,9.843885529860474,0.0,0.0,-0.3245007176738898,0.07840081399136939,-0.9969219188910888,0.0
56.192,0.0,0.0,9.911356888893474,0.0,0.0,-0.37251964567386214,0.08434149880419892,-0.9964369079773497,0.0
56.208,0.0,0.0,9.786867083956622,0.0,0.0,-0.42053663248571316,0.09104401668315665,-0.9958468692656502,0.0
56.224000000000004,0.0,0.0,9.736361322433147,0.0,0.0,-0.46841703780130406,0.09850669687337085,-0.995136387974582,0.0
56.24,0.0,0.0,9.82382970498919,0.0,0.0,-0.5164973741289105,0.1067274743015643,-0.9942883114213952,0.0
56.256,0.0,0.0,9.684010613050459,0.0,0.0,-0.5645064857703774,0.11570382389821536,-0.9932837586185183,0.0
56.272,0.0,0.0,9.753614081197224,0.0,0.0,-0.6125288048517594,0.12543268837000388,-0.9921021321861343,0.0
56.288000000000004,0.0,0.0,9.804064344013046,0.0,0.0,-0.6605601517936183,0.13591039949861533,-0.9907211329673586,0.0
56.304,0.0,0.0,9.844821369045967,0.0,0.0,-0.7085341143179983,0.14713259306004972,-0.9891167777666225,0.0
56.32,0.0,0.0,9.814926833016576,0.0,0.0,-0.7564077931323955,0.1590941174795278,-0.9872634206651284,0.0
56.336,0.0,0.0,9.781227450625497,0.0,0.0,-0.8045493747699219,0.17178893636114725,-0.985133778399617,0.0
56.352000000000004,0.0,0.0,9.784180675149546,0.0,0.0,-0.852635242315047,0.18521002505883075,-0.9826989603218818,0.0
56.368,0.0,0.0,9.800147212136475,0.0,0.0,-0.9006606262874032,0.1993492614860077,-0.9799285034863428,0.0
56.384,0.0,0.0,9.822518309381802,0.0,0.0,-0.9486150719850065,0.2141973113960936,-0.9767904134412279,0.0
56.4,0.0,0.0,9.886442878799373,0.0,0.0,-0.9965853869872697,0.22974350840432667,-0.9732512113252524,0.0
56.416000000000004,0.0,0.0,9.811873352581134,0.0,0.0,-1.0445577635963703,0.24597572906407308,-0.9692759878958098,0.0
56.432,0.0,0.0,9.815638702799797,0.0,0.0,-1.0924568806325339,0.2628802633574112,-0.9648284651362324,0.0
56.448,0.0,0.0,9.823002201474207,0.0,0.0,-1.1406680845234938,0.28044168101081346,-0.9598710661082712,0.0
56.464,0.0,0.0,9.83429967991334,0.0,0.0,-1.188589214037565,0.29864269410206956,-0.9543649937311499,0.0
56.480000000000004,0.0,0.0,9.890857751610977,0.0,0.0,-1.2364287796473061,0.31746401648437106,-0.9482703191799327,0.0
56.496,0.0,0.0,9.857834980850368,0.0,0.0,-1.2846770972457955,0.3368842206176189,-0.9415460806029939,0.0
56.512,0.0,0.0,9.806259264916077,0.0,0.0,-1.3325020550421054,0.35687959246556045,-0.9341503928606012,0.0
56.528,0.0,0.0,9.84410591874911,0.0,0.0,-1.380677244544212,0.3774239851902001,-0.9260405689834261,0.0
56.544000000000004,0.0,0.0,9.776395270542483,0.0,0.0,-1.4285510700450115,0.3984886724519161,-0.9171732540406472,0.0
56.56,0.0,0.0,9.815397642019926,0.0,0.0,-1.4765050242360496,0.42004220220468974,-0.907504572091532,0.0
56.576,0.0,0.0,9.855890804711171,0.0,0.0,-1.5002446109577152,0.44169822131389963,-0.897163687009309,0.0
56.592,0.0,0.0,9.826566456842318,0.0,0.0,-1.4999069510974887,0.4630998588785755,-0.8863061100469992,0.0
56.608000000000004,0.0,0.0,9.775298845244382,0.0,0.0,-1.4999895911616332,0.48423478933036124,-0.874938094268492,0.0
56.624,0.0,0.0,9.768730653362107,0.0,0.0,-1.499903366861916,0.5050908407020805,-0.8630661867081026,0.0
56.64,0.0,0.0,9.777688584748784,0.0,0.0,-1.500106549177752,0.5256560016377779,-0.8506972246000246,0.0
56.656,0.0,0.0,9.815936177336837,0.0,0.0,-1.5000422188820697,0.5459184283102662,-0.837838331440648,0.0
56.672000000000004,0.0,0.0,9.804184191838269,0.0,0.0,-1.5001778274275295,0.565866451242186,-0.8244969128860185,0.0
56.688,0.0,0.0,9.80191094501993,0.0,0.0,-1.5000559061997676,0.5854885820266599,-0.8106806524867924,0.0
56.704,0.0,0.0,9.82439074921434,0.0,0.0,-1.499926152331044,0.6047735199436587,-0.7963975072631487,0.0
56.72,0.0,0.0,9.845531280503408,0.0,0.0,-1.4999895847483036,0.6237101584682835,-0.781655703122205,0.0
56.736000000000004,0.0,0.0,9.742762913893918,0.0,0.0,-1.4998805695362074,0.6422875916671966,-0.7664637301205794,0.0
56.752,0.0,0.0,9.829857576326795,0.0,0.0,-1.500306928434079,0.6604951204795414,-0.7508303375748189,0.0
56.768,0.0,0.0,9.848088244544833,0.0,0.0,-1.494049429723184,0.6782532010010539,-0.7348282760834833,0.0
56.784,0.0,0.0,9.73570191448229,0.0,0.0,-1.4461754138060252,0.6950718524218581,-0.7189402756633175,0.0
56.800000000000004,0.0,0.0,9.826635126629824,0.0,0.0,-1.419018792162586,0.7112122919086168,-0.7029772939705041,0.0
56.816,0.0,0.0,9.811209442133551,0.0,0.0,-1.3834090615562464,0.7265953841801144,-0.6870656065385254,0.0
56.832,0.0,0.0,9.843486784364417,0.0,0.0,-1.3542949171306233,0.7413129337829457,-0.6711595445243418,0.0
56.848,0.0,0.0,9.804546482502555,0.0,0.0,-1.322441994805041,0.7553449943480036,-0.6553273529415774,0.0
56.864000000000004,0.0,0.0,9.810038723912726,0.0,0.0,-1.2932192951044619,0.7687439324255877,-0.6395566951872551,0.0
56.88,0.0,0.0,9.825959872185111,0.0,0.0,-1.2634184266915416,0.7815144776849132,-0.6238871061088516,0.0
56.896,0.0,0.0,9.831156485965236,0.0,0.0,-1.2353679531257542,0.7936917150734436,-0.6083201964621721,0.0
56.912,0.0,0.0,9.826665021886106,0.0,0.0,-1.2069534171696226,0.8052902783043349,-0.5928807364626775,0.0
56.928000000000004,0.0,0.0,9.783848158703494,0.0,0.0,-1.1799509349490382,0.8163373308355769,-0.5775754169666903,0.0
56.944,0.0,0.0,9.76031733913011,0.0,0.0,-1.1527726585255755,0.8268510816697658,-0.562420917766701,0.0
56.96,0.0,0.0,9.835602785345227,0.0,0.0,-1.1265841780069823,0.8368547047566778,-0.5474250662205866,0.0
56.976,0.0,0.0,9.874787677192387,0.0,0.0,-1.1009820208696837,0.846367268812796,-0.5325997054846804,0.0
56.992000000000004,0.0,0.0,9.79294192252067,0.0,0.0,-1.0758284838354055,0.8554096011403349,-0.5179521351215121,0.0
57.008,0.0,0.0,9.719930560044212,0.0,0.0,-1.0512590573873073,0.8640004653546678,-0.5034910087249994,0.0
57.024,0.0,0.0,9.765014024890348,0.0,0.0,-1.027332470412969,0.872159028407626,-0.48922247410259656,0.0
57.04,0.0,0.0,9.76312458609239,0.0,0.0,-1.0037090408123834,0.8799032542591384,-0.4751528839691264,0.0
57.056000000000004,0.0,0.0,9.804449961066764,0.0,0.0,-0.9808352853421622,0.887250942227475,-0.46128707495057575,0.0
57.072,0.0,0.0,9.772942947396126,0.0,0.0,-0.9581331476290865,0.8942190557482521,-0.44762962406067863,0.0
57.088,0.0,0.0,9.877371659850317,0.0,0.0,-0.9361062140648068,0.9008241617362647,-0.4341840964753964,0.0
57.104,0.0,0.0,9.821976363582465,0.0,0.0,-0.9145824337736088,0.90708215400498,-0.4209536386416989,0.0
57.120000000000005,0.0,0.0,9.74289514629048,0.0,0.0,-0.8937330106824349,0.913008442557875,-0.4079406621287504,0.0
57.136,0.0,0.0,9.79211534550821,0.0,0.0,-0.8731444521219663,0.91861784381937,-0.3951471333777479,0.0
57.152,0.0,0.0,9.88871495259486,0.0,0.0,-0.8529900436403367,0.9239246661427521,-0.3825744519606661,0.0
57.168,0.0,0.0,9.805901386876727,0.0,0.0,-0.8331788908098682,0.9289426707748629,-0.3702236005627744,0.0
57.184000000000005,0.0,0.0,9.724633072198298,0.0,0.0,-0.8140690676884041,0.9336851146484626,-0.35809510843334247,0.0
57.2,0.0,0.0,9.863292396617673,0.0,0.0,-0.7949439004966832,0.9381647414937613,-0.34618913590397965,0.0
57.216,0.0,0.0,9.741452796336382,0.0,0.0,-0.7765394270822508,0.9423938072359973,-0.33450547392119306,0.0
57.232,0.0,0.0,9.832752910357828,0.0,0.0,-0.7585877673248796,0.9463840840248399,-0.32304359690986795,0.0
57.248000000000005,0.0,0.0,9.808349816532889,0.0,0.0,-0.740865697595159,0.9501468786155274,-0.31180267647531545,0.0
57.264,0.0,0.0,9.831633392065365,0.0,0.0,-0.7236235228754979,0.9536930419272096,-0.30078161808798376,0.0
57.28,0.0,0.0,9.781700380594273,0.0,0.0,-0.7066668624677045,0.9570329845732193,-0.28997907931241573,0.0
57.296,0.0,0.0,9.837027934105516,0.0,0.0,-0.6901749928075223,0.9601766887179705,-0.27939349749518855,0.0
57.312000000000005,0.0,0.0,9.849346845167748,0.0,0.0,-0.6740535795761315,0.9631337223620039,-0.26902310839240245,0.0
57.328,0.0,0.0,9.74596601183634,0.0,0.0,-0.6580889135195419,0.9659132520381354,-0.2588659682868987,0.0
57.344,0.0,0.0,9.75639290973924,0.0,0.0,-0.6426463873893022,0.9685240564194968,-0.24891997134967572,0.0
57.36,0.0,0.0,9.816603568695632,0.0,0.0,-0.6275656621661466,0.9709745391620923,-0.23918286790437646,0.0
57.376,0.0,0.0,9.83063112747404,0.0,0.0,-0.6127255051393415,0.9732727419972808,-0.22965227994752113,0.0
57.392,0.0,0.0,9.794531012082437,0.0,0.0,-0.5982436281181499,0.9754263573697967,-0.22032571649330865,0.0
57.408,0.0,0.0,9.798392015413933,0.0,0.0,-0.5840479256112322,0.9774427410276768,-0.2112005871495198,0.0
57.424,0.0,0.0,9.86565159987825,0.0,0.0,-0.5702377237707381,0.9793289242654311,-0.20227421510690383,0.0
57.44,0.0,0.0,9.86070907899853,0.0,0.0,-0.5566495526066257,0.9810916259795692,-0.19354384886315892,0.0
57.456,0.0,0.0,9.857934599728036,0.0,0.0,-0.5435259811080803,0.9827372644082036,-0.18500667324040132,0.0
57.472,0.0,0.0,9.787125690421048,0.0,0.0,-0.5304550008299216,0.9842719686152129,-0.1766598194223385,0.0
57.488,0.0,0.0,9.794389897760569,0.0,0.0,-0.5178759736435534,0.9857015896633075,-0.16850037428809692,0.0
57.504,0.0,0.0,9.856415340567523,0.0,0.0,-0.505385012307718,0.987031711498452,-0.16052538894653612,0.0
57.52,0.0,0.0,9.828481212718097,0.0,0.0,-0.4932032197495315,0.9882676615218154,-0.1527318866190113,0.0
57.536,0.0,0.0,9.817780792667385,0.0,0.0,-0.48137281242144814,0.9894145208580335,-0.14511686985071057,0.0
57.552,0.0,0.0,9.802456160883276,0.0,0.0,-0.46965658117773096,0.9904771343105807,-0.13767732713813224,0.0
57.568,0.0,0.0,9.83026611180595,0.0,0.0,-0.4583877512386597,0.9914601200089168,-0.13041023898415477,0.0
57.584,0.0,0.0,9.884807778789225,0.0,0.0,-0.44721870719636203,0.9923678787454028,-0.12331258343879511,0.0
57.6,0.0,0.0,9.792474468738924,0.0,0.0,-0.43632604079587567,0.9932046030060707,-0.11638134114863019,0.0
57.616,0.0,0.0,9.785067627212632,0.0,0.0,-0.42568989932610496,0.9939742856970986,-0.10961349995754491,0.0
57.632,0.0,0.0,9.839509384462863,0.0,0.0,-0.4152568508860138,0.9946807285716504,-0.10300605908474948,0.0
57.648,0.0,0.0,9.820085801191563,0.0,0.0,-0.4051690341226335,0.9953275503611615,-0.09655603291379297,0.0
57.664,0.0,0.0,9.774856954340699,0.0,0.0,-0.3951612904050129,0.9959181946165435,-0.09026045441789358,0.0
57.68,0.0,0.0,9.877227872468893,0.0,0.0,-0.3854040052946769,0.9964559372647573,-0.08411637824950816,0.0
57.696,0.0,0.0,9.805911202856379,0.0,0.0,-0.37598446275273556,0.9969438938869389,-0.07812088351745532,0.0
57.712,0.0,0.0,9.741558739139794,0.0,0.0,-0.36672778162160813,0.9973850267243898,-0.07227107627528831,0.0
57.728,0.0,0.0,9.774125364149372,0.0,0.0,-0.3576026749443268,0.9977821514191288,-0.06656409174183169,0.0
57.744,5.023225639440091,0.024871046368005318,9.802461752054297,0.0,0.0,-0.30953891707963993,0.9980995907092272,-0.06162148185554448,0.0
57.76,4.957231719704212,-0.003851962277711213,9.85946477244468,0.0,0.0,-0.2615634963355781,0.9983487240408208,-0.05744410505931331,0.0
57.776,4.948059901983731,-0.024933214544680376,9.763294986781013,0.0,0.0,-0.2135625485626878,0.9985391713325171,-0.05403261343457277,0.0
57.792,5.004966886670712,-0.03814103927392588,9.858735762915488,0.0,0.0,-0.16554511573624367,0.9986787901575167,-0.05138748962071149,0.0
57.808,4.987077156036269,-0.043656647614822304,9.724327483946885,0.0,0.0,-0.11755344314063994,0.9987736737103561,-0.0495090769770464,0.0
57.824,4.999541113391678,-0.041108931507894506,9.83504524099977,0.0,0.0,-0.06957566753426392,0.998828149396199,-0.04839760297540185,0.0
57.84,4.966622980596255,-0.03156546709978421,9.813802619550126,0.0,0.0,-0.021554109539574776,0.9988447779169441,-0.048053195815167954,0.0
57.856,5.001563092587614,-0.01305300260569387,9.849263712767256,0.0,0.0,0.011751999259603478,0.9988357227098842,-0.048241051383892425,0.0
57.872,4.999504269517038,0.006542351348108476,9.888988772469434,0.0,0.0,0.01164874321532075,0.9988267142635455,-0.04842721211766811,0.0
57.888,4.979200794719277,0.007434038930658817,9.759465588163396,0.0,0.0,0.011554647605834663,0.998817744305126,-0.048611867493646786,0.0
57.904,5.001505231419883,0.00831837280369405,9.80869053740367,0.0,0.0,0.011472283017259164,0.9988088044293095,-0.048795206675382195,0.0
57.92,5.006454829684018,0.009199058271944041,9.828501049865993,0.0,0.0,0.011402312924894777,0.9987998860507641,-0.04897741954187353,0.0
57.936,4.967806226791459,0.01012372005386531,9.819221457336852,0.0,0.0,0.01134407176221217,0.9987909803525481,-0.04915869776953296,0.0
57.952,4.971761785947535,0.010866872909098133,9.797720100058868,0.0,0.0,0.011296367495190586,0.9987820782294827,-0.049339235985124644,0.0
57.968,5.0200544508516955,0.011760902923432062,9.809048782759843,0.0,0.0,0.011262607726217747,0.9987731702253836,-0.049519233010387353,0.0
57.984,4.988947417846869,0.01270008922819682,9.756880648559017,0.0,0.0,0.011241659354539472,0.9987642464628258,-0.049698893222524,0.0
58.0,5.00238231148293,0.013485606656467182,9.746189167483395,0.0,0.0,0.011232552683779396,0.99875529656385,-0.0498784280591932,0.0
58.016,5.020670384532205,0.01436903365710122,9.794072605981388,0.0,0.0,0.011240904169497577,0.9987463095596757,-0.05005805770232,0.0
58.032000000000004,4.995633530797742,0.015237314659767711,9.757259576231998,0.0,0.0,0.01126146224837432,0.9987372737870472,-0.0502380129823689,0.0
58.048,5.005105930102179,0.016189881189000117,9.828115621515623,0.0,0.0,0.011297076299751903,0.9987281767682863,-0.05041853755410827,0.0
58.064,5.000842072247178,0.017187979446184384,9.75545000401526,0.0,0.0,0.011347586736617274,0.9987190050713929,-0.050599890407065945,0.0
58.08,-4.769741749343405,0.020019891545915318,9.822129132786301,0.0,0.0,0.011418405627999565,0.9987097441456156,-0.050782348789701746,0.0
58.096000000000004,-0.9819231948551266,0.018403194251458994,9.865955251746948,0.0,0.0,0.011481311096312886,0.9987003981886885,-0.05096581852334943,0.0
58.112,-2.4035824459219244,0.018695685227075674,9.811502724669772,0.0,0.0,0.011549266675223784,0.9986909639704639,-0.05115035174605948,0.0
58.128,-1.7929898680463459,0.01833995918797792,9.79384779755578,0.0,0.0,0.011615456930480767,0.9986814411623817,-0.051335943332411954,0.0
58.144,-1.957036067348109,0.018099122776642402,9.850455188119795,0.0,0.0,0.01168310585258119,0.998671828256916,-0.0515226110168046,0.0
58.160000000000004,-1.8469851074971375,0.01768798929624247,9.733121013094978,0.0,0.0,0.011750204432284372,0.9986621241781704,-0.05171036387364392,0.0
58.176,-1.8302357081347442,0.017644257129014948,9.733169641451232,0.0,0.0,0.0118191984582818,0.998652327644708,-0.05189921473208417,0.0
58.192,-1.7983916548801846,0.017235328238918546,9.80859562764435,0.0,0.0,0.011888691542992843,0.9986424374201726,-0.05208917530060115,0.0
58.208,-1.7646362182172997,0.017088081297688063,9.774594677462588,0.0,0.0,0.011955312492094805,0.998632452213188,-0.0522802580968688,0.0
58.224000000000004,-1.731241103946222,0.016740158936656042,9.844439049326668,0.0,0.0,0.012030121174050293,0.9986223707157595,-0.052472475699515804,0.0
58.24,-1.6824941022048074,0.016603327093982396,9.779402433714925,0.0,0.0,0.012102030703089262,0.9986121915869174,-0.05266584105446146,0.0
58.256,-1.6376196734306534,0.016349316257068307,9.798737740831351,0.0,0.0,0.012172659865803907,0.998601913457946,-0.05286036736657472,0.0
58.272,-1.611526077074978,0.01611547717085407,9.815226840923962,0.0,0.0,0.012250680746812887,0.9985915349290356,-0.05305606815504351,0.0
58.288000000000004,-1.592998427777902,0.015858791281993693,9.82567614327644,0.0,0.0,0.012322592778501637,0.9985810545692752,-0.05325295724478113,0.0
58.304,-1.5528788581842634,0.015672598606624604,9.742337773630068,0.0,0.0,0.012398123884619297,0.9985704709152686,-0.053451048783527425,0.0
58.32,-1.5146260329192929,0.015288669427447681,9.852943875438141,0.0,0.0,0.012476469687412936,0.9985597824702414,-0.05365035724936375,0.0
58.336,-1.4987594448233634,0.015099136939887951,9.80065755907557,0.0,0.0,0.012552088465665431,0.998548987702895,-0.05385089746256749,0.0
58.352000000000004,-1.4637096245937866,0.01494170011377642,9.812714802781139,0.0,0.0,0.01263079415743386,0.9985380850462985,-0.05405268459633836,0.0
58.368,-1.4298278258774697,0.014747205016003575,9.838798393151798,0.0,0.0,0.012710858832221315,0.9985270728967032,-0.05425573418858255,0.0
58.384,-1.4048054610261111,0.014503295183509495,9.768128163247205,0.0,0.0,0.012788477057300426,0.9985159496123188,-0.05446006215392563,0.0
58.4,-1.3793178866671738,0.014380889276598679,9.850474837606626,0.0,0.0,0.012868672397574015,0.998504713512035,-0.054665684796305104,0.0
58.416000000000004,-1.3551657476582675,0.0142200007026182,9.804880165382654,0.0,0.0,0.012952567747763034,0.998493362874091,-0.05487261882204241,0.0
58.432,-1.3199107535936945,0.013939683123590375,9.824564672896429,0.0,0.0,0.013036057128516191,0.9984818959346863,-0.05508088135346437,0.0
58.448,-1.3011755600735897,0.01377866898197353,9.870802447166511,0.0,0.0,0.013120195765082191,0.9984703108865349,-0.055290489943087585,0.0
58.464,-1.2740945492223585,0.013570687756911622,9.854130546129817,0.0,0.0,0.013205825731767817,0.9984586058773539,-0.05550146258839355,0.0
58.480000000000004,-1.238325031849368,0.013428195193175481,9.781257465290935,0.0,0.0,0.013290855756617176,0.9984467790082898,-0.05571381774722759,0.0
58.496,-1.2248213434521769,0.01322100793070509,9.932790895808369,0.0,0.0,0.013379974842681155,0.9984348283322724,-0.055927574353854204,0.0
58.512,-1.2036392116015424,0.012972716446179419,9.843044111605682,0.0,0.0,0.01346969498847268,0.9984227518522983,-0.056142751835693464,0.0
58.528,-1.1699560347388027,0.012725180615005825,9.788088234066974,0.0,0.0,0.013560390715389517,0.9984105475196368,-0.05635937013078883,0.0
58.544000000000004,-1.1482791173336726,0.012670755142874397,9.78129016611515,0.0,0.0,0.013649431390317176,0.9983982132319561,-0.0565774497060256,0.0
58.56,-1.1316352099378677,0.012537035669766725,9.820231224047257,0.0,0.0,0.013745892570334931,0.9983857468313627,-0.05679701157615786,0.0
58.576,-1.1071233894241872,0.012300692383151778,9.798588052558598,0.0,0.0,0.013839097121256631,0.9983731461023537,-0.05701807732367254,0.0
58.592,-1.0784447005004918,0.012234498069631408,9.721369887947674,0.0,0.0,0.013933717248304682,0.9983604087696722,-0.057240669119543265,0.0
58.608000000000004,-1.0537313829087915,0.011982081406576726,9.841614318369402,0.0,0.0,0.014032216772405803,0.9983475324960643,-0.057464809744919826,0.0
58.624,-1.0353758686519459,0.01174488237192298,9.87067739920198,0.0,0.0,0.014127608670910796,0.998334514879931,-0.05769052261379615,0.0
58.64,-1.0224936754285059,0.011656014182717644,9.84307163147614,0.0,0.0,0.014230853341362294,0.9983213534528679,-0.05791783179673102,0.0
58.656,-0.9974564539951507,0.011477591056650053,9.820837609834285,0.0,0.0,0.014332670875803711,0.9983080456770878,-0.05814676204565419,0.0
58.672000000000004,-0.9770876353590885,0.01140055219786714,9.784873120549907,0.0,0.0,0.014433982037525835,0.9982945889427197,-0.058377338819838115,0.0
58.688,-0.9578367806731072,0.011191044307744718,9.778552673137613,0.0,0.0,0.014541651046871811,0.9982809805649762,-0.0586095883130883,0.0
58.704,-0.938272901675304,0.011025405706084975,9.817168229789377,0.0,0.0,0.014649774115479582,0.9982672177811797,-0.05884353748223198,0.0
58.72,-0.9140187588629335,0.010938580907851195,9.822979435125477,0.0,0.0,0.014755672499136282,0.9982532977476446,-0.05907921407697008,0.0
58.736000000000004,-0.898476952816681,0.01088479502343813,9.8205392064835,0.0,0.0,0.014864605763043487,0.9982392175364011,-0.059316646671180036,0.0
58.752,-0.8817389216579212,0.010729720125657458,9.773874510219512,0.0,0.0,0.014975749088207565,0.9982249741317546,-0.05955586469574471,0.0
58.768,-0.8725445556410651,0.010523900795372002,9.824808120150893,0.0,0.0,0.015093573936230089,0.9982105644266687,-0.059796898473011104,0.0
58.784,-0.8481149907499894,0.010378717500360398,9.907493142699929,0.0,0.0,0.015207091460200394,0.9981959852189629,-0.06003977925296121,0.0
58.800000000000004,-0.8378572893122167,0.010258094743785768,9.841488661605098,0.0,0.0,0.015323180564192053,0.9981812332073118,-0.06028453925120696,0.0
58.816,-0.8173702435642599,0.01007925299832567,9.756532344447416,0.0,0.0,0.01544379936835533,0.9981663049870352,-0.06053121168892445,0.0
58.832,-0.7967219933161037,0.010023413907635701,9.838962720578264,0.0,0.0,0.01556809464695931,0.9981511970456627,-0.06077983083483381,0.0
58.848,-0.7837912672365579,0.009879437151730997,9.845766014390916,0.0,0.0,0.01569319840484312,0.9981359057582632,-0.06103043204936249,0.0
58.864000000000004,-0.7637229248265918,0.009702288802216416,9.775832838579424,0.0,0.0,0.015816972102771196,0.9981204273825196,-0.061283051831128255,0.0
58.88,-0.7540495238461601,0.009723322513217692,9.855619606115843,0.0,0.0,0.015945516216345604,0.9981047580535344,-0.0615377278658834,0.0
58.896,-0.7390545105802048,0.009516330848329483,9.798241078548855,0.0,0.0,0.01607812364890851,0.9980888937783491,-0.06179449907808532,0.0
58.912,-0.7208157909195585,0.009422425750884127,9.84288966494492,0.0,0.0,0.01621211776448718,0.998072830430155,-0.06205340568525887,0.0
58.928000000000004,-0.7078374756267898,0.00929555807561035,9.90075188602096,0.0,0.0,0.01634911828738181,0.9980565637421794,-0.06231448925533551,0.0
58.944,-0.6931356748089226,0.00914591758921262,9.847146149098837,0.0,0.0,0.0164900428824749,0.9980400893012211,-0.06257779276716748,0.0
58.96,-0.6834795390145764,0.00904538481683319,9.813880072707507,0.0,0.0,0.016630051967840908,0.998023402540814,-0.06284336067442861,0.0
58.976,-0.6663911542450629,0.009007181483446636,9.86952710376763,0.0,0.0,0.01677608025969136,0.9980064987339894,-0.06311123897313277,0.0
58.992000000000004,-0.6558940968278422,0.0088803054904842,9.797995703239522,0.0,0.0,0.016926331008112284,0.9979893729856126,-0.06338147527301728,0.0
59.008,-0.6416494300573586,0.00874563491518022,9.869592292163222,0.0,0.0,0.017070655554769953,0.9979720202242618,-0.06365411887305994,0.0
59.024,-0.6260026667339129,0.008679501180668906,9.748476598811772,0.0,0.0,0.017227739717932258,0.9979544351936158,-0.06392922084142283,0.0
59.04,-0.6113055895055506,0.00859195361295965,9.804401474378155,0.0,0.0,0.017387947684346552,0.9979366124433148,-0.06420683410012855,0.0
59.056000000000004,-0.6030630854435026,0.008403022961806388,9.754262705901583,0.0,0.0,0.017548859139628434,0.9979185463192569,-0.0644870135148239,0.0
59.072,-0.5849077314491843,0.008353933607760667,9.716389753970978,0.0,0.0,0.01771467184269094,0.9979002309532872,-0.06476981598998506,0.0
59.088,-0.5785413836859303,0.008252229873570077,9.80872947358468,0.0,0.0,0.017881447047926973,0.9978816602522312,-0.06505530056998152,0.0
59.104,-0.5674798832612623,0.008114138120944484,9.78114552599273,0.0,0.0,0.018049764586968838,0.9978628278862297,-0.06534352854642006,0.0
59.120000000000005,-0.555242021143396,0.008095815899190869,9.785010094797785,0.0,0.0,0.018231713831150048,0.9978437272763103,-0.06563456357225617,0.0
59.136,-0.5445096313980949,0.008044216412343574,9.790322998958665,0.0,0.0,0.018410164782743425,0.9978243515811457,-0.06592847178318503,0.0
59.152,-0.5309105909186025,0.007949783792073294,9.869172757906105,0.0,0.0,0.018590650957235222,0.9978046936829282,-0.06622532192687422,0.0
59.168,-0.5244097779627085,0.007865531470095475,9.831788433458641,0.0,0.0,0.01878554256547355,0.9977847461722908,-0.06652518550065903,0.0
59.184000000000005,-0.5087594621651322,0.007791402099936627,9.866490561643563,0.0,0.0,0.018979338811860116,0.9977645013321995,-0.06682813689837246,0.0
59.2,-0.502436978815011,0.007697867859617332,9.778027022197877,0.0,0.0,0.01917020435088003,0.9977439511207252,-0.06713425356704278,0.0
59.216,-0.4922666822375107,0.007577655592072891,9.73437933175315,0.0,0.0,0.019382580953154063,0.9977230871526119,-0.06744361617426638,0.0
59.232,-0.48128009133389454,0.007514222826902107,9.807310854026674,0.0,0.0,0.01958853094156447,0.997701900679527,-0.06775630878714943,0.0
59.248000000000005,-0.47103296169999764,0.007501299704068936,9.79467199622835,0.0,0.0,0.01980429268259423,0.9976803825688896,-0.06807241906377455,0.0
59.264,-0.46386280152629566,0.007466407213219061,9.879700933467717,0.0,0.0,0.020026134579279403,0.9976585232811487,-0.06839203845827158,0.0
59.28,-0.45503179966955454,0.007361306047312312,9.717364718550549,0.0,0.0,0.020247492077671524,0.9976363128453727,-0.06871526244066666,0.0
59.296,-0.44435760425256776,0.00726301126519545,9.77402990102457,0.0,0.0,0.020483323994982983,0.9976137408330019,-0.06904219073280086,0.0
59.312000000000005,-0.4385153903587292,0.007237483193989037,9.804410217507819,0.0,0.0,0.020722482631026166,0.9975907963295931,-0.06937292756175545,0.0
59.328,-0.4248566877001681,0.007105822489835569,9.801369583053821,0.0,0.0,0.020964292518759014,0.9975674679043737,-0.06970758193235747,0.0
59.344,-0.41725264466143724,0.007090604032304995,9.815848500868585,0.0,0.0,0.021223540539868878,0.9975437435773964,-0.07004626792052328,0.0
59.36,-0.4098475118713836,0.006984827884361298,9.814850570705026,0.0,0.0,0.02148127806737255,0.9975196107840658,-0.07038910498937964,0.0
59.376000000000005,-0.40222033547407393,0.006982376348027678,9.864530218497988,0.0,0.0,0.021746734426933235,0.9974950563367857,-0.07073621833030888,0.0
59.392,-0.392682233139885,0.006908859335081509,9.866646140676961,0.0,0.0,0.02202419000493152,0.9974700663834374,-0.0710877392313265,0.0
59.408,-0.3858410307653933,0.0068933070066369145,9.78978101088271,0.0,0.0,0.02230932215896113,0.9974446263623789,-0.07144380547545336,0.0
59.424,-0.3776369565511992,0.006802921179516918,9.87422562659807,0.0,0.0,0.022604393321222625,0.9974187209536034,-0.07180456177206174,0.0
59.44,-0.37108468440249365,0.006760386654494305,9.76542654645481,0.0,0.0,0.02290687453590225,0.9973923340256664,-0.07217016022452552,0.0
59.456,-0.36162550475155936,0.006700549089022418,9.789504652350514,0.0,0.0,0.023220616611421913,0.997365448577931,-0.07254076083790739,0.0
59.472,-0.3559853889840372,0.006661928686320784,9.83542734945537,0.0,0.0,0.023546501431640013,0.9973380466776351,-0.07291653207085201,0.0
59.488,-0.3474133477268503,0.006591249633213507,9.777467102390517,0.0,0.0,0.023880494316169492,0.9973101093912101,-0.07329765143640354,0.0
59.504,-0.342269767523318,0.00656761118411107,9.857308035667211,0.0,0.0,0.02423137697375734,0.9972816167092208,-0.07368430615702903,0.0
59.52,-0.33404823264130173,0.0064995122164248865,9.873769150444357,0.0,0.0,0.024590012887440005,0.9972525474641989,-0.07407669387982768,0.0
59.536,-0.3280485024604674,0.006488490007554546,9.85851259908513,0.0,0.0,0.02496885249913373,0.9972228792405579,-0.07447502345868524,0.0
59.552,-0.32119397804825406,0.006462050683666261,9.81561883954743,0.0,0.0,0.025351966121071323,0.997192588275658,-0.07487951581102788,0.0
59.568,-0.31544118103355806,0.006445264459219657,9.761603312977142,0.0,0.0,0.025750218475068365,0.9971616493509647,-0.0752904048578816,0.0
59.584,-0.30904450449507925,0.006380236994425411,9.805195424301859,0.0,0.0,0.02616754447663043,0.9971300356720924,-0.07570793855714114,0.0
59.6,-0.3038220235394251,0.00638424062346926,9.851661766223893,0.0,0.0,0.026608037557625915,0.9970977187363521,-0.07613238004136272,0.0
59.616,-0.2959463547556952,0.006333019332545868,9.812747123008476,0.0,0.0,0.027055899386249867,0.9970646681862178,-0.07656400887301996,0.0
59.632,-0.29269458077772625,0.006360997004322254,9.745660650322296,0.0,0.0,0.027528494993429423,0.997030851646884,-0.07700312243207723,0.0
59.648,-0.2870361694099866,0.006268142053308621,9.80459018733783,0.0,0.0,0.028010922858419048,0.996996234545815,-0.07745003745297026,0.0
59.664,-0.2787081503807741,0.0062748159211753265,9.82356909836325,0.0,0.0,0.02852097553215538,0.9969607799118426,-0.07790509173071236,0.0
59.68,-4.974654564839477,0.004604037672049835,9.875996680730694,0.0,0.0,-0.019474520397283073,0.996985004147386,-0.0775944682644112,0.0
59.696,-5.015399942071005,-0.008036068319751738,9.798112611754064,0.0,0.0,-0.0674790017643552,0.9970681915452679,-0.07651811163802487,0.0
59.712,-3.4588859132667045,-0.010068719145842717,9.805053337912346,0.0,0.0,-0.1154620600846953,0.9972078619870325,-0.07467583271214052,0.0
59.728,0.0,0.0,9.770923468754875,0.0,0.0,-0.1634674859080583,0.9973997702300036,-0.07206731814863115,0.0
59.744,0.0,0.0,9.78985103312861,0.0,0.0,-0.21143872829891114,0.9976379047428271,-0.06869214671519543,0.0
59.76,0.0,0.0,9.840369180159591,0.0,0.0,-0.2594382018192895,0.9979144861771719,-0.06454981237579968,0.0
59.776,0.0,0.0,9.76054772800257,0.0,0.0,-0.3074628204251075,0.998219965599757,-0.059639754174711165,0.0
59.792,0.0,0.0,9.84707873996401,0.0,0.0,-0.35552334861918783,0.9985430226454193,-0.05396139292262527,0.0
59.808,0.0,0.0,9.806848180920603,0.0,0.0,-0.4034262710230369,0.9988705637885399,-0.047514174693080474,0.0
59.824,0.0,0.0,9.759713931570145,0.0,0.0,-0.4514833162601385,0.9991877209667877,-0.04029762113571037,0.0
59.84,0.0,0.0,9.829058022676595,0.0,0.0,-0.4993850618443148,0.9994778508278043,-0.03231138660958088,0.0
59.856,0.0,0.0,9.854263556618623,0.0,0.0,-0.547519387632635,0.9997225349061257,-0.02355532213471837,0.0
59.872,0.0,0.0,9.82698645375899,0.0,0.0,-0.5954560147368264,0.9999015810742328,-0.014029546152660636,0.0
59.888,0.0,0.0,9.770275955681896,0.0,0.0,-0.6435129240518611,0.9999930266481137,-0.0037345220771926022,0.0
59.904,0.0,0.0,9.833556740447866,0.0,0.0,-0.6915189826353599,0.9999731435640019,0.007328857395827834,0.0
59.92,0.0,0.0,9.837764858797906,0.0,0.0,-0.7395130584836191,0.9998164460789091,0.019159179265825665,0.0
59.936,0.0,0.0,9.816606551856864,0.0,0.0,-0.7874064288720746,0.9994957014830959,0.03175441255659519,0.0
59.952,0.0,0.0,9.822294699674599,0.0,0.0,-0.8355065571561031,0.9989819443475197,0.0451118040832882,0.0
59.968,0.0,0.0,9.773052143056962,0.0,0.0,-0.8833585677236764,0.9982444948634249,0.05922776776872095,0.0
59.984,0.0,0.0,9.817528580578857,0.0,0.0,-0.9315960540184036,0.9972509818643273,0.07409776764947514,0.0
60.0,0.0,0.0,9.842981716240603,0.0,0.0,-0.979617004142148,0.9959673711524981,0.0897161947453325,0.0
60.016,0.0,0.0,9.810083666016876,0.0,0.0,-1.0274110898069666,0.9943579997823454,0.10607623800292658,0.0
60.032000000000004,0.0,0.0,9.724431403433817,0.0,0.0,-1.0755249648387117,0.9923856169815216,0.12316974956621717,0.0
60.048,0.0,0.0,9.765156548812536,0.0,0.0,-1.123624626623586,0.9900114324168172,0.14098710467273856,0.0
60.064,0.0,0.0,9.826402185326621,0.0,0.0,-1.1714158888919048,0.9871951725355037,0.15951705652561865,0.0
60.08,0.0,0.0,9.864803460172972,0.0,0.0,-1.219458348124383,0.9838951457333734,0.17874658654727887,0.0
60.096000000000004,0.0,0.0,9.796895615950591,0.0,0.0,-1.267526558024851,0.9800683171177923,0.1986607504815656,0.0
60.112,0.0,0.0,9.833861641741509,0.0,0.0,-1.3153298376020537,0.9756703936471315,0.21924252087688548,0.0
60.128,0.0,0.0,9.792354802905052,0.0,0.0,-1.3632777809509864,0.9706559204364547,0.24047262655374946,0.0
60.144,0.0,0.0,9.874351673247224,0.0,0.0,-1.411509524421476,0.9649783890226732,0.26232938973589415,0.0
60.160000000000004,0.0,0.0,9.805139584820012,0.0,0.0,-1.4595971459402894,0.9585903583799754,0.28478856160483407,0.0
60.176,0.0,0.0,9.74373846222318,0.0,0.0,-1.5002320745390234,0.9514803827147417,0.3077094104979709,0.0
60.192,0.0,0.0,9.737849938743263,0.0,0.0,-1.5000080517888668,0.9438224332572905,0.3304530442896349,0.0
60.208,0.0,0.0,9.78932153473686,0.0,0.0,-1.5001993141400451,0.9356209203514195,0.3530063645329396,0.0
60.224000000000004,0.0,0.0,9.752734438585298,0.0,0.0,-1.4999388693172149,0.9268805673883946,0.3753563823858175,0.0
60.24,0.0,0.0,9.775943303980766,0.0,0.0,-1.4999870830918232,0.9176064080866666,0.39749022609151824,0.0
60.256,0.0,0.0,9.825130472760517,0.0,0.0,-1.499851335975974,0.9078037835928682,0.4193951483916726,0.0
60.272,0.0,0.0,9.81322480013801,0.0,0.0,-1.5000026854404016,0.8974783394057564,0.44105853386765564,0.0
60.288000000000004,0.0,0.0,9.816422645859685,0.0,0.0,-1.4999133344925817,0.8866360221248721,0.4624679062060234,0.0
60.304,0.0,0.0,9.806922709070541,0.0,0.0,-1.4998828519277891,0.875283076025794,0.4836109353838312,0.0
60.32,0.0,0.0,9.801414907538554,0.0,0.0,-1.499995583553116,0.8634260394639515,0.5044754447697085,0.0
60.336,0.0,0.0,9.821077435973804,0.0,0.0,-1.5000746428380043,0.851071741109076,0.5250494181365845,0.0
60.352000000000004,0.0,0.0,9.720619108462925,0.0,0.0,-1.4999451245516553,0.8382272960124523,0.5453210065820431,0.0
60.368,0.0,0.0,9.847123728578195,0.0,0.0,-1.500034773908171,0.8249001015092404,0.5652785353523033,0.0
60.384,0.0,0.0,9.805563383113551,0.0,0.0,-1.4997235000474656,0.8110978329582215,0.584910510565913,0.0
60.4,0.0,0.0,9.815225542524074,0.0,0.0,-1.5000451614331438,0.7968284393214313,0.6042056258332688,0.0
60.416000000000004,0.0,0.0,9.81031114954664,0.0,0.0,-1.5001719831769909,0.7821001385862144,0.6231527687681605,0.0
60.432,0.0,0.0,9.806445663868647,0.0,0.0,-1.4999438942422791,0.7669214130323453,0.6417410273875832,0.0
60.448,0.0,0.0,9.878943266823443,0.0,0.0,-1.499869949434781,0.7513010043469406,0.659959696396135,0.0
60.464,0.0,0.0,9.75803300728739,0.0,0.0,-1.4998833977010793,0.73524790858997,0.6777982833513782,0.0
60.480000000000004,0.0,0.0,9.788299001114611,0.0,0.0,-1.4999306780711659,0.7187713710132745,0.6952465147066167,0.0
60.496,0.0,0.0,9.826756517976575,0.0,0.0,-1.5000891527957452,0.7018808807360638,0.7122943417276087,0.0
60.512,0.0,0.0,9.812979307723221,0.0,0.0,-1.500302026861823,0.6845861652799752,0.7289319462798008,0.0
60.528,0.0,0.0,9.802120150981745,0.0,0.0,-1.5000463253157559,0.6668971849668238,0.745149746482763,0.0
60.544000000000004,0.0,0.0,9.843163569854308,0.0,0.0,-1.4521248074293684,0.6494082550469749,0.760439950473963,0.0
60.56,0.0,0.0,9.7939554262368,0.0,0.0,-1.4269028819724014,0.6318843205144674,0.7750627106808647,0.0
60.576,0.0,0.0,9.841072307855697,0.0,0.0,-1.3891713930915148,0.6145041288807807,0.7889136046415177,0.0
60.592,0.0,0.0,9.852497727116416,0.0,0.0,-1.3608028202562779,0.5971831903200094,0.8021048791767916,0.0
60.608000000000004,0.0,0.0,9.830539428925869,0.0,0.0,-1.3276957143657813,0.5800124433546091,0.8146076144708054,0.0
60.624,0.0,0.0,9.898789806564862,0.0,0.0,-1.2988334395255905,0.5629608058543911,0.8264835939519761,0.0
60.64,0.0,0.0,9.759041253803092,0.0,0.0,-1.2682171507378261,0.5460769574031047,0.8377350157378932,0.0
60.656,0.0,0.0,9.833737350973472,0.0,0.0,-1.2398360533020143,0.5293529143966276,0.8484017279684175,0.0
60.672000000000004,0.0,0.0,9.865099249692275,0.0,0.0,-1.210963204473379,0.512816470785139,0.8584982628354437,0.0
60.688,0.0,0.0,9.751170091262809,0.0,0.0,-1.183467015838985,0.49646890279329914,0.8680545078272549,0.0
60.704,0.0,0.0,9.856810405145369,0.0,0.0,-1.1562810901768212,0.4803271818303199,0.8770893901963147,0.0
60.72,0.0,0.0,9.811183327129577,0.0,0.0,-1.1297056023250152,0.46439564953088436,0.8856278454840882,0.0
60.736000000000004,0.0,0.0,9.813306517901887,0.0,0.0,-1.1034912288409742,0.4486852516181669,0.8936898483144713,0.0
60.752,0.0,0.0,9.85566090469642,0.0,0.0,-1.0784974407557755,0.4332007171361115,0.9012974751283611,0.0
60.768,0.0,0.0,9.84337391732153,0.0,0.0,-1.0533713728007337,0.41794931517644535,0.9084703462103432,0.0
60.784,0.0,0.0,9.81217628802372,0.0,0.0,-1.029109470461946,0.40293508419730467,0.9152285604825229,0.0
60.800000000000004,0.0,0.0,9.830537192403678,0.0,0.0,-1.00521453572728,0.38816282466214314,0.9215908102570828,0.0
60.816,0.0,0.0,9.843548775449658,0.0,0.0,-0.9821240070321925,0.37363552271693157,0.9275756013199384,0.0
60.832,0.0,0.0,9.750738185065758,0.0,0.0,-0.9593576514890062,0.3593561805415642,0.9332004798040875,0.0
60.848,0.0,0.0,9.857582798710734,0.0,0.0,-0.9369967507205395,0.3453266817942326,0.9384825426405039,0.0
60.864000000000004,0.0,0.0,9.8657133536207,0.0,0.0,-0.9151731643067463,0.3315486411625282,0.9434381265050089,0.0
60.88,0.0,0.0,9.843192648854128,0.0,0.0,-0.8939909322848848,0.3180229173979958,0.9480830259052566,0.0
60.896,0.0,0.0,9.821456501423276,0.0,0.0,-0.8729920112098539,0.30475001734190166,0.9524323739405914,0.0
60.912,0.0,0.0,9.747361594853183,0.0,0.0,-0.8525878931286608,0.29172989774518737,0.9565007405964632,0.0
60.928000000000004,0.0,0.0,9.790120429953472,0.0,0.0,-0.832633464378921,0.27896216588231293,0.9603020930968803,0.0
60.944,0.0,0.0,9.830960766808657,0.0,0.0,-0.8130506210638083,0.26644600856989503,0.963849845420526,0.0
60.96,0.0,0.0,9.845817308363317,0.0,0.0,-0.7939327639657286,0.2541802988145159,0.967156851650529,0.0
60.976,0.0,0.0,9.833629367255753,0.0,0.0,-0.775188092428201,0.24216357955253953,0.9702354357259381,0.0
60.992000000000004,0.0,0.0,9.809222063080565,0.0,0.0,-0.7570735916482433,0.23039412586234295,0.973097398397574,0.0
61.008,0.0,0.0,9.87215447380825,0.0,0.0,-0.7392034404432962,0.2188699511116332,0.975754038936243,0.0
61.024,0.0,0.0,9.828960847741506,0.0,0.0,-0.721602845410012,0.20758884724598478,0.9782161675719143,0.0
61.04,0.0,0.0,9.822528905468223,0.0,0.0,-0.7045574158985387,0.19654839908606994,0.98049412380529,0.0
61.056000000000004,0.0,0.0,9.840792068136336,0.0,0.0,-0.6877821155150999,0.18574601302892446,0.9825977908808154,0.0
61.072,0.0,0.0,9.780664267052407,0.0,0.0,-0.6713972216641438,0.17517893332897272,0.9845366124820975,0.0
61.088,0.0,0.0,9.762580330537661,0.0,0.0,-0.6555650290921462,0.16484426405806837,0.9863196077373471,0.0
61.104,0.0,0.0,9.79859138715761,0.0,0.0,-0.6397349968863791,0.15473898481302986,0.9879553869376051,0.0
61.120000000000005,0.0,0.0,9.79227020741939,0.0,0.0,-0.6244731485185827,0.14485996829668873,0.989452166395669,0.0
61.136,0.0,0.0,9.785568985618417,0.0,0.0,-0.6094466537309016,0.13520399449098658,0.9908177833858662,0.0
61.152,0.0,0.0,9.784907820994142,0.0,0.0,-0.5948977473020202,0.1257677650883478,0.9920597105339387,0.0
61.168,0.0,0.0,9.866666048180404,0.0,0.0,-0.5805410004911952,0.11654791586446692,0.9931850700184982,0.0
61.184000000000005,0.0,0.0,9.781880086186503,0.0,0.0,-0.5664923403713387,0.10754102866351231,0.9942006473313089,0.0
61.2,0.0,0.0,9.822430545136495,0.0,0.0,-0.5527427515804595,0.09874364199737712,0.9951129047324699,0.0
61.216,0.0,0.0,9.861781039483336,0.0,0.0,-0.539305172951352,0.09015226103585956,0.9959279942998501,0.0
61.232,0.0,0.0,9.843913352165362,0.0,0.0,-0.5262910845108636,0.0817633665733109,0.9966517706233198,0.0
61.248000000000005,0.0,0.0,9.819736553765884,0.0,0.0,-0.5134370026304818,0.07357342334633538,0.9972898031049455,0.0
61.264,0.0,0.0,9.78472395618527,0.0,0.0,-0.5008641551481201,0.06557888754466641,0.9978473878847426,0.0
61.28,0.0,0.0,9.800218290535788,0.0,0.0,-0.4885314355960618,0.057776213707150983,0.9983295593788984,0.0
61.296,0.0,0.0,9.885882691529764,0.0,0.0,-0.47664950531720535,0.05016186095603101,0.9987411014399217,0.0
61.312000000000005,0.0,0.0,9.7876162940898,0.0,0.0,-0.46486313138272906,0.04273229867704565,0.9990865581368692,0.0
61.328,0.0,0.0,9.82272308713022,0.0,0.0,-0.4533381824950839,0.03548401164511657,0.9993702441625772,0.0
61.344,0.0,0.0,9.842857585598727,0.0,0.0,-0.44216676134130134,0.028413504662722973,0.9995962548713264,0.0
61.36,0.0,0.0,9.835447884216448,0.0,0.0,-0.4311735585988904,0.021517306728962255,0.9997684759538741,0.0
61.376000000000005,5.023112093072283,0.03079098819385205,9.783236360333328,0.0,0.0,-0.3831302985550352,0.015387990220017734,0.999881597868962,0.0
61.392,5.012136558467005,-0.0038573064767476856,9.82609989941848,0.0,0.0,-0.3351179324734874,0.01002605334095348,0.999949737864061,0.0
61.408,5.023459445555596,-0.030564277971506817,9.86363358326263,0.0,0.0,-0.2871391083984031,0.0054318135911685175,0.9999852475917388,0.0
61.424,5.0201721618410655,-0.04979932768123816,9.855071225291018,0.0,0.0,-0.23914329655106473,0.0016054551803025032,0.9999987112560016,0.0
61.44,4.995145635627698,-0.06191225834933486,9.81676186703243,0.0,0.0,-0.19117656742281736,-0.0014529303355057441,0.9999989444961632,0.0
61.456,5.0026159395474386,-0.06510043554602296,9.795213711704909,0.0,0.0,-0.14312763697148126,-0.003743310204071213,0.9999929937898145,0.0
61.472,4.968187850854215,-0.06112149018211391,9.798619864308167,0.0,0.0,-0.09515380633057485,-0.005265683418719739,0.9999861361929644,0.0
61.488,5.019288522011096,-0.04949055122216929,9.761787212312704,0.0,0.0,-0.047150727753036005,-0.006020060455059314,0.9999818792718783,0.0
61.504,5.008355866336642,-0.030382942088374203,9.774093715038063,0.0,0.0,0.0008505566887400391,-0.006006449801899765,0.999981961117688,0.0
61.52,5.00918650712627,-0.0010938611488539988,9.947547944492307,0.0,0.0,0.021340412361209184,-0.005664985853327052,0.9999839538389012,0.0
61.536,5.004261567424274,0.015327454073438072,9.87141852747943,0.0,0.0,0.021042525154442042,-0.005328282040747719,0.9999858046044925,0.0
61.552,4.98701521740435,0.016712665712097223,9.799008021215393,0.0,0.0,0.020759418857214773,-0.004996201037448919,0.9999875189097079,0.0
61.568,4.984871051149179,0.01812602202891674,9.801064950561143,0.0,0.0,0.02047287467353046,-0.00466860888897724,0.9999891019861376,0.0
61.584,4.991826621728199,0.01979829943938449,9.834205380025864,0.0,0.0,0.020205587106236867,-0.004345374854649253,0.9999905588141185,0.0
61.6,5.00015890457028,0.021102028711426437,9.724926013996138,0.0,0.0,0.019935270963760472,-0.004026371254353722,0.9999918941344085,0.0
61.616,4.960706317729451,0.022271595424203216,9.768444432836711,0.0,0.0,0.019683115548510734,-0.003711473319446651,0.9999931124591804,0.0
61.632,5.001058373186038,0.02356387263101742,9.813017397584238,0.0,0.0,0.019433322552190466,-0.003400559048318197,0.9999942180823642,0.0
61.648,5.039568921892051,0.024849245045813196,9.833825656482862,0.0,0.0,0.019192675961078074,-0.0030935090660734904,0.9999952150893814,0.0
61.664,5.01129148288423,0.026076664822953115,9.855903333847008,0.0,0.0,0.018956562468536862,-0.0027902064874360762,0.9999961073663026,0.0
61.68,4.989522397440405,0.027217980877390805,9.783526897346439,0.0,0.0,0.018728673985898135,-0.002490536782961344,0.9999968986084571,0.0
61.696,4.9773780965467616,0.028200997486012704,9.767836304498314,0.0,0.0,0.018505368511680526,-0.0021943876480719645,0.9999975923285266,0.0
61.712,4.983469660350487,0.02984342500817346,9.790883282166371,0.0,0.0,0.01829561999062362,-0.0019016488740218427,0.9999981918641453,0.0
61.728,5.022027832942961,0.030797728618914756,9.835581942830782,0.0,0.0,0.01809021221685962,-0.001612212222770283,0.9999987003850299,0.0
61.744,4.988707808829716,0.031922086059116894,9.853394175556598,0.0,0.0,0.017892579724877455,-0.0013259713012623718,0.9999991208996677,0.0
61.76,5.017423597687085,0.03299032242674751,9.84454089043202,0.0,0.0,0.01769563908699236,-0.001042821437497987,0.9999994562615769,0.0
61.776,5.016214223357404,0.034224719529193745,9.758398722528833,0.0,0.0,0.017505872463711377,-0.0007626595608673971,0.9999997091751548,0.0
61.792,5.008228382999128,0.035081547010124316,9.784437037996705,0.0,0.0,0.017330935274350794,-0.00048538407654743945,0.9999998822011422,0.0
61.808,4.985765543262269,0.036330447506888144,9.887748967552358,0.0,0.0,0.01715847958234549,-0.00021089474891878638,0.9999999777617022,0.0
61.824,5.020116857090385,0.036959049158766945,9.798485534494313,0.0,0.0,0.016989729801180294,6.090743138068975e-05,0.9999999981451424,0.0
61.84,5.0072470886322495,0.03799050342577398,9.84425218702638,0.0,0.0,0.01682666357235379,0.00033012033830048007,0.9999999455102796,0.0
61.856,4.998979923346482,0.039136739685819225,9.769769259269637,0.0,0.0,0.016672817945061886,0.0005968408843615387,0.9999998218904635,0.0
61.872,1.2501740967006554,0.040879634768010265,9.767329820067147,0.0,0.0,0.016517891394303114,0.0008611651011049499,0.9999996291972656,0.0
61.888,1.6352648196819047e-05,0.04143859185863493,9.734756745014833,0.0,0.0,0.016377206740836626,0.0011231427703548625,0.9999993692749598,0.0
61.904,1.6067251306248374e-05,0.040918759126462693,9.80018667067077,0.0,0.0,0.016227756525623183,0.001382808093463242,0.9999990439204315,0.0
61.92,1.5703556302275735e-05,0.04052343841309558,9.86331149558575,0.0,0.0,0.016087749730860464,0.0016401949235743494,0.9999986548794016,0.0
61.936,1.551073607035131e-05,0.04014014770348665,9.854291120743687,0.0,0.0,0.015946991586691644,0.0018953367738016094,0.9999982038476438,0.0
61.952,1.5182440404178918e-05,0.03980784544103022,9.863646044129139,0.0,0.0,0.01581069067580508,0.0021482668244752006,0.9999976924721633,0.0
61.968,1.4907538019829658e-05,0.0397106471300894,9.825967103889832,0.0,0.0,0.015670703389028803,0.0023990179308389643,0.9999971223523435,0.0
61.984,1.4687906754038045e-05,0.039541958131306815,9.85219719927194,0.0,0.0,0.015537358348657314,0.002647622630001665,0.9999964950410624,0.0
62.0,1.4375400646723172e-05,0.03853311358485804,9.779591120555297,0.0,0.0,0.015405678771508023,0.0028941131479925356,0.9999958120457738,0.0
62.016,1.3961808817473182e-05,0.03841786655842768,9.759382238889152,0.0,0.0,0.01527623437941564,0.003138521407363524,0.9999950748295593,0.0
62.032000000000004,1.3949498630362414e-05,0.0379378143134651,9.893248100245238,0.0,0.0,0.015145544135405723,0.0033808790351298043,0.9999942848121433,0.0
62.048,1.3729583579315228e-05,0.0380834718557958,9.82601820764601,0.0,0.0,0.015023003775921345,0.0036212173688701136,0.999993443370889,0.0
62.064,1.3445514552476393e-05,0.037487301297814274,9.820191654175135,0.0,0.0,0.01489528832261448,0.0038595674656382545,0.9999925518417517,0.0
62.08,1.3295209680126622e-05,0.03707552993090361,9.859923208242858,0.0,0.0,0.014776089519661542,0.0040959601078123945,0.9999916115202143,0.0
62.096000000000004,1.305571036717969e-05,0.03706026102406866,9.792567018035605,0.0,0.0,0.014655054666255506,0.0043304258119167644,0.9999906236621859,0.0
62.112,1.2820151993259244e-05,0.03659454387537735,9.822393617860124,0.0,0.0,0.014534674034743698,0.004562994835191008,0.9999895894848776,0.0
62.128,1.2566665142826952e-05,0.03601506409923349,9.825796163538808,0.0,0.0,0.014419093950678639,0.004793697183393847,0.9999885101676489,0.0
62.144,1.2424580106947496e-05,0.03588284964369748,9.812410219843454,0.0,0.0,0.014303597244988076,0.005022562618847044,0.9999873868528242,0.0
62.160000000000004,1.2220096534237641e-05,0.0357708100688831,9.825394674831564,0.0,0.0,0.014190994186383098,0.005249620667317634,0.9999862206464893,0.0
62.176,1.2086909688265302e-05,0.03555336347296541,9.728267573662887,0.0,0.0,0.014081210550192812,0.00547490062612288,0.9999850126192564,0.0
62.192,1.1864586740774304e-05,0.03495479491040618,9.830993234622637,0.0,0.0,0.013972368488553816,0.005698431571886309,0.9999837638070035,0.0
62.208,1.1596493070379367e-05,0.03489524516457858,9.80062237156982,0.0,0.0,0.013862818397554237,0.0059202423685771844,0.9999824752115896,0.0
62.224000000000004,1.1434414214474473e-05,0.0345666540482226,9.819933310766434,0.0,0.0,0.013758960649040487,0.006140361674977502,0.9999811478015476,0.0
62.24,1.1310723379647055e-05,0.03424280588271109,9.78360523186429,0.0,0.0,0.013653962136205195,0.0063588179530507305,0.9999797825127466,0.0
62.256,1.1165560432186114e-05,0.03400677814983091,9.79100282297561,0.0,0.0,0.013551834965660849,0.006575639476062872,0.9999783802490336,0.0
62.272,1.0985704832122748e-05,0.034268808689482226,9.800654517781291,0.0,0.0,0.013453206687048948,0.0067908543367788616,0.9999769418828499,0.0
62.288000000000004,1.07681662387114e-05,0.03363910476616541,9.752399339626002,0.0,0.0,0.013353597782355226,0.007004490455721302,0.9999754682558246,0.0
62.304,1.0671053363716173e-05,0.03312201738521845,9.808507758380246,0.0,0.0,0.013255775737724199,0.007216575589972357,0.9999739601793411,0.0
62.32,1.0564749983172561e-05,0.0332062783986229,9.855010727478108,0.0,0.0,0.013159067612978628,0.00742713734145404,0.9999724184350842,0.0
62.336,1.0359890602853574e-05,0.032872164342496756,9.874965149323932,0.0,0.0,0.013068271332624903,0.007636203166008275,0.999970843775561,0.0
62.352000000000004,1.0211014788804771e-05,0.032792659535832124,9.783396050411442,0.0,0.0,0.012976309101941232,0.007843800382275487,0.9999692369245983,0.0
62.368,1.005305386461812e-05,0.032201680126193816,9.85254551068941,0.0,0.0,0.012884219029131234,0.008049956180791676,0.9999675985778176,0.0
62.384,9.913400834509222e-06,0.032134382481648315,9.847968315338566,0.0,0.0,0.0127949762037243,0.008254697633261214,0.9999659294030889,0.0
62.4,9.888376258062666e-06,0.03197294461262944,9.822192017201372,0.0,0.0,0.01270833890392142,0.008458051702390165,0.9999642300409549,0.0
62.416000000000004,9.606819361218682e-06,0.03176157661032193,9.916230872642993,0.0,0.0,0.012625167977529527,0.008660045251361593,0.9999625011050388,0.0
62.432,9.53969105069871e-06,0.03144696497189877,9.798525066194772,0.0,0.0,0.012543736485790309,0.00886070505385532,0.9999607431824254,0.0
62.448,9.41121728874872e-06,0.031338073666105755,9.719280569011449,0.0,0.0,0.012460625586092792,0.009060057804519326,0.9999589568340187,0.0
62.464,9.278464275993015e-06,0.03133204451738418,9.814163411833144,0.0,0.0,0.01238013395531471,0.0092581301292888,0.999957142594876,0.0
62.480000000000004,9.17538893069686e-06,0.03093473113357117,9.802572040395946,0.0,0.0,0.012300112536910953,0.009454948596270668,0.9999553009745197,0.0
62.496,9.043617902580556e-06,0.03100405568509968,9.822018137676245,0.0,0.0,0.01222553535515761,0.009650539726964497,0.9999534324572211,0.0
62.512,8.869204937015436e-06,0.030530450104874936,9.817431404700217,0.0,0.0,0.012150176890602946,0.009844930007582246,0.9999515375022661,0.0
62.528,8.866030044914444e-06,0.030312921227650932,9.823755443626801,0.0,0.0,0.012075749721002213,0.010038145901017228,0.9999496165441887,0.0
62.544000000000004,8.663679426526568e-06,0.030378913015962163,9.775951706577647,0.0,0.0,0.012006531530015978,0.01023021385893053,0.9999476699929855,0.0
62.56,8.61396131379594e-06,0.02982095464268994,9.770102785791511,0.0,0.0,0.011934785709882106,0.010421160334438665,0.9999456982343011,0.0
62.576,8.500915011014946e-06,0.029925504674892703,9.787055889266131,0.0,0.0,0.011867256085777926,0.01061101179527174,0.999943701629587,0.0
62.592,8.404878734609411e-06,0.029457001476828924,9.740245039329947,0.0,0.0,0.011798607546211499,0.010799794737125187,0.9999416805162369,0.0
62.608000000000004,8.368910605800403e-06,0.029439085581758062,9.833622653757383,0.0,0.0,0.011736372295156517,0.010987535697692964,0.9999396352076919,0.0
62.624,8.275926828185198e-06,0.02915934301160545,9.785545681255448,0.0,0.0,0.011670732175072387,0.011174261271525475,0.9999375659935155,0.0
62.64,8.117096610446174e-06,0.029180141381265894,9.767902451790768,0.0,0.0,0.011609503618863547,0.011359998124820275,0.9999354731394442,0.0
62.656,8.052846234474789e-06,0.029074842566353953,9.815316848933453,0.0,0.0,0.011547296177771947,0.011544773011368116,0.9999333568874058,0.0
62.672000000000004,7.945368586248331e-06,0.029094681000144555,9.790743882576505,0.0,0.0,0.01149085869181535,0.01172861278901767,0.9999312174555034,0.0
62.688,7.922452475356233e-06,0.028676850483870888,9.840866681860422,0.0,0.0,0.011433981928683699,0.011911544436697667,0.9999290550379725,0.0
62.704,7.81507042565258e-06,0.02862588501261887,9.796729990922874,0.0,0.0,0.01137847825180095,0.012093595072359919,0.9999268698051004,0.0
62.72,7.741623539634484e-06,0.028473708949070364,9.836827616692323,0.0,0.0,0.011326237352859394,0.012274791971764908,0.9999246619031106,0.0
62.736000000000004,7.660756108290986e-06,0.0282424119171679,9.80975829832873,0.0,0.0,0.011272891285937274,0.012455162587897708,0.9999224314540148,0.0
62.752,7.596804617811965e-06,0.02825573756534258,9.76344737113623,0.0,0.0,0.011223228122976716,0.01263473457159839,0.9999201785554211,0.0
62.768,7.495295984847428e-06,0.02806557549694307,9.817313137576113,0.0,0.0,0.011174780657278527,0.012813535793127844,0.9999179032803034,0.0
62.784,7.4888683228602836e-06,0.027979367892045456,9.812480629364263,0.0,0.0,0.01112958270170357,0.012991594364658972,0.9999156056767312,0.0
62.800000000000004,7.405109833566823e-06,0.02778297376468424,9.839768383596759,0.0,0.0,0.011086958369808707,0.013168938664054362,0.9999132857675521,0.0
62.816,7.389945198913022e-06,0.02761962999726296,9.803658838229731,0.0,0.0,0.011042217007418458,0.013345597360052043,0.9999109435500261,0.0
62.832,7.307341110900155e-06,0.02758700720357938,9.768056055828946,0.0,0.0,0.011002355895545678,0.013521599438343478,0.9999085789954144,0.0
62.848,7.209606138754337e-06,0.027610097454103068,9.761894673305063,0.0,0.0,0.010961783978038622,0.013696974229732768,0.9999061920485092,0.0
62.864000000000004,7.180576261364441e-06,0.027510827702679767,9.850344759734872,0.0,0.0,0.010925410535293358,0.013871751439139457,0.999903782627114,0.0
62.88,7.13244186532871e-06,0.027155568581272778,9.757162317920132,0.0,0.0,0.010889310762690218,0.014045961177016205,0.9999013506214569,0.0
62.896,7.136581354686629e-06,0.027351452833574666,9.782821808141957,0.0,0.0,0.010853661726576366,0.014219633991879595,0.9998988958935485,0.0
62.912,7.055657337782379e-06,0.02711187252755969,9.77141648369529,0.0,0.0,0.010823649490099306,0.014392800905491167,0.9998964182764609,0.0
62.928000000000004,7.020739702463919e-06,0.026987074253111445,9.821043102062486,0.0,0.0,0.010793492544373243,0.01456549344957702,0.9998939175735445,0.0
62.944,6.9808648158600615e-06,0.027152539062581298,9.874695151189972,0.0,0.0,0.01076748616322644,0.014737743705275535,0.9998913935575592,0.0
62.96,6.92470024969612e-06,0.02700729061673947,9.804698106857973,0.0,0.0,0.010739292631597246,0.014909584344662238,0.9998888459697255,0.0
62.976,6.894841027117775e-06,0.026748550499676796,9.817097116820996,0.0,0.0,0.010715801814208595,0.01508104867555291,0.9998862745186803,0.0
62.992000000000004,6.871984344313241e-06,0.02684648191577016,9.873911068037687,0.0,0.0,0.010695507485200536,0.015252170688606976,0.9998836788793413,0.0
63.008,6.82290503838607e-06,0.026820787731899953,9.79317143786364,0.0,0.0,0.010675813143410354,0.015422985107995094,0.9998810586916619,0.0
63.024,6.864623852169222e-06,0.0266469797392509,9.827885573151518,0.0,0.0,0.010661948225257735,0.015593527445526027,0.9998784135592715,0.0
63.04,6.831999459777178e-06,0.026794351404877854,9.881873067649263,0.0,0.0,0.010645758028830903,0.01576383405838495,0.999875743047995,0.0
63.056000000000004,6.789086462926253e-06,0.026771727566052984,9.803320274869463,0.0,0.0,0.010633208262492772,0.015933942211061772,0.9998730466842353,0.0
63.072,6.8039979657803856e-06,0.02685247635945157,9.81878083950783,0.0,0.0,0.010621718469293643,0.016103890141854104,0.999870323953211,0.0
63.088,6.758098057113097e-06,0.026728014784838255,9.83464422789855,0.0,0.0,0.010617131272887098,0.01627371713404344,0.9998675742970372,0.0
63.104,6.730809200950521e-06,0.026585037541905266,9.769937232115456,0.0,0.0,0.010610955962664915,0.01644346359274383,0.9998647971126267,0.0
63.120000000000005,6.757787297243478e-06,0.02658396828843651,9.772889744870156,0.0,0.0,0.01060643182891502,0.01661317112728757,0.9998619917494092,0.0
63.136,6.747142313226971e-06,0.026537630689299478,9.812464027125595,0.0,0.0,0.010608276237258352,0.01678288264043978,0.9998591575068349,0.0
63.152,6.754829060340183e-06,0.026484029311791623,9.855910239055232,0.0,0.0,0.010611690704827067,0.01695264242430701,0.9998562936316568,0.0
63.168,6.736182522262951e-06,0.026495341238243143,9.75582878343901,0.0,0.0,0.010617124523878658,0.01712249626425176,0.9998533993149601,0.0
63.184000000000005,6.752900126724243e-06,0.026681980961677176,9.850209108635056,0.0,0.0,0.01062657032561938,0.017292491551361804,0.9998504736889142,0.0
63.2,6.802791325192296e-06,0.026482491948741894,9.76700972657429,0.0,0.0,0.010638968655256667,0.017462677404442614,0.9998475158232223,0.0
63.216,6.814633112053407e-06,0.02644677417697749,9.78747951111334,0.0,0.0,0.010651781127971126,0.017633104802175847,0.9998445247212366,0.0
63.232,6.798323926929519e-06,0.026752113190881933,9.87718910289044,0.0,0.0,0.010673413662499735,0.01780382672735704,0.9998414993156977,0.0
63.248000000000005,6.835849060805262e-06,0.02672140317300955,9.689392870875265,0.0,0.0,0.010696084192806002,0.017974898323392045,0.999838438464067,0.0
63.264,6.868683793812454e-06,0.026619035652181447,9.87761700522117,0.0,0.0,0.010720195352979084,0.018146377065579877,0.9998353409433944,0.0
63.28,6.898870059869422e-06,0.026901586332663766,9.822979630057313,0.0,0.0,0.010748805329659586,0.018318322947878225,0.9998322054446822,0.0
63.296,6.948730179756931e-06,0.026988947891772256,9.817671145137604,0.0,0.0,0.01078150367171257,0.01849079868757206,0.9998290305666743,0.0
63.312000000000005,6.97113869682541e-06,0.027012895675471906,9.815456562602266,0.0,0.0,0.010821189208347442,0.018663869949601977,0.9998258148090118,0.0
63.328,7.046398217983739e-06,0.027037903630571614,9.867434479165178,0.0,0.0,0.010860867214535733,0.018837605593103643,0.999822556564673,0.0
63.344,7.112361243291694e-06,0.027034117444940896,9.793391296666886,0.0,0.0,0.010906845441911851,0.01901207794274984,0.9998192541116113,0.0
63.36,7.159465576175988e-06,0.027177012320768287,9.840631479237434,0.0,0.0,0.010957035584646115,0.01918736308785613,0.999815905603494,0.0
63.376000000000005,7.2327043391627235e-06,0.02749130943041259,9.805883874662696,0.0,0.0,0.011011978473865001,0.01936354121317544,0.9998125090594164,0.0
63.392,7.295425812383298e-06,0.027444787606152713,9.86257982772811,0.0,0.0,0.011072671718880597,0.01954069696510453,0.9998090623524664,0.0
63.408,7.361689041972506e-06,0.027551738384719367,9.786193428762722,0.0,0.0,0.0111385401121429,0.019718919858053078,0.9998055631969807,0.0
63.424,7.4814732271199795e-06,0.027813331656646633,9.804017538676938,0.0,0.0,0.01121398185852037,0.01989830472668616,0.9998020091343105,0.0
63.440000000000005,7.6064000990593975e-06,0.02802411639463676,9.767064687801232,0.0,0.0,0.011292789545587703,0.020078952230089785,0.9997983975168905,0.0
63.456,7.664207448827649e-06,0.02819972194438607,9.810135580690945,0.0,0.0,0.011376492183034954,0.020260969415294726,0.9997947254903643,0.0
63.472,-0.4258562075971547,0.028420836064995608,9.847616400453461,0.0,0.0,0.011471747038257799,0.020444470348990666,0.999790989973479,0.0
63.488,-4.3397247271808626,0.029636293893844107,9.837012142083465,0.0,0.0,0.01157017406842343,0.020629564156869624,0.9997871878968532,0.0
63.504,-2.734125324604883,0.02863211390730455,9.79437844710356,0.0,0.0,0.011671581439198659,0.02081624697288517,0.9997833184555363,0.0
63.52,-3.2780518221380492,0.028459084771462646,9.801742635329452,0.0,0.0,0.011772636485900158,0.021004560916959188,0.999779379873723,0.0
63.536,-2.9477993548943857,0.02790125327652997,9.77080511619393,0.0,0.0,0.011874045305967678,0.021194531243601506,0.9997753706935195,0.0
63.552,-2.9822148824218337,0.027482432844576337,9.85468713780604,0.0,0.0,0.011981614450465363,0.021386191276935907,0.9997712892570312,0.0
63.568,-2.8930508695548247,0.027630927185079864,9.792834243849171,0.0,0.0,0.012088974374512593,0.02157957260295586,0.9997671339098291,0.0
63.584,-2.838555787450992,0.027058498153270282,9.877690744785614,0.0,0.0,0.012198654792930717,0.02177470901856434,0.9997629029160648,0.0
63.6,-2.781583963892561,0.02667628094809071,9.843307000425966,0.0,0.0,0.012310755084779012,0.021971635037762404,0.9997585944885732,0.0
63.616,-2.7299705219764507,0.026190637924091653,9.838467445919326,0.0,0.0,0.012424013939585152,0.022170386556925277,0.999754206772803,0.0
63.632,-2.6853694574354785,0.026125790984895904,9.820682442744316,0.0,0.0,0.012540366557578406,0.022371000669486465,0.9997497378489508,0.0
63.648,-2.6290689589342993,0.02568545605442534,9.755552460153465,0.0,0.0,0.012664821604370062,0.022573515821950177,0.9997451857265611,0.0
63.664,-2.552842244538018,0.02541628216173281,9.715895728122069,0.0,0.0,0.012780900528752514,0.022777971839627605,0.9997405483418551,0.0
63.68,-2.50403522708779,0.025166957109729087,9.858811108817143,0.0,0.0,0.012905382762219423,0.02298441000916294,0.999735823553668,0.0
63.696,-2.4526726250913287,0.024897494143852606,9.773963939113846,0.0,0.0,0.013032112536580667,0.023192873144298253,0.9997310091396148,0.0
63.712,-2.408103482110424,0.024503925502624316,9.778501487795683,0.0,0.0,0.013161433502036777,0.02340340566424235,0.9997261027918172,0.0
63.728,-2.343875508722688,0.02425936403820937,9.797340132495565,0.0,0.0,0.013294617420754933,0.023616053673461774,0.9997211021124303,0.0
63.744,-2.3093578536203987,0.024079182226998903,9.835637298691964,0.0,0.0,0.01342874835425065,0.023830865047993574,0.9997160046088412,0.0
63.76,-2.2581682582306843,0.023841502681851003,9.839875202343395,0.0,0.0,0.01356902392738092,0.024047889526681774,0.9997108076885598,0.0
63.776,-2.213070707674529,0.0234695020712986,9.765676730927202,0.0,0.0,0.013708279467617485,0.02426717880834906,0.9997055086537653,0.0
63.792,-2.1687078551756658,0.023243923465157874,9.79764991305583,0.0,0.0,0.013854198020020735,0.024488786655632793,0.9997001046954707,0.0
63.808,-2.1244553558176653,0.02308484668946206,9.864906986687764,0.0,0.0,0.014003522048992053,0.024712769005267598,0.9996945928872939,0.0
63.824,-2.0821098354153285,0.022644132421858726,9.745741266284146,0.0,0.0,0.014158494025629942,0.024939184086231938,0.9996889701787817,0.0
63.84,-2.030783863464902,0.022518043975561567,9.73216870018987,0.0,0.0,0.014310703497050868,0.025168092545606962,0.9996832333882647,0.0
63.856,-1.9831100570332545,0.022298571415900033,9.837902025687612,0.0,0.0,0.014469880056117311,0.025399557583344286,0.9996773791951934,0.0
63.872,-1.9447964682218872,0.022105862168086347,9.835416505214495,0.0,0.0,0.014632584312852895,0.02563364509640009,0.9996714041319137,0.0
63.888,-1.9146764011108413,0.02195657699875421,9.787926531748832,0.0,0.0,0.014803714639180923,0.025870423833053855,0.9996653045748353,0.0
63.904,-1.8801203132425894,0.021714415053556813,9.82697787799524,0.0,0.0,0.014978399640545023,0.026109965558487297,0.9996590767349312,0.0
63.92,-1.8326715894432355,0.02158363624229051,9.722989100771205,0.0,0.0,0.015154384470660141,0.026352345232355648,0.9996527166475139,0.0
63.936,-1.7885637820582734,0.021303374552241402,9.764019881430412,0.0,0.0,0.015336846155219356,0.02659764119964385,0.9996462201612205,0.0
63.952,-1.7561922951936226,0.021089877347532055,9.82687647272347,0.0,0.0,0.01552239163593971,0.026845935395812183,0.9996395829261284,0.0
63.968,-1.7184032327608258,0.020917116127841986,9.814679097328087,0.0,0.0,0.01571705125153408,0.0270973135676002,0.9996328003809295,0.0
63.984,-1.67928494853974,0.02082311080990026,9.793646893000721,0.0,0.0,0.015917450247278805,0.02735186551121252,0.9996258677390539,0.0
64.0,-1.6499821345427343,0.020705113400259833,9.770562497104073,0.0,0.0,0.01611989191880466,0.027609685328974034,0.9996187799736633,0.0
64.016,-1.6115480643506186,0.02037871336202827,9.790259411270757,0.0,0.0,0.016331021383697273,0.027870871706790794,0.9996115318013812,0.0
64.032,-1.5645949546235023,0.020117093876698335,9.822018221420574,0.0,0.0,0.016551420436713656,0.028135528214209175,0.999604117664642,0.0
64.048,-1.5530424684699744,0.02004960653727687,9.817603985097213,0.0,0.0,0.016773267405953363,0.02840376362906639,0.9995965317125226,0.0
64.06400000000001,-1.5120818104744131,0.01994015862314713,9.80220964171799,0.0,0.0,0.017001457209612554,0.028675692289878322,0.9995887677798787,0.0
64.08,-1.4815076880050557,0.01980515244850262,9.822186534962597,0.0,0.0,0.017237914148853783,0.028951434478086943,0.9995808193646282,0.0
64.096,-1.449088965610263,0.019697276884821046,9.783060804569063,0.0,0.0,0.01748838150809893,0.02923111683367661,0.9995726796029671,0.0
64.112,-1.426132104627955,0.019580270121254763,9.769492238580659,0.0,0.0,0.017740574973026765,0.0295148728078383,0.999564341242292,0.0
64.128,-1.3906672402446916,0.019354483190586448,9.763284758242815,0.0,0.0,0.018004628196608773,0.029802843156179065,0.999555796611579,0.0
64.144,-1.3638859917405637,0.019246617005645554,9.795137316888372,0.0,0.0,0.018275102352718585,0.03009517647754933,0.9995470375889198,0.0
64.16,-1.3353724122635007,0.019142167686572068,9.813320258466252,0.0,0.0,0.0185615319774128,0.03039202980315346,0.999538055565892,0.0
64.176,-1.3088192335131543,0.019007991728560276,9.78107301654867,0.0,0.0,0.01885517796099995,0.03069356924194206,0.9995288414083858,0.0
64.19200000000001,-1.2812693495415841,0.018854671484420406,9.844272777151318,0.0,0.0,0.019158604811686943,0.03099997068881809,0.9995193854134559,0.0
64.208,-1.260193380082253,0.01885069363310456,9.812071978180365,0.0,0.0,0.019476534290840602,0.03131142060299318,0.9995096772617176,0.0
64.224,-1.226249499683897,0.018700792703875358,9.788538686177748,0.0,0.0,0.019802433904308987,0.031628116865242424,0.9994997059647184,0.0
64.24,-1.1994992853308464,0.01878337247273691,9.84390427236471,0.0,0.0,0.020142098772693576,0.03195026972362315,0.9994894598066494,0.0
64.256,-1.1762076699132984,0.01856086010270998,9.838892807032108,0.0,0.0,0.02049973057188828,0.03227810283892452,0.9994789262796491,0.0
64.272,-1.1480601508684416,0.01855952404326966,9.824645367088946,0.0,0.0,0.020868930797553496,0.03261185444283939,0.9994680920118456,0.0
64.288,-1.131032948189169,0.018448641084421714,9.852940400407139,0.0,0.0,0.021251969393331464,0.03295177862352108,0.9994569426871507,0.0
64.304,-1.1091943826006072,0.018362841604776785,9.823749107611283,0.0,0.0,0.02165979436960666,0.033298146755985775,0.9994454629556416,0.0
64.32000000000001,-1.080669381008657,0.018429942258115183,9.818745681914692,0.0,0.0,0.022082595731824247,0.033651249097094965,0.9994336363332011,0.0
64.336,-1.0569307114826088,0.01822456918628531,9.790921873064438,0.0,0.0,0.022522446613266286,0.03401139656863189,0.999421445088833,0.0
64.352,-1.0362935831905673,0.01841047427508569,9.800957947635975,0.0,0.0,0.022986061886314125,0.03437892275556181,0.9994088701178148,0.0
64.368,-1.0146601848352854,0.018211305776863276,9.852375980064242,0.0,0.0,0.02346870247566062,0.03475418615140324,0.9993958907985133,0.0
64.384,-0.9965730519151715,0.0183579959885891,9.782883427976987,0.0,0.0,0.02397772468733353,0.0351375726883456,0.9993824848302932,0.0
64.4,-0.9691271853611945,0.01834431017920411,9.78486227983118,0.0,0.0,0.024508494369318217,0.03552949859652357,0.9993686280494699,0.0
64.416,-0.9455660258636106,0.018238645223998314,9.820661266576945,0.0,0.0,0.025072957603361232,0.03593041364514723,0.9993542942196669,0.0
64.432,-0.9305394032375308,0.01839162705566638,9.856646210197354,0.0,0.0,0.02566652996716162,0.03634080482835862,0.9993394547922279,0.0
64.44800000000001,-0.9183393598653086,0.018448014868556822,9.811088442313233,0.0,0.0,0.026293121445732946,0.03676120057107283,0.9993240786314385,0.0
64.464,-0.8896431814576853,0.018389417924491752,9.80390751803507,0.0,0.0,0.02695985165228725,0.03719217554529493,0.9993081316982305,0.0
64.48,-0.8798908121679483,0.018716897077119068,9.776416122431826,0.0,0.0,0.027653534095155967,0.037634356206329295,0.9992915766846707,0.0
64.496,-0.8572577997760967,0.018674466736830472,9.83057933848923,0.0,0.0,0.028400446970328473,0.03808842718203716,0.9992743725898303,0.0
64.512,-0.8395272096014929,0.018683983243995728,9.82635952053756,0.0,0.0,0.02919199364525875,0.03855513867752895,0.9992564742254896,0.0
64.528,-0.8234426889049249,0.018800731128927238,9.819294292048015,0.0,0.0,0.030034310795242478,0.03903531509551214,0.9992378316373906,0.0
64.544,-0.8096537011343772,0.019001880210745226,9.753205040241687,0.0,0.0,0.030933066354490394,0.039529865119305035,0.9992183894242788,0.0
64.56,-0.7801327308508477,0.019130505608279755,9.79581991277341,0.0,0.0,0.031897961485694834,0.04003979356703223,0.9991980859324688,0.0
64.57600000000001,-0.7675750965258092,0.019256579224584767,9.773596477971562,0.0,0.0,0.03293243860364243,0.040566215403229106,0.9991768522978597,0.0
64.592,-0.7508722187353202,0.01944885874163178,9.81969418199424,0.0,0.0,0.034033629693724414,0.04111037239680752,0.9991546112996708,0.0
64.608,-0.7377396833024653,0.019601385472159737,9.818639223836172,0.0,0.0,0.03523601968716408,0.04167365304787367,0.9991312759801115,0.0
64.624,-0.7231770144307866,0.019979957245419473,9.781575300650763,0.0,0.0,0.03653313075137367,0.042257616584228705,0.9991067479707163,0.0
64.64,-0.7122887736239861,0.02033534583677496,9.83203940062179,0.0,0.0,0.037935939869096276,0.042864022066139304,0.9990809154479499,0.0
64.656,-0.6922129171856292,0.020785534508075146,9.818108035216852,0.0,0.0,0.039473181857941735,0.043494863961566446,0.999053650615904,0.0
64.672,-0.677743732863615,0.021121039970256567,9.775155897854281,0.0,0.0,0.04113032206881806,0.0441524159961178,0.9990248065797495,0.0
64.688,-0.6630648209265226,0.02142075173030895,9.785007375310382,0.0,0.0,0.042966172234433865,0.044839285698123454,0.9989942134257246,0.0
64.70400000000001,-0.6510269197084364,0.02209666485057064,9.756736306484497,0.0,0.0,0.04499511813725863,0.04555848292583903,0.9989616732555341,0.0
64.72,-0.6385776994648443,0.02271069322223036,9.82230973018434,0.0,0.0,0.04723682142323999,0.04631350690539819,0.9989269538250152,0.0
64.736,-0.625136863819938,0.02325077040367035,9.814161150800507,0.0,0.0,0.04974282007656238,0.04710845811507249,0.9988897802931115,0.0
64.752,-0.6171726537376091,0.02398167054118631,9.74015873006333,0.0,0.0,0.05254021030009741,0.04794818403099837,0.9988498243720773,0.0
64.768,-5.022041774785768,0.024635290036565338,9.756938363380847,0.0,0.0,0.004541832368599518,0.04802077636008496,0.9988463370497862,0.0
64.784,-4.963250176913361,-0.0017413687953523888,9.82729918900242,0.0,0.0,-0.04345431464752375,0.0473262430511096,0.9988794855830544,0.0
64.8,-4.970829642401748,-0.020362755232838706,9.801288385472,0.0,0.0,-0.09145600325431773,0.04586450888499136,0.9989476697128526,0.0
64.816,-5.01494166065841,-0.031309077225022526,9.861665783099475,0.0,0.0,-0.13943167308402743,0.04363542162009017,0.9990475213822598,0.0
64.83200000000001,-4.98597142918711,-0.03449730357962645,9.788649175048821,0.0,0.0,-0.18743734393675315,0.04063876492657948,0.9991739041754655,0.0
64.848,-3.7871357192594233,-0.025795895313576938,9.843410014756097,0.0,0.0,-0.23540575603556996,0.036874278112782946,0.999319912547359,0.0
64.864,0.0,0.0,9.800768654579368,0.0,0.0,-0.2834882576734575,0.03234168264710755,0.9994768709497753,0.0
64.88,0.0,0.0,9.767252506255593,0.0,0.0,-0.3314419128293508,0.027040715479856973,0.9996343329969903,0.0
64.896,0.0,0.0,9.86333294978778,0.0,0.0,-0.3794402869374555,0.020971169167506902,0.9997800808496577,0.0
64.912,0.0,0.0,9.778617774165705,0.0,0.0,-0.42742494323384056,0.014132938801339114,0.9999001250329143,0.0
64.928,0.0,0.0,9.805354785952646,0.0,0.0,-0.4753961755030104,0.006526075737162279,0.9999787049409966,0.0
64.944,0.0,0.0,9.827847567115523,0.0,0.0,-0.5235146673241168,-0.0018491518806319678,0.9999982903171997,0.0
64.96000000000001,0.0,0.0,9.887269977372782,0.0,0.0,-0.5713515560924117,-0.01099219181723501,0.9999395840344821,0.0
64.976,0.0,0.0,9.824601872937507,0.0,0.0,-0.6193664028696513,-0.020902133689451527,0.9997815265382874,0.0
64.992,0.0,0.0,9.784181285297437,0.0,0.0,-0.6675144194812062,-0.03157762819211312,0.9995013023492069,0.0
65.008,0.0,0.0,9.81726171978506,0.0,0.0,-0.7154669242362595,-0.04301679965620673,0.9990743490588366,0.0
65.024,0.0,0.0,9.779087530124558,0.0,0.0,-0.7634625471438666,-0.055217152010430114,0.9984743692873931,0.0
65.04,0.0,0.0,9.84015371332703,0.0,0.0,-0.8115310549649714,-0.06817546823489545,0.9976733461063059,0.0
65.056,0.0,0.0,9.77764125314365,0.0,0.0,-0.8594725953517507,-0.08188770342187297,0.9966415624628002,0.0
65.072,0.0,0.0,9.761998964712397,0.0,0.0,-0.9074462882481938,-0.09634887158595001,0.995347625176307,0.0
65.08800000000001,0.0,0.0,9.829426229798129,0.0,0.0,-0.9553108934049092,-0.11155292639810743,0.99375849410811,0.0
65.104,0.0,0.0,9.758588560718769,0.0,0.0,-1.0033295199269525,-0.12749263605455147,0.9918395171356411,0.0
65.12,0.0,0.0,9.791224027372472,0.0,0.0,-1.0513941604383807,-0.14415945253095044,0.989554471591118,0.0
65.136,0.0,0.0,9.89769533254119,0.0,0.0,-1.0993268341138769,-0.16154337551822126,0.9868656128501889,0.0
65.152,0.0,0.0,9.827680028558381,0.0,0.0,-1.1476080174019037,-0.17963281138481638,0.9837337307798218,0.0
65.168,0.0,0.0,9.769619509920245,0.0,0.0,-1.1952601901873923,-0.19841442756494868,0.9801182147751738,0.0
65.184,0.0,0.0,9.811443995124925,0.0,0.0,-1.243324343745983,-0.21787300283094668,0.9759771281323278,0.0
65.2,0.0,0.0,9.835784652944007,0.0,0.0,-1.2914008692281256,-0.23799127397166697,0.9712672925170203,0.0
65.21600000000001,0.0,0.0,9.809064167093831,0.0,0.0,-1.3395763453021234,-0.25874977946757266,0.9659443832982738,0.0
65.232,0.0,0.0,9.785432485023154,0.0,0.0,-1.387294466800968,-0.28012670082652,0.9599630365196617,0.0
65.248,0.0,0.0,9.728038918799859,0.0,0.0,-1.4352833591648415,-0.3020977023224746,0.9532769682791469,0.0
65.264,0.0,0.0,9.772788165058893,0.0,0.0,-1.4835544242308323,-0.324635769962275,0.9458391072804091,0.0
65.28,0.0,0.0,9.816381772610534,0.0,0.0,-1.4999577256738186,-0.34723915854729925,0.9377766081382941,0.0
65.296,0.0,0.0,9.903413671912743,0.0,0.0,-1.4998343858483687,-0.36964256617425817,0.9291740274416357,0.0
65.312,0.0,0.0,9.870156549794949,0.0,0.0,-1.4998710996303402,-0.3918330903383204,0.9200363195634842,0.0
65.328,0.0,0.0,9.765805901074382,0.0,0.0,-1.5001365387934147,-0.4137979511378711,0.9103687470657701,0.0
65.34400000000001,0.0,0.0,9.844213371291147,0.0,0.0,-1.5001466686779614,-0.4355244986346824,0.9001768776684994,0.0
65.36,0.0,0.0,9.793465850092167,0.0,0.0,-1.4997691986071768,-0.45700022013922265,0.8894665810432126,0.0
65.376,0.0,0.0,9.868122897755049,0.0,0.0,-1.499956901464488,-0.47821274741693204,0.8782440254325387,0.0
65.392,0.0,0.0,9.867766201077455,0.0,0.0,-1.5004877382809338,-0.4991498638112962,0.8665156740977998,0.0
65.408,0.0,0.0,9.806099214183796,0.0,0.0,-1.4998741148712913,-0.5197995112796299,0.854288281596709,0.0
65.424,0.0,0.0,9.855287298191117,0.0,0.0,-1.5001061934085929,-0.5401497973375101,0.8415688898933035,0.0
65.44,0.0,0.0,9.801424852782915,0.0,0.0,-1.5001940602850508,-0.5601890019078585,0.8283648243023586,0.0
65.456,0.0,0.0,9.720552936467858,0.0,0.0,-1.4999707424527697,-0.5799055840707337,0.8146836892706157,0.0
65.47200000000001,0.0,0.0,9.776134038079269,0.0,0.0,-1.5001097974804094,-0.599288188709948,0.8005333639972476,0.0
65.488,0.0,0.0,9.822253991878696,0.0,0.0,-1.500151511518792,-0.6183256530526683,0.7859219978960963,0.0
65.504,0.0,0.0,9.845708329775597,0.0,0.0,-1.4997515965717836,-0.6370070130982483,0.7708580059022856,0.0
65.52,0.0,0.0,9.858263433584176,0.0,0.0,-1.4999858626780052,-0.6553215099325872,0.7553500636259151,0.0
65.536,0.0,0.0,9.784087435145242,0.0,0.0,-1.500184863950283,-0.6732585959243661,0.7394071023556313,0.0
65.552,0.0,0.0,9.806670122366162,0.0,0.0,-1.5000389159126981,-0.6908079407996128,0.7230383039149437,0.0
65.568,0.0,0.0,9.725637984038835,0.0,0.0,-1.4999910534958016,-0.7079594375910833,0.7062530953742554,0.0
65.584,0.0,0.0,9.773547149013567,0.0,0.0,-1.499846195031706,-0.7247032084590345,0.6890611436216538,0.0
65.6,0.0,0.0,9.765159255988095,0.0,0.0,-1.4716289073171693,-0.7407243437217678,0.6718090849474696,0.0
65.616,0.0,0.0,9.825390015763238,0.0,0.0,-1.4347163114407475,-0.7559467464389727,0.6546331159881323,0.0
65.632,0.0,0.0,9.829335022431405,0.0,0.0,-1.404429764799058,-0.7704642311947045,0.6374832299359358,0.0
65.648,0.0,0.0,9.80017377218487,0.0,0.0,-1.3710573832363298,-0.7842597716372579,0.6204325995557262,0.0
65.664,0.0,0.0,9.841212502839458,0.0,0.0,-1.3408995281339575,-0.79738774053793,0.6034673075153406,0.0
65.68,0.0,0.0,9.827990762530638,0.0,0.0,-1.3097449552725313,-0.8098555094937908,0.5866294006803211,0.0
65.696,0.0,0.0,9.784418314287391,0.0,0.0,-1.2800961374011415,-0.8217001758064079,0.5699200128787537,0.0
65.712,0.0,0.0,9.783937772010033,0.0,0.0,-1.2507088387179353,-0.8329387415081694,0.5533652075210249,0.0
65.728,0.0,0.0,9.797225289341688,0.0,0.0,-1.2222443350610959,-0.843600336165959,0.5369715754308425,0.0
65.744,0.0,0.0,9.849573891072312,0.0,0.0,-1.1943554599620838,-0.8537052984365571,0.5207564338741759,0.0
65.76,0.0,0.0,9.828941647463871,0.0,0.0,-1.1668915996158151,-0.8632786747708556,0.5047275796762797,0.0
65.776,0.0,0.0,9.760231182844771,0.0,0.0,-1.1400672311470998,-0.8723414557338226,0.48889711045187745,0.0
65.792,0.0,0.0,9.784691900336885,0.0,0.0,-1.1140161845076488,-0.8809162175121894,0.47327224482745345,0.0
65.808,0.0,0.0,9.827027368287562,0.0,0.0,-1.0883581762650678,-0.8890234598769252,0.45786164699444,0.0
65.824,0.0,0.0,9.78651219978887,0.0,0.0,-1.063550062450995,-0.8966839599319479,0.44267129565938734,0.0
65.84,0.0,0.0,9.845176844350382,0.0,0.0,-1.0387007888510913,-0.9039172478484934,0.4277073871725924,0.0
65.856,0.0,0.0,9.746245008036082,0.0,0.0,-1.014800190053819,-0.9107425893970077,0.4129744978305966,0.0
65.872,0.0,0.0,9.815698046726908,0.0,0.0,-0.99128443590309,-0.9171783564838931,0.39847692831267545,0.0
65.888,0.0,0.0,9.791510319796496,0.0,0.0,-0.9684252339735805,-0.9232424401130214,0.38421790272468326,0.0
65.904,0.0,0.0,9.866594554465104,0.0,0.0,-0.9460038381435523,-0.9289519953624366,0.37020020301473094,0.0
65.92,0.0,0.0,9.856552323617391,0.0,0.0,-0.9240408465669867,-0.9343236190239781,0.3564258337072894,0.0
65.936,0.0,0.0,9.777164385166074,0.0,0.0,-0.9025549311947154,-0.9393732514378886,0.34289633197660385,0.0
65.952,0.0,0.0,9.793418688338129,0.0,0.0,-0.8817433910749707,-0.944116257617971,0.329612639474637,0.0
65.968,0.0,0.0,9.808467969839194,0.0,0.0,-0.8610664010741346,-0.9485673949841427,0.3165752630465587,0.0
65.984,0.0,0.0,9.782429980602895,0.0,0.0,-0.8410910237005271,-0.9527408552936648,0.30378423700761054,0.0
66.0,0.0,0.0,9.79584039045044,0.0,0.0,-0.8213332995253376,-0.9566502601804298,0.2912392138718892,0.0
66.016,0.0,0.0,9.80380560271005,0.0,0.0,-0.8020671413012703,-0.9603086873568293,0.27893946473563735,0.0
66.032,0.0,0.0,9.829307406046278,0.0,0.0,-0.7832141629977218,-0.9637286779234601,0.26688393609938416,0.0
66.048,0.0,0.0,9.801568863031315,0.0,0.0,-0.7649245253282909,-0.9669222563060917,0.25507126506123085,0.0
66.06400000000001,0.0,0.0,9.869438853227841,0.0,0.0,-0.7468539240196286,-0.9699009425051673,0.24349981874241325,0.0
66.08,0.0,0.0,9.811958426365974,0.0,0.0,-0.7290792170420141,-0.972675769484122,0.23216771407426884,0.0
66.096,0.0,0.0,9.809020907728003,0.0,0.0,-0.7118522782791565,-0.9752572973837698,0.22107284749535686,0.0
66.112,0.0,0.0,9.838266583774063,0.0,0.0,-0.6950203967235719,-0.9776556297462252,0.21021291498267147,0.0
66.128,0.0,0.0,9.813058237231395,0.0,0.0,-0.6786780494164527,-0.9798804283488407,0.19958543568831083,0.0
66.144,0.0,0.0,9.86941198623948,0.0,0.0,-0.6625159650683445,-0.9819409287225729,0.18918777048068158,0.0
66.16,0.0,0.0,9.832780778686613,0.0,0.0,-0.6466943080507352,-0.9838459549622831,0.1790171413701868,0.0
66.176,0.0,0.0,9.820199026233475,0.0,0.0,-0.6313161116659637,-0.9856039346471909,0.16907064797881463,0.0
66.19200000000001,0.0,0.0,9.80626089921752,0.0,0.0,-0.6162680739967207,-0.9872229132981714,0.1593452837678962,0.0
66.208,0.0,0.0,9.80166117612293,0.0,0.0,-0.6014180031844645,-0.9887105686876091,0.14983795035111952,0.0
66.224,0.0,0.0,9.79938607484841,0.0,0.0,-0.5869776756709479,-0.9900742247635398,0.14054547114324176,0.0
66.24,0.0,0.0,9.781589738657319,0.0,0.0,-0.5728833639975371,-0.9913208653059976,0.13146460363523088,0.0
66.256,0.0,0.0,9.829470792912545,0.0,0.0,-0.5589962294731838,-0.9924571472154251,0.12259205088838347,0.0
66.272,0.0,0.0,9.776783062609072,0.0,0.0,-0.545594579224291,-0.9934894134754064,0.11392447196407378,0.0
66.288,0.0,0.0,9.859355972738992,0.0,0.0,-0.5323437904058823,-0.9944237057475969,0.10545849158421,0.0
66.304,0.0,0.0,9.793009055166571,0.0,0.0,-0.5194705910526862,-0.9952657766137722,0.0971907089252111,0.0
66.32000000000001,0.0,0.0,9.786655781726996,0.0,0.0,-0.5067009978138064,-0.9960211014481549,0.0891177057043341,0.0
66.336,0.0,0.0,9.767506643960637,0.0,0.0,-0.49433221911950137,-0.9966948899262634,0.08123605354073794,0.0
66.352,0.0,0.0,9.778762662609697,0.0,0.0,-0.48229323806261787,-0.9972920971651701,0.07354232068609887,0.0
66.368,0.0,0.0,9.806141177576821,0.0,0.0,-0.4705490694348878,-0.9978174344996266,0.06603307813954909,0.0
66.384,0.0,0.0,9.788427417711299,0.0,0.0,-0.4589915988911968,-0.9982753798948713,0.05870490521030162,0.0
66.4,0.0,0.0,9.800481811786844,0.0,0.0,-0.4476245941239201,-0.9986701880010899,0.05155439455437191,0.0
66.416,0.0,0.0,9.84810405426886,0.0,0.0,-0.4365341257179598,-0.999005899853632,0.04457815673213891,0.0
66.432,0.0,0.0,9.860766944342812,0.0,0.0,-0.42571021119373914,-0.9992863522250283,0.03777282431585781,0.0
66.44800000000001,0.0,0.0,9.83324219684268,0.0,0.0,-0.4151476233290487,-0.9995151866348869,0.03113505558413442,0.0
66.464,5.021147050995293,0.02940050702166767,9.811190459387605,0.0,0.0,-0.36706934453077356,-0.9996808225991157,0.025263668133414987,0.0
66.48,4.980172214746524,-0.0038512473700492993,9.751489947481065,0.0,0.0,-0.3191228756864312,-0.9997967816088988,0.020159253073660077,0.0
66.496,5.035660298949346,-0.029413936680224087,9.83490490898108,0.0,0.0,-0.2711326949932436,-0.9998748208951412,0.015822216655995307,0.0
66.512,4.986735890435425,-0.04727252320673477,9.830255092750889,0.0,0.0,-0.22310887927641404,-0.9999249313171735,0.012252825402566675,0.0
66.528,4.994295277567294,-0.057145308651412985,9.824527530570164,0.0,0.0,-0.17507737163440942,-0.9999553359916187,0.009451244462455408,0.0
66.544,4.982033619259073,-0.05971761171775889,9.699234734412098,0.0,0.0,-0.12710608277085614,-0.9999724894552827,0.00741756918434074,0.0
66.56,5.007143064749879,-0.054259353285193226,9.783620879117633,0.0,0.0,-0.07910624749691274,-0.9999810771923661,0.006151849900252254,0.0
66.57600000000001,4.989497844084704,-0.0420049520593205,9.869561252312792,0.0,0.0,-0.031105393762380744,-0.999984015392768,0.005654109917246491,0.0
66.592,4.996034078008047,-0.021390783406280943,9.753908906227226,0.0,0.0,0.016891627368752864,-0.9999824508447679,0.005924356715408843,0.0
66.608,4.987237330142655,0.010495028466629142,9.824542207979029,0.0,0.0,0.02156161161958182,-0.9999803476145364,0.006269320913069824,0.0
66.624,4.98956805719702,0.015571506723565115,9.741251245328186,0.0,0.0,0.02131153630790991,-0.9999781515313791,0.0066103297864953,0.0
66.64,5.024304906788669,0.017208822727532172,9.805132228401456,0.0,0.0,0.02107899875126564,-0.9999758651922892,0.00694759188011525,0.0
66.656,5.008176652766166,0.018598516194487734,9.809072701778229,0.0,0.0,0.020859714472678325,-0.9999734908946711,0.0072813122392227396,0.0
66.672,5.013077149393484,0.0201873578174526,9.730392588971755,0.0,0.0,0.02065377628761744,-0.999971030645748,0.007611692931310439,0.0
66.688,4.97067066721344,0.021444553774574836,9.807630709557083,0.0,0.0,0.020454624513343223,-0.9999684861703437,0.007938933567622167,0.0
66.70400000000001,4.984740902129857,0.02293769431185043,9.79160137919415,0.0,0.0,0.02027004052503332,-0.9999658589170667,0.008263231828598009,0.0
66.72,4.983285964952753,0.02417045377040087,9.840747557981521,0.0,0.0,0.020100240670156196,-0.9999631500629027,0.008584783997104379,0.0
66.736,4.969802065219647,0.025694628194470666,9.809538592679687,0.0,0.0,0.019937606637736426,-0.9999603605162087,0.008903785503586843,0.0
66.752,5.02558941722192,0.027069552153300324,9.784924664872143,0.0,0.0,0.019792594523725882,-0.9999574909180801,0.009220431487629901,0.0
66.768,5.00718489221005,0.028559745021331007,9.81052182344875,0.0,0.0,0.01965640931772339,-0.9999545416420396,0.009534917380797068,0.0
66.784,5.008764922532997,0.029879244155072895,9.819332585028224,0.0,0.0,0.019531820920175417,-0.9999515127919834,0.009847439516138786,0.0
66.8,4.984650343941553,0.031197523227616316,9.832375371307268,0.0,0.0,0.019424871399155507,-0.999948404198282,0.010158195770373161,0.0
66.816,4.961359849195991,0.03250038510470813,9.752469443337555,0.0,0.0,0.019325049188349014,-0.9999452154119187,0.010467386245466916,0.0
66.83200000000001,5.023094192123222,0.03401139384933507,9.821894939468379,0.0,0.0,0.019243257114382448,-0.9999419456965056,0.010775213997255693,0.0
66.848,5.002977567839719,0.03553054724297095,9.85411399482978,0.0,0.0,0.01917006176394502,-0.9999385940179909,0.011081885819822817,0.0
66.864,4.965725662008666,0.036858098603576014,9.76006594922302,0.0,0.0,0.019108522050601658,-0.9999351590318164,0.01138761309563839,0.0
66.88,5.0151982025951884,0.03792984587191271,9.799731491044872,0.0,0.0,0.019064955451915673,-0.9999316390672458,0.011692612723061989,0.0
66.896,5.03274819347015,0.039800367877907555,9.797805704936632,0.0,0.0,0.019032217878571327,-0.9999280321085138,0.011997108134684032,0.0
66.912,5.000503706353027,0.04119843838507832,9.778196343573386,0.0,0.0,0.019015144091696835,-0.9999243357723828,0.01230133042232022,0.0
66.928,5.023927052885074,0.042674595839920434,9.825695458943235,0.0,0.0,0.019014695520552884,-0.9999205472816005,0.012605519587255924,0.0
66.944,4.982604892504134,0.04418352616442169,9.770136675793081,0.0,0.0,0.019025780697475247,-0.9999166634336487,0.012909925937799716,0.0
66.96000000000001,1.2540847238805575,0.046961968362242965,9.755884870222925,0.0,0.0,0.01905634425232516,-0.9999126805640484,0.01321481166039035,0.0
66.976,2.1688669767787573e-05,0.047933264619156306,9.80173542377527,0.0,0.0,0.019095383019514963,-0.9999085963212034,0.013520318153094695,0.0
66.992,2.197641269824834e-05,0.04780183489457056,9.798437020346887,0.0,0.0,0.019137134647434755,-0.9999044087179286,0.013826547886206192,0.0
67.008,2.2046917690546674e-05,0.048305666624629234,9.718164122898441,0.0,0.0,0.019196826793031883,-0.9999001155766208,0.014133607814720417,0.0
67.024,2.218244820011888e-05,0.04831206956457237,9.829326702506366,0.0,0.0,0.019253123787140364,-0.9998957145162934,0.014441609742384667,0.0
67.04,2.237035083057022e-05,0.048411216629855196,9.831389039538037,0.0,0.0,0.019317004697831267,-0.9998912029382416,0.014750670720891715,0.0
67.056,2.2420457147492352e-05,0.04813619936179642,9.741638897071708,0.0,0.0,0.019391883810054533,-0.9998865780101736,0.015060913488400215,0.0
67.072,2.251904350366196e-05,0.04852968314483804,9.867132837366118,0.0,0.0,0.019476795768528787,-0.9998818366486133,0.015372466952174849,0.0
67.08800000000001,2.2623725082710358e-05,0.04840239061283423,9.7983595148841,0.0,0.0,0.019564395546155015,-0.999876975499361,0.015685466720831386,0.0
67.104,2.3158210276284277e-05,0.04881862755667471,9.878214048937926,0.0,0.0,0.019665943009949685,-0.9998719909157561,0.016000055692473623,0.0
67.12,2.3336473365618118e-05,0.04913893547449217,9.781566345480526,0.0,0.0,0.01977195377982636,-0.9998668789344546,0.016316384705967833,0.0
67.136,-0.6929034000446498,0.04990538556541634,9.842641337669473,0.0,0.0,0.01989212609218262,-0.9998616352483811,0.016634613263709942,0.0
67.152,-4.036338242716581,0.05108977597723633,9.772195059699953,0.0,0.0,0.020020404009027888,-0.9998562557304908,0.01695487766407471,0.0
67.168,-2.7001817696072887,0.04927917184950017,9.7975620433466,0.0,0.0,0.020142264903154763,-0.9998507387391652,0.017277159568215118,0.0
67.184,-3.118254022295506,0.04923916952342646,9.816567428914768,0.0,0.0,0.020273640336922746,-0.9998450815565196,0.017601502414197435,0.0
67.2,-2.8830025867082965,0.047939744673586256,9.790205086603734,0.0,0.0,0.0204039572188852,-0.9998392818158776,0.017927926202169483,0.0
67.21600000000001,-2.8827840545424857,0.04752225306493573,9.785984534529414,0.0,0.0,0.02053496672814455,-0.999833336925859,0.01825646109469245,0.0
67.232,-2.800905390221953,0.046715861478550676,9.814011642440168,0.0,0.0,0.020667255015472594,-0.9998272442986424,0.01858713421113816,0.0
67.248,-2.7486367236130893,0.04626417296288746,9.819699955594091,0.0,0.0,0.020805583824621728,-0.9998210012553,0.01891997486386699,0.0
67.264,-2.690872338707803,0.0460473141646945,9.832016849552183,0.0,0.0,0.02094318502053086,-0.9998146050606016,0.019255012529555183,0.0
67.28,-2.6708316685532303,0.044983220470189295,9.796208626856343,0.0,0.0,0.021083123942429966,-0.9998080529057203,0.01959227768465876,0.0
67.296,-2.5788647077530586,0.04432000090640312,9.894818696496522,0.0,0.0,0.021220574836622704,-0.9998013419116907,0.019931801513735654,0.0
67.312,-2.5183685685013177,0.043482508809607544,9.758390318327638,0.0,0.0,0.021366204682291386,-0.9997944691243822,0.02027361606361968,0.0
67.328,-2.4958983140356454,0.0429863438278815,9.788536946067042,0.0,0.0,0.02151095993840135,-0.9997874315127072,0.02061775422358133,0.0
67.34400000000001,-2.4426737231159703,0.0424722735500437,9.729708862000562,0.0,0.0,0.021661018877145045,-0.9997802259653542,0.020964249775883806,0.0
67.36,-2.3787757820491007,0.04211611064192996,9.86856270325505,0.0,0.0,0.021811912014155558,-0.9997728492879246,0.021313137420492633,0.0
67.376,-2.343686123587551,0.04143051487955042,9.811627067902158,0.0,0.0,0.021967670550857778,-0.9997652981997113,0.02166445281197956,0.0
67.392,-2.2897908465483163,0.04092584200944184,9.785346011534626,0.0,0.0,0.02211636923995712,-0.9997575693304096,0.022018232593730952,0.0
67.408,-2.2502215281904427,0.04041113504887737,9.815769185986655,0.0,0.0,0.022270777541282386,-0.9997496592166353,0.022374514435446677,0.0
67.424,-2.202820451828992,0.03974165577622,9.907337398723238,0.0,0.0,0.022436520978604196,-0.9997415642982864,0.02273333707169363,0.0
67.44,-2.171152768905357,0.03951581994510414,9.838250597851456,0.0,0.0,0.022594746624228414,-0.9997332809147206,0.02309474034252347,0.0
67.456,-2.1362483089903916,0.0388804031280304,9.818193601129686,0.0,0.0,0.022758996861612146,-0.9997248053007425,0.023458765235896833,0.0
67.47200000000001,-2.080773239753694,0.03838045699105881,9.807324137016352,0.0,0.0,0.022922564892696194,-0.9997161335823916,0.023825453932169092,0.0
67.488,-2.0387460525894454,0.03764458658784667,9.781552438740814,0.0,0.0,0.02309324334323583,-0.9997072617725167,0.024194849850685464,0.0
67.504,-1.9891193777441103,0.037592746406815244,9.884244282735672,0.0,0.0,0.023268456108022556,-0.9996981857661216,0.024566997698642564,0.0
67.52,-1.9639028456889112,0.03695982556605763,9.854488454080249,0.0,0.0,0.023438773299441457,-0.9996889013354747,0.02494194352233653,0.0
67.536,-1.9122076397308052,0.036509069678376437,9.78343692174756,0.0,0.0,0.023620734567656412,-0.9996794041249604,0.02531973476093821,0.0
67.552,-1.873401609458181,0.036062568764684014,9.819953665543144,0.0,0.0,0.023801913967857507,-0.9996696896456608,0.025700420302949535,0.0
67.568,-1.8374082183718285,0.03529862231392649,9.790310030963495,0.0,0.0,0.02398335249991379,-0.9996597532696512,0.0260840505454992,0.0
67.584,-1.7955458346026583,0.03513628404841303,9.798572086331513,0.0,0.0,0.024176092518994156,-0.9996495902239874,0.026470677456656405,0.0
67.6,-1.768818949566191,0.03453511847588114,9.735192112922304,0.0,0.0,0.024366737988883558,-0.9996391955843683,0.026860354640939166,0.0
67.616,-1.735495006300044,0.034110956057224,9.76469050665289,0.0,0.0,0.024559284533076573,-0.999628564268453,0.02725313740822525,0.0
67.632,-1.6952443973266818,0.03368001158883105,9.840426524102444,0.0,0.0,0.024756171848553086,-0.9996176910288055,0.02764908284627044,0.0
67.648,-1.6712416196561461,0.03316661069607629,9.814092969877317,0.0,0.0,0.02495999683918433,-0.9996065704454485,0.02804824989707223,0.0
67.664,-1.6281685878263046,0.03292638086530466,9.751693340574686,0.0,0.0,0.025161726129595326,-0.9995951969179961,0.02845069943731636,0.0
67.68,-1.595468262803114,0.03242375871638915,9.801543061352762,0.0,0.0,0.025376571504808074,-0.9995835646573368,0.028856494363176464,0.0
67.696,-1.5715852647422852,0.03188174267059357,9.781254259867302,0.0,0.0,0.025583077908786493,-0.9995716676768377,0.029265699679753822,0.0
67.712,-1.5279296847544581,0.03182008490193624,9.79043295690364,0.0,0.0,0.02580470712084206,-0.9995594997830383,0.02967838259545608,0.0
67.728,-1.4970257189697436,0.03144306486112649,9.790174729322484,0.0,0.0,0.02602693456737686,-0.9995470545657933,0.030094612621654585,0.0
67.744,-1.4802945231240867,0.03093266297929577,9.822215676058832,0.0,0.0,0.02625262884677534,-0.9995343253878296,0.03051446167797693,0.0
67.76,-1.4400521360113379,0.0307013581900943,9.814507990318926,0.0,0.0,0.026486712673955973,-0.999521305373676,0.030938004203613076,0.0
67.776,-1.4221934819123805,0.030351598683287757,9.788743449588086,0.0,0.0,0.026722524466166596,-0.9995079873979171,0.03136531727506284,0.0
67.792,-1.388571106180847,0.029870558512153565,9.788325220353416,0.0,0.0,0.02695912031174889,-0.9994943640727235,0.03179648073076814,0.0
67.808,-1.351201663006869,0.029737249437053456,9.797311665685095,0.0,0.0,0.027206489300288537,-0.9994804277346069,0.03223157730312332,0.0
67.824,-1.3301558142886873,0.029339617299048593,9.781019616460291,0.0,0.0,0.0274571962758442,-0.9994661704303387,0.03267069275839105,0.0
67.84,-1.2986678043929973,0.028999397624907775,9.816920823578789,0.0,0.0,0.027717269079315165,-0.9994515839019708,0.033113916045099154,0.0
67.856,-1.272972511485487,0.028676999271045948,9.843055462219374,0.0,0.0,0.02797886922663974,-0.9994366595708897,0.033561339451542625,0.0
67.872,-1.2485187564349953,0.02824140525494176,9.809358890217098,0.0,0.0,0.028249329092939784,-0.999421388520828,0.034013058773070384,0.0
67.888,-1.2244355855254276,0.028003948363085923,9.759790559328637,0.0,0.0,0.028526167481102788,-0.9994057614797525,0.03446917348989078,0.0
67.904,-1.1941284430597061,0.02770965261029497,9.757379592249022,0.0,0.0,0.028807826429503462,-0.9993897688005389,0.034929786956204245,0.0
67.92,-1.1850165435044497,0.027395809953179553,9.772177748908573,0.0,0.0,0.029093315188152582,-0.9993734004403346,0.03539500660153656,0.0
67.936,-1.155083568498229,0.027163664326728808,9.862288792429208,0.0,0.0,0.02939280956388394,-0.9993566459385056,0.03586494414522735,0.0
67.952,-1.1341071450461078,0.026935103843215364,9.929978454774558,0.0,0.0,0.029695744418406136,-0.9993394943930461,0.03633971582512856,0.0
67.968,-1.1120842929875032,0.02675089758145083,9.790109869938552,0.0,0.0,0.029995971985241274,-0.9993219344353246,0.03681944264163972,0.0
67.984,-1.0802949469586278,0.026464918576187754,9.714136797379695,0.0,0.0,0.030322292431384214,-0.999303954203026,0.03730425061834895,0.0
68.0,-1.0634490285739653,0.02613145107957771,9.819358955300242,0.0,0.0,0.030651532835673494,-0.9992855413111326,0.037794271080639104,0.0
68.016,-1.0474931438240767,0.025932324825033826,9.754039716384334,0.0,0.0,0.030989651132609083,-0.9992666828207728,0.03828964095377594,0.0
68.032,-1.0133518000503623,0.02571005894655974,9.849614538410545,0.0,0.0,0.03132916434949951,-0.999247365205751,0.03879050308212838,0.0
68.048,-1.003664259814632,0.02539098651064301,9.785879493374692,0.0,0.0,0.03167855325075415,-0.9992275743165477,0.039297006571345924,0.0
68.06400000000001,-0.9820598882168328,0.02505898336427922,9.797276431637146,0.0,0.0,0.03204629304884006,-0.9992072953415617,0.0398093071555062,0.0
68.08,-0.9646120563072724,0.024930234347087556,9.801853617285424,0.0,0.0,0.032416960070303084,-0.9991865127653385,0.0403275675914424,0.0
68.096,-0.9446820481637891,0.024754440090678412,9.81244632461405,0.0,0.0,0.032799126380347945,-0.9991652103235023,0.040851958082710256,0.0
68.112,-0.9206493962459631,0.02456716975650975,9.774657127707165,0.0,0.0,0.03319652848866055,-0.9991433709540782,0.04138265673590298,0.0
68.128,-0.9057044672437551,0.02425453397323806,9.748039289871345,0.0,0.0,0.033607511735754735,-0.9991209767448542,0.04191985005231569,0.0
68.144,-0.891036176445184,0.023897048180310014,9.748951180473776,0.0,0.0,0.03402362156846686,-0.9990980088763975,0.042463733458307625,0.0
68.16,-0.871247562141062,0.023966986924213105,9.777210968551936,0.0,0.0,0.03444549337347847,-0.9990744475602867,0.04301451187806079,0.0
68.176,-0.8570194327774618,0.02373160412412536,9.814924223118446,0.0,0.0,0.03489241518586678,-0.9990502719720807,0.04357240035287889,0.0
68.19200000000001,-0.8343044792458744,0.02369603974006337,9.834492776100797,0.0,0.0,0.035360428404042896,-0.9990254601784759,0.044137624711627486,0.0
68.208,-0.8202524594397754,0.023354734204361773,9.814583511591906,0.0,0.0,0.035833708039960895,-0.9989999890580489,0.04471042229747137,0.0
68.224,-0.8000114151756889,0.023264081485953332,9.8367362709886,0.0,0.0,0.036333255898628285,-0.9989738342148974,0.04529104275667535,0.0
68.24,-0.7852433993466772,0.023101257251279494,9.824507846482744,0.0,0.0,0.036833342593613816,-0.9989469698844108,0.045879748895935074,0.0
68.256,-0.7714803030759484,0.022943677063050266,9.796980951489449,0.0,0.0,0.03735886432186206,-0.998919368830305,0.046476817615508016,0.0
68.272,-0.7600084105482219,0.022774221058591115,9.80597086352581,0.0,0.0,0.03789871583807494,-0.9988910022319357,0.0470825409263239,0.0
68.288,-0.7415089043543301,0.02257003942303806,9.779804430799755,0.0,0.0,0.038464342749776885,-0.9988618395607861,0.04769722706030625,0.0
68.304,-0.7254377848855467,0.02250666648660645,9.795234064773728,0.0,0.0,0.039039376896383426,-0.9988318484448624,0.04832120168434841,0.0
68.32000000000001,-0.7109116919333083,0.02228620073720148,9.85609179779861,0.0,0.0,0.039652305942370604,-0.9988009945195679,0.048954809229758325,0.0
68.336,-0.6935475806862784,0.022188344274753413,9.900591377653672,0.0,0.0,0.040276962487252196,-0.9987692412634187,0.049598414350611346,0.0
68.352,-0.6842678728048179,0.022015806614130284,9.858083654687949,0.0,0.0,0.04092247365254486,-0.9987365498167328,0.05025240352628766,0.0
68.368,-0.6703709995790238,0.022166000532007037,9.748736779980486,0.0,0.0,0.041600271317690625,-0.9987028787811529,0.05091718682564987,0.0
68.384,-0.6564389816710211,0.021884515515789713,9.816625430749088,0.0,0.0,0.04230396327869517,-0.9986681839975425,0.05159319985279664,0.0
68.4,-0.6440927963762485,0.021726952510607567,9.72826383419457,0.0,0.0,0.04304107040166982,-0.9986324182994254,0.05228090589729193,0.0
68.416,-0.6287022570198475,0.021697235374464757,9.815439966327062,0.0,0.0,0.04380750291468677,-0.9985955312386922,0.05298079831518378,0.0
68.432,-0.6187971413668326,0.021476262701674787,9.770764916096084,0.0,0.0,0.044604230068217815,-0.9985574687797887,0.053693403171169544,0.0
68.44800000000001,-0.6034540016375638,0.021682695285648944,9.797226237917197,0.0,0.0,0.045433742674472186,-0.9985181729579774,0.05441928217702575,0.0
68.464,-0.5952370188190248,0.021671743775527403,9.776580225652319,0.0,0.0,0.04630338476194667,-0.9984775814965431,0.05515903596705159,0.0
68.48,-0.5787062289381955,0.021493090832010873,9.768173847818751,0.0,0.0,0.04722215926766956,-0.9984356273769299,0.0559133077579604,0.0
68.496,-0.5662414610263518,0.0215403350856136,9.726873521520123,0.0,0.0,0.04816715037750061,-0.998392238354773,0.05668278744862737,0.0
68.512,-0.5547783596473864,0.02173155756922076,9.786796660977256,0.0,0.0,0.04917073590723283,-0.998347336413514,0.05746821622463898,0.0
68.528,-0.5428655068168161,0.021533709313595942,9.862312415239249,0.0,0.0,0.05022133018952085,-0.9983008371457953,0.05827039174404619,0.0
68.544,-0.5333456420525836,0.02150904398966868,9.821082238709248,0.0,0.0,0.051328467052284096,-0.9982526490509764,0.05909017399456629,0.0
68.56,-0.5253135387592872,0.021583055299884003,9.808617572923888,0.0,0.0,0.0524903493298309,-0.9982026727348956,0.0599284919292242,0.0
68.57600000000001,-0.512325346859708,0.021687746408856342,9.80223332113336,0.0,0.0,0.053714347245100776,-0.9981507999952458,0.06078635100786051,0.0
68.592,-0.5050328071210801,0.02174478508741979,9.862440920751583,0.0,0.0,0.054997653422881085,-0.9980969127725827,0.06166484179692237,0.0
68.608,-0.49327784336953373,0.0218209746368813,9.804499306571286,0.0,0.0,0.05638340565148381,-0.9980408819428018,0.06256514981069165,0.0
68.624,-0.4865247421302489,0.02183740733489758,9.796308072671378,0.0,0.0,0.05782425560166886,-0.9979825659217473,0.0634885668151787,0.0
68.64,-0.47225352818188693,0.022115222733902935,9.784528368123324,0.0,0.0,0.059369658908258856,-0.9979218090461213,0.06443650386323486,0.0
68.656,-0.46258612734479354,0.02192493387467649,9.805327353485197,0.0,0.0,0.06100080580037836,-0.9978584396866971,0.06541050638873158,0.0
68.672,-0.4545356407349446,0.022387391328290495,9.808050526838118,0.0,0.0,0.06274623647352623,-0.9977922680394764,0.0664122717623638,0.0
68.688,-0.44623320092716906,0.022187548289293778,9.847557926587973,0.0,0.0,0.06460146035468028,-0.9977230835272084,0.06744366980643518,0.0
68.70400000000001,-0.43642026288621016,0.02257087713087991,9.844645319964942,0.0,0.0,0.06659033097481756,-0.9976506517266802,0.06850676688715242,0.0
68.72,-0.4293726110675051,0.022638057567873206,9.817461095202525,0.0,0.0,0.06872430653586652,-0.9975747107151238,0.06960385435905793,0.0
68.736,-0.4183845692325876,0.022946227944433028,9.80377504579282,0.0,0.0,0.07102523394093532,-0.9974949667002581,0.07073748233893569,0.0
68.752,-0.4107383730904774,0.023365162785829806,9.831013146904754,0.0,0.0,0.07350711524545316,-0.9974110887604198,0.07191050005217477,0.0
68.768,-4.97967577274343,0.03296802308705177,9.787181565699244,0.0,0.0,0.12149577636243226,-0.9972694092471134,0.07384934244740218,0.0
68.784,-5.001552616398343,0.04226587093048637,9.817818777964916,0.0,0.0,0.1694961340366831,-0.9970654617809693,0.07655367348143591,0.0
68.8,-4.989105178805562,0.04365299245238267,9.827584353778766,0.0,0.0,0.21751448058217612,-0.9967930173521677,0.08002300018095453,0.0
68.816,-4.668603349778102,0.03625519996756285,9.789100201820684,0.0,0.0,0.26548615925124824,-0.9964440863112356,0.0842566487309278,0.0
68.83200000000001,0.0,0.0,9.819429707078166,0.0,0.0,0.31348846437430034,-0.996008921145245,0.08925373381032954,0.0
68.848,0.0,0.0,9.778212461078537,0.0,0.0,0.36151256241018886,-0.9954760202041636,0.09501312119112826,0.0
68.864,0.0,0.0,9.79024847677879,0.0,0.0,0.4094544279919415,-0.9948321325782472,0.10153338362241802,0.0
68.88,0.0,0.0,9.836683603868746,0.0,0.0,0.45752846901688043,-0.9940622643633373,0.10881275002882013,0.0
68.896,0.0,0.0,9.78611432236405,0.0,0.0,0.5055189275263573,-0.993149686586673,0.11684904806113387,0.0
68.912,0.0,0.0,9.903090872916916,0.0,0.0,0.5534987765617897,-0.9920759451012828,0.12563964004802317,0.0
68.928,0.0,0.0,9.819120473549436,0.0,0.0,0.6015017259999825,-0.990820872792101,0.1351813524103801,0.0
68.944,0.0,0.0,9.798787028059413,0.0,0.0,0.6494659484882819,-0.9893626044715415,0.14547039861527958,0.0
68.96000000000001,0.0,0.0,9.806331200194416,0.0,0.0,0.697536424722058,-0.9876775948762399,0.15650229576426852,0.0
68.976,0.0,0.0,9.824327383554111,0.0,0.0,0.7454028345755223,-0.9857406402099008,0.1682717749314332,0.0
68.992,0.0,0.0,9.801886463848795,0.0,0.0,0.7935390633558337,-0.9835249037094842,0.18077268539038172,0.0
69.008,0.0,0.0,9.808416917708549,0.0,0.0,0.8415225373873313,-0.9810019457431287,0.1939978928962777,0.0
69.024,0.0,0.0,9.885887463385451,0.0,0.0,0.8896939772753539,-0.9781417589780472,0.20793917221950287,0.0
69.04,0.0,0.0,9.803385828499197,0.0,0.0,0.9374741977782621,-0.9749128091848457,0.22258709416161707,0.0
69.056,0.0,0.0,9.833882302970707,0.0,0.0,0.9854643223858495,-0.9712820822710723,0.23793090732220973,0.0
69.072,0.0,0.0,9.792552657943954,0.0,0.0,1.0334284596642713,-0.9672151381609508,0.2539584149271159,0.0
69.08800000000001,0.0,0.0,9.772462577681807,0.0,0.0,1.0813827204977544,-0.9626761721598702,0.2706558470745089,0.0
69.104,0.0,0.0,9.825235888732124,0.0,0.0,1.1296435415935697,-0.9576280844608981,0.28800772880558445,0.0
69.12,0.0,0.0,9.76274010683088,0.0,0.0,1.1775555700306295,-0.9520325584659431,0.3059967444610981,0.0
69.136,0.0,0.0,9.8520448024289,0.0,0.0,1.2254232204597981,-0.9458501486057866,0.3246035988438996,0.0
69.152,0.0,0.0,9.770053474166975,0.0,0.0,1.2735156715930658,-0.939040378350522,0.34380687577084384,0.0
69.168,0.0,0.0,9.858055252389859,0.0,0.0,1.3214721564180176,-0.9315618491044971,0.36358289466504085,0.0
69.184,0.0,0.0,9.826415127813863,0.0,0.0,1.3695521475757508,-0.923372360677092,0.3839055659112202,0.0
69.2,0.0,0.0,9.87080304679088,0.0,0.0,1.4174554856888872,-0.9144290440119944,0.40474624577296575,0.0
69.21600000000001,0.0,0.0,9.732427106851095,0.0,0.0,1.4655517141360945,-0.9046885068424805,0.426073591750443,0.0
69.232,0.0,0.0,9.777813326688529,0.0,0.0,1.500035198759896,-0.8942037001626609,0.4476602982345049,0.0
69.248,0.0,0.0,9.81469164195614,0.0,0.0,1.4999799845621598,-0.8832039063097008,0.4689891895121733,0.0
69.264,0.0,0.0,9.801006943288606,0.0,0.0,1.4999582124032687,-0.8716954602526239,0.4900479819109213,0.0
69.28,0.0,0.0,9.834550611429405,0.0,0.0,1.5000009408139434,-0.8596849899019393,0.5108245473127759,0.0
69.296,0.0,0.0,9.772004591737048,0.0,0.0,1.4997458948518068,-0.8471794122925165,0.5313069201391099,0.0
69.312,0.0,0.0,9.777344169044516,0.0,0.0,1.4999701796032698,-0.8341859295999456,0.5514833042418191,0.0
69.328,0.0,0.0,9.852673788110707,0.0,0.0,1.5000883886909984,-0.8207120249926805,0.5713420796969308,0.0
69.34400000000001,0.0,0.0,9.78375047598068,0.0,0.0,1.5000945716742242,-0.806765458322357,0.590871809496711,0.0
69.36,0.0,0.0,9.832553011096667,0.0,0.0,1.500111568586111,-0.7923542616547589,0.6100612461364366,0.0
69.376,0.0,0.0,9.82558573023754,0.0,0.0,1.4998961762417462,-0.7774867346440177,0.6288993380920218,0.0
69.392,0.0,0.0,9.801905085482387,0.0,0.0,1.500097103125601,-0.762171439752696,0.6473752361847822,0.0
69.408,0.0,0.0,9.780618401067057,0.0,0.0,1.500032171664846,-0.7464171973205225,0.665478299829661,0.0
69.424,0.0,0.0,9.818611230863372,0.0,0.0,1.4999426617710028,-0.7302330804846064,0.6831981031633229,0.0
69.44,0.0,0.0,9.757011917475092,0.0,0.0,1.4999427641118475,-0.7136284099540635,0.7005244410485869,0.0
69.456,0.0,0.0,9.801767351090907,0.0,0.0,1.4520090062078983,-0.6971634659376957,0.7169121994789456,0.0
69.47200000000001,0.0,0.0,9.707221289750269,0.0,0.0,1.422149172621018,-0.680675564291145,0.7325849958721046,0.0
69.488,0.0,0.0,9.841995717034967,0.0,0.0,1.3881712445640622,-0.6642396042953153,0.7475197309005315,0.0
69.504,0.0,0.0,9.840132335762199,0.0,0.0,1.357967005236433,-0.647844014783342,0.7617730190216775,0.0
69.52,0.0,0.0,9.747343937433982,0.0,0.0,1.3263414395905047,-0.6315328107250348,0.7753491529483587,0.0
69.536,0.0,0.0,9.73875552689685,0.0,0.0,1.2969745615451058,-0.6153091551673889,0.7882858894888288,0.0
69.552,0.0,0.0,9.762868144833028,0.0,0.0,1.2670894125751246,-0.599201051779706,0.8005985882738579,0.0
69.568,0.0,0.0,9.927539627065942,0.0,0.0,1.2387000243492123,-0.5832169473527147,0.8123164360768412,0.0
69.584,0.0,0.0,9.772828092215892,0.0,0.0,1.2105175404210444,-0.5673759880083706,0.8234588564291025,0.0
69.60000000000001,0.0,0.0,9.78459062607427,0.0,0.0,1.1831627689120947,-0.5516876945221931,0.8340507704647165,0.0
69.616,0.0,0.0,9.81129331217563,0.0,0.0,1.1562403116480717,-0.5361658614422049,0.8441126518563374,0.0
69.632,0.0,0.0,9.845216409873503,0.0,0.0,1.1297718661899088,-0.5208193096045217,0.8536669413436773,0.0
69.648,0.0,0.0,9.751290230031978,0.0,0.0,1.1041406207166193,-0.5056582677903164,0.8627338617530302,0.0
69.664,0.0,0.0,9.715952914512451,0.0,0.0,1.079029238212631,-0.4906901981778892,0.8713341089456694,0.0
69.68,0.0,0.0,9.803826877117833,0.0,0.0,1.0543162956154077,-0.4759227347862924,0.879487095137579,0.0
69.696,0.0,0.0,9.838002767632169,0.0,0.0,1.0302138924811306,-0.46136182136132475,0.8872120771214521,0.0
69.712,0.0,0.0,9.81393742375918,0.0,0.0,1.006680738324516,-0.44701307620791086,0.8945274225529033,0.0
69.728,0.0,0.0,9.865371442028758,0.0,0.0,0.9835743540263623,-0.43288097880774407,0.9014510847441748,0.0
69.744,0.0,0.0,9.765054394507857,0.0,0.0,0.9612245266236447,-0.41896951582061254,0.9080003000071318,0.0
69.76,0.0,0.0,9.858453010333905,0.0,0.0,0.9388477276883797,-0.40528184019657415,0.9141917906035246,0.0
69.776,0.0,0.0,9.766935358298772,0.0,0.0,0.9173650394669776,-0.39182058800804653,0.9200416440645655,0.0
69.792,0.0,0.0,9.824901921152621,0.0,0.0,0.896150346629306,-0.3785877482915961,0.9255654038713305,0.0
69.808,0.0,0.0,9.727264696520463,0.0,0.0,0.8756548657197468,-0.36558482798661385,0.9307780259256221,0.0
69.824,0.0,0.0,9.79471848945805,0.0,0.0,0.8554178927019106,-0.3528128140838883,0.9356939233628738,0.0
69.84,0.0,0.0,9.820164721551635,0.0,0.0,0.8355937977711358,-0.3402722672712047,0.9403269559712272,0.0
69.856,0.0,0.0,9.788744247266711,0.0,0.0,0.8162591556454415,-0.32796332309546683,0.944690456553986,0.0
69.872,0.0,0.0,9.83262061803632,0.0,0.0,0.797292515712827,-0.315885751024401,0.9487972345552816,0.0
69.888,0.0,0.0,9.861953065705702,0.0,0.0,0.7788347659392937,-0.30403897083202386,0.9526595951416245,0.0
69.904,0.0,0.0,9.838625630356656,0.0,0.0,0.7606682470644002,-0.2924220938972514,0.9562893489947208,0.0
69.92,0.0,0.0,9.778089060138138,0.0,0.0,0.742939112227976,-0.2810339443444528,0.9596978285513618,0.0
69.936,0.0,0.0,9.793957141337279,0.0,0.0,0.7257340547591058,-0.2698730903960298,0.9628959004378908,0.0
69.952,0.0,0.0,9.847388651706698,0.0,0.0,0.708788888966731,-0.2589378657915772,0.9658939805482293,0.0
69.968,0.0,0.0,9.840337086988683,0.0,0.0,0.6921607147286132,-0.248226394931951,0.9687020475146562,0.0
69.984,0.0,0.0,9.756026355885458,0.0,0.0,0.6758993808854733,-0.23773661277932276,0.9713296571937947,0.0
70.0,0.0,0.0,9.806481350196313,0.0,0.0,0.6600491626146903,-0.22746628567420926,0.9737859563998545,0.0
70.016,0.0,0.0,9.82458848964258,0.0,0.0,0.6445255220804282,-0.21741302910367638,0.97607969693871,0.0
70.032,0.0,0.0,9.731855978377121,0.0,0.0,0.6292640060564898,-0.20757432521930724,0.978219249202217,0.0
70.048,0.0,0.0,9.837569353091677,0.0,0.0,0.6144320334899354,-0.19794753837403672,0.9802126157378609,0.0
70.06400000000001,0.0,0.0,9.788156344326525,0.0,0.0,0.5999545119854796,-0.18852992996758283,0.9820674444794606,0.0
70.08,0.0,0.0,9.749342420150459,0.0,0.0,0.5857787297397807,-0.17931867186471626,0.9837910417973291,0.0
70.096,0.0,0.0,9.749801682060927,0.0,0.0,0.5718029508162696,-0.17031085899742374,0.9853903852319443,0.0
70.112,0.0,0.0,9.809142904971083,0.0,0.0,0.5582332324798672,-0.16150352085585673,0.986872135968567,0.0
70.128,0.0,0.0,9.854143004750616,0.0,0.0,0.5449300837361746,-0.15289363217212942,0.9882426509927679,0.0
70.144,0.0,0.0,9.774063766677719,0.0,0.0,0.5318979694095827,-0.14447812269489832,0.9895079949462551,0.0
70.16,0.0,0.0,9.806489027695534,0.0,0.0,0.5192148243290422,-0.1362538862182365,0.99067395165636,0.0
70.176,0.0,0.0,9.827492850937091,0.0,0.0,0.5066849877634582,-0.12821778884550586,0.991746035345526,0.0
70.19200000000001,0.0,0.0,9.764075518384795,0.0,0.0,0.49455476548698213,-0.12036667658580409,0.9927295015096956,0.0
70.208,0.0,0.0,9.7965651572103,0.0,0.0,0.48271584332361617,-0.11269738229755136,0.9936293574685078,0.0
70.224,0.0,0.0,9.827840770880249,0.0,0.0,0.4710067479731172,-0.10520673204450796,0.9944503725840297,0.0
70.24,0.0,0.0,9.782350914347907,0.0,0.0,0.4595572988136951,-0.0978915508910967,0.9951970881509531,0.0
70.256,0.0,0.0,9.820975075974982,0.0,0.0,0.4484657470685339,-0.09074866818532643,0.9958738269593139,0.0
70.272,0.0,0.0,9.900721742150676,0.0,0.0,0.4375403500188072,-0.0837749223592152,0.9964847025337157,0.0
70.288,0.0,0.0,9.799988679328141,0.0,0.0,0.42683389087866397,-0.0769671652850469,0.9970336280527273,0.0
70.304,0.0,0.0,9.787896331303072,0.0,0.0,0.4165043256965034,-0.07032226621653431,0.997524324953618,0.0
70.32000000000001,0.0,0.0,9.854583161656949,0.0,0.0,0.40620820506999,-0.0638371153466789,0.9979603312277572,0.0
70.336,0.0,0.0,9.767153410861386,0.0,0.0,0.3962331873062388,-0.057508627009068676,0.9983450094128441,0.0
70.352,0.0,0.0,9.828952434383693,0.0,0.0,0.3865079288314001,-0.05133374254965215,0.9986815542883758,0.0
70.368,0.0,0.0,9.77462489028002,0.0,0.0,0.3770148273015612,-0.045309432892804126,0.9989730002812551,0.0
70.384,0.0,0.0,9.945980982457735,0.0,0.0,0.36759478664691475,-0.03943270082519821,0.9992222285886311,0.0
70.4,0.0,0.0,9.817323578380343,0.0,0.0,0.35853097196385925,-0.03370058301826241,0.9994319740253607,0.0
70.416,5.0370475491407944,-0.02493145243472811,9.81900282591124,0.0,0.0,0.31048860987991606,-0.028735042179524023,0.9995870634171597,0.0
70.432,4.999219871993635,0.003830336428041377,9.77840328264116,0.0,0.0,0.2625056201426972,-0.02453656403991271,0.9996989331919464,0.0
70.44800000000001,5.024151664645434,0.024896592795624152,9.781758911225161,0.0,0.0,0.21452756727965253,-0.021105485357330995,0.9997772544361226,0.0
70.464,4.99712716555541,0.03795493663188568,9.83765896288246,0.0,0.0,0.16649659354936505,-0.018442031042820217,0.9998299312838237,0.0
70.48,4.990538079391274,0.04404451409459903,9.738331314856637,0.0,0.0,0.1185101660681672,-0.016546344507134592,0.9998630998709029,0.0
70.496,4.9856652207381735,0.041499404048847055,9.770471389219846,0.0,0.0,0.07049345659291872,-0.015418511221187937,0.999881127690548,0.0
70.512,4.981200880188758,0.03185828652975282,9.79430358525303,0.0,0.0,0.022501055401454834,-0.01505857548649254,0.9998866132238783,0.0
70.528,5.004616570700953,0.013620762969135102,9.877968167866495,0.0,0.0,-0.012298162006592266,-0.015255358264081337,0.999883630251158,0.0
70.544,4.9757634189129725,-0.006884717190776104,9.8366134357418,0.0,0.0,-0.012144415809390111,-0.015449627833863054,0.9998806473773735,0.0
70.56,5.0135360625041185,-0.0078098617444555,9.755320311283077,0.0,0.0,-0.011992993925163413,-0.015641497341994274,0.9998776642974382,0.0
70.57600000000001,5.018856204471587,-0.00867366903899335,9.770743061632496,0.0,0.0,-0.011850189391515642,-0.015831077391044716,0.9998746806418486,0.0
70.592,4.983742274096381,-0.009471591997379706,9.71380213781413,0.0,0.0,-0.011714594243446619,-0.0160184762875517,0.9998716959777515,0.0
70.608,5.026747701093193,-0.010284057549739965,9.800451302312402,0.0,0.0,-0.01158619980330707,-0.016203800285027454,0.9998687098096046,0.0
70.624,5.027550396680315,-0.011154111149246975,9.809920397068288,0.0,0.0,-0.011461276204381251,-0.016387153823607753,0.9998657215794338,0.0
70.64,4.992909958449952,-0.01195748140930143,9.743846897168451,0.0,0.0,-0.011344427422868572,-0.016568639767929876,0.9998627306666854,0.0
70.656,4.984662466796916,-0.012736809106749306,9.828716596626213,0.0,0.0,-0.011233259363908675,-0.016748359644774186,0.9998597363876643,0.0
70.672,5.030561556961441,-0.013420699383554197,9.837663466962871,0.0,0.0,-0.011130140712621922,-0.01692641388136284,0.9998567379945573,0.0
70.688,5.016450211482158,-0.014251887532293485,9.818609542560301,0.0,0.0,-0.011033051379325674,-0.017102902046868658,0.9998537346740148,0.0
70.70400000000001,4.987412916299761,-0.014997902252090536,9.781700929110853,0.0,0.0,-0.01094157895683332,-0.017277923097910645,0.9998507255452801,0.0
70.72,5.001207693366285,-0.01572784076120287,9.786177806551725,0.0,0.0,-0.010855641272177752,-0.017451575630334105,0.9998477096578354,0.0
70.736,5.04337747442649,-0.01641376610986085,9.786020926229488,0.0,0.0,-0.010773973907880846,-0.01762395813899636,0.9998446859885364,0.0
70.752,5.017015021153938,-0.017261505160918292,9.856438163327184,0.0,0.0,-0.010702922213446797,-0.017795169287755562,0.9998416534381934,0.0
70.768,5.005969696569972,-0.01786023565390783,9.81364549642888,0.0,0.0,-0.010635443225650465,-0.017965308191876184,0.999838610827553,0.0
70.784,5.000582708174461,-0.018626473946603044,9.81433608828044,0.0,0.0,-0.01057626865166072,-0.01813447471576638,0.9998355568926238,0.0
70.8,4.982484212662148,-0.019498427844314596,9.792821944790754,0.0,0.0,-0.010520976518686944,-0.018302769788390558,0.9998324902792833,0.0
70.816,5.026000122843149,-0.020184205573302624,9.779241083900354,0.0,0.0,-0.010470616760593495,-0.018470295740481663,0.9998294095370766,0.0
70.83200000000001,5.009635696967593,-0.020816275294061843,9.78078502419385,0.0,0.0,-0.010430159124793508,-0.018637156666092246,0.9998263131121344,0.0
70.848,4.977248364270646,-0.02170379923578628,9.767416840311341,0.0,0.0,-0.010397831901132191,-0.018803458814446398,0.99982319933907,0.0
70.864,5.0256496659953145,-0.02227621540445655,9.804006467905152,0.0,0.0,-0.010367283943823214,-0.01896931101518083,0.9998200664317601,0.0
70.88,4.963086149931077,-0.023096353459313695,9.778510390314656,0.0,0.0,-0.01034734721272563,-0.019134825144222902,0.9998169124728289,0.0
70.896,4.985128964827305,-0.02395830861535889,9.834809385281709,0.0,0.0,-0.010331894358403029,-0.01930011663605876,0.999813735401667,0.0
70.912,1.2502737684433463,-0.025261634672266792,9.806093599972744,0.0,0.0,-0.010325162535958481,-0.019465305050573783,0.9998105330007722,0.0
70.928,6.374545259097052e-06,-0.025842900660421605,9.809662586469202,0.0,0.0,-0.010322907074637329,-0.019630451264593306,0.9998073041257243,0.0
70.944,6.368201532407497e-06,-0.025865699963074848,9.81441076831088,0.0,0.0,-0.010324021550154279,-0.019795596892903184,0.9998040479732286,0.0
70.96000000000001,6.335485820725729e-06,-0.02613846036873361,9.835333416021843,0.0,0.0,-0.010325594754317371,-0.019960784892247993,0.9998007636856883,0.0
70.976,6.389620343974295e-06,-0.025808578021511187,9.826964951612863,0.0,0.0,-0.01033066894355523,-0.020126059661662168,0.9997974503480669,0.0
70.992,6.395628205536908e-06,-0.025840837846614628,9.82292928615156,0.0,0.0,-0.010340672992498173,-0.02029146715077926,0.9997941069844677,0.0
71.008,6.406904072861753e-06,-0.02581089191866545,9.828691928976239,0.0,0.0,-0.010353540796077731,-0.02045705497771683,0.9997907325543874,0.0
71.024,6.437366850305107e-06,-0.025713391753040864,9.830377142264696,0.0,0.0,-0.010366093184436572,-0.02062287255661324,0.999787325948631,0.0
71.04,6.4816517765670645e-06,-0.025875137016235346,9.75518233522993,0.0,0.0,-0.010384181250485257,-0.02078897123648881,0.9997838859848305,0.0
71.056,6.457083002918402e-06,-0.026095411242621862,9.766639193444783,0.0,0.0,-0.010405186161197224,-0.02095540445259134,0.9997804114025383,0.0
71.072,6.465098674812528e-06,-0.025990856207407705,9.790410645735195,0.0,0.0,-0.01042895765380776,-0.02112222789119898,0.9997769008578425,0.0
71.08800000000001,6.5571764687809765e-06,-0.026289368901997734,9.848542524195276,0.0,0.0,-0.01045564962410637,-0.021289499669864553,0.9997733529174534,0.0
71.104,6.594962235586391e-06,-0.026148553478482488,9.828546698460249,0.0,0.0,-0.010487924520014057,-0.021457280534673308,0.9997697660521928,0.0
71.12,6.6348058439666125e-06,-0.026425439796401027,9.837719775543649,0.0,0.0,-0.010523747761432606,-0.021625634076436296,0.9997661386298258,0.0
71.136,6.6598403778812095e-06,-0.02640097412003531,9.80363667262163,0.0,0.0,-0.010564997913287343,-0.02179462696822087,0.999762468907148,0.0
71.152,6.70913626194265e-06,-0.026450125271313633,9.794929993870518,0.0,0.0,-0.010609820976919624,-0.021964329226774267,0.9997587550212392,0.0
71.168,6.77909842422304e-06,-0.026609760811263313,9.761893908670961,0.0,0.0,-0.010657184507275631,-0.02213481450066788,0.9997549949797806,0.0
71.184,6.87465901281261e-06,-0.026658746738599356,9.788458095457862,0.0,0.0,-0.010711088258536967,-0.02230616038876712,0.9997511866503138,0.0
71.2,6.941090700099499e-06,-0.026605869916350732,9.825352194733304,0.0,0.0,-0.010771628462052936,-0.022478448792785568,0.9997473277483017,0.0
71.21600000000001,7.006969677355863e-06,-0.026967994044828525,9.830773467935574,0.0,0.0,-0.010834824574471732,-0.022651766308589973,0.999743415823831,0.0
71.232,-2.058532811476263,-0.02753071791736414,9.738764977468566,0.0,0.0,-0.010905076115578177,-0.02282620466112179,0.9997394482467764,0.0
71.248,-3.4984489933837675,-0.027352668355123334,9.775306140112747,0.0,0.0,-0.010977489994463574,-0.023001806939633718,0.9997354234383774,0.0
71.264,-2.86330519590547,-0.027063503972912777,9.812669039362623,0.0,0.0,-0.011052761463778874,-0.02317857847494261,0.9997313406610204,0.0
71.28,-3.023904899068316,-0.02680409909774994,9.849008030687,0.0,0.0,-0.011127145830201173,-0.023356540069614337,0.999727198807743,0.0
71.296,-2.8842635297549397,-0.02613104552362531,9.875204808946195,0.0,0.0,-0.011201375690100894,-0.023535707034963792,0.9997229968818186,0.0
71.312,-2.859987778593395,-0.025985612103856727,9.853431119397976,0.0,0.0,-0.011275597929783023,-0.023716097477613343,0.99971873380488,0.0
71.328,-2.794859135807447,-0.025524976214588393,9.861236719265317,0.0,0.0,-0.011354184406041398,-0.02389772905525167,0.9997144084917461,0.0
71.34400000000001,-2.732600492601177,-0.025227090823859665,9.840496908802367,0.0,0.0,-0.011436130547301337,-0.02408062027976842,0.9997100198192181,0.0
71.36,-2.6890204437657474,-0.02484662609678115,9.827826302683171,0.0,0.0,-0.01151257666398663,-0.02426479002833019,0.9997055666369379,0.0
71.376,-2.623267595094377,-0.024647269564321582,9.73448740799548,0.0,0.0,-0.01159630169427208,-0.024450257762363422,0.9997010477614567,0.0
71.392,-2.568665406761269,-0.02434860397652702,9.829832747727568,0.0,0.0,-0.011676626811977482,-0.024637043468470062,0.9996964619769007,0.0
71.408,-2.515366532291021,-0.02393303843906161,9.834705838019785,0.0,0.0,-0.011760399448767517,-0.024825167710384396,0.9996918080329313,0.0
71.424,-2.476880963915742,-0.023651293616332808,9.773614122864778,0.0,0.0,-0.011845610976821689,-0.0250146516383922,0.9996870846436948,0.0
71.44,-2.413802145105736,-0.02335277549377448,9.892721309749431,0.0,0.0,-0.011931886416735189,-0.025205517016952877,0.9996822904862865,0.0
71.456,-2.38366899120759,-0.023082291142765936,9.796220016599925,0.0,0.0,-0.012021551116987361,-0.025397786246669548,0.9996774241993108,0.0
71.47200000000001,-2.3252571221224088,-0.02263179595273523,9.854399858595654,0.0,0.0,-0.012112323999341873,-0.02559148238999796,0.999672484381301,0.0
71.488,-2.2843005585895337,-0.022515652523334376,9.803613039286772,0.0,0.0,-0.012202493192085623,-0.025786629197249424,0.9996674695890847,0.0
71.504,-2.2426371260660583,-0.02195748314156222,9.787174007527206,0.0,0.0,-0.012291592836599176,-0.02598325113418794,0.9996623783360549,0.0
71.52,-2.1954524863287213,-0.02188216771475227,9.811654671589482,0.0,0.0,-0.012387655314247252,-0.026181373410847284,0.999657209090357,0.0
71.536,-2.14296106038136,-0.02175263486760089,9.804069322877847,0.0,0.0,-0.012481827276792458,-0.026381022011901418,0.999651960272978,0.0
71.552,-2.1015331899921943,-0.021398950857193396,9.82082114988526,0.0,0.0,-0.01257852588473426,-0.026582223728513238,0.9996466302557355,0.0
71.568,-2.070183055565387,-0.021179699690995528,9.781258101597244,0.0,0.0,-0.012679740272040173,-0.026785006191867945,0.9996412173591591,0.0
71.584,-2.027201227851549,-0.020791073625814754,9.797217229155002,0.0,0.0,-0.012780803428970896,-0.02698939790830042,0.99963571985026,0.0
71.60000000000001,-1.97677965742202,-0.020656639309832716,9.840152655620935,0.0,0.0,-0.012881980148453076,-0.027195428296480584,0.9996301359401741,0.0
71.616,-1.9287226144579541,-0.020131233748203137,9.813594881343777,0.0,0.0,-0.012984622093130557,-0.027403127726325856,0.9996244637816817,0.0
71.632,-1.9124459230071749,-0.019987774368965913,9.767886664368103,0.0,0.0,-0.013093523572197011,-0.027612527560126724,0.9996187014665848,0.0
71.648,-1.8677793270132887,-0.019737695035686134,9.790759098771765,0.0,0.0,-0.013201866130103221,-0.02782366019592101,0.9996128470229372,0.0
71.664,-1.8227609363420023,-0.019542781547258248,9.838565745257085,0.0,0.0,-0.013313639311594641,-0.028036559113015648,0.999606898412122,0.0
71.68,-1.7890398250788893,-0.01926883456796258,9.830872678048886,0.0,0.0,-0.013424388797930715,-0.028251258920307557,0.9996008535257551,0.0
71.696,-1.746855357330447,-0.019051639238548156,9.780049989608447,0.0,0.0,-0.013539717113075816,-0.028467795407055626,0.9995947101824129,0.0
71.712,-1.7168414321596583,-0.018816924281164344,9.84789434856506,0.0,0.0,-0.01365772592515527,-0.02868620559661915,0.999588466124169,0.0
71.728,-1.6739946591025312,-0.01875209935340459,9.79886686499563,0.0,0.0,-0.01377523162489212,-0.02890652780325206,0.9995821190129203,0.0
71.744,-1.6506298429251602,-0.01842945185437501,9.864031664281422,0.0,0.0,-0.013896851159173511,-0.02912880169211849,0.9995756664264999,0.0
71.76,-1.632106712122646,-0.01817170751327503,9.822871427935741,0.0,0.0,-0.014021447761649155,-0.02935306834283843,0.9995691058545481,0.0
71.776,-1.5867078870361964,-0.018003558209813628,9.729232903488414,0.0,0.0,-0.014150613985994516,-0.02957937031675178,0.9995624346941338,0.0
71.792,-1.5563576349750086,-0.01781949441820934,9.780170515303844,0.0,0.0,-0.014279676845603221,-0.029807751728271305,0.9995556502451007,0.0
71.808,-1.5289357655595561,-0.01759522106033983,9.836073557811737,0.0,0.0,-0.014413447596021046,-0.030038258320362103,0.9995487497051253,0.0
71.824,-1.4968113488481283,-0.01735640532879363,9.803825316401507,0.0,0.0,-0.014549206515945656,-0.030270937544870428,0.9995417301644562,0.0
71.84,-1.4522530984699005,-0.01727108240373789,9.808294769665471,0.0,0.0,-0.014689667993796623,-0.030505838647518033,0.9995345886003205,0.0
71.856,-1.4161570104531442,-0.01699700761922942,9.848566519862523,0.0,0.0,-0.01483259088067169,-0.03074301275855441,0.9995273218709568,0.0
71.872,-1.3989586569910137,-0.016790531604382767,9.808379771937688,0.0,0.0,-0.01497237136408768,-0.03098251298890242,0.999519926709264,0.0
71.888,-1.38058810780488,-0.016691851985701115,9.778019328314844,0.0,0.0,-0.015121511819006821,-0.03122439453248602,0.9995123997160216,0.0
71.904,-1.3548801012896536,-0.016427984699675584,9.804496079009471,0.0,0.0,-0.01527643674101588,-0.03146871477538985,0.9995047373526477,0.0
71.92,-1.3357763653880053,-0.016329931822489173,9.845251619106554,0.0,0.0,-0.01543446878070155,-0.03171553341202615,0.9994969359334678,0.0
71.936,-1.297415737462458,-0.016195547867511845,9.852135817929497,0.0,0.0,-0.01559570177050643,-0.0319649125691225,0.9994889916174406,0.0
71.952,-1.263998251166255,-0.01591019493753539,9.874149188167786,0.0,0.0,-0.015755738997079678,-0.032216916938109234,0.9994809003993038,0.0
71.968,-1.2389694127692652,-0.015987020100187075,9.724067715107548,0.0,0.0,-0.01593000151419047,-0.03247161391650686,0.999472658100089,0.0
71.984,-1.2172252561166668,-0.01575261425052786,9.78712531808123,0.0,0.0,-0.016098152529998307,-0.03272907375931047,0.9994642603569462,0.0
72.0,-1.1906264963667856,-0.015573955551102775,9.815466266590638,0.0,0.0,-0.01627842209306894,-0.032989369740789636,0.9994557026122296,0.0
72.016,-1.1721938679046413,-0.015333520833217202,9.866863821142973,0.0,0.0,-0.01645711332960758,-0.03325257832810006,0.9994469801017629,0.0
72.032,-1.1431481414309372,-0.015249793646236307,9.848961208282718,0.0,0.0,-0.01664409469562855,-0.03351877936735191,0.9994380878422249,0.0
72.048,-1.1277069934428572,-0.015098498552259835,9.823964925791271,0.0,0.0,-0.016837831991905892,-0.033788056283386034,0.9994290206175678,0.0
72.06400000000001,-1.109951493700338,-0.014936049024557077,9.79661744049398,0.0,0.0,-0.01703690777713394,-0.03406049629449294,0.99941977296438,0.0
72.08,-1.0804089849677903,-0.014820015922794737,9.80230669984551,0.0,0.0,-0.017238025989993137,-0.0343361906434398,0.9994103391560932,0.0
72.096,-1.059531842959756,-0.014711845233685803,9.862063995147519,0.0,0.0,-0.017451311256394493,-0.03461523484619125,0.9994007131859287,0.0
72.112,-1.0422784633262354,-0.01449966956709409,9.807527958030855,0.0,0.0,-0.017665982320326314,-0.034897728960176344,0.9993908887484528,0.0
72.128,-1.0223777107661203,-0.014530120404974723,9.8289909526112,0.0,0.0,-0.017890165619482593,-0.035183777873792524,0.9993808592196108,0.0
72.144,-0.989494055955903,-0.014435620903872503,9.778261131485355,0.0,0.0,-0.018117954158565885,-0.03547349161932475,0.9993706176350864,0.0
72.16,-0.981227222333498,-0.014204037363985083,9.85821928447352,0.0,0.0,-0.018356256851128402,-0.03576698571149434,0.9993601566668115,0.0
72.176,-0.958112059065395,-0.014217175190263947,9.896529048293969,0.0,0.0,-0.01859424809780055,-0.0360643815142747,0.9993494685974436,0.0
72.19200000000001,-0.9410023335119915,-0.013994936629808533,9.926190914255162,0.0,0.0,-0.01885356687164872,-0.03636580663873501,0.9993385452925921,0.0
72.208,-0.9212121256049123,-0.013876778942809191,9.852794109244703,0.0,0.0,-0.019111729230324444,-0.03667139537534459,0.9993273781705498,0.0
72.224,-0.9007631417025628,-0.013891661970374964,9.845490923007441,0.0,0.0,-0.019381629674683,-0.03698128916406799,0.9993159581692689,0.0
72.24,-0.8860883306449602,-0.013858304351714245,9.829991999304005,0.0,0.0,-0.019658669793772142,-0.03729563710660574,0.9993042757102625,0.0
72.256,-0.8668283737140233,-0.013719633480482012,9.748615794039658,0.0,0.0,-0.019947885384678975,-0.03761459652509173,0.9992923206591026,0.0
72.272,-0.8489246083075864,-0.013697195861560096,9.803954655293607,0.0,0.0,-0.02024959395113448,-0.037938333572618214,0.9992800822821061,0.0
72.288,-0.8304002499999485,-0.013494908612295511,9.845005963837117,0.0,0.0,-0.02055531715610972,-0.038267023901449024,0.999267549198775,0.0
72.304,-0.8135162857735058,-0.013470084282193913,9.756292015538055,0.0,0.0,-0.02088404423778309,-0.03860085339537967,0.9992547093294825,0.0
72.32000000000001,-0.8010312831924907,-0.01340548232791662,9.838751751638613,0.0,0.0,-0.021215500925465702,-0.03894001897403083,0.999241549837827,0.0
72.336,-0.7770217446231675,-0.013397313900633695,9.839560393568831,0.0,0.0,-0.021558991978363997,-0.03928472947762096,0.9992280570669891,0.0
72.352,-0.769405428983862,-0.013295456009780892,9.781653080177438,0.0,0.0,-0.021923628164216984,-0.03963520664192966,0.9992142164693473,0.0
72.368,-0.7442949123654058,-0.0131746540838967,9.77296116368727,0.0,0.0,-0.02229924551100979,-0.03999168617500195,0.9992000125284628,0.0
72.384,-0.7345411448410035,-0.013113034219523709,9.806798684407934,0.0,0.0,-0.022685694319083464,-0.04035441894834389,0.999185428672447,0.0
72.4,-0.7197292356840949,-0.013220236956967498,9.862871837743295,0.0,0.0,-0.023099149578368706,-0.040723672317712824,0.9991704471775373,0.0
72.416,-0.7076459592853693,-0.013103505352867133,9.849605870963144,0.0,0.0,-0.023525116996204763,-0.041099731590487944,0.9991550490605499,0.0
72.432,-0.6926124281902767,-0.012977965502515475,9.810176631572004,0.0,0.0,-0.023967978874458735,-0.04148290166009509,0.9991392139586249,0.0
72.44800000000001,-0.6798759657020894,-0.013117225535715102,9.81081223720502,0.0,0.0,-0.024437705312692015,-0.0418735088302831,0.999122919994452,0.0
72.464,-0.6735551500311784,-0.013019013313999447,9.79496632997482,0.0,0.0,-0.0249230193413675,-0.042271902856655136,0.9991061436248291,0.0
72.48,-0.6532085224762604,-0.013029746023735224,9.803107056595003,0.0,0.0,-0.02543750275392408,-0.04267845923717606,0.9990888594700377,0.0
72.496,-0.635305625190879,-0.013035279258407083,9.796020564790348,0.0,0.0,-0.025967708778888775,-0.04309358178888323,0.9990710401210743,0.0
72.512,-0.6230666675839073,-0.01303461145434883,9.788948154670178,0.0,0.0,-0.026527364082594505,-0.043517705554906666,0.9990526559212166,0.0
72.528,-0.6126798103261366,-0.013041572314941872,9.809840083085916,0.0,0.0,-0.027122088807474114,-0.04395130009393113,0.9990336747177511,0.0
72.544,-0.6031027558544284,-0.013028478824519346,9.811164445695296,0.0,0.0,-0.02775355798636116,-0.04439487321393666,0.9990140615788743,0.0
72.56,-0.5878034375889926,-0.01307690831166015,9.742539677512022,0.0,0.0,-0.0284081154309737,-0.04484897522419251,0.998993778469786,0.0
72.57600000000001,-0.5781315738641015,-0.01315226876967367,9.814393167946697,0.0,0.0,-0.029113367241239634,-0.04531420379453427,0.9989727838807559,0.0
72.592,-0.5667928973437398,-0.013138710878613043,9.725273290695247,0.0,0.0,-0.029841925397000132,-0.045791209528425185,0.9989510323984474,0.0
72.608,-0.553038303495905,-0.013269928033119684,9.843091820370812,0.0,0.0,-0.03062597895631088,-0.04628070237996023,0.9989284742098493,0.0
72.624,-0.5481217358286432,-0.013296231796740412,9.841962787281492,0.0,0.0,-0.031457123146511876,-0.04678345907240617,0.9989050545258146,0.0
72.64,-0.5344374706851756,-0.013288752733200983,9.7952772955093,0.0,0.0,-0.03233767639560327,-0.04730033171183624,0.9988807129081784,0.0
72.656,-0.5241276993966022,-0.013464513998282414,9.87892416480287,0.0,0.0,-0.03327872819679442,-0.047832257834775536,0.9988553824805809,0.0
72.672,-0.5106068933821089,-0.013461664501178361,9.809322647681812,0.0,0.0,-0.03429059735329181,-0.04838027218538216,0.9988289889982512,0.0
72.688,-0.4989772119915378,-0.013707455876926376,9.792113729758924,0.0,0.0,-0.035370574812352236,-0.04894552059231206,0.9988014497456177,0.0
72.70400000000001,-0.49201250764435595,-0.013832758694714536,9.874204299863488,0.0,0.0,-0.03652497647256489,-0.0495292764105795,0.9987726722223855,0.0
72.72,-0.4800015815141986,-0.01402386572239156,9.817159738396024,0.0,0.0,-0.037782223358468814,-0.05013296011870257,0.9987425525678462,0.0
72.736,-0.47155770320391,-0.014064409690566004,9.888113896308553,0.0,0.0,-0.03912436773478105,-0.05075816282589586,0.9987109736588158,0.0
72.752,-0.4611088710095739,-0.014443645398684299,9.788616327427224,0.0,0.0,-0.040584028524616705,-0.05140667466401789,0.9986778027972725,0.0
72.768,-0.4519129702899222,-0.014571269019187285,9.877568587835347,0.0,0.0,-0.04217564843664615,-0.05208051933334925,0.9986428888776852,0.0
72.784,-4.980934083140951,-0.014172062821168153,9.826522981734717,0.0,0.0,0.005827581998507464,-0.051987394258727074,0.9986477411170506,0.0
72.8,-5.003915217203338,0.005874218773762678,9.764914264305359,0.0,0.0,0.05382649975892505,-0.05112728837126213,0.9986921449494843,0.0
72.816,-5.019551667692903,0.018102386404661427,9.828281323436356,0.0,0.0,0.10183205218978525,-0.04950010101719354,0.998774118607049,0.0
72.83200000000001,-5.00593361059329,0.02281230113670087,9.881626508237932,0.0,0.0,0.14982436533282817,-0.047105649568362176,0.9988899127425117,0.0
72.848,-1.6130189446215943,0.008948197167916588,9.862625303014838,0.0,0.0,0.19784429824507777,-0.04394368382106995,0.9990340097575426,0.0
72.864,0.0,0.0,9.815205894806367,0.0,0.0,0.24583324503465231,-0.04001390718687364,0.9991991229137666,0.0
72.88,0.0,0.0,9.739828171324351,0.0,0.0,0.29379694599200684,-0.03531600467948671,0.9993761953406127,0.0
72.896,0.0,0.0,9.850102250953697,0.0,0.0,0.34178603157157805,-0.029849677702551928,0.9995543990904416,0.0
72.912,0.0,0.0,9.889445983436637,0.0,0.0,0.38986155906270903,-0.023614685641454983,0.999721134428024,0.0
72.928,0.0,0.0,9.796707321506197,0.0,0.0,0.4377687204338289,-0.016610894261019738,0.999862029578006,0.0
72.944,0.0,0.0,9.77249034729173,0.0,0.0,0.48574199491662007,-0.008838330906486523,0.9999609411905986,0.0
72.96000000000001,0.0,0.0,9.769760504426007,0.0,0.0,0.5338602138208872,-0.00029724650084876516,0.9999999558222579,0.0
72.976,0.0,0.0,9.771079555416273,0.0,0.0,0.5818660629968662,0.009011815683953216,0.9999593927645655,0.0
72.992,0.0,0.0,9.780082192375895,0.0,0.0,0.629779749186949,0.019087944485876168,0.9998178085907973,0.0
73.008,0.0,0.0,9.806215257692836,0.0,0.0,0.6777683349245576,0.029929778615390916,0.999552003825731,0.0
73.024,0.0,0.0,9.817176206221209,0.0,0.0,0.7257239581975318,0.04153541773906579,0.9991370321798914,0.0
73.04,0.0,0.0,9.75280906819058,0.0,0.0,0.7736673391164587,0.05390232697694245,0.9985462128246598,0.0
73.056,0.0,0.0,9.823797282840111,0.0,0.0,0.8218119986435064,0.06702723489944853,0.9977511462192034,0.0
73.072,0.0,0.0,9.8210625163695,0.0,0.0,0.869847295275967,0.08090602514282386,0.9967217340339222,0.0
73.08800000000001,0.0,0.0,9.798653234929626,0.0,0.0,0.9177759801726831,0.09553362178987539,0.9954262037477761,0.0
73.104,0.0,0.0,9.774971250085537,0.0,0.0,0.965739961580246,0.11090386869550631,0.9938311385282562,0.0
73.12,0.0,0.0,9.807836606091128,0.0,0.0,1.0138773177089977,0.1270094029734745,0.9919015130325802,0.0
73.136,0.0,0.0,9.822413916705347,0.0,0.0,1.061804365844453,0.14384152290187452,0.9896007357966492,0.0
73.152,0.0,0.0,9.783373300327755,0.0,0.0,1.1097200847131987,0.16139005055072217,0.9868906989040049,0.0
73.168,0.0,0.0,9.773095478589154,0.0,0.0,1.1577650950548926,0.17964318948516372,0.9837318356501418,0.0
73.184,0.0,0.0,9.780595536256062,0.0,0.0,1.2058220268684183,0.19858737795298392,0.980083186937598,0.0
73.2,0.0,0.0,9.819930848236808,0.0,0.0,1.2538520788452527,0.2182071380249271,0.9759024771538242,0.0
73.21600000000001,0.0,0.0,9.841171459379531,0.0,0.0,1.30200583330377,0.2384849212211231,0.9711462002964099,0.0
73.232,0.0,0.0,9.802747097329915,0.0,0.0,1.3496103340850307,0.2594009512265242,0.9657697171183068,0.0
73.248,0.0,0.0,9.79773162618644,0.0,0.0,1.3979778379500123,0.28093306437274135,0.9597273640686407,0.0
73.264,0.0,0.0,9.804239385010096,0.0,0.0,1.4456369583655253,0.30305654864292636,0.9529725748019392,0.0
73.28,0.0,0.0,9.836597824625542,0.0,0.0,1.493839710625022,0.3257439820401617,0.945458015019503,0.0
73.296,0.0,0.0,9.819012252245873,0.0,0.0,1.5003448135374016,0.34833790660866487,0.9373690323557171,0.0
73.312,0.0,0.0,9.809645471332617,0.0,0.0,1.500082409591315,0.37073121743134024,0.9287402028672369,0.0
73.328,0.0,0.0,9.861788592934476,0.0,0.0,1.5001075257065206,0.39291101781827864,0.9195764960442414,0.0
73.34400000000001,0.0,0.0,9.754849040172804,0.0,0.0,1.5001231283950032,0.4148645340438711,0.9098831894218959,0.0
73.36,0.0,0.0,9.796147730211189,0.0,0.0,1.5000306356271784,0.43657912270342564,0.8996658655409281,0.0
73.376,0.0,0.0,9.766679202886323,0.0,0.0,1.4998015622483756,0.45804227799470765,0.8889304087325506,0.0
73.392,0.0,0.0,9.752177106238028,0.0,0.0,1.5000281338808321,0.47924163892025284,0.8776830017295711,0.0
73.408,0.0,0.0,9.795735597605558,0.0,0.0,1.499911253416406,0.5001649964062752,0.8659301221056528,0.0
73.424,0.0,0.0,9.831061612701955,0.0,0.0,1.5001262939187343,0.520800300334081,0.853678538544768,0.0
73.44,0.0,0.0,9.778860185176535,0.0,0.0,1.4999844939651568,0.5411356664799337,0.8409353069430002,0.0
73.456,0.0,0.0,9.858784331535588,0.0,0.0,1.500341296855959,0.5611593833593893,0.827707766344928,0.0
73.47200000000001,0.0,0.0,9.843102291737619,0.0,0.0,1.5001180606362379,0.5808599189721317,0.8140035347169499,0.0
73.488,0.0,0.0,9.839915702853695,0.0,0.0,1.49993083949516,0.6002259274434545,0.799830504559963,0.0
73.504,0.0,0.0,9.789508938954175,0.0,0.0,1.4998852730278838,0.6192462555585414,0.7851968383639389,0.0
73.52,0.0,0.0,9.731933462555714,0.0,0.0,1.49996894890283,0.6379099491857927,0.770110963907007,0.0
73.536,0.0,0.0,9.864028242048496,0.0,0.0,1.4999324075978946,0.6562062595854977,0.7545815694017518,0.0
73.552,0.0,0.0,9.778258902139656,0.0,0.0,1.5000203218884822,0.6741246496002169,0.7386175984915231,0.0
73.568,0.0,0.0,9.783756559202125,0.0,0.0,1.4998580744700662,0.6916547997233106,0.722228245099641,0.0
73.584,0.0,0.0,9.85476988753346,0.0,0.0,1.4998658905255142,0.7087866140421203,0.7054229481344554,0.0
73.60000000000001,0.0,0.0,9.721991633361682,0.0,0.0,1.4999065671097827,0.7255102260523735,0.6882113860533215,0.0
73.616,0.0,0.0,9.82199843200037,0.0,0.0,1.459838469858372,0.7413839485429415,0.6710810985587935,0.0
73.632,0.0,0.0,9.7937246935243,0.0,0.0,1.431010839843002,0.7565509015385713,0.653934808204285,0.0
73.648,0.0,0.0,9.890821929231194,0.0,0.0,1.3957629813743047,0.770962188892884,0.6368809176741701,0.0
73.664,0.0,0.0,9.800609868083328,0.0,0.0,1.3655590705671214,0.7846932081652094,0.6198843190946128,0.0
73.68,0.0,0.0,9.844027400805183,0.0,0.0,1.3335006502203277,0.7977380687440055,0.6030041240958343,0.0
73.696,0.0,0.0,9.757374568517251,0.0,0.0,1.3040134606563163,0.8101429562432194,0.5862323689881829,0.0
73.712,0.0,0.0,9.760759702371068,0.0,0.0,1.273333907821485,0.821919519464164,0.5696036372108221,0.0
73.72800000000001,0.0,0.0,9.841105635466986,0.0,0.0,1.2448564502506156,0.8331009626567718,0.5531209506250514,0.0
73.744,0.0,0.0,9.785703210072818,0.0,0.0,1.2160677645934195,0.8437056346181323,0.5368061122170785,0.0
73.76,0.0,0.0,9.799836467635467,0.0,0.0,1.1884316810759485,0.8537605629750935,0.5206658247940338,0.0
73.776,0.0,0.0,9.768397681924094,0.0,0.0,1.161476095296473,0.8632861806730644,0.504714741471768,0.0
73.792,0.0,0.0,9.825739763218326,0.0,0.0,1.1347279485257298,0.8723061763931417,0.4889600542236325,0.0
73.808,0.0,0.0,9.842248209778658,0.0,0.0,1.108682177335121,0.880841102489208,0.47341203213014843,0.0
73.824,0.0,0.0,9.801631849355976,0.0,0.0,1.083077561342985,0.8889124892624793,0.4580770529432604,0.0
73.84,0.0,0.0,9.813923689137614,0.0,0.0,1.0580237678330089,0.8965401777780457,0.44296242462505786,0.0
73.856,0.0,0.0,9.747511648012972,0.0,0.0,1.0338008387012867,0.903744036576024,0.4280732604978665,0.0
73.872,0.0,0.0,9.837375118913304,0.0,0.0,1.0099657388488312,0.9105428543552156,0.41341469541207243,0.0
73.888,0.0,0.0,9.847243953545927,0.0,0.0,0.9865316021271306,0.9169550579793816,0.39899050320280727,0.0
73.904,0.0,0.0,9.777143776292583,0.0,0.0,0.9637335301017049,0.9229982577825331,0.38480412696644584,0.0
73.92,0.0,0.0,9.789092702468288,0.0,0.0,0.9415707332852384,0.9286895513446332,0.37085808232166656,0.0
73.936,0.0,0.0,9.784188481203207,0.0,0.0,0.9195954634011345,0.9340453418440519,0.3571544475145569,0.0
73.952,0.0,0.0,9.8366357331604,0.0,0.0,0.8981855231186013,0.9390814709957874,0.3436946185676879,0.0
73.968,0.0,0.0,9.7723456475121,0.0,0.0,0.8773437676949789,0.9438131517975871,0.3304795523083159,0.0
73.984,0.0,0.0,9.853414804764569,0.0,0.0,0.8569269443578617,0.9482550315470027,0.31750967724747053,0.0
74.0,0.0,0.0,9.775567777401521,0.0,0.0,0.8368804120829726,0.952421172651484,0.3047850224095211,0.0
74.016,0.0,0.0,9.791543821807593,0.0,0.0,0.8173131958809956,0.9563250873040398,0.29230519563107465,0.0
74.032,0.0,0.0,9.814600955641364,0.0,0.0,0.7980552474508394,0.959979738555902,0.28006945846011494,0.0
74.048,0.0,0.0,9.864601650565076,0.0,0.0,0.7793464632731755,0.9633975636119125,0.2680767323484657,0.0
74.06400000000001,0.0,0.0,9.78010645875236,0.0,0.0,0.7610892266108427,0.9665904834343462,0.25632564704718336,0.0
74.08,0.0,0.0,9.720205341914037,0.0,0.0,0.7431590398223801,0.9695699214584078,0.24481455717162126,0.0
74.096,0.0,0.0,9.744212728515842,0.0,0.0,0.7256748812855508,0.9723468167068855,0.23354157668386677,0.0
74.112,0.0,0.0,9.810937587372125,0.0,0.0,0.7083625886258944,0.9749316405668061,0.22250459820353352,0.0
74.128,0.0,0.0,9.852525049805159,0.0,0.0,0.691804539991008,0.9773344112105886,0.21170131946601597,0.0
74.144,0.0,0.0,9.853992792973392,0.0,0.0,0.6752919559142945,0.979564709396249,0.20112926218092292,0.0
74.16,0.0,0.0,9.819285643234444,0.0,0.0,0.65918098753227,0.9816316931859416,0.19078579332041842,0.0
74.176,0.0,0.0,9.816345358778586,0.0,0.0,0.6435112085338547,0.9835441130725497,0.18066814229501432,0.0
74.19200000000001,0.0,0.0,9.889353952114483,0.0,0.0,0.6281501931404858,0.985310326505856,0.17077341854317804,0.0
74.208,0.0,0.0,9.86244939511257,0.0,0.0,0.6131518669108541,0.9869383124032667,0.1610986266564431,0.0
74.224,0.0,0.0,9.758730748744355,0.0,0.0,0.5984506087679757,0.9884356852294679,0.15164068110158385,0.0
74.24,0.0,0.0,9.807168907654603,0.0,0.0,0.5841312411399436,0.9898097088694461,0.14239641929410474,0.0
74.256,0.0,0.0,9.8065786025652,0.0,0.0,0.5700546224089089,0.991067310122083,0.13336261397925145,0.0
74.272,0.0,0.0,9.779334522830174,0.0,0.0,0.556315939146243,0.9922150918977547,0.12453598439941198,0.0
74.288,0.0,0.0,9.814058915718464,0.0,0.0,0.5428960026079975,0.9932593460476343,0.11591320670668134,0.0
74.304,0.0,0.0,9.787231029593979,0.0,0.0,0.529732370190366,0.994206065854844,0.10749092341883602,0.0
74.32000000000001,0.0,0.0,9.723677878524372,0.0,0.0,0.516845275819001,0.9950609581577018,0.09926575215186997,0.0
74.336,0.0,0.0,9.824723345226174,0.0,0.0,0.5042788027775218,0.9958294551164245,0.09123429356620823,0.0
74.352,0.0,0.0,9.763028800554505,0.0,0.0,0.4919879614141238,0.99651672561234,0.08339313865576958,0.0
74.368,0.0,0.0,9.784597663210901,0.0,0.0,0.47998268893180535,0.9971276862853775,0.07573887537566007,0.0
74.384,0.0,0.0,9.765718428248958,0.0,0.0,0.46811828657338667,0.9976670122077953,0.06826809468830146,0.0
74.4,0.0,0.0,9.8065377051932,0.0,0.0,0.45667067255210736,0.99813914719909,0.06097739604700439,0.0
74.416,0.0,0.0,9.854488880639861,0.0,0.0,0.44542469248445726,0.9985483137846524,0.05386339237206878,0.0
74.432,0.0,0.0,9.725373025150889,0.0,0.0,0.4343970721232603,0.9988985228038021,0.046922714546177545,0.0
74.44800000000001,0.0,0.0,9.787358245679812,0.0,0.0,0.4235770486966547,0.9991935826723666,0.04015201547071902,0.0
74.464,0.0,0.0,9.862070563423554,0.0,0.0,0.4130361567814558,0.9994371083064159,0.033547973710934396,0.0
74.48,5.008151444172161,-0.029174381702502774,9.768639217164647,0.0,0.0,0.3650671611309084,0.9996159994401351,0.0277101725599075,0.0
74.496,5.016874186946417,0.003868348617380121,9.831963996108227,0.0,0.0,0.31707200126872637,0.9997436997830875,0.022639230199452333,0.0
74.512,5.004081857959508,0.029236713711606205,9.811737238413038,0.0,0.0,0.2690425735696724,0.9998318891717721,0.018335577307661992,0.0
74.528,5.015615964605172,0.04680007146416746,9.8127867001843,0.0,0.0,0.22107760967326118,0.9998904813747302,0.014799501890612058,0.0
74.544,4.984613856203568,0.056198113822268345,9.820334546470411,0.0,0.0,0.1730232680652405,0.9999276226463348,0.012031187341614229,0.0
74.56,4.989787183257178,0.05909531882140133,9.867755482667464,0.0,0.0,0.125040291095728,0.9999496908247221,0.010030743718343718,0.0
74.57600000000001,4.998859090888966,0.05384701545488518,9.8043478653693,0.0,0.0,0.07703794819496253,0.9999612948057511,0.008798232231861528,0.0
74.592,5.01439927714993,0.04092395008360599,9.800833197397916,0.0,0.0,0.02903653191594942,0.9999652742613554,0.008333682944090743,0.0
74.608,4.995087992248336,0.02012755266422405,9.845208398666406,0.0,0.0,-0.01896353638591758,0.9999626995071423,0.008637105671958653,0.0
74.624,4.9913469208017025,-0.011976217970097063,9.790403702785566,0.0,0.0,-0.021848483965175768,0.9999596181192806,0.008986775325045224,0.0
74.64,5.000037482003895,-0.015802824258086916,9.85280119160161,0.0,0.0,-0.02160734898170919,0.9999564518800744,0.009332435020528123,0.0
74.656,5.010870532115922,-0.017229618239971864,9.775674291581455,0.0,0.0,-0.021367009146284584,0.9999532029022346,0.00967429612749869,0.0
74.672,4.987404449109462,-0.018876594413011892,9.801965921140809,0.0,0.0,-0.021144868212250523,0.9999498730000158,0.010012566466812119,0.0
74.688,4.978512336828724,-0.020327447905151865,9.735585684467567,0.0,0.0,-0.02093063953172652,0.9999464636974958,0.010347450839357196,0.0
74.70400000000001,5.015701960469675,-0.02179537700470352,9.870057352538813,0.0,0.0,-0.020737288956709933,0.9999429762351828,0.010679151554527675,0.0
74.72,4.941562845047348,-0.023246454472088434,9.873045437834362,0.0,0.0,-0.020545847902231004,0.9999394115749725,0.01100786896261898,0.0
74.736,4.986619231010716,-0.024748540473931133,9.764786625816278,0.0,0.0,-0.020372297048081148,0.9999357704034474,0.011333801995108443,0.0
74.752,5.015474274417311,-0.026267208770663634,9.768881158777392,0.0,0.0,-0.020207638623043617,0.9999320531335069,0.011657148716988175,0.0
74.768,5.054444526702317,-0.027530978963429105,9.76353460612996,0.0,0.0,-0.020058923502725874,0.9999282599042768,0.011978106895709108,0.0
74.784,5.013847399918128,-0.028906500763849097,9.8012081890019,0.0,0.0,-0.01992469954823777,0.9999243905792464,0.012296874591660425,0.0
74.8,5.024860005195495,-0.03030602034659941,9.817817940078616,0.0,0.0,-0.019796848025525324,0.9999204447425355,0.012613650775650326,0.0
74.816,5.053057284037047,-0.03175232628652807,9.879942703047636,0.0,0.0,-0.01969124435042224,0.9999164216931887,0.012928635979453304,0.0
74.83200000000001,5.019560451581633,-0.03320130710113136,9.807166184586782,0.0,0.0,-0.01958837763272798,0.9999123204373426,0.013242032986260728,0.0
74.848,5.01910419620109,-0.03457087978209063,9.827737399568361,0.0,0.0,-0.01950261695769924,0.9999081396780928,0.013554047568745026,0.0
74.864,5.01683372009041,-0.035748477945344,9.800019233031593,0.0,0.0,-0.019429985053791596,0.9999038778028387,0.013864889283575148,0.0
74.88,5.023517612083088,-0.03755790150599902,9.816834794901556,0.0,0.0,-0.01936862462695477,0.9998995328678383,0.014174772332522137,0.0
74.896,4.990152334932844,-0.038576294996983944,9.851335208443329,0.0,0.0,-0.019322696334685474,0.9998951025796491,0.014483916501876904,0.0
74.912,5.011598809654271,-0.03998845021037043,9.821684732958689,0.0,0.0,-0.019292436750562737,0.9998905842730657,0.014792548193849698,0.0
74.928,4.962877393454504,-0.041495723614399065,9.790615146544068,0.0,0.0,-0.019273567333346692,0.9998859748850845,0.015100901565940563,0.0
74.944,5.005974537612434,-0.04342867502172464,9.861759213134418,0.0,0.0,-0.019274556719738933,0.9998812709243253,0.0154092197971181,0.0
74.96000000000001,4.987484775106498,-0.04483105143159298,9.791526441997247,0.0,0.0,-0.019286420209491787,0.9998764684352304,0.015717756503134863,0.0
74.976,1.2500711729619909,-0.04758975125138537,9.861090201811136,0.0,0.0,-0.01931706765468416,0.9998715629562096,0.016026777327540553,0.0
74.992,2.2298193344429428e-05,-0.04813295317564113,9.852384201822176,0.0,0.0,-0.019359375358891054,0.9998665516965077,0.01633642551278557,0.0
75.008,2.2627659460896825e-05,-0.04827216341180635,9.809826033372339,0.0,0.0,-0.019400119536854454,0.9998614323436169,0.016646804851709555,0.0
75.024,2.2481166624056702e-05,-0.04882969422382549,9.800298026567242,0.0,0.0,-0.019456509028466476,0.999856202377608,0.01695802367694678,0.0
75.04,2.2936935863750894e-05,-0.04881957995538774,9.799183841817536,0.0,0.0,-0.01951580253977338,0.9998508590568593,0.017270195229376197,0.0
75.056,2.2939012500464526e-05,-0.048600705215235074,9.813183230522593,0.0,0.0,-0.019579131881034256,0.9998453994022855,0.017583438062123893,0.0
75.072,2.3093346512851843e-05,-0.04888140649497306,9.80717523871517,0.0,0.0,-0.019652902548425354,0.9998398201798879,0.01789787648435926,0.0
75.08800000000001,2.3484101609696295e-05,-0.04896103129668199,9.86856797237726,0.0,0.0,-0.019739905773477468,0.9998341178814175,0.018213641049721035,0.0
75.104,2.3435371557838155e-05,-0.04926981365375625,9.831325022469711,0.0,0.0,-0.01983112993655173,0.9998282887029087,0.018530869094927477,0.0
75.12,2.3874942603309854e-05,-0.04953917959676589,9.76746342998469,0.0,0.0,-0.019933912024710655,0.999822328520816,0.018849705334926123,0.0
75.136,2.3856050549346708e-05,-0.049562596542721556,9.845215226105644,0.0,0.0,-0.020040691216106417,0.9998162328654293,0.01917030252191229,0.0
75.152,-0.6237304826345026,-0.05028366277366775,9.819552375894755,0.0,0.0,-0.02016249106969077,0.9998099968912038,0.019492822176666917,0.0
75.168,-4.0998353665085085,-0.051477415614655166,9.807397238025835,0.0,0.0,-0.02029457490857641,0.9998036159323727,0.019817405696826086,0.0
75.184,-2.666886746830294,-0.05005797304610954,9.805346677247783,0.0,0.0,-0.020419691858722267,0.9997970883766394,0.02014403320079073,0.0
75.2,-3.1296615427598615,-0.049559747115134604,9.844025085849157,0.0,0.0,-0.02055173726977593,0.9997904113061641,0.020472749210872818,0.0
75.21600000000001,-2.880700085527089,-0.04876613465451717,9.82271987218149,0.0,0.0,-0.02067872963280051,0.999783582240489,0.020803573788544295,0.0
75.232,-2.8865116182132495,-0.0484261425903292,9.781136556384933,0.0,0.0,-0.020817142788954295,0.9997765984355875,0.021136537572793317,0.0
75.248,-2.7972074950224366,-0.04711165211848236,9.777893622973618,0.0,0.0,-0.02094979580320786,0.9997694571614661,0.021471668008505185,0.0
75.264,-2.7459649032543334,-0.04713919923723942,9.804788601867894,0.0,0.0,-0.021085023464401293,0.9997621555877928,0.021808994806050412,0.0
75.28,-2.6865195880081516,-0.046532936267688736,9.725908516105113,0.0,0.0,-0.021228120653057302,0.9997546908263255,0.022148547825044475,0.0
75.296,-2.6580251780301896,-0.04579744787889806,9.79078679557877,0.0,0.0,-0.021363527078350496,0.9997470599104135,0.022490357944784503,0.0
75.312,-2.58801113498133,-0.04493987504836906,9.808173323244233,0.0,0.0,-0.021512559155559715,0.9997392597995283,0.022834456759285617,0.0
75.328,-2.5315776364504874,-0.04453882904701127,9.839723537018475,0.0,0.0,-0.021662546965754054,0.9997312873736097,0.023180876737200814,0.0
75.34400000000001,-2.505714607153156,-0.04372143009357855,9.75890229126808,0.0,0.0,-0.02180640339572025,0.99972313943131,0.0235296512002536,0.0
75.36,-2.4460849687417907,-0.04340725510330285,9.842454218255956,0.0,0.0,-0.021953005237563092,0.9997148126864908,0.02388081437503136,0.0
75.376,-2.3995281998596205,-0.04249476469493276,9.832195741201662,0.0,0.0,-0.022107302608626204,0.9997063037652216,0.024234401417793837,0.0
75.392,-2.332622339512094,-0.042297540909515374,9.817273836307201,0.0,0.0,-0.022259595413886425,0.9996976092023689,0.02459044845194699,0.0
75.408,-2.3099616958860896,-0.04133679671303394,9.820386668369913,0.0,0.0,-0.02241565670881912,0.9996887254381298,0.024948992602660525,0.0
75.424,-2.253123057065858,-0.040872341010234466,9.793406352027068,0.0,0.0,-0.022570309181802632,0.9996796488143538,0.02531007203487624,0.0
75.44,-2.210199844554142,-0.040244079328464855,9.850029019064626,0.0,0.0,-0.022734328740641973,0.9996703755707027,0.025673725992352715,0.0
75.456,-2.158769600122881,-0.040148083997649776,9.778919751900755,0.0,0.0,-0.022895112656006994,0.9996609018406164,0.026039994838821877,0.0
75.47200000000001,-2.1299104849988035,-0.03923888553698117,9.757033166048245,0.0,0.0,-0.02307018764267151,0.9996512236470785,0.026408920100961596,0.0
75.488,-2.06820910055885,-0.03866989041990371,9.859518699903436,0.0,0.0,-0.023236612674626695,0.9996413368981709,0.026780544513464396,0.0
75.504,-2.030575976678237,-0.03841971732935266,9.817580755337689,0.0,0.0,-0.023406116221330726,0.9996312373824033,0.027154912066239264,0.0
75.52,-1.9811371952642278,-0.03805563176160627,9.775400226852241,0.0,0.0,-0.02357893943538986,0.9996209207638038,0.02753206805391454,0.0
75.536,-1.946448050994086,-0.037504885513954624,9.777669636265609,0.0,0.0,-0.023758075780559666,0.9996103825767564,0.027912059127746965,0.0
75.552,-1.9034547952774608,-0.036656427485147476,9.81642591934513,0.0,0.0,-0.0239382051757004,0.999599618220572,0.028294933350104936,0.0
75.568,-1.8637692753314412,-0.036520484375616516,9.85937761827317,0.0,0.0,-0.02412166610880272,0.9995886229537715,0.028680740251658107,0.0
75.584,-1.8346931372785364,-0.03596631085465851,9.866734531732297,0.0,0.0,-0.024310598717110523,0.9995773918880675,0.029069530891446958,0.0
75.60000000000001,-1.8041722010312629,-0.03587366235732071,9.792771574611795,0.0,0.0,-0.02450209913780524,0.9995659199820237,0.029461357920006433,0.0
75.616,-1.759132112783097,-0.035032774209764195,9.760233636866396,0.0,0.0,-0.024697868355991727,0.9995542020343702,0.029856275645729312,0.0
75.632,-1.7232293706918773,-0.03442710369455686,9.870660343487438,0.0,0.0,-0.024889652181365962,0.9995422326769545,0.03025434010467388,0.0
75.648,-1.7068578220168438,-0.034384818935960786,9.795204435356725,0.0,0.0,-0.025088524080380196,0.9995300063673036,0.03065560913402906,0.0
75.664,-1.6615168808600616,-0.03412480630824321,9.829022177964765,0.0,0.0,-0.02529824035441344,0.9995175173807705,0.031060142449467025,0.0
75.68,-1.638553930343331,-0.033646841852958166,9.766097285040889,0.0,0.0,-0.02550519397483821,0.9995047598022393,0.031468001726641576,0.0
75.696,-1.599914798809713,-0.03303311751591085,9.799845777583409,0.0,0.0,-0.025718662918109796,0.9994917275173567,0.031879250687088724,0.0
75.712,-1.5641549861259179,-0.032724503911599,9.826407234606485,0.0,0.0,-0.025929541521323648,0.9994784142032593,0.032293955188830284,0.0
75.72800000000001,-1.527399853909358,-0.03224762038230879,9.820896152240788,0.0,0.0,-0.026152084108077296,0.9994648133187629,0.03271218332197904,0.0
75.744,-1.5036831649909705,-0.03198301572660656,9.815714224494974,0.0,0.0,-0.02638095394919922,0.999450918093972,0.03313400550969409,0.0
75.76,-1.46922975420279,-0.03147980258024493,9.850730275060522,0.0,0.0,-0.02661242384406123,0.999436721519275,0.033559494614838224,0.0
75.776,-1.4403668056738528,-0.031276356482914984,9.777221148769373,0.0,0.0,-0.026842826935933494,0.9994222163336738,0.03398872605273335,0.0
75.792,-1.403964954836524,-0.030720965649176205,9.768428646417808,0.0,0.0,-0.027076653622837163,0.9994073950124068,0.03442177791043617,0.0
75.808,-1.3924575256853802,-0.030315559735539788,9.908771922872178,0.0,0.0,-0.027325782656824747,0.9993922497538099,0.03485873107298635,0.0
75.824,-1.3584220643307947,-0.02995113696552108,9.757858691053528,0.0,0.0,-0.02757153022400261,0.9993767724653585,0.0352996693571359,0.0
75.84,-1.3296764131306287,-0.029629641849798605,9.844765233291676,0.0,0.0,-0.027824687690559995,0.999360954748833,0.03574467965307434,0.0
75.856,-1.287250522601722,-0.029411366317129813,9.777210040556753,0.0,0.0,-0.028092479833222904,0.9993447878845373,0.03619385207475521,0.0
75.872,-1.2890052790091533,-0.029228200734873224,9.799624089631868,0.0,0.0,-0.028355941738140704,0.9993282628145007,0.0366472801194383,0.0
75.888,-1.2557658858410463,-0.028802856494047905,9.846941642219234,0.0,0.0,-0.02862930830266501,0.9993113701245833,0.03710506083714485,0.0
75.904,-1.226937852757687,-0.028329889880939547,9.788843770245158,0.0,0.0,-0.028908764883780132,0.9992941000253999,0.03756729501076838,0.0
75.92,-1.203833818855539,-0.02823496581021424,9.860367590243394,0.0,0.0,-0.0291973826173119,0.999276442331966,0.0380340873476561,0.0
75.936,-1.1720107907000858,-0.027754443948215284,9.784340402776222,0.0,0.0,-0.0294918772009218,0.9992583864419659,0.038505546683548525,0.0
75.952,-1.1516740291980145,-0.02754329655703439,9.842079742156976,0.0,0.0,-0.029791945640145794,0.9992399213125293,0.03898178619984845,0.0
75.968,-1.1353704091024877,-0.02721115479733586,9.797783624866101,0.0,0.0,-0.030094682218931246,0.9992210354353926,0.0394629236552722,0.0
75.984,-1.11095438902425,-0.027033608133433296,9.778544372915634,0.0,0.0,-0.0304105151054319,0.9992017168103127,0.03994908163304648,0.0
76.0,-1.082955371726569,-0.026554999256669164,9.835786161235873,0.0,0.0,-0.030730623674959254,0.9991819529165789,0.040440387804915726,0.0
76.016,-1.0632053122816172,-0.026672248403568397,9.787942588130873,0.0,0.0,-0.03106495702100441,0.9991617306824664,0.0409369752133509,0.0
76.032,-1.044594828308554,-0.0262017338836884,9.793261785872456,0.0,0.0,-0.031398853806138806,0.9991410364524491,0.041438982573486105,0.0
76.048,-1.0211703240513264,-0.025985252993352356,9.809662942609494,0.0,0.0,-0.03174749958357242,0.9991198559519704,0.04194655459646138,0.0
76.06400000000001,-1.014085647696101,-0.02558741016835177,9.860832910107474,0.0,0.0,-0.03211044791413009,0.9990981742495584,0.04245984233601733,0.0
76.08,-0.9787819254758189,-0.02539876082949734,9.77136336879554,0.0,0.0,-0.032478475673334305,0.9990759757160401,0.042979003560375574,0.0
76.096,-0.9631290487292878,-0.025144110812268815,9.85357488586518,0.0,0.0,-0.032859276541920994,0.9990532439805897,0.04350420315165345,0.0
76.112,-0.9414882982642208,-0.0249751625577816,9.811715033796602,0.0,0.0,-0.0332467360912095,0.9990299618833112,0.04403561353529465,0.0
76.128,-0.923587473980377,-0.024813348378141503,9.848646653257545,0.0,0.0,-0.033645830224559414,0.9990061114240273,0.044573415142256656,0.0
76.144,-0.9028924079087112,-0.02455643571909856,9.889463944061541,0.0,0.0,-0.034054963224044846,0.9989816737069093,0.045117796907011135,0.0
76.16,-0.8877193146547137,-0.024454366935849788,9.782649606449938,0.0,0.0,-0.034484229336090674,0.9989566288805378,0.0456689568047242,0.0
76.176,-0.8708381657409209,-0.02431257159083004,9.817652198224017,0.0,0.0,-0.034921505801750304,0.9989309560729401,0.046227102431385274,0.0
76.19200000000001,-0.853075354160123,-0.02410394903458674,9.810038828621561,0.0,0.0,-0.035371448976664326,0.9989046333210968,0.04679245163106008,0.0
76.208,-0.83658584007529,-0.023887383031559312,9.799235437850804,0.0,0.0,-0.03584401163705126,0.9988776374943446,0.04736523317494462,0.0
76.224,-0.8155740085490003,-0.02364269918130456,9.821421959143766,0.0,0.0,-0.0363167851994937,0.9988499442110406,0.0479456874974301,0.0
76.24,-0.8029045044864466,-0.023510789087666017,9.801921241214911,0.0,0.0,-0.03681394516772751,0.9988215277477698,0.048534067495020504,0.0
76.256,-0.7838222204096533,-0.023257499383526663,9.769785488092399,0.0,0.0,-0.03732881795895548,0.9987923609402869,0.04913063939465538,0.0
76.272,-0.7736380420302302,-0.023213241286513964,9.858770853399063,0.0,0.0,-0.037863000624653545,0.9987624150752838,0.0497356836987927,0.0
76.288,-0.7573580020594249,-0.02287988265167422,9.802117218496539,0.0,0.0,-0.03841171605571301,0.9987316597719537,0.05034949621554008,0.0
76.304,-0.7415214433403984,-0.0228924703988096,9.819731998698774,0.0,0.0,-0.03898139864316129,0.9987000628521853,0.05097238918317732,0.0
76.32000000000001,-0.7312785590273029,-0.022646310534225694,9.783775935859836,0.0,0.0,-0.039575441166038124,0.9986675901980682,0.05160469249964905,0.0
76.336,-0.7126381397479052,-0.022714781641958486,9.875954235521805,0.0,0.0,-0.04018486466045338,0.9986342055952026,0.052246755068986975,0.0
76.352,-0.6967516934139732,-0.022457462326394943,9.821123188381804,0.0,0.0,-0.040819842675605775,0.9985998705601,0.05289894627827264,0.0
76.368,-0.6800512079813903,-0.022452343181974005,9.852985618604219,0.0,0.0,-0.04147736628074711,0.9985645441497176,0.05356165762060521,0.0
76.384,-0.670678656385018,-0.022267062839495685,9.863389788013437,0.0,0.0,-0.04216779255063412,0.9985281827508787,0.05423530448174985,0.0
76.4,-0.6581987876736627,-0.02214238106425018,9.76212727135416,0.0,0.0,-0.04287777650379634,0.9984907398470046,0.054920328110651305,0.0
76.416,-0.6413577116399606,-0.022093056512395345,9.877432084432947,0.0,0.0,-0.04362316364234148,0.9984521657591864,0.055617197796999446,0.0
76.432,-0.6289766043010385,-0.022148075975603976,9.760125938382899,0.0,0.0,-0.04439866174967865,0.9984124073581672,0.05632641328248439,0.0
76.44800000000001,-0.6192878818270466,-0.022012078508185012,9.784618912101983,0.0,0.0,-0.045201711295928836,0.9983714077432656,0.0570485074364803,0.0
76.464,-0.6057747575169717,-0.0219918694766648,9.87323401738719,0.0,0.0,-0.046051949496120646,0.9983291058836198,0.05778404923170942,0.0
76.48,-0.5929458804648088,-0.021908422079505274,9.782517694994786,0.0,0.0,-0.046927935799179345,0.998285436216377,0.058533647061137714,0.0
76.496,-0.5791126566290881,-0.021714309309151088,9.86608642363042,0.0,0.0,-0.04785297187269474,0.9982403281955372,0.05929795244412916,0.0
76.512,-0.5663379131222621,-0.02182369340598185,9.836440965978502,0.0,0.0,-0.04881722822399122,0.9981937057840636,0.06007766417794828,0.0
76.528,-0.5625298922291164,-0.02172999385105777,9.855251025537818,0.0,0.0,-0.04983185116639059,0.9981454868805726,0.06087353300035046,0.0
76.544,-0.5467300799735536,-0.021781034520956737,9.845441715210296,0.0,0.0,-0.050893675043334384,0.99809558267032,0.06168636684061136,0.0
76.56,-0.5384138705917121,-0.02180750444655203,9.792639690433289,0.0,0.0,-0.05202370996830651,0.9980438968882864,0.06251703675034108,0.0
76.57600000000001,-0.526138954390053,-0.022003879073653115,9.837368222669445,0.0,0.0,-0.053193264089671205,0.997990324979824,0.06336648362238266,0.0
76.592,-0.5135983207783307,-0.022036003377867566,9.803344082596384,0.0,0.0,-0.05443913304183232,0.9979347531414602,0.0642357258267775,0.0
76.608,-0.5045715835674707,-0.02202379946888765,9.90391452983141,0.0,0.0,-0.05575515387172779,0.9978770572209377,0.0651258679180675,0.0
76.624,-0.4956486728014532,-0.022148654604028612,9.824613265132797,0.0,0.0,-0.057133092505741306,0.9978171014511991,0.06603811059931695,0.0
76.64,-0.48470360646035787,-0.02240177010141051,9.823970633161043,0.0,0.0,-0.05859473111137006,0.997754736987619,0.06697376216674167,0.0
76.656,-0.4763010830492157,-0.0222316179212195,9.837297488277574,0.0,0.0,-0.060162535679428045,0.9976898002109891,0.06793425170675446,0.0
76.672,-0.4640455964292266,-0.022369973113501772,9.807794782311769,0.0,0.0,-0.06182397888596033,0.997622110750227,0.06892114437719228,0.0
76.688,-0.45595528139445185,-0.022449643325388388,9.86710902665531,0.0,0.0,-0.06358549921028796,0.9975514691679491,0.06993615918011357,0.0
76.70400000000001,-0.4438481965240934,-0.022706206595731446,9.752737893146133,0.0,0.0,-0.06548838481824983,0.9974776542382263,0.07098118972942999,0.0
76.72,-0.43117913336961383,-0.02295254086057725,9.75345809615657,0.0,0.0,-0.06749430510196129,0.9974004197280646,0.0720583286392414,0.0
76.736,-0.42864349943919533,-0.02305458571584157,9.810912391196073,0.0,0.0,-0.06966236173083681,0.9973194905711079,0.07316989631662844,0.0
76.752,-0.4204439227721894,-0.023281721423533602,9.796010040381326,0.0,0.0,-0.07199353014984364,0.9972345582919396,0.07431847514770479,0.0
76.768,-0.4118274123758164,-0.023633371337712403,9.739034901637304,0.0,0.0,-0.07449800476667302,0.997145275499613,0.07550695033439686,0.0
76.784,-5.03065197954352,-0.025664122561820494,4.79652566794244,0.0,0.0,-0.026485932957048007,0.9971131842626423,0.07592955794428144,0.0
76.8,-5.031348480365328,-0.006252878569140319,5.028830393149454,0.0,0.0,0.0,0.9971131842626423,0.07592955794428144,0.0
76.816,-5.015232182985928,0.0,9.773893197976635,0.0,0.0,0.0,0.9971131842626423,0.07592955794428144,0.0
